2025-12-04 11:52:39.393 | INFO     | __main__:<module>:60 - Using seed = 42, device = cuda:0 and output dir = runs/new/mnist/v1/
2025-12-04 11:52:39.545 | INFO     | __main__:<module>:66 - Loading the mnist dataset for training
2025-12-04 11:52:39.630 | INFO     | __main__:<module>:72 - length of the train dataset = 60000
2025-12-04 11:52:39.631 | INFO     | __main__:<module>:76 - length of the train split = 48000, validation split = 12000
2025-12-04 11:52:39.631 | INFO     | __main__:<module>:79 - Using flip_probs = 0.0, channels = 1 for transforms
2025-12-04 11:52:39.632 | INFO     | __main__:<module>:88 - Creating the dataloader with batch size = 128
2025-12-04 11:52:39.633 | INFO     | __main__:<module>:102 - Initializing the UNET model with model dim = 128
2025-12-04 11:52:40.127 | INFO     | __main__:<module>:112 - Initializaing EMA with decay = 0.999
2025-12-04 11:52:40.132 | INFO     | __main__:<module>:127 - Running for epochs = 70 with objective = denoiser
2025-12-04 11:52:40.132 | INFO     | __main__:<module>:130 - Epoch = 1 / 70
2025-12-04 11:52:51.622 | INFO     | __main__:<module>:60 - Using seed = 42, device = cuda:2 and output dir = runs/new/cifar10/v1/
2025-12-04 11:52:51.674 | INFO     | __main__:<module>:66 - Loading the cifar10 dataset for training
2025-12-04 11:52:52.669 | INFO     | __main__:<module>:72 - length of the train dataset = 50000
2025-12-04 11:52:52.670 | INFO     | __main__:<module>:76 - length of the train split = 40000, validation split = 10000
2025-12-04 11:52:52.670 | INFO     | __main__:<module>:79 - Using flip_probs = 0.0, channels = 3 for transforms
2025-12-04 11:52:52.671 | INFO     | __main__:<module>:88 - Creating the dataloader with batch size = 128
2025-12-04 11:52:52.671 | INFO     | __main__:<module>:102 - Initializing the UNET model with model dim = 256
2025-12-04 11:52:53.371 | INFO     | __main__:<module>:112 - Initializaing EMA with decay = 0.999
2025-12-04 11:52:53.376 | INFO     | __main__:<module>:127 - Running for epochs = 70 with objective = denoiser
2025-12-04 11:52:53.376 | INFO     | __main__:<module>:130 - Epoch = 1 / 70
2025-12-04 11:53:46.331 | INFO     | __main__:<module>:166 - Training Time Taken = 66.2 seconds, loss = 0.07045849124590556, val loss = 0.10058555585589815
2025-12-04 11:53:46.332 | INFO     | __main__:<module>:170 - Validation loss decreased from inf to 0.10058555585589815
2025-12-04 11:53:46.332 | INFO     | __main__:<module>:171 - Saving the model checkpoint at path = runs/new/mnist/v1/single-noise-scale.bin
2025-12-04 11:53:46.397 | INFO     | __main__:<module>:130 - Epoch = 2 / 70
2025-12-04 11:54:51.397 | INFO     | __main__:<module>:166 - Training Time Taken = 65.0 seconds, loss = 0.037527456750472386, val loss = 0.07149540220803403
2025-12-04 11:54:51.397 | INFO     | __main__:<module>:170 - Validation loss decreased from 0.10058555585589815 to 0.07149540220803403
2025-12-04 11:54:51.397 | INFO     | __main__:<module>:171 - Saving the model checkpoint at path = runs/new/mnist/v1/single-noise-scale.bin
2025-12-04 11:54:51.503 | INFO     | __main__:<module>:130 - Epoch = 3 / 70
2025-12-04 11:55:12.447 | INFO     | __main__:<module>:166 - Training Time Taken = 139.07 seconds, loss = 0.10862017652620903, val loss = 0.208688128786751
2025-12-04 11:55:12.447 | INFO     | __main__:<module>:170 - Validation loss decreased from inf to 0.208688128786751
2025-12-04 11:55:12.447 | INFO     | __main__:<module>:171 - Saving the model checkpoint at path = runs/new/cifar10/v1/single-noise-scale.bin
2025-12-04 11:55:12.656 | INFO     | __main__:<module>:130 - Epoch = 2 / 70
2025-12-04 11:55:56.506 | INFO     | __main__:<module>:166 - Training Time Taken = 65.0 seconds, loss = 0.03404433260361354, val loss = 0.050707562648235484
2025-12-04 11:55:56.506 | INFO     | __main__:<module>:170 - Validation loss decreased from 0.07149540220803403 to 0.050707562648235484
2025-12-04 11:55:56.506 | INFO     | __main__:<module>:171 - Saving the model checkpoint at path = runs/new/mnist/v1/single-noise-scale.bin
2025-12-04 11:55:56.672 | INFO     | __main__:<module>:130 - Epoch = 4 / 70
2025-12-04 11:57:01.985 | INFO     | __main__:<module>:166 - Training Time Taken = 65.31 seconds, loss = 0.032332688763737676, val loss = 0.03959791631774699
2025-12-04 11:57:01.986 | INFO     | __main__:<module>:170 - Validation loss decreased from 0.050707562648235484 to 0.03959791631774699
2025-12-04 11:57:01.986 | INFO     | __main__:<module>:171 - Saving the model checkpoint at path = runs/new/mnist/v1/single-noise-scale.bin
2025-12-04 11:57:02.100 | INFO     | __main__:<module>:130 - Epoch = 5 / 70
2025-12-04 11:57:31.697 | INFO     | __main__:<module>:166 - Training Time Taken = 139.04 seconds, loss = 0.04965229702595705, val loss = 0.14738206565380096
2025-12-04 11:57:31.697 | INFO     | __main__:<module>:170 - Validation loss decreased from 0.208688128786751 to 0.14738206565380096
2025-12-04 11:57:31.698 | INFO     | __main__:<module>:171 - Saving the model checkpoint at path = runs/new/cifar10/v1/single-noise-scale.bin
2025-12-04 11:57:33.519 | INFO     | __main__:<module>:130 - Epoch = 3 / 70
2025-12-04 11:58:07.315 | INFO     | __main__:<module>:166 - Training Time Taken = 65.21 seconds, loss = 0.0311731676508983, val loss = 0.034195986913239704
2025-12-04 11:58:07.315 | INFO     | __main__:<module>:170 - Validation loss decreased from 0.03959791631774699 to 0.034195986913239704
2025-12-04 11:58:07.315 | INFO     | __main__:<module>:171 - Saving the model checkpoint at path = runs/new/mnist/v1/single-noise-scale.bin
2025-12-04 11:58:08.551 | INFO     | __main__:<module>:130 - Epoch = 6 / 70
2025-12-04 11:59:14.492 | INFO     | __main__:<module>:166 - Training Time Taken = 65.94 seconds, loss = 0.030426047583421073, val loss = 0.031659088513635573
2025-12-04 11:59:14.493 | INFO     | __main__:<module>:170 - Validation loss decreased from 0.034195986913239704 to 0.031659088513635573
2025-12-04 11:59:14.493 | INFO     | __main__:<module>:171 - Saving the model checkpoint at path = runs/new/mnist/v1/single-noise-scale.bin
2025-12-04 11:59:14.611 | INFO     | __main__:<module>:130 - Epoch = 7 / 70
2025-12-04 11:59:52.848 | INFO     | __main__:<module>:166 - Training Time Taken = 139.33 seconds, loss = 0.04439874964590652, val loss = 0.10499797544524639
2025-12-04 11:59:52.848 | INFO     | __main__:<module>:170 - Validation loss decreased from 0.14738206565380096 to 0.10499797544524639
2025-12-04 11:59:52.848 | INFO     | __main__:<module>:171 - Saving the model checkpoint at path = runs/new/cifar10/v1/single-noise-scale.bin
2025-12-04 11:59:53.289 | INFO     | __main__:<module>:130 - Epoch = 4 / 70
2025-12-04 12:00:20.316 | INFO     | __main__:<module>:166 - Training Time Taken = 65.7 seconds, loss = 0.029952200770378114, val loss = 0.030096639859232496
2025-12-04 12:00:20.317 | INFO     | __main__:<module>:170 - Validation loss decreased from 0.031659088513635573 to 0.030096639859232496
2025-12-04 12:00:20.317 | INFO     | __main__:<module>:171 - Saving the model checkpoint at path = runs/new/mnist/v1/single-noise-scale.bin
2025-12-04 12:00:20.428 | INFO     | __main__:<module>:130 - Epoch = 8 / 70
2025-12-04 12:01:25.788 | INFO     | __main__:<module>:166 - Training Time Taken = 65.36 seconds, loss = 0.02971714813510577, val loss = 0.029250177158478725
2025-12-04 12:01:25.788 | INFO     | __main__:<module>:170 - Validation loss decreased from 0.030096639859232496 to 0.029250177158478725
2025-12-04 12:01:25.789 | INFO     | __main__:<module>:171 - Saving the model checkpoint at path = runs/new/mnist/v1/single-noise-scale.bin
2025-12-04 12:01:25.895 | INFO     | __main__:<module>:130 - Epoch = 9 / 70
2025-12-04 12:02:11.883 | INFO     | __main__:<module>:166 - Training Time Taken = 138.59 seconds, loss = 0.04170434456616164, val loss = 0.08065836555972884
2025-12-04 12:02:11.884 | INFO     | __main__:<module>:170 - Validation loss decreased from 0.10499797544524639 to 0.08065836555972884
2025-12-04 12:02:11.884 | INFO     | __main__:<module>:171 - Saving the model checkpoint at path = runs/new/cifar10/v1/single-noise-scale.bin
2025-12-04 12:02:12.326 | INFO     | __main__:<module>:130 - Epoch = 5 / 70
2025-12-04 12:02:31.895 | INFO     | __main__:<module>:166 - Training Time Taken = 66.0 seconds, loss = 0.0292700714468956, val loss = 0.028647151121750793
2025-12-04 12:02:31.896 | INFO     | __main__:<module>:170 - Validation loss decreased from 0.029250177158478725 to 0.028647151121750793
2025-12-04 12:02:31.896 | INFO     | __main__:<module>:171 - Saving the model checkpoint at path = runs/new/mnist/v1/single-noise-scale.bin
2025-12-04 12:02:32.165 | INFO     | __main__:<module>:130 - Epoch = 10 / 70
2025-12-04 12:03:37.112 | INFO     | __main__:<module>:166 - Training Time Taken = 64.95 seconds, loss = 0.029005120436350503, val loss = 0.028240809355802993
2025-12-04 12:03:37.113 | INFO     | __main__:<module>:170 - Validation loss decreased from 0.028647151121750793 to 0.028240809355802993
2025-12-04 12:03:37.113 | INFO     | __main__:<module>:171 - Saving the model checkpoint at path = runs/new/mnist/v1/single-noise-scale.bin
2025-12-04 12:03:37.220 | INFO     | __main__:<module>:130 - Epoch = 11 / 70
2025-12-04 12:04:30.921 | INFO     | __main__:<module>:166 - Training Time Taken = 138.6 seconds, loss = 0.04003564494486434, val loss = 0.06587423398336277
2025-12-04 12:04:30.922 | INFO     | __main__:<module>:170 - Validation loss decreased from 0.08065836555972884 to 0.06587423398336277
2025-12-04 12:04:30.922 | INFO     | __main__:<module>:171 - Saving the model checkpoint at path = runs/new/cifar10/v1/single-noise-scale.bin
2025-12-04 12:04:31.362 | INFO     | __main__:<module>:130 - Epoch = 6 / 70
2025-12-04 12:04:42.731 | INFO     | __main__:<module>:166 - Training Time Taken = 65.51 seconds, loss = 0.028838391999403634, val loss = 0.027780417412360932
2025-12-04 12:04:42.731 | INFO     | __main__:<module>:170 - Validation loss decreased from 0.028240809355802993 to 0.027780417412360932
2025-12-04 12:04:42.731 | INFO     | __main__:<module>:171 - Saving the model checkpoint at path = runs/new/mnist/v1/single-noise-scale.bin
2025-12-04 12:04:42.844 | INFO     | __main__:<module>:130 - Epoch = 12 / 70
2025-12-04 12:05:47.992 | INFO     | __main__:<module>:166 - Training Time Taken = 65.15 seconds, loss = 0.028703447898228963, val loss = 0.02771452120802504
2025-12-04 12:05:47.992 | INFO     | __main__:<module>:170 - Validation loss decreased from 0.027780417412360932 to 0.02771452120802504
2025-12-04 12:05:47.993 | INFO     | __main__:<module>:171 - Saving the model checkpoint at path = runs/new/mnist/v1/single-noise-scale.bin
2025-12-04 12:05:48.102 | INFO     | __main__:<module>:130 - Epoch = 13 / 70
2025-12-04 12:06:50.472 | INFO     | __main__:<module>:166 - Training Time Taken = 139.11 seconds, loss = 0.039720338563949534, val loss = 0.055948254711265806
2025-12-04 12:06:50.472 | INFO     | __main__:<module>:170 - Validation loss decreased from 0.06587423398336277 to 0.055948254711265806
2025-12-04 12:06:50.472 | INFO     | __main__:<module>:171 - Saving the model checkpoint at path = runs/new/cifar10/v1/single-noise-scale.bin
2025-12-04 12:06:51.365 | INFO     | __main__:<module>:130 - Epoch = 7 / 70
2025-12-04 12:06:54.048 | INFO     | __main__:<module>:166 - Training Time Taken = 65.95 seconds, loss = 0.028592139745752018, val loss = 0.027400817206882415
2025-12-04 12:06:54.048 | INFO     | __main__:<module>:170 - Validation loss decreased from 0.02771452120802504 to 0.027400817206882415
2025-12-04 12:06:54.048 | INFO     | __main__:<module>:171 - Saving the model checkpoint at path = runs/new/mnist/v1/single-noise-scale.bin
2025-12-04 12:06:54.949 | INFO     | __main__:<module>:130 - Epoch = 14 / 70
2025-12-04 12:08:00.060 | INFO     | __main__:<module>:166 - Training Time Taken = 65.11 seconds, loss = 0.028546396096547445, val loss = 0.027262307743125772
2025-12-04 12:08:00.060 | INFO     | __main__:<module>:170 - Validation loss decreased from 0.027400817206882415 to 0.027262307743125772
2025-12-04 12:08:00.061 | INFO     | __main__:<module>:171 - Saving the model checkpoint at path = runs/new/mnist/v1/single-noise-scale.bin
2025-12-04 12:08:00.172 | INFO     | __main__:<module>:130 - Epoch = 15 / 70
2025-12-04 12:09:05.137 | INFO     | __main__:<module>:166 - Training Time Taken = 64.96 seconds, loss = 0.02836759927868843, val loss = 0.027209991133434974
2025-12-04 12:09:05.137 | INFO     | __main__:<module>:170 - Validation loss decreased from 0.027262307743125772 to 0.027209991133434974
2025-12-04 12:09:05.137 | INFO     | __main__:<module>:171 - Saving the model checkpoint at path = runs/new/mnist/v1/single-noise-scale.bin
2025-12-04 12:09:05.249 | INFO     | __main__:<module>:130 - Epoch = 16 / 70
2025-12-04 12:09:10.764 | INFO     | __main__:<module>:166 - Training Time Taken = 139.4 seconds, loss = 0.03864447658244794, val loss = 0.0491933386442782
2025-12-04 12:09:10.765 | INFO     | __main__:<module>:170 - Validation loss decreased from 0.055948254711265806 to 0.0491933386442782
2025-12-04 12:09:10.765 | INFO     | __main__:<module>:171 - Saving the model checkpoint at path = runs/new/cifar10/v1/single-noise-scale.bin
2025-12-04 12:09:11.173 | INFO     | __main__:<module>:130 - Epoch = 8 / 70
2025-12-04 12:10:10.172 | INFO     | __main__:<module>:166 - Training Time Taken = 64.92 seconds, loss = 0.02826713421444098, val loss = 0.02707139257975715
2025-12-04 12:10:10.172 | INFO     | __main__:<module>:170 - Validation loss decreased from 0.027209991133434974 to 0.02707139257975715
2025-12-04 12:10:10.172 | INFO     | __main__:<module>:171 - Saving the model checkpoint at path = runs/new/mnist/v1/single-noise-scale.bin
2025-12-04 12:10:10.282 | INFO     | __main__:<module>:130 - Epoch = 17 / 70
2025-12-04 12:11:15.880 | INFO     | __main__:<module>:166 - Training Time Taken = 65.6 seconds, loss = 0.028256768574317297, val loss = 0.02700478583574295
2025-12-04 12:11:15.880 | INFO     | __main__:<module>:170 - Validation loss decreased from 0.02707139257975715 to 0.02700478583574295
2025-12-04 12:11:15.880 | INFO     | __main__:<module>:171 - Saving the model checkpoint at path = runs/new/mnist/v1/single-noise-scale.bin
2025-12-04 12:11:16.256 | INFO     | __main__:<module>:130 - Epoch = 18 / 70
2025-12-04 12:11:30.621 | INFO     | __main__:<module>:166 - Training Time Taken = 139.45 seconds, loss = 0.037987376375796314, val loss = 0.044696931031685844
2025-12-04 12:11:30.622 | INFO     | __main__:<module>:170 - Validation loss decreased from 0.0491933386442782 to 0.044696931031685844
2025-12-04 12:11:30.622 | INFO     | __main__:<module>:171 - Saving the model checkpoint at path = runs/new/cifar10/v1/single-noise-scale.bin
2025-12-04 12:11:31.054 | INFO     | __main__:<module>:130 - Epoch = 9 / 70
2025-12-04 12:12:21.309 | INFO     | __main__:<module>:166 - Training Time Taken = 65.05 seconds, loss = 0.028117764219641687, val loss = 0.026951166543554752
2025-12-04 12:12:21.310 | INFO     | __main__:<module>:170 - Validation loss decreased from 0.02700478583574295 to 0.026951166543554752
2025-12-04 12:12:21.310 | INFO     | __main__:<module>:171 - Saving the model checkpoint at path = runs/new/mnist/v1/single-noise-scale.bin
2025-12-04 12:12:21.416 | INFO     | __main__:<module>:130 - Epoch = 19 / 70
2025-12-04 12:13:26.201 | INFO     | __main__:<module>:166 - Training Time Taken = 64.79 seconds, loss = 0.02817364354431629, val loss = 0.026881214607744775
2025-12-04 12:13:26.202 | INFO     | __main__:<module>:170 - Validation loss decreased from 0.026951166543554752 to 0.026881214607744775
2025-12-04 12:13:26.202 | INFO     | __main__:<module>:171 - Saving the model checkpoint at path = runs/new/mnist/v1/single-noise-scale.bin
2025-12-04 12:13:26.311 | INFO     | __main__:<module>:130 - Epoch = 20 / 70
2025-12-04 12:13:50.384 | INFO     | __main__:<module>:166 - Training Time Taken = 139.33 seconds, loss = 0.037618208843203015, val loss = 0.041785892617853385
2025-12-04 12:13:50.384 | INFO     | __main__:<module>:170 - Validation loss decreased from 0.044696931031685844 to 0.041785892617853385
2025-12-04 12:13:50.384 | INFO     | __main__:<module>:171 - Saving the model checkpoint at path = runs/new/cifar10/v1/single-noise-scale.bin
2025-12-04 12:13:50.800 | INFO     | __main__:<module>:130 - Epoch = 10 / 70
2025-12-04 12:14:31.067 | INFO     | __main__:<module>:166 - Training Time Taken = 64.76 seconds, loss = 0.028043933192888896, val loss = 0.026649092383524205
2025-12-04 12:14:31.068 | INFO     | __main__:<module>:170 - Validation loss decreased from 0.026881214607744775 to 0.026649092383524205
2025-12-04 12:14:31.068 | INFO     | __main__:<module>:171 - Saving the model checkpoint at path = runs/new/mnist/v1/single-noise-scale.bin
2025-12-04 12:14:31.175 | INFO     | __main__:<module>:130 - Epoch = 21 / 70
2025-12-04 12:15:36.140 | INFO     | __main__:<module>:166 - Training Time Taken = 64.96 seconds, loss = 0.027957021161913873, val loss = 0.026848837158622893
2025-12-04 12:15:36.141 | INFO     | __main__:<module>:130 - Epoch = 22 / 70
2025-12-04 12:16:09.440 | INFO     | __main__:<module>:166 - Training Time Taken = 138.64 seconds, loss = 0.03655963357740317, val loss = 0.039751762783602825
2025-12-04 12:16:09.440 | INFO     | __main__:<module>:170 - Validation loss decreased from 0.041785892617853385 to 0.039751762783602825
2025-12-04 12:16:09.441 | INFO     | __main__:<module>:171 - Saving the model checkpoint at path = runs/new/cifar10/v1/single-noise-scale.bin
2025-12-04 12:16:11.033 | INFO     | __main__:<module>:130 - Epoch = 11 / 70
2025-12-04 12:16:41.044 | INFO     | __main__:<module>:166 - Training Time Taken = 64.9 seconds, loss = 0.027892207741737365, val loss = 0.026615126236797647
2025-12-04 12:16:41.044 | INFO     | __main__:<module>:170 - Validation loss decreased from 0.026649092383524205 to 0.026615126236797647
2025-12-04 12:16:41.044 | INFO     | __main__:<module>:171 - Saving the model checkpoint at path = runs/new/mnist/v1/single-noise-scale.bin
2025-12-04 12:16:41.152 | INFO     | __main__:<module>:130 - Epoch = 23 / 70
2025-12-04 12:17:46.276 | INFO     | __main__:<module>:166 - Training Time Taken = 65.12 seconds, loss = 0.027798676456014314, val loss = 0.026597126822997915
2025-12-04 12:17:46.277 | INFO     | __main__:<module>:170 - Validation loss decreased from 0.026615126236797647 to 0.026597126822997915
2025-12-04 12:17:46.277 | INFO     | __main__:<module>:171 - Saving the model checkpoint at path = runs/new/mnist/v1/single-noise-scale.bin
2025-12-04 12:17:46.380 | INFO     | __main__:<module>:130 - Epoch = 24 / 70
2025-12-04 12:18:29.966 | INFO     | __main__:<module>:166 - Training Time Taken = 138.93 seconds, loss = 0.03583932994082332, val loss = 0.038410121504264545
2025-12-04 12:18:29.966 | INFO     | __main__:<module>:170 - Validation loss decreased from 0.039751762783602825 to 0.038410121504264545
2025-12-04 12:18:29.966 | INFO     | __main__:<module>:171 - Saving the model checkpoint at path = runs/new/cifar10/v1/single-noise-scale.bin
2025-12-04 12:18:30.392 | INFO     | __main__:<module>:130 - Epoch = 12 / 70
2025-12-04 12:18:52.229 | INFO     | __main__:<module>:166 - Training Time Taken = 65.85 seconds, loss = 0.02776743104557196, val loss = 0.026682783968429616
2025-12-04 12:18:52.230 | INFO     | __main__:<module>:130 - Epoch = 25 / 70
2025-12-04 12:19:58.263 | INFO     | __main__:<module>:166 - Training Time Taken = 66.03 seconds, loss = 0.02769338476161162, val loss = 0.026495132238623945
2025-12-04 12:19:58.264 | INFO     | __main__:<module>:170 - Validation loss decreased from 0.026597126822997915 to 0.026495132238623945
2025-12-04 12:19:58.264 | INFO     | __main__:<module>:171 - Saving the model checkpoint at path = runs/new/mnist/v1/single-noise-scale.bin
2025-12-04 12:19:58.371 | INFO     | __main__:<module>:130 - Epoch = 26 / 70
2025-12-04 12:20:49.429 | INFO     | __main__:<module>:166 - Training Time Taken = 139.04 seconds, loss = 0.03533412005526189, val loss = 0.03728019691343549
2025-12-04 12:20:49.430 | INFO     | __main__:<module>:170 - Validation loss decreased from 0.038410121504264545 to 0.03728019691343549
2025-12-04 12:20:49.430 | INFO     | __main__:<module>:171 - Saving the model checkpoint at path = runs/new/cifar10/v1/single-noise-scale.bin
2025-12-04 12:20:49.876 | INFO     | __main__:<module>:130 - Epoch = 13 / 70
2025-12-04 12:21:04.204 | INFO     | __main__:<module>:166 - Training Time Taken = 65.83 seconds, loss = 0.027702799330155056, val loss = 0.026498904075235762
2025-12-04 12:21:04.205 | INFO     | __main__:<module>:130 - Epoch = 27 / 70
2025-12-04 12:22:10.209 | INFO     | __main__:<module>:166 - Training Time Taken = 66.0 seconds, loss = 0.02757490897675355, val loss = 0.026382142360857192
2025-12-04 12:22:10.210 | INFO     | __main__:<module>:170 - Validation loss decreased from 0.026495132238623945 to 0.026382142360857192
2025-12-04 12:22:10.210 | INFO     | __main__:<module>:171 - Saving the model checkpoint at path = runs/new/mnist/v1/single-noise-scale.bin
2025-12-04 12:22:11.143 | INFO     | __main__:<module>:130 - Epoch = 28 / 70
2025-12-04 12:23:09.271 | INFO     | __main__:<module>:166 - Training Time Taken = 139.39 seconds, loss = 0.03506219939301951, val loss = 0.03637246749823606
2025-12-04 12:23:09.271 | INFO     | __main__:<module>:170 - Validation loss decreased from 0.03728019691343549 to 0.03637246749823606
2025-12-04 12:23:09.271 | INFO     | __main__:<module>:171 - Saving the model checkpoint at path = runs/new/cifar10/v1/single-noise-scale.bin
2025-12-04 12:23:09.713 | INFO     | __main__:<module>:130 - Epoch = 14 / 70
2025-12-04 12:23:16.274 | INFO     | __main__:<module>:166 - Training Time Taken = 65.13 seconds, loss = 0.027529506891965864, val loss = 0.02631619237759646
2025-12-04 12:23:16.275 | INFO     | __main__:<module>:170 - Validation loss decreased from 0.026382142360857192 to 0.02631619237759646
2025-12-04 12:23:16.275 | INFO     | __main__:<module>:171 - Saving the model checkpoint at path = runs/new/mnist/v1/single-noise-scale.bin
2025-12-04 12:23:16.378 | INFO     | __main__:<module>:130 - Epoch = 29 / 70
2025-12-04 12:24:22.207 | INFO     | __main__:<module>:166 - Training Time Taken = 65.83 seconds, loss = 0.027468078007300695, val loss = 0.02639783976322159
2025-12-04 12:24:22.208 | INFO     | __main__:<module>:130 - Epoch = 30 / 70
2025-12-04 12:25:27.440 | INFO     | __main__:<module>:166 - Training Time Taken = 65.23 seconds, loss = 0.02755409211417039, val loss = 0.02638760520184928
2025-12-04 12:25:27.441 | INFO     | __main__:<module>:130 - Epoch = 31 / 70
2025-12-04 12:25:29.063 | INFO     | __main__:<module>:166 - Training Time Taken = 139.35 seconds, loss = 0.03480512588121259, val loss = 0.035588296908366526
2025-12-04 12:25:29.064 | INFO     | __main__:<module>:170 - Validation loss decreased from 0.03637246749823606 to 0.035588296908366526
2025-12-04 12:25:29.064 | INFO     | __main__:<module>:171 - Saving the model checkpoint at path = runs/new/cifar10/v1/single-noise-scale.bin
2025-12-04 12:25:29.482 | INFO     | __main__:<module>:130 - Epoch = 15 / 70
2025-12-04 12:26:32.469 | INFO     | __main__:<module>:166 - Training Time Taken = 65.03 seconds, loss = 0.027408278743426006, val loss = 0.02633453223933565
2025-12-04 12:26:32.470 | INFO     | __main__:<module>:130 - Epoch = 32 / 70
2025-12-04 12:27:37.486 | INFO     | __main__:<module>:166 - Training Time Taken = 65.02 seconds, loss = 0.02736619685590267, val loss = 0.026375771975739204
2025-12-04 12:27:37.486 | INFO     | __main__:<module>:130 - Epoch = 33 / 70
2025-12-04 12:27:48.744 | INFO     | __main__:<module>:166 - Training Time Taken = 139.26 seconds, loss = 0.03462055355262832, val loss = 0.03503723423692245
2025-12-04 12:27:48.744 | INFO     | __main__:<module>:170 - Validation loss decreased from 0.035588296908366526 to 0.03503723423692245
2025-12-04 12:27:48.744 | INFO     | __main__:<module>:171 - Saving the model checkpoint at path = runs/new/cifar10/v1/single-noise-scale.bin
2025-12-04 12:27:49.619 | INFO     | __main__:<module>:130 - Epoch = 16 / 70
2025-12-04 12:28:41.956 | INFO     | __main__:<module>:166 - Training Time Taken = 64.47 seconds, loss = 0.027352203076084453, val loss = 0.02611604842178999
2025-12-04 12:28:41.957 | INFO     | __main__:<module>:170 - Validation loss decreased from 0.02631619237759646 to 0.02611604842178999
2025-12-04 12:28:41.957 | INFO     | __main__:<module>:171 - Saving the model checkpoint at path = runs/new/mnist/v1/single-noise-scale.bin
2025-12-04 12:28:42.058 | INFO     | __main__:<module>:130 - Epoch = 34 / 70
2025-12-04 12:29:46.930 | INFO     | __main__:<module>:166 - Training Time Taken = 64.87 seconds, loss = 0.027225975965460142, val loss = 0.026129464618861675
2025-12-04 12:29:46.930 | INFO     | __main__:<module>:130 - Epoch = 35 / 70
2025-12-04 12:30:07.928 | INFO     | __main__:<module>:166 - Training Time Taken = 138.31 seconds, loss = 0.03439025469005298, val loss = 0.034581656980363626
2025-12-04 12:30:07.928 | INFO     | __main__:<module>:170 - Validation loss decreased from 0.03503723423692245 to 0.034581656980363626
2025-12-04 12:30:07.928 | INFO     | __main__:<module>:171 - Saving the model checkpoint at path = runs/new/cifar10/v1/single-noise-scale.bin
2025-12-04 12:30:08.316 | INFO     | __main__:<module>:130 - Epoch = 17 / 70
2025-12-04 12:30:52.105 | INFO     | __main__:<module>:166 - Training Time Taken = 65.17 seconds, loss = 0.02724361206094424, val loss = 0.026101577373102626
2025-12-04 12:30:52.105 | INFO     | __main__:<module>:170 - Validation loss decreased from 0.02611604842178999 to 0.026101577373102626
2025-12-04 12:30:52.106 | INFO     | __main__:<module>:171 - Saving the model checkpoint at path = runs/new/mnist/v1/single-noise-scale.bin
2025-12-04 12:30:52.225 | INFO     | __main__:<module>:130 - Epoch = 36 / 70
2025-12-04 12:31:57.413 | INFO     | __main__:<module>:166 - Training Time Taken = 65.19 seconds, loss = 0.027148433004816373, val loss = 0.026252829925493992
2025-12-04 12:31:57.414 | INFO     | __main__:<module>:130 - Epoch = 37 / 70
2025-12-04 12:32:26.494 | INFO     | __main__:<module>:166 - Training Time Taken = 138.18 seconds, loss = 0.03426772658341228, val loss = 0.03418241130023063
2025-12-04 12:32:26.495 | INFO     | __main__:<module>:170 - Validation loss decreased from 0.034581656980363626 to 0.03418241130023063
2025-12-04 12:32:26.495 | INFO     | __main__:<module>:171 - Saving the model checkpoint at path = runs/new/cifar10/v1/single-noise-scale.bin
2025-12-04 12:32:26.810 | INFO     | __main__:<module>:130 - Epoch = 18 / 70
2025-12-04 12:33:02.201 | INFO     | __main__:<module>:166 - Training Time Taken = 64.79 seconds, loss = 0.027017924159765245, val loss = 0.026126524136263006
2025-12-04 12:33:02.202 | INFO     | __main__:<module>:130 - Epoch = 38 / 70
2025-12-04 12:34:07.419 | INFO     | __main__:<module>:166 - Training Time Taken = 65.22 seconds, loss = 0.027047607322533924, val loss = 0.02613105930070928
2025-12-04 12:34:07.420 | INFO     | __main__:<module>:130 - Epoch = 39 / 70
2025-12-04 12:34:45.199 | INFO     | __main__:<module>:166 - Training Time Taken = 138.39 seconds, loss = 0.034173436724720674, val loss = 0.03391335362309142
2025-12-04 12:34:45.199 | INFO     | __main__:<module>:170 - Validation loss decreased from 0.03418241130023063 to 0.03391335362309142
2025-12-04 12:34:45.199 | INFO     | __main__:<module>:171 - Saving the model checkpoint at path = runs/new/cifar10/v1/single-noise-scale.bin
2025-12-04 12:34:45.564 | INFO     | __main__:<module>:130 - Epoch = 19 / 70
2025-12-04 12:35:12.253 | INFO     | __main__:<module>:166 - Training Time Taken = 64.83 seconds, loss = 0.026983912780880928, val loss = 0.026164873384256312
2025-12-04 12:35:12.254 | INFO     | __main__:<module>:130 - Epoch = 40 / 70
2025-12-04 12:36:16.792 | INFO     | __main__:<module>:166 - Training Time Taken = 64.54 seconds, loss = 0.02705521456897259, val loss = 0.02604693857992583
2025-12-04 12:36:16.792 | INFO     | __main__:<module>:170 - Validation loss decreased from 0.026101577373102626 to 0.02604693857992583
2025-12-04 12:36:16.792 | INFO     | __main__:<module>:171 - Saving the model checkpoint at path = runs/new/mnist/v1/single-noise-scale.bin
2025-12-04 12:36:16.894 | INFO     | __main__:<module>:130 - Epoch = 41 / 70
2025-12-04 12:37:04.296 | INFO     | __main__:<module>:166 - Training Time Taken = 138.73 seconds, loss = 0.033957205070093414, val loss = 0.03364494329766382
2025-12-04 12:37:04.297 | INFO     | __main__:<module>:170 - Validation loss decreased from 0.03391335362309142 to 0.03364494329766382
2025-12-04 12:37:04.297 | INFO     | __main__:<module>:171 - Saving the model checkpoint at path = runs/new/cifar10/v1/single-noise-scale.bin
2025-12-04 12:37:04.701 | INFO     | __main__:<module>:130 - Epoch = 20 / 70
2025-12-04 12:37:21.514 | INFO     | __main__:<module>:166 - Training Time Taken = 64.62 seconds, loss = 0.026937782575686773, val loss = 0.026194352775495103
2025-12-04 12:37:21.515 | INFO     | __main__:<module>:130 - Epoch = 42 / 70
2025-12-04 12:38:26.157 | INFO     | __main__:<module>:166 - Training Time Taken = 64.64 seconds, loss = 0.026868629266818364, val loss = 0.026148990430730455
2025-12-04 12:38:26.158 | INFO     | __main__:<module>:130 - Epoch = 43 / 70
2025-12-04 12:39:23.632 | INFO     | __main__:<module>:166 - Training Time Taken = 138.93 seconds, loss = 0.03381694987797128, val loss = 0.033515876088338566
2025-12-04 12:39:23.633 | INFO     | __main__:<module>:170 - Validation loss decreased from 0.03364494329766382 to 0.033515876088338566
2025-12-04 12:39:23.633 | INFO     | __main__:<module>:171 - Saving the model checkpoint at path = runs/new/cifar10/v1/single-noise-scale.bin
2025-12-04 12:39:24.041 | INFO     | __main__:<module>:130 - Epoch = 21 / 70
2025-12-04 12:39:31.164 | INFO     | __main__:<module>:166 - Training Time Taken = 65.01 seconds, loss = 0.026925078252951304, val loss = 0.026109001044421754
2025-12-04 12:39:31.165 | INFO     | __main__:<module>:130 - Epoch = 44 / 70
2025-12-04 12:40:35.875 | INFO     | __main__:<module>:166 - Training Time Taken = 64.71 seconds, loss = 0.026779137427608173, val loss = 0.025994792640050675
2025-12-04 12:40:35.875 | INFO     | __main__:<module>:170 - Validation loss decreased from 0.02604693857992583 to 0.025994792640050675
2025-12-04 12:40:35.875 | INFO     | __main__:<module>:171 - Saving the model checkpoint at path = runs/new/mnist/v1/single-noise-scale.bin
2025-12-04 12:40:35.981 | INFO     | __main__:<module>:130 - Epoch = 45 / 70
2025-12-04 12:41:40.673 | INFO     | __main__:<module>:166 - Training Time Taken = 64.69 seconds, loss = 0.026859046642978987, val loss = 0.026003475063183207
2025-12-04 12:41:40.674 | INFO     | __main__:<module>:130 - Epoch = 46 / 70
2025-12-04 12:41:42.654 | INFO     | __main__:<module>:166 - Training Time Taken = 138.61 seconds, loss = 0.03377236196170219, val loss = 0.03335351308312597
2025-12-04 12:41:42.655 | INFO     | __main__:<module>:170 - Validation loss decreased from 0.033515876088338566 to 0.03335351308312597
2025-12-04 12:41:42.655 | INFO     | __main__:<module>:171 - Saving the model checkpoint at path = runs/new/cifar10/v1/single-noise-scale.bin
2025-12-04 12:41:43.060 | INFO     | __main__:<module>:130 - Epoch = 22 / 70
2025-12-04 12:42:45.620 | INFO     | __main__:<module>:166 - Training Time Taken = 64.95 seconds, loss = 0.026781113386154173, val loss = 0.026003773760129797
2025-12-04 12:42:45.621 | INFO     | __main__:<module>:130 - Epoch = 47 / 70
2025-12-04 12:43:49.996 | INFO     | __main__:<module>:166 - Training Time Taken = 64.37 seconds, loss = 0.02676131211221218, val loss = 0.025897405546237814
2025-12-04 12:43:49.996 | INFO     | __main__:<module>:170 - Validation loss decreased from 0.025994792640050675 to 0.025897405546237814
2025-12-04 12:43:49.996 | INFO     | __main__:<module>:171 - Saving the model checkpoint at path = runs/new/mnist/v1/single-noise-scale.bin
2025-12-04 12:43:50.103 | INFO     | __main__:<module>:130 - Epoch = 48 / 70
2025-12-04 12:44:01.778 | INFO     | __main__:<module>:166 - Training Time Taken = 138.72 seconds, loss = 0.03365004307831438, val loss = 0.03322901675784135
2025-12-04 12:44:01.778 | INFO     | __main__:<module>:170 - Validation loss decreased from 0.03335351308312597 to 0.03322901675784135
2025-12-04 12:44:01.778 | INFO     | __main__:<module>:171 - Saving the model checkpoint at path = runs/new/cifar10/v1/single-noise-scale.bin
2025-12-04 12:44:03.067 | INFO     | __main__:<module>:130 - Epoch = 23 / 70
2025-12-04 12:44:54.943 | INFO     | __main__:<module>:166 - Training Time Taken = 64.84 seconds, loss = 0.02669678188363711, val loss = 0.026014321285517925
2025-12-04 12:44:54.944 | INFO     | __main__:<module>:130 - Epoch = 49 / 70
2025-12-04 12:46:00.569 | INFO     | __main__:<module>:166 - Training Time Taken = 65.63 seconds, loss = 0.0266723636140426, val loss = 0.025953580546093747
2025-12-04 12:46:00.569 | INFO     | __main__:<module>:130 - Epoch = 50 / 70
2025-12-04 12:46:21.768 | INFO     | __main__:<module>:166 - Training Time Taken = 138.7 seconds, loss = 0.033498187754719785, val loss = 0.03309841331424592
2025-12-04 12:46:21.768 | INFO     | __main__:<module>:170 - Validation loss decreased from 0.03322901675784135 to 0.03309841331424592
2025-12-04 12:46:21.768 | INFO     | __main__:<module>:171 - Saving the model checkpoint at path = runs/new/cifar10/v1/single-noise-scale.bin
2025-12-04 12:46:22.178 | INFO     | __main__:<module>:130 - Epoch = 24 / 70
2025-12-04 12:47:05.303 | INFO     | __main__:<module>:166 - Training Time Taken = 64.73 seconds, loss = 0.026665200427174567, val loss = 0.025953766117070582
2025-12-04 12:47:05.304 | INFO     | __main__:<module>:130 - Epoch = 51 / 70
2025-12-04 12:48:09.881 | INFO     | __main__:<module>:166 - Training Time Taken = 64.58 seconds, loss = 0.026630420833826066, val loss = 0.025932725281157393
2025-12-04 12:48:09.882 | INFO     | __main__:<module>:130 - Epoch = 52 / 70
2025-12-04 12:48:41.064 | INFO     | __main__:<module>:166 - Training Time Taken = 138.89 seconds, loss = 0.03345287110977851, val loss = 0.033029512891286535
2025-12-04 12:48:41.065 | INFO     | __main__:<module>:170 - Validation loss decreased from 0.03309841331424592 to 0.033029512891286535
2025-12-04 12:48:41.065 | INFO     | __main__:<module>:171 - Saving the model checkpoint at path = runs/new/cifar10/v1/single-noise-scale.bin
2025-12-04 12:48:41.481 | INFO     | __main__:<module>:130 - Epoch = 25 / 70
2025-12-04 12:49:15.598 | INFO     | __main__:<module>:166 - Training Time Taken = 65.72 seconds, loss = 0.026567464023828508, val loss = 0.025980104414865056
2025-12-04 12:49:15.599 | INFO     | __main__:<module>:130 - Epoch = 53 / 70
2025-12-04 12:50:21.140 | INFO     | __main__:<module>:166 - Training Time Taken = 65.54 seconds, loss = 0.026538925071557362, val loss = 0.025930668841651145
2025-12-04 12:50:21.141 | INFO     | __main__:<module>:130 - Epoch = 54 / 70
2025-12-04 12:51:00.654 | INFO     | __main__:<module>:166 - Training Time Taken = 139.17 seconds, loss = 0.03332682350834909, val loss = 0.03291512575424925
2025-12-04 12:51:00.654 | INFO     | __main__:<module>:170 - Validation loss decreased from 0.033029512891286535 to 0.03291512575424925
2025-12-04 12:51:00.654 | INFO     | __main__:<module>:171 - Saving the model checkpoint at path = runs/new/cifar10/v1/single-noise-scale.bin
2025-12-04 12:51:01.063 | INFO     | __main__:<module>:130 - Epoch = 26 / 70
2025-12-04 12:51:26.579 | INFO     | __main__:<module>:166 - Training Time Taken = 65.44 seconds, loss = 0.026573971221844354, val loss = 0.025859329512620224
2025-12-04 12:51:26.579 | INFO     | __main__:<module>:170 - Validation loss decreased from 0.025897405546237814 to 0.025859329512620224
2025-12-04 12:51:26.580 | INFO     | __main__:<module>:171 - Saving the model checkpoint at path = runs/new/mnist/v1/single-noise-scale.bin
2025-12-04 12:51:26.872 | INFO     | __main__:<module>:130 - Epoch = 55 / 70
2025-12-04 12:52:32.800 | INFO     | __main__:<module>:166 - Training Time Taken = 65.93 seconds, loss = 0.02647422948976358, val loss = 0.02585401867536154
2025-12-04 12:52:32.800 | INFO     | __main__:<module>:170 - Validation loss decreased from 0.025859329512620224 to 0.02585401867536154
2025-12-04 12:52:32.800 | INFO     | __main__:<module>:171 - Saving the model checkpoint at path = runs/new/mnist/v1/single-noise-scale.bin
2025-12-04 12:52:32.908 | INFO     | __main__:<module>:130 - Epoch = 56 / 70
2025-12-04 12:53:19.817 | INFO     | __main__:<module>:166 - Training Time Taken = 138.75 seconds, loss = 0.03324798325570628, val loss = 0.032762938662420346
2025-12-04 12:53:19.818 | INFO     | __main__:<module>:170 - Validation loss decreased from 0.03291512575424925 to 0.032762938662420346
2025-12-04 12:53:19.818 | INFO     | __main__:<module>:171 - Saving the model checkpoint at path = runs/new/cifar10/v1/single-noise-scale.bin
2025-12-04 12:53:20.835 | INFO     | __main__:<module>:130 - Epoch = 27 / 70
2025-12-04 12:53:39.160 | INFO     | __main__:<module>:166 - Training Time Taken = 66.25 seconds, loss = 0.02649940415720145, val loss = 0.025858773235627946
2025-12-04 12:53:39.161 | INFO     | __main__:<module>:130 - Epoch = 57 / 70
2025-12-04 12:54:43.886 | INFO     | __main__:<module>:166 - Training Time Taken = 64.73 seconds, loss = 0.02654108366370201, val loss = 0.02583713185517712
2025-12-04 12:54:43.887 | INFO     | __main__:<module>:170 - Validation loss decreased from 0.02585401867536154 to 0.02583713185517712
2025-12-04 12:54:43.887 | INFO     | __main__:<module>:171 - Saving the model checkpoint at path = runs/new/mnist/v1/single-noise-scale.bin
2025-12-04 12:54:43.994 | INFO     | __main__:<module>:130 - Epoch = 58 / 70
2025-12-04 12:55:39.227 | INFO     | __main__:<module>:166 - Training Time Taken = 138.39 seconds, loss = 0.03329363281425005, val loss = 0.03265612015995798
2025-12-04 12:55:39.227 | INFO     | __main__:<module>:170 - Validation loss decreased from 0.032762938662420346 to 0.03265612015995798
2025-12-04 12:55:39.227 | INFO     | __main__:<module>:171 - Saving the model checkpoint at path = runs/new/cifar10/v1/single-noise-scale.bin
2025-12-04 12:55:39.636 | INFO     | __main__:<module>:130 - Epoch = 28 / 70
2025-12-04 12:55:48.359 | INFO     | __main__:<module>:166 - Training Time Taken = 64.37 seconds, loss = 0.026488745123147965, val loss = 0.025793894352589514
2025-12-04 12:55:48.360 | INFO     | __main__:<module>:170 - Validation loss decreased from 0.02583713185517712 to 0.025793894352589514
2025-12-04 12:55:48.360 | INFO     | __main__:<module>:171 - Saving the model checkpoint at path = runs/new/mnist/v1/single-noise-scale.bin
2025-12-04 12:55:48.493 | INFO     | __main__:<module>:130 - Epoch = 59 / 70
2025-12-04 12:56:53.292 | INFO     | __main__:<module>:166 - Training Time Taken = 64.8 seconds, loss = 0.026434739833076794, val loss = 0.025874050631326563
2025-12-04 12:56:53.293 | INFO     | __main__:<module>:130 - Epoch = 60 / 70
2025-12-04 12:57:58.072 | INFO     | __main__:<module>:166 - Training Time Taken = 138.44 seconds, loss = 0.03312702108019838, val loss = 0.03261740673097629
2025-12-04 12:57:58.072 | INFO     | __main__:<module>:170 - Validation loss decreased from 0.03265612015995798 to 0.03261740673097629
2025-12-04 12:57:58.072 | INFO     | __main__:<module>:171 - Saving the model checkpoint at path = runs/new/cifar10/v1/single-noise-scale.bin
2025-12-04 12:57:58.167 | INFO     | __main__:<module>:166 - Training Time Taken = 64.87 seconds, loss = 0.026479972039659818, val loss = 0.02592450721149749
2025-12-04 12:57:58.168 | INFO     | __main__:<module>:130 - Epoch = 61 / 70
2025-12-04 12:57:58.520 | INFO     | __main__:<module>:130 - Epoch = 29 / 70
2025-12-04 12:59:02.998 | INFO     | __main__:<module>:166 - Training Time Taken = 64.83 seconds, loss = 0.026480460718274118, val loss = 0.025771621218387115
2025-12-04 12:59:02.998 | INFO     | __main__:<module>:170 - Validation loss decreased from 0.025793894352589514 to 0.025771621218387115
2025-12-04 12:59:02.998 | INFO     | __main__:<module>:171 - Saving the model checkpoint at path = runs/new/mnist/v1/single-noise-scale.bin
2025-12-04 12:59:03.124 | INFO     | __main__:<module>:130 - Epoch = 62 / 70
2025-12-04 13:00:08.610 | INFO     | __main__:<module>:166 - Training Time Taken = 65.49 seconds, loss = 0.026409128323197365, val loss = 0.025880170114179875
2025-12-04 13:00:08.611 | INFO     | __main__:<module>:130 - Epoch = 63 / 70
2025-12-04 13:00:16.949 | INFO     | __main__:<module>:166 - Training Time Taken = 138.43 seconds, loss = 0.033036834343125265, val loss = 0.03258738624332826
2025-12-04 13:00:16.950 | INFO     | __main__:<module>:170 - Validation loss decreased from 0.03261740673097629 to 0.03258738624332826
2025-12-04 13:00:16.950 | INFO     | __main__:<module>:171 - Saving the model checkpoint at path = runs/new/cifar10/v1/single-noise-scale.bin
2025-12-04 13:00:17.390 | INFO     | __main__:<module>:130 - Epoch = 30 / 70
2025-12-04 13:01:14.494 | INFO     | __main__:<module>:166 - Training Time Taken = 65.88 seconds, loss = 0.026330217426021894, val loss = 0.02579832847844413
2025-12-04 13:01:14.495 | INFO     | __main__:<module>:130 - Epoch = 64 / 70
2025-12-04 13:02:19.690 | INFO     | __main__:<module>:166 - Training Time Taken = 65.19 seconds, loss = 0.026362495814760526, val loss = 0.025710032242251202
2025-12-04 13:02:19.690 | INFO     | __main__:<module>:170 - Validation loss decreased from 0.025771621218387115 to 0.025710032242251202
2025-12-04 13:02:19.690 | INFO     | __main__:<module>:171 - Saving the model checkpoint at path = runs/new/mnist/v1/single-noise-scale.bin
2025-12-04 13:02:19.804 | INFO     | __main__:<module>:130 - Epoch = 65 / 70
2025-12-04 13:02:35.989 | INFO     | __main__:<module>:166 - Training Time Taken = 138.6 seconds, loss = 0.033018095275988216, val loss = 0.03248494519274446
2025-12-04 13:02:35.989 | INFO     | __main__:<module>:170 - Validation loss decreased from 0.03258738624332826 to 0.03248494519274446
2025-12-04 13:02:35.989 | INFO     | __main__:<module>:171 - Saving the model checkpoint at path = runs/new/cifar10/v1/single-noise-scale.bin
2025-12-04 13:02:36.835 | INFO     | __main__:<module>:130 - Epoch = 31 / 70
2025-12-04 13:03:24.922 | INFO     | __main__:<module>:166 - Training Time Taken = 65.12 seconds, loss = 0.026289617503682774, val loss = 0.025815678700963234
2025-12-04 13:03:24.923 | INFO     | __main__:<module>:130 - Epoch = 66 / 70
2025-12-04 13:04:29.768 | INFO     | __main__:<module>:166 - Training Time Taken = 64.85 seconds, loss = 0.026259162972370784, val loss = 0.025888092300676284
2025-12-04 13:04:29.769 | INFO     | __main__:<module>:130 - Epoch = 67 / 70
2025-12-04 13:04:55.288 | INFO     | __main__:<module>:166 - Training Time Taken = 138.45 seconds, loss = 0.03298690441412667, val loss = 0.03237412358292296
2025-12-04 13:04:55.288 | INFO     | __main__:<module>:170 - Validation loss decreased from 0.03248494519274446 to 0.03237412358292296
2025-12-04 13:04:55.288 | INFO     | __main__:<module>:171 - Saving the model checkpoint at path = runs/new/cifar10/v1/single-noise-scale.bin
2025-12-04 13:04:55.707 | INFO     | __main__:<module>:130 - Epoch = 32 / 70
2025-12-04 13:05:34.892 | INFO     | __main__:<module>:166 - Training Time Taken = 65.12 seconds, loss = 0.02636116171379884, val loss = 0.025804927295192757
2025-12-04 13:05:34.893 | INFO     | __main__:<module>:130 - Epoch = 68 / 70
2025-12-04 13:06:40.284 | INFO     | __main__:<module>:166 - Training Time Taken = 65.39 seconds, loss = 0.026263783489664395, val loss = 0.025809139211444145
2025-12-04 13:06:40.285 | INFO     | __main__:<module>:130 - Epoch = 69 / 70
2025-12-04 13:07:15.191 | INFO     | __main__:<module>:166 - Training Time Taken = 139.48 seconds, loss = 0.032965817795203516, val loss = 0.032368683692397954
2025-12-04 13:07:15.191 | INFO     | __main__:<module>:170 - Validation loss decreased from 0.03237412358292296 to 0.032368683692397954
2025-12-04 13:07:15.192 | INFO     | __main__:<module>:171 - Saving the model checkpoint at path = runs/new/cifar10/v1/single-noise-scale.bin
2025-12-04 13:07:15.580 | INFO     | __main__:<module>:130 - Epoch = 33 / 70
2025-12-04 13:07:45.768 | INFO     | __main__:<module>:166 - Training Time Taken = 65.48 seconds, loss = 0.02632886611421903, val loss = 0.025740691639007406
2025-12-04 13:07:45.769 | INFO     | __main__:<module>:130 - Epoch = 70 / 70
2025-12-04 13:08:51.203 | INFO     | __main__:<module>:166 - Training Time Taken = 65.43 seconds, loss = 0.026211519569158553, val loss = 0.025788170364784434
2025-12-04 13:08:51.205 | INFO     | __main__:<module>:185 - Training Completed. Loading the model from runs/new/mnist/v1/single-noise-scale.bin
2025-12-04 13:08:51.439 | INFO     | __main__:<module>:196 - Running langevin sampling for 50000 steps, saving every 500 steps
2025-12-04 13:09:34.515 | INFO     | __main__:<module>:166 - Training Time Taken = 138.93 seconds, loss = 0.03284340100690199, val loss = 0.03229039193048507
2025-12-04 13:09:34.515 | INFO     | __main__:<module>:170 - Validation loss decreased from 0.032368683692397954 to 0.03229039193048507
2025-12-04 13:09:34.515 | INFO     | __main__:<module>:171 - Saving the model checkpoint at path = runs/new/cifar10/v1/single-noise-scale.bin
2025-12-04 13:09:34.916 | INFO     | __main__:<module>:130 - Epoch = 34 / 70
2025-12-04 13:11:53.183 | INFO     | __main__:<module>:166 - Training Time Taken = 138.27 seconds, loss = 0.032796092676564144, val loss = 0.03228894722518287
2025-12-04 13:11:53.184 | INFO     | __main__:<module>:170 - Validation loss decreased from 0.03229039193048507 to 0.03228894722518287
2025-12-04 13:11:53.184 | INFO     | __main__:<module>:171 - Saving the model checkpoint at path = runs/new/cifar10/v1/single-noise-scale.bin
2025-12-04 13:11:53.589 | INFO     | __main__:<module>:130 - Epoch = 35 / 70
2025-12-04 13:13:27.082 | INFO     | __main__:<module>:207 - Saving the sampled grid at path = runs/new/mnist/v1/sampled_grid.png
2025-12-04 13:13:28.510 | INFO     | __main__:<module>:218 - Saving the original grid at path = runs/new/mnist/v1/original_grid.png
2025-12-04 13:13:29.888 | INFO     | __main__:<module>:223 - Saving the json at path = runs/new/mnist/v1/run_config.json
2025-12-04 13:14:11.827 | INFO     | __main__:<module>:166 - Training Time Taken = 138.24 seconds, loss = 0.032714924236503656, val loss = 0.032209060567466516
2025-12-04 13:14:11.828 | INFO     | __main__:<module>:170 - Validation loss decreased from 0.03228894722518287 to 0.032209060567466516
2025-12-04 13:14:11.828 | INFO     | __main__:<module>:171 - Saving the model checkpoint at path = runs/new/cifar10/v1/single-noise-scale.bin
2025-12-04 13:14:12.258 | INFO     | __main__:<module>:130 - Epoch = 36 / 70
2025-12-04 13:16:30.152 | INFO     | __main__:<module>:166 - Training Time Taken = 137.89 seconds, loss = 0.0327385578114099, val loss = 0.03219429023941107
2025-12-04 13:16:30.152 | INFO     | __main__:<module>:170 - Validation loss decreased from 0.032209060567466516 to 0.03219429023941107
2025-12-04 13:16:30.152 | INFO     | __main__:<module>:171 - Saving the model checkpoint at path = runs/new/cifar10/v1/single-noise-scale.bin
2025-12-04 13:16:30.573 | INFO     | __main__:<module>:130 - Epoch = 37 / 70
2025-12-04 13:18:48.667 | INFO     | __main__:<module>:166 - Training Time Taken = 138.09 seconds, loss = 0.03262733243191585, val loss = 0.03215349208610722
2025-12-04 13:18:48.667 | INFO     | __main__:<module>:170 - Validation loss decreased from 0.03219429023941107 to 0.03215349208610722
2025-12-04 13:18:48.667 | INFO     | __main__:<module>:171 - Saving the model checkpoint at path = runs/new/cifar10/v1/single-noise-scale.bin
2025-12-04 13:18:50.355 | INFO     | __main__:<module>:130 - Epoch = 38 / 70
2025-12-04 13:21:08.742 | INFO     | __main__:<module>:166 - Training Time Taken = 138.39 seconds, loss = 0.03263344463948815, val loss = 0.03209918560578099
2025-12-04 13:21:08.742 | INFO     | __main__:<module>:170 - Validation loss decreased from 0.03215349208610722 to 0.03209918560578099
2025-12-04 13:21:08.743 | INFO     | __main__:<module>:171 - Saving the model checkpoint at path = runs/new/cifar10/v1/single-noise-scale.bin
2025-12-04 13:21:09.658 | INFO     | __main__:<module>:130 - Epoch = 39 / 70
2025-12-04 13:23:27.913 | INFO     | __main__:<module>:166 - Training Time Taken = 138.25 seconds, loss = 0.03257673002850895, val loss = 0.03203346676935878
2025-12-04 13:23:27.914 | INFO     | __main__:<module>:170 - Validation loss decreased from 0.03209918560578099 to 0.03203346676935878
2025-12-04 13:23:27.914 | INFO     | __main__:<module>:171 - Saving the model checkpoint at path = runs/new/cifar10/v1/single-noise-scale.bin
2025-12-04 13:23:28.281 | INFO     | __main__:<module>:130 - Epoch = 40 / 70
2025-12-04 13:25:46.788 | INFO     | __main__:<module>:166 - Training Time Taken = 138.51 seconds, loss = 0.032547452763770336, val loss = 0.03197126467771168
2025-12-04 13:25:46.789 | INFO     | __main__:<module>:170 - Validation loss decreased from 0.03203346676935878 to 0.03197126467771168
2025-12-04 13:25:46.789 | INFO     | __main__:<module>:171 - Saving the model checkpoint at path = runs/new/cifar10/v1/single-noise-scale.bin
2025-12-04 13:25:47.178 | INFO     | __main__:<module>:130 - Epoch = 41 / 70
2025-12-04 13:28:05.641 | INFO     | __main__:<module>:166 - Training Time Taken = 138.46 seconds, loss = 0.032501500123701156, val loss = 0.03193145594264887
2025-12-04 13:28:05.642 | INFO     | __main__:<module>:170 - Validation loss decreased from 0.03197126467771168 to 0.03193145594264887
2025-12-04 13:28:05.642 | INFO     | __main__:<module>:171 - Saving the model checkpoint at path = runs/new/cifar10/v1/single-noise-scale.bin
2025-12-04 13:28:06.034 | INFO     | __main__:<module>:130 - Epoch = 42 / 70
2025-12-04 13:30:25.083 | INFO     | __main__:<module>:166 - Training Time Taken = 139.05 seconds, loss = 0.03243582007198478, val loss = 0.031904587003437776
2025-12-04 13:30:25.084 | INFO     | __main__:<module>:170 - Validation loss decreased from 0.03193145594264887 to 0.031904587003437776
2025-12-04 13:30:25.084 | INFO     | __main__:<module>:171 - Saving the model checkpoint at path = runs/new/cifar10/v1/single-noise-scale.bin
2025-12-04 13:30:25.656 | INFO     | __main__:<module>:130 - Epoch = 43 / 70
2025-12-04 13:32:45.776 | INFO     | __main__:<module>:166 - Training Time Taken = 140.12 seconds, loss = 0.032480498972220925, val loss = 0.031896875487475454
2025-12-04 13:32:45.777 | INFO     | __main__:<module>:170 - Validation loss decreased from 0.031904587003437776 to 0.031896875487475454
2025-12-04 13:32:45.777 | INFO     | __main__:<module>:171 - Saving the model checkpoint at path = runs/new/cifar10/v1/single-noise-scale.bin
2025-12-04 13:32:46.184 | INFO     | __main__:<module>:130 - Epoch = 44 / 70
2025-12-04 13:35:06.028 | INFO     | __main__:<module>:166 - Training Time Taken = 139.84 seconds, loss = 0.03239220187377435, val loss = 0.031833742026098164
2025-12-04 13:35:06.028 | INFO     | __main__:<module>:170 - Validation loss decreased from 0.031896875487475454 to 0.031833742026098164
2025-12-04 13:35:06.029 | INFO     | __main__:<module>:171 - Saving the model checkpoint at path = runs/new/cifar10/v1/single-noise-scale.bin
2025-12-04 13:35:06.445 | INFO     | __main__:<module>:130 - Epoch = 45 / 70
2025-12-04 13:37:26.607 | INFO     | __main__:<module>:166 - Training Time Taken = 140.16 seconds, loss = 0.03233943514216441, val loss = 0.03178703228506861
2025-12-04 13:37:26.607 | INFO     | __main__:<module>:170 - Validation loss decreased from 0.031833742026098164 to 0.03178703228506861
2025-12-04 13:37:26.608 | INFO     | __main__:<module>:171 - Saving the model checkpoint at path = runs/new/cifar10/v1/single-noise-scale.bin
2025-12-04 13:37:26.993 | INFO     | __main__:<module>:130 - Epoch = 46 / 70
2025-12-04 13:39:46.747 | INFO     | __main__:<module>:166 - Training Time Taken = 139.75 seconds, loss = 0.03235088009089707, val loss = 0.031754135071665426
2025-12-04 13:39:46.747 | INFO     | __main__:<module>:170 - Validation loss decreased from 0.03178703228506861 to 0.031754135071665426
2025-12-04 13:39:46.747 | INFO     | __main__:<module>:171 - Saving the model checkpoint at path = runs/new/cifar10/v1/single-noise-scale.bin
2025-12-04 13:39:48.704 | INFO     | __main__:<module>:130 - Epoch = 47 / 70
2025-12-04 13:42:08.277 | INFO     | __main__:<module>:166 - Training Time Taken = 139.57 seconds, loss = 0.032247724231725304, val loss = 0.0317166138063126
2025-12-04 13:42:08.277 | INFO     | __main__:<module>:170 - Validation loss decreased from 0.031754135071665426 to 0.0317166138063126
2025-12-04 13:42:08.277 | INFO     | __main__:<module>:171 - Saving the model checkpoint at path = runs/new/cifar10/v1/single-noise-scale.bin
2025-12-04 13:42:08.665 | INFO     | __main__:<module>:130 - Epoch = 48 / 70
2025-12-04 13:44:28.927 | INFO     | __main__:<module>:166 - Training Time Taken = 140.26 seconds, loss = 0.032242218972728276, val loss = 0.03172858809179897
2025-12-04 13:44:28.928 | INFO     | __main__:<module>:130 - Epoch = 49 / 70
2025-12-04 13:46:48.628 | INFO     | __main__:<module>:166 - Training Time Taken = 139.7 seconds, loss = 0.032279975652789915, val loss = 0.03168016202936444
2025-12-04 13:46:48.629 | INFO     | __main__:<module>:170 - Validation loss decreased from 0.0317166138063126 to 0.03168016202936444
2025-12-04 13:46:48.629 | INFO     | __main__:<module>:171 - Saving the model checkpoint at path = runs/new/cifar10/v1/single-noise-scale.bin
2025-12-04 13:46:49.030 | INFO     | __main__:<module>:130 - Epoch = 50 / 70
2025-12-04 13:49:08.404 | INFO     | __main__:<module>:166 - Training Time Taken = 139.37 seconds, loss = 0.03219277955020388, val loss = 0.031656746622882315
2025-12-04 13:49:08.404 | INFO     | __main__:<module>:170 - Validation loss decreased from 0.03168016202936444 to 0.031656746622882315
2025-12-04 13:49:08.404 | INFO     | __main__:<module>:171 - Saving the model checkpoint at path = runs/new/cifar10/v1/single-noise-scale.bin
2025-12-04 13:49:08.821 | INFO     | __main__:<module>:130 - Epoch = 51 / 70
2025-12-04 13:51:29.220 | INFO     | __main__:<module>:166 - Training Time Taken = 140.4 seconds, loss = 0.032174192470150256, val loss = 0.03164914170209365
2025-12-04 13:51:29.220 | INFO     | __main__:<module>:170 - Validation loss decreased from 0.031656746622882315 to 0.03164914170209365
2025-12-04 13:51:29.220 | INFO     | __main__:<module>:171 - Saving the model checkpoint at path = runs/new/cifar10/v1/single-noise-scale.bin
2025-12-04 13:51:29.628 | INFO     | __main__:<module>:130 - Epoch = 52 / 70
2025-12-04 13:53:50.069 | INFO     | __main__:<module>:166 - Training Time Taken = 140.44 seconds, loss = 0.03216485458964738, val loss = 0.03156011186162882
2025-12-04 13:53:50.069 | INFO     | __main__:<module>:170 - Validation loss decreased from 0.03164914170209365 to 0.03156011186162882
2025-12-04 13:53:50.069 | INFO     | __main__:<module>:171 - Saving the model checkpoint at path = runs/new/cifar10/v1/single-noise-scale.bin
2025-12-04 13:53:50.479 | INFO     | __main__:<module>:130 - Epoch = 53 / 70
2025-12-04 13:56:10.583 | INFO     | __main__:<module>:166 - Training Time Taken = 140.1 seconds, loss = 0.03211608967080284, val loss = 0.031573058754394326
2025-12-04 13:56:10.583 | INFO     | __main__:<module>:130 - Epoch = 54 / 70
2025-12-04 13:58:30.534 | INFO     | __main__:<module>:166 - Training Time Taken = 139.95 seconds, loss = 0.032045365361788404, val loss = 0.031615894830113726
2025-12-04 13:58:30.535 | INFO     | __main__:<module>:130 - Epoch = 55 / 70
2025-12-04 14:00:50.100 | INFO     | __main__:<module>:166 - Training Time Taken = 139.56 seconds, loss = 0.03211245363869797, val loss = 0.0315499835046409
2025-12-04 14:00:50.100 | INFO     | __main__:<module>:170 - Validation loss decreased from 0.03156011186162882 to 0.0315499835046409
2025-12-04 14:00:50.101 | INFO     | __main__:<module>:171 - Saving the model checkpoint at path = runs/new/cifar10/v1/single-noise-scale.bin
2025-12-04 14:00:51.435 | INFO     | __main__:<module>:130 - Epoch = 56 / 70
2025-12-04 14:03:10.921 | INFO     | __main__:<module>:166 - Training Time Taken = 139.49 seconds, loss = 0.03201661292856303, val loss = 0.03152919383837453
2025-12-04 14:03:10.921 | INFO     | __main__:<module>:170 - Validation loss decreased from 0.0315499835046409 to 0.03152919383837453
2025-12-04 14:03:10.921 | INFO     | __main__:<module>:171 - Saving the model checkpoint at path = runs/new/cifar10/v1/single-noise-scale.bin
2025-12-04 14:03:11.325 | INFO     | __main__:<module>:130 - Epoch = 57 / 70
2025-12-04 14:05:31.645 | INFO     | __main__:<module>:166 - Training Time Taken = 140.32 seconds, loss = 0.031990799416130346, val loss = 0.03151179574241367
2025-12-04 14:05:31.645 | INFO     | __main__:<module>:170 - Validation loss decreased from 0.03152919383837453 to 0.03151179574241367
2025-12-04 14:05:31.645 | INFO     | __main__:<module>:171 - Saving the model checkpoint at path = runs/new/cifar10/v1/single-noise-scale.bin
2025-12-04 14:05:32.050 | INFO     | __main__:<module>:130 - Epoch = 58 / 70
2025-12-04 14:07:52.499 | INFO     | __main__:<module>:166 - Training Time Taken = 140.45 seconds, loss = 0.031987612876600735, val loss = 0.03149754080119767
2025-12-04 14:07:52.500 | INFO     | __main__:<module>:170 - Validation loss decreased from 0.03151179574241367 to 0.03149754080119767
2025-12-04 14:07:52.500 | INFO     | __main__:<module>:171 - Saving the model checkpoint at path = runs/new/cifar10/v1/single-noise-scale.bin
2025-12-04 14:07:52.907 | INFO     | __main__:<module>:130 - Epoch = 59 / 70
2025-12-04 14:10:12.508 | INFO     | __main__:<module>:166 - Training Time Taken = 139.6 seconds, loss = 0.03196368463480244, val loss = 0.03148303400206415
2025-12-04 14:10:12.509 | INFO     | __main__:<module>:170 - Validation loss decreased from 0.03149754080119767 to 0.03148303400206415
2025-12-04 14:10:12.509 | INFO     | __main__:<module>:171 - Saving the model checkpoint at path = runs/new/cifar10/v1/single-noise-scale.bin
2025-12-04 14:10:13.594 | INFO     | __main__:<module>:130 - Epoch = 60 / 70
2025-12-04 14:12:33.316 | INFO     | __main__:<module>:166 - Training Time Taken = 139.72 seconds, loss = 0.031948053364317636, val loss = 0.03140827320233176
2025-12-04 14:12:33.317 | INFO     | __main__:<module>:170 - Validation loss decreased from 0.03148303400206415 to 0.03140827320233176
2025-12-04 14:12:33.317 | INFO     | __main__:<module>:171 - Saving the model checkpoint at path = runs/new/cifar10/v1/single-noise-scale.bin
2025-12-04 14:12:33.732 | INFO     | __main__:<module>:130 - Epoch = 61 / 70
2025-12-04 14:14:53.179 | INFO     | __main__:<module>:166 - Training Time Taken = 139.45 seconds, loss = 0.03189768764776544, val loss = 0.031450929450272
2025-12-04 14:14:53.179 | INFO     | __main__:<module>:130 - Epoch = 62 / 70
2025-12-04 14:17:12.575 | INFO     | __main__:<module>:166 - Training Time Taken = 139.4 seconds, loss = 0.031916859068762, val loss = 0.031454277024427546
2025-12-04 14:17:12.576 | INFO     | __main__:<module>:130 - Epoch = 63 / 70
2025-12-04 14:19:31.960 | INFO     | __main__:<module>:166 - Training Time Taken = 139.38 seconds, loss = 0.03185574996609467, val loss = 0.03146207259519945
2025-12-04 14:19:31.960 | INFO     | __main__:<module>:130 - Epoch = 64 / 70
2025-12-04 14:21:51.420 | INFO     | __main__:<module>:166 - Training Time Taken = 139.46 seconds, loss = 0.031845587713364217, val loss = 0.03135466992949383
2025-12-04 14:21:51.420 | INFO     | __main__:<module>:170 - Validation loss decreased from 0.03140827320233176 to 0.03135466992949383
2025-12-04 14:21:51.420 | INFO     | __main__:<module>:171 - Saving the model checkpoint at path = runs/new/cifar10/v1/single-noise-scale.bin
2025-12-04 14:21:51.814 | INFO     | __main__:<module>:130 - Epoch = 65 / 70
2025-12-04 14:24:12.041 | INFO     | __main__:<module>:166 - Training Time Taken = 140.23 seconds, loss = 0.03187056924231327, val loss = 0.03141963090511817
2025-12-04 14:24:12.042 | INFO     | __main__:<module>:130 - Epoch = 66 / 70
2025-12-04 14:26:31.812 | INFO     | __main__:<module>:166 - Training Time Taken = 139.77 seconds, loss = 0.031814194989566225, val loss = 0.03138653523748434
2025-12-04 14:26:31.813 | INFO     | __main__:<module>:130 - Epoch = 67 / 70
2025-12-04 14:28:51.134 | INFO     | __main__:<module>:166 - Training Time Taken = 139.32 seconds, loss = 0.03179210406570389, val loss = 0.03131973222369635
2025-12-04 14:28:51.134 | INFO     | __main__:<module>:170 - Validation loss decreased from 0.03135466992949383 to 0.03131973222369635
2025-12-04 14:28:51.134 | INFO     | __main__:<module>:171 - Saving the model checkpoint at path = runs/new/cifar10/v1/single-noise-scale.bin
2025-12-04 14:28:51.555 | INFO     | __main__:<module>:130 - Epoch = 68 / 70
2025-12-04 14:31:10.820 | INFO     | __main__:<module>:166 - Training Time Taken = 139.26 seconds, loss = 0.031753866394725855, val loss = 0.0313528390200455
2025-12-04 14:31:10.820 | INFO     | __main__:<module>:130 - Epoch = 69 / 70
2025-12-04 14:33:30.206 | INFO     | __main__:<module>:166 - Training Time Taken = 139.39 seconds, loss = 0.03173955402578028, val loss = 0.03135685099265243
2025-12-04 14:33:30.207 | INFO     | __main__:<module>:130 - Epoch = 70 / 70
2025-12-04 14:35:50.970 | INFO     | __main__:<module>:166 - Training Time Taken = 140.76 seconds, loss = 0.03175141711752064, val loss = 0.031376967371641834
2025-12-04 14:35:50.971 | INFO     | __main__:<module>:185 - Training Completed. Loading the model from runs/new/cifar10/v1/single-noise-scale.bin
2025-12-04 14:35:51.612 | INFO     | __main__:<module>:196 - Running langevin sampling for 50000 steps, saving every 500 steps
2025-12-04 14:40:35.810 | INFO     | __main__:<module>:207 - Saving the sampled grid at path = runs/new/cifar10/v1/sampled_grid.png
2025-12-04 14:40:37.199 | INFO     | __main__:<module>:218 - Saving the original grid at path = runs/new/cifar10/v1/original_grid.png
2025-12-04 14:40:38.731 | INFO     | __main__:<module>:223 - Saving the json at path = runs/new/cifar10/v1/run_config.json
2025-12-04 18:21:10.241 | INFO     | __main__:<module>:60 - Using seed = 42, device = cuda:6 and output dir = runs/new/cifar10/v1/
2025-12-04 18:21:10.285 | INFO     | __main__:<module>:66 - Loading the cifar10 dataset for training
2025-12-04 18:21:11.388 | INFO     | __main__:<module>:72 - length of the train dataset = 50000
2025-12-04 18:21:11.389 | INFO     | __main__:<module>:76 - length of the train split = 40000, validation split = 10000
2025-12-04 18:21:11.389 | INFO     | __main__:<module>:79 - Using flip_probs = 0.0, channels = 3 for transforms
2025-12-04 18:21:11.390 | INFO     | __main__:<module>:88 - Creating the dataloader with batch size = 128
2025-12-04 18:21:11.392 | INFO     | __main__:<module>:102 - Initializing the UNET model with model dim = 256
2025-12-04 18:21:12.192 | INFO     | __main__:<module>:112 - Initializaing EMA with decay = 0.999
2025-12-04 18:21:12.199 | INFO     | __main__:<module>:127 - Running for epochs = 70 with objective = score
2025-12-04 18:21:12.199 | INFO     | __main__:<module>:130 - Epoch = 1 / 70
2025-12-04 18:23:41.443 | INFO     | __main__:<module>:166 - Training Time Taken = 149.24 seconds, loss = 1.0097644043425782, val loss = 1.1108694680129425
2025-12-04 18:23:41.444 | INFO     | __main__:<module>:170 - Validation loss decreased from inf to 1.1108694680129425
2025-12-04 18:23:41.444 | INFO     | __main__:<module>:171 - Saving the model checkpoint at path = runs/new/cifar10/v1/single-noise-scale.bin
2025-12-04 18:23:41.891 | INFO     | __main__:<module>:130 - Epoch = 2 / 70
2025-12-04 18:26:11.925 | INFO     | __main__:<module>:60 - Using seed = 42, device = cuda:6 and output dir = runs/new/cifar10/v2/
2025-12-04 18:26:11.984 | INFO     | __main__:<module>:66 - Loading the cifar10 dataset for training
2025-12-04 18:26:13.084 | INFO     | __main__:<module>:72 - length of the train dataset = 50000
2025-12-04 18:26:13.086 | INFO     | __main__:<module>:76 - length of the train split = 40000, validation split = 10000
2025-12-04 18:26:13.086 | INFO     | __main__:<module>:79 - Using flip_probs = 0.0, channels = 3 for transforms
2025-12-04 18:26:13.088 | INFO     | __main__:<module>:88 - Creating the dataloader with batch size = 128
2025-12-04 18:26:13.089 | INFO     | __main__:<module>:102 - Initializing the UNET model with model dim = 256
2025-12-04 18:26:13.875 | INFO     | __main__:<module>:112 - Initializaing EMA with decay = 0.999
2025-12-04 18:26:13.881 | INFO     | __main__:<module>:127 - Running for epochs = 70 with objective = score
2025-12-04 18:26:13.881 | INFO     | __main__:<module>:130 - Epoch = 1 / 70
2025-12-04 18:28:43.515 | INFO     | __main__:<module>:166 - Training Time Taken = 149.63 seconds, loss = 1.0097644043425782, val loss = 1.1108694680129425
2025-12-04 18:28:43.516 | INFO     | __main__:<module>:170 - Validation loss decreased from inf to 1.1108694680129425
2025-12-04 18:28:43.516 | INFO     | __main__:<module>:171 - Saving the model checkpoint at path = runs/new/cifar10/v2/single-noise-scale.bin
2025-12-04 18:28:43.758 | INFO     | __main__:<module>:130 - Epoch = 2 / 70
2025-12-04 18:31:13.394 | INFO     | __main__:<module>:166 - Training Time Taken = 149.64 seconds, loss = 0.9758722900201718, val loss = 1.0499102450624298
2025-12-04 18:31:13.395 | INFO     | __main__:<module>:170 - Validation loss decreased from 1.1108694680129425 to 1.0499102450624298
2025-12-04 18:31:13.395 | INFO     | __main__:<module>:171 - Saving the model checkpoint at path = runs/new/cifar10/v2/single-noise-scale.bin
2025-12-04 18:31:13.814 | INFO     | __main__:<module>:130 - Epoch = 3 / 70
2025-12-04 18:33:41.242 | INFO     | __main__:<module>:166 - Training Time Taken = 147.43 seconds, loss = 0.9162621680920878, val loss = 1.0174217375018928
2025-12-04 18:33:41.243 | INFO     | __main__:<module>:170 - Validation loss decreased from 1.0499102450624298 to 1.0174217375018928
2025-12-04 18:33:41.243 | INFO     | __main__:<module>:171 - Saving the model checkpoint at path = runs/new/cifar10/v2/single-noise-scale.bin
2025-12-04 18:33:41.728 | INFO     | __main__:<module>:130 - Epoch = 4 / 70
2025-12-04 18:36:07.881 | INFO     | __main__:<module>:166 - Training Time Taken = 146.15 seconds, loss = 0.9996420503043519, val loss = 1.0840754252445848
2025-12-04 18:36:07.882 | INFO     | __main__:<module>:130 - Epoch = 5 / 70
2025-12-04 18:38:36.751 | INFO     | __main__:<module>:166 - Training Time Taken = 148.87 seconds, loss = 0.9954290799439525, val loss = 1.0678945945788034
2025-12-04 18:38:36.752 | INFO     | __main__:<module>:130 - Epoch = 6 / 70
2025-12-04 18:41:06.795 | INFO     | __main__:<module>:166 - Training Time Taken = 150.04 seconds, loss = 0.9909795450326353, val loss = 1.050787554511541
2025-12-04 18:41:06.796 | INFO     | __main__:<module>:130 - Epoch = 7 / 70
2025-12-04 18:43:35.854 | INFO     | __main__:<module>:166 - Training Time Taken = 149.06 seconds, loss = 0.9818909229181064, val loss = 1.0292438721355004
2025-12-04 18:43:35.855 | INFO     | __main__:<module>:130 - Epoch = 8 / 70
2025-12-04 18:46:06.244 | INFO     | __main__:<module>:166 - Training Time Taken = 150.39 seconds, loss = 0.9495269281033891, val loss = 1.0079944043219844
2025-12-04 18:46:06.245 | INFO     | __main__:<module>:170 - Validation loss decreased from 1.0174217375018928 to 1.0079944043219844
2025-12-04 18:46:06.245 | INFO     | __main__:<module>:171 - Saving the model checkpoint at path = runs/new/cifar10/v2/single-noise-scale.bin
2025-12-04 18:46:06.685 | INFO     | __main__:<module>:130 - Epoch = 9 / 70
2025-12-04 18:48:36.710 | INFO     | __main__:<module>:166 - Training Time Taken = 150.02 seconds, loss = 1.0604304945506988, val loss = 6.856634683246854
2025-12-04 18:48:36.712 | INFO     | __main__:<module>:130 - Epoch = 10 / 70
2025-12-04 18:51:06.318 | INFO     | __main__:<module>:166 - Training Time Taken = 149.61 seconds, loss = 0.9913769657619464, val loss = 3.6292780683010437
2025-12-04 18:51:06.319 | INFO     | __main__:<module>:130 - Epoch = 11 / 70
2025-12-04 18:53:36.538 | INFO     | __main__:<module>:166 - Training Time Taken = 150.22 seconds, loss = 0.9908780116623583, val loss = 2.2643470673621455
2025-12-04 18:53:36.539 | INFO     | __main__:<module>:130 - Epoch = 12 / 70
2025-12-04 18:56:05.920 | INFO     | __main__:<module>:166 - Training Time Taken = 149.38 seconds, loss = 0.9813831602803434, val loss = 1.6642751995521257
2025-12-04 18:56:05.921 | INFO     | __main__:<module>:130 - Epoch = 13 / 70
2025-12-04 18:58:31.476 | INFO     | __main__:<module>:166 - Training Time Taken = 145.55 seconds, loss = 0.9757599487853127, val loss = 1.3829355164419246
2025-12-04 18:58:31.477 | INFO     | __main__:<module>:130 - Epoch = 14 / 70
2025-12-04 19:00:58.934 | INFO     | __main__:<module>:166 - Training Time Taken = 147.46 seconds, loss = 0.972058405891394, val loss = 1.2159382089783874
2025-12-04 19:00:58.936 | INFO     | __main__:<module>:130 - Epoch = 15 / 70
2025-12-04 19:03:28.849 | INFO     | __main__:<module>:166 - Training Time Taken = 149.91 seconds, loss = 0.964798266895282, val loss = 1.0990807315971278
2025-12-04 19:03:28.850 | INFO     | __main__:<module>:130 - Epoch = 16 / 70
2025-12-04 19:05:59.674 | INFO     | __main__:<module>:166 - Training Time Taken = 150.82 seconds, loss = 0.9606123113403686, val loss = 1.0482639496839499
2025-12-04 19:05:59.675 | INFO     | __main__:<module>:130 - Epoch = 17 / 70
2025-12-04 19:08:29.571 | INFO     | __main__:<module>:166 - Training Time Taken = 149.9 seconds, loss = 0.9550094057957585, val loss = 1.0140455915958067
2025-12-04 19:08:29.573 | INFO     | __main__:<module>:130 - Epoch = 18 / 70
2025-12-04 19:10:59.633 | INFO     | __main__:<module>:166 - Training Time Taken = 150.06 seconds, loss = 0.9499725737510779, val loss = 0.988693304454224
2025-12-04 19:10:59.634 | INFO     | __main__:<module>:170 - Validation loss decreased from 1.0079944043219844 to 0.988693304454224
2025-12-04 19:10:59.634 | INFO     | __main__:<module>:171 - Saving the model checkpoint at path = runs/new/cifar10/v2/single-noise-scale.bin
2025-12-04 19:11:00.030 | INFO     | __main__:<module>:130 - Epoch = 19 / 70
2025-12-04 19:13:30.118 | INFO     | __main__:<module>:166 - Training Time Taken = 150.09 seconds, loss = 0.9437562463382563, val loss = 0.9757969983016388
2025-12-04 19:13:30.118 | INFO     | __main__:<module>:170 - Validation loss decreased from 0.988693304454224 to 0.9757969983016388
2025-12-04 19:13:30.119 | INFO     | __main__:<module>:171 - Saving the model checkpoint at path = runs/new/cifar10/v2/single-noise-scale.bin
2025-12-04 19:13:30.675 | INFO     | __main__:<module>:130 - Epoch = 20 / 70
2025-12-04 19:16:01.008 | INFO     | __main__:<module>:166 - Training Time Taken = 150.33 seconds, loss = 0.9310678352182284, val loss = 0.9679495428181901
2025-12-04 19:16:01.008 | INFO     | __main__:<module>:170 - Validation loss decreased from 0.9757969983016388 to 0.9679495428181901
2025-12-04 19:16:01.008 | INFO     | __main__:<module>:171 - Saving the model checkpoint at path = runs/new/cifar10/v2/single-noise-scale.bin
2025-12-04 19:16:01.585 | INFO     | __main__:<module>:130 - Epoch = 21 / 70
2025-12-04 19:18:31.993 | INFO     | __main__:<module>:166 - Training Time Taken = 150.41 seconds, loss = 0.896647959852371, val loss = 0.9583476729030851
2025-12-04 19:18:31.993 | INFO     | __main__:<module>:170 - Validation loss decreased from 0.9679495428181901 to 0.9583476729030851
2025-12-04 19:18:31.994 | INFO     | __main__:<module>:171 - Saving the model checkpoint at path = runs/new/cifar10/v2/single-noise-scale.bin
2025-12-04 19:18:32.411 | INFO     | __main__:<module>:130 - Epoch = 22 / 70
2025-12-04 19:20:58.088 | INFO     | __main__:<module>:166 - Training Time Taken = 145.68 seconds, loss = 0.8532265091475587, val loss = 0.9509294674366335
2025-12-04 19:20:58.088 | INFO     | __main__:<module>:170 - Validation loss decreased from 0.9583476729030851 to 0.9509294674366335
2025-12-04 19:20:58.088 | INFO     | __main__:<module>:171 - Saving the model checkpoint at path = runs/new/cifar10/v2/single-noise-scale.bin
2025-12-04 19:20:58.554 | INFO     | __main__:<module>:130 - Epoch = 23 / 70
2025-12-04 19:23:25.320 | INFO     | __main__:<module>:166 - Training Time Taken = 146.77 seconds, loss = 0.9461640330930107, val loss = 1.7208299395404285
2025-12-04 19:23:25.321 | INFO     | __main__:<module>:130 - Epoch = 24 / 70
2025-12-04 19:25:55.318 | INFO     | __main__:<module>:166 - Training Time Taken = 150.0 seconds, loss = 0.9982778885113165, val loss = 1.1207665959491004
2025-12-04 19:25:55.319 | INFO     | __main__:<module>:130 - Epoch = 25 / 70
2025-12-04 19:28:25.191 | INFO     | __main__:<module>:166 - Training Time Taken = 149.87 seconds, loss = 0.9959020064280818, val loss = 1.087901394578475
2025-12-04 19:28:25.192 | INFO     | __main__:<module>:130 - Epoch = 26 / 70
2025-12-04 19:30:54.931 | INFO     | __main__:<module>:166 - Training Time Taken = 149.74 seconds, loss = 0.9940229772378842, val loss = 1.0509387858306305
2025-12-04 19:30:54.932 | INFO     | __main__:<module>:130 - Epoch = 27 / 70
2025-12-04 19:33:25.041 | INFO     | __main__:<module>:166 - Training Time Taken = 150.11 seconds, loss = 0.9923530778945825, val loss = 1.0266150734092616
2025-12-04 19:33:25.042 | INFO     | __main__:<module>:130 - Epoch = 28 / 70
2025-12-04 19:35:54.767 | INFO     | __main__:<module>:166 - Training Time Taken = 149.73 seconds, loss = 0.9850792837219117, val loss = 1.0125997926615462
2025-12-04 19:35:54.768 | INFO     | __main__:<module>:130 - Epoch = 29 / 70
2025-12-04 19:38:24.751 | INFO     | __main__:<module>:166 - Training Time Taken = 149.98 seconds, loss = 0.9714130182235766, val loss = 1.0026832336111913
2025-12-04 19:38:24.752 | INFO     | __main__:<module>:130 - Epoch = 30 / 70
2025-12-04 19:40:54.698 | INFO     | __main__:<module>:166 - Training Time Taken = 149.95 seconds, loss = 0.9459834043591168, val loss = 0.9948310014567797
2025-12-04 19:40:54.699 | INFO     | __main__:<module>:130 - Epoch = 31 / 70
2025-12-04 19:43:21.395 | INFO     | __main__:<module>:166 - Training Time Taken = 146.7 seconds, loss = 0.9109981273309872, val loss = 0.9899501981614511
2025-12-04 19:43:21.396 | INFO     | __main__:<module>:130 - Epoch = 32 / 70
2025-12-04 19:45:47.149 | INFO     | __main__:<module>:166 - Training Time Taken = 145.75 seconds, loss = 0.9177441629357993, val loss = 0.9896460530124133
2025-12-04 19:45:47.150 | INFO     | __main__:<module>:130 - Epoch = 33 / 70
2025-12-04 19:48:17.096 | INFO     | __main__:<module>:166 - Training Time Taken = 149.95 seconds, loss = 0.8737674734462946, val loss = 0.9844093594370009
2025-12-04 19:48:17.097 | INFO     | __main__:<module>:130 - Epoch = 34 / 70
2025-12-04 19:50:47.713 | INFO     | __main__:<module>:166 - Training Time Taken = 150.62 seconds, loss = 0.9345746842055275, val loss = 0.9878141050097309
2025-12-04 19:50:47.716 | INFO     | __main__:<module>:130 - Epoch = 35 / 70
2025-12-04 19:53:18.273 | INFO     | __main__:<module>:166 - Training Time Taken = 150.56 seconds, loss = 0.8793601664110494, val loss = 0.9863105642644665
2025-12-04 19:53:18.274 | INFO     | __main__:<module>:130 - Epoch = 36 / 70
2025-12-04 19:55:48.369 | INFO     | __main__:<module>:166 - Training Time Taken = 150.09 seconds, loss = 0.8000217657119703, val loss = 0.9820770191240914
2025-12-04 19:55:48.370 | INFO     | __main__:<module>:130 - Epoch = 37 / 70
2025-12-04 19:58:18.282 | INFO     | __main__:<module>:166 - Training Time Taken = 149.91 seconds, loss = 0.7845259093628905, val loss = 0.9720643479612809
2025-12-04 19:58:18.283 | INFO     | __main__:<module>:130 - Epoch = 38 / 70
2025-12-04 20:00:48.751 | INFO     | __main__:<module>:166 - Training Time Taken = 150.47 seconds, loss = 0.764502257775194, val loss = 0.9552688357196276
2025-12-04 20:00:48.752 | INFO     | __main__:<module>:130 - Epoch = 39 / 70
2025-12-04 20:03:18.972 | INFO     | __main__:<module>:166 - Training Time Taken = 150.22 seconds, loss = 0.7228326437572321, val loss = 0.9298107337348068
2025-12-04 20:03:18.972 | INFO     | __main__:<module>:170 - Validation loss decreased from 0.9509294674366335 to 0.9298107337348068
2025-12-04 20:03:18.972 | INFO     | __main__:<module>:171 - Saving the model checkpoint at path = runs/new/cifar10/v2/single-noise-scale.bin
2025-12-04 20:03:19.369 | INFO     | __main__:<module>:130 - Epoch = 40 / 70
2025-12-04 20:05:47.065 | INFO     | __main__:<module>:166 - Training Time Taken = 147.7 seconds, loss = 0.6847844702748064, val loss = 0.8984864678563951
2025-12-04 20:05:47.066 | INFO     | __main__:<module>:170 - Validation loss decreased from 0.9298107337348068 to 0.8984864678563951
2025-12-04 20:05:47.066 | INFO     | __main__:<module>:171 - Saving the model checkpoint at path = runs/new/cifar10/v2/single-noise-scale.bin
2025-12-04 20:05:47.948 | INFO     | __main__:<module>:130 - Epoch = 41 / 70
2025-12-04 20:08:13.798 | INFO     | __main__:<module>:166 - Training Time Taken = 145.85 seconds, loss = 0.6789997469502896, val loss = 0.8633298655099506
2025-12-04 20:08:13.799 | INFO     | __main__:<module>:170 - Validation loss decreased from 0.8984864678563951 to 0.8633298655099506
2025-12-04 20:08:13.799 | INFO     | __main__:<module>:171 - Saving the model checkpoint at path = runs/new/cifar10/v2/single-noise-scale.bin
2025-12-04 20:08:14.186 | INFO     | __main__:<module>:130 - Epoch = 42 / 70
2025-12-04 20:10:43.772 | INFO     | __main__:<module>:166 - Training Time Taken = 149.59 seconds, loss = 0.6733781348782987, val loss = 0.8258641777159292
2025-12-04 20:10:43.772 | INFO     | __main__:<module>:170 - Validation loss decreased from 0.8633298655099506 to 0.8258641777159292
2025-12-04 20:10:43.772 | INFO     | __main__:<module>:171 - Saving the model checkpoint at path = runs/new/cifar10/v2/single-noise-scale.bin
2025-12-04 20:10:44.142 | INFO     | __main__:<module>:130 - Epoch = 43 / 70
2025-12-04 20:13:14.172 | INFO     | __main__:<module>:166 - Training Time Taken = 150.03 seconds, loss = 0.6340997072454458, val loss = 0.7869512868832939
2025-12-04 20:13:14.172 | INFO     | __main__:<module>:170 - Validation loss decreased from 0.8258641777159292 to 0.7869512868832939
2025-12-04 20:13:14.172 | INFO     | __main__:<module>:171 - Saving the model checkpoint at path = runs/new/cifar10/v2/single-noise-scale.bin
2025-12-04 20:13:14.559 | INFO     | __main__:<module>:130 - Epoch = 44 / 70
2025-12-04 20:15:45.296 | INFO     | __main__:<module>:166 - Training Time Taken = 150.74 seconds, loss = 0.7059311114561063, val loss = 0.9170424779759178
2025-12-04 20:15:45.297 | INFO     | __main__:<module>:130 - Epoch = 45 / 70
2025-12-04 20:18:15.404 | INFO     | __main__:<module>:166 - Training Time Taken = 150.11 seconds, loss = 0.7546465027446564, val loss = 0.9630883373791659
2025-12-04 20:18:15.405 | INFO     | __main__:<module>:130 - Epoch = 46 / 70
2025-12-04 20:20:45.487 | INFO     | __main__:<module>:166 - Training Time Taken = 150.08 seconds, loss = 0.5093873457405895, val loss = 0.9466340881359728
2025-12-04 20:20:45.488 | INFO     | __main__:<module>:130 - Epoch = 47 / 70
2025-12-04 20:23:15.907 | INFO     | __main__:<module>:166 - Training Time Taken = 150.42 seconds, loss = 0.4754752682420773, val loss = 0.9196503494359269
2025-12-04 20:23:15.908 | INFO     | __main__:<module>:130 - Epoch = 48 / 70
2025-12-04 20:25:46.078 | INFO     | __main__:<module>:166 - Training Time Taken = 150.17 seconds, loss = 0.9082105914815165, val loss = 0.9813611975199059
2025-12-04 20:25:46.079 | INFO     | __main__:<module>:130 - Epoch = 49 / 70
2025-12-04 20:28:13.934 | INFO     | __main__:<module>:166 - Training Time Taken = 147.85 seconds, loss = 0.9726792684378335, val loss = 0.989479241491873
2025-12-04 20:28:13.935 | INFO     | __main__:<module>:130 - Epoch = 50 / 70
2025-12-04 20:30:39.755 | INFO     | __main__:<module>:166 - Training Time Taken = 145.82 seconds, loss = 0.7460468746602725, val loss = 0.9820003630239752
2025-12-04 20:30:39.756 | INFO     | __main__:<module>:130 - Epoch = 51 / 70
2025-12-04 20:33:08.848 | INFO     | __main__:<module>:166 - Training Time Taken = 149.09 seconds, loss = 0.48701645695744233, val loss = 0.9736678668215305
2025-12-04 20:33:08.849 | INFO     | __main__:<module>:130 - Epoch = 52 / 70
2025-12-04 20:35:39.026 | INFO     | __main__:<module>:166 - Training Time Taken = 150.18 seconds, loss = 0.6779872788407932, val loss = 0.9707117880447002
2025-12-04 20:35:39.027 | INFO     | __main__:<module>:130 - Epoch = 53 / 70
2025-12-04 20:38:09.394 | INFO     | __main__:<module>:166 - Training Time Taken = 150.37 seconds, loss = 0.9988333540983474, val loss = 1.0741356203827677
2025-12-04 20:38:09.395 | INFO     | __main__:<module>:130 - Epoch = 54 / 70
2025-12-04 20:40:39.390 | INFO     | __main__:<module>:166 - Training Time Taken = 149.99 seconds, loss = 0.9937041415193211, val loss = 1.0809139797959146
2025-12-04 20:40:39.391 | INFO     | __main__:<module>:130 - Epoch = 55 / 70
2025-12-04 20:43:09.564 | INFO     | __main__:<module>:166 - Training Time Taken = 150.17 seconds, loss = 0.9849926383731464, val loss = 1.0629194612744488
2025-12-04 20:43:09.565 | INFO     | __main__:<module>:130 - Epoch = 56 / 70
2025-12-04 20:45:39.637 | INFO     | __main__:<module>:166 - Training Time Taken = 150.07 seconds, loss = 0.9641340485396096, val loss = 1.0362396164785457
2025-12-04 20:45:39.638 | INFO     | __main__:<module>:130 - Epoch = 57 / 70
2025-12-04 20:48:09.920 | INFO     | __main__:<module>:166 - Training Time Taken = 150.28 seconds, loss = 0.9625251262713546, val loss = 1.0151146273069744
2025-12-04 20:48:09.921 | INFO     | __main__:<module>:130 - Epoch = 58 / 70
2025-12-04 20:50:38.398 | INFO     | __main__:<module>:166 - Training Time Taken = 148.48 seconds, loss = 0.754890935679975, val loss = 0.9991254308555699
2025-12-04 20:50:38.400 | INFO     | __main__:<module>:130 - Epoch = 59 / 70
2025-12-04 20:53:04.500 | INFO     | __main__:<module>:166 - Training Time Taken = 146.1 seconds, loss = 0.49911176063382207, val loss = 1.0007502383823637
2025-12-04 20:53:04.501 | INFO     | __main__:<module>:130 - Epoch = 60 / 70
2025-12-04 20:55:33.032 | INFO     | __main__:<module>:166 - Training Time Taken = 148.53 seconds, loss = 0.47078269005964357, val loss = 1.0032341510434695
2025-12-04 20:55:33.033 | INFO     | __main__:<module>:130 - Epoch = 61 / 70
2025-12-04 20:58:03.405 | INFO     | __main__:<module>:166 - Training Time Taken = 150.37 seconds, loss = 0.4566430204783004, val loss = 0.9899897250948073
2025-12-04 20:58:03.406 | INFO     | __main__:<module>:130 - Epoch = 62 / 70
2025-12-04 21:00:33.662 | INFO     | __main__:<module>:166 - Training Time Taken = 150.26 seconds, loss = 0.7467588016781183, val loss = 0.95849675166456
2025-12-04 21:00:33.663 | INFO     | __main__:<module>:130 - Epoch = 63 / 70
2025-12-04 21:03:04.080 | INFO     | __main__:<module>:166 - Training Time Taken = 150.42 seconds, loss = 0.8315497461599283, val loss = 1.2775374364249314
2025-12-04 21:03:04.081 | INFO     | __main__:<module>:130 - Epoch = 64 / 70
2025-12-04 21:05:34.380 | INFO     | __main__:<module>:166 - Training Time Taken = 150.3 seconds, loss = 0.39751056655527306, val loss = 1.119083505642565
2025-12-04 21:05:34.381 | INFO     | __main__:<module>:130 - Epoch = 65 / 70
2025-12-04 21:08:04.896 | INFO     | __main__:<module>:166 - Training Time Taken = 150.51 seconds, loss = 0.5845493867564887, val loss = 0.9382618461983113
2025-12-04 21:08:04.896 | INFO     | __main__:<module>:130 - Epoch = 66 / 70
2025-12-04 21:10:35.262 | INFO     | __main__:<module>:166 - Training Time Taken = 150.37 seconds, loss = 0.3643603552454196, val loss = 0.7221009784106966
2025-12-04 21:10:35.263 | INFO     | __main__:<module>:170 - Validation loss decreased from 0.7869512868832939 to 0.7221009784106966
2025-12-04 21:10:35.263 | INFO     | __main__:<module>:171 - Saving the model checkpoint at path = runs/new/cifar10/v2/single-noise-scale.bin
2025-12-04 21:10:35.954 | INFO     | __main__:<module>:130 - Epoch = 67 / 70
2025-12-04 21:13:05.125 | INFO     | __main__:<module>:166 - Training Time Taken = 149.17 seconds, loss = 0.3347956890496202, val loss = 0.7027226384681992
2025-12-04 21:13:05.125 | INFO     | __main__:<module>:170 - Validation loss decreased from 0.7221009784106966 to 0.7027226384681992
2025-12-04 21:13:05.126 | INFO     | __main__:<module>:171 - Saving the model checkpoint at path = runs/new/cifar10/v2/single-noise-scale.bin
2025-12-04 21:13:05.536 | INFO     | __main__:<module>:130 - Epoch = 68 / 70
2025-12-04 21:15:31.265 | INFO     | __main__:<module>:166 - Training Time Taken = 145.73 seconds, loss = 0.6615053099184371, val loss = 0.9271745938289014
2025-12-04 21:15:31.267 | INFO     | __main__:<module>:130 - Epoch = 69 / 70
2025-12-04 21:17:59.216 | INFO     | __main__:<module>:166 - Training Time Taken = 147.95 seconds, loss = 0.9959471107671817, val loss = 0.9625922999804533
2025-12-04 21:17:59.217 | INFO     | __main__:<module>:130 - Epoch = 70 / 70
2025-12-04 21:20:29.555 | INFO     | __main__:<module>:166 - Training Time Taken = 150.34 seconds, loss = 0.9983136158781691, val loss = 1.0312240199197698
2025-12-04 21:20:29.556 | INFO     | __main__:<module>:185 - Training Completed. Loading the model from runs/new/cifar10/v2/single-noise-scale.bin
2025-12-04 21:20:30.328 | INFO     | __main__:<module>:196 - Running langevin sampling for 50000 steps, saving every 500 steps
2025-12-04 21:25:35.273 | INFO     | __main__:<module>:207 - Saving the sampled grid at path = runs/new/cifar10/v2/sampled_grid.png
2025-12-04 21:25:36.636 | INFO     | __main__:<module>:218 - Saving the original grid at path = runs/new/cifar10/v2/original_grid.png
2025-12-04 21:25:38.252 | INFO     | __main__:<module>:223 - Saving the json at path = runs/new/cifar10/v2/run_config.json
2025-12-04 22:47:46.544 | INFO     | __main__:<module>:60 - Using seed = 42, device = cuda:2 and output dir = runs/new/cifar10/v2/
2025-12-04 22:47:46.766 | INFO     | __main__:<module>:66 - Loading the cifar10 dataset for training
2025-12-04 22:47:47.845 | INFO     | __main__:<module>:72 - length of the train dataset = 50000
2025-12-04 22:47:47.847 | INFO     | __main__:<module>:76 - length of the train split = 40000, validation split = 10000
2025-12-04 22:47:47.847 | INFO     | __main__:<module>:79 - Using flip_probs = 0.0, channels = 3 for transforms
2025-12-04 22:47:47.849 | INFO     | __main__:<module>:88 - Creating the dataloader with batch size = 128
2025-12-04 22:47:47.850 | INFO     | __main__:<module>:102 - Initializing the UNET model with model dim = 256
2025-12-04 22:47:49.041 | INFO     | __main__:<module>:112 - Initializaing EMA with decay = 0.999
2025-12-04 22:47:49.049 | INFO     | __main__:<module>:127 - Running for epochs = 150 with objective = denoiser
2025-12-04 22:47:49.050 | INFO     | __main__:<module>:130 - Epoch = 1 / 150
2025-12-04 22:50:31.597 | INFO     | __main__:<module>:166 - Training Time Taken = 162.55 seconds, loss = 0.10319315682584866, val loss = 0.19328172221968445
2025-12-04 22:50:31.598 | INFO     | __main__:<module>:170 - Validation loss decreased from inf to 0.19328172221968445
2025-12-04 22:50:31.598 | INFO     | __main__:<module>:171 - Saving the model checkpoint at path = runs/new/cifar10/v2/single-noise-scale.bin
2025-12-04 22:50:32.156 | INFO     | __main__:<module>:130 - Epoch = 2 / 150
2025-12-04 22:53:13.754 | INFO     | __main__:<module>:166 - Training Time Taken = 161.6 seconds, loss = 0.05553562926074948, val loss = 0.155255423505095
2025-12-04 22:53:13.754 | INFO     | __main__:<module>:170 - Validation loss decreased from 0.19328172221968445 to 0.155255423505095
2025-12-04 22:53:13.755 | INFO     | __main__:<module>:171 - Saving the model checkpoint at path = runs/new/cifar10/v2/single-noise-scale.bin
2025-12-04 22:53:15.865 | INFO     | __main__:<module>:130 - Epoch = 3 / 150
2025-12-04 22:55:57.816 | INFO     | __main__:<module>:166 - Training Time Taken = 161.95 seconds, loss = 0.04793316581711982, val loss = 0.11985338894249517
2025-12-04 22:55:57.817 | INFO     | __main__:<module>:170 - Validation loss decreased from 0.155255423505095 to 0.11985338894249517
2025-12-04 22:55:57.817 | INFO     | __main__:<module>:171 - Saving the model checkpoint at path = runs/new/cifar10/v2/single-noise-scale.bin
2025-12-04 22:55:58.725 | INFO     | __main__:<module>:130 - Epoch = 4 / 150
2025-12-04 22:58:41.669 | INFO     | __main__:<module>:166 - Training Time Taken = 162.94 seconds, loss = 0.04456624119712141, val loss = 0.09434078822407542
2025-12-04 22:58:41.670 | INFO     | __main__:<module>:170 - Validation loss decreased from 0.11985338894249517 to 0.09434078822407542
2025-12-04 22:58:41.670 | INFO     | __main__:<module>:171 - Saving the model checkpoint at path = runs/new/cifar10/v2/single-noise-scale.bin
2025-12-04 22:58:42.591 | INFO     | __main__:<module>:130 - Epoch = 5 / 150
2025-12-04 23:01:25.264 | INFO     | __main__:<module>:166 - Training Time Taken = 162.67 seconds, loss = 0.04179877013015671, val loss = 0.07766973180106923
2025-12-04 23:01:25.265 | INFO     | __main__:<module>:170 - Validation loss decreased from 0.09434078822407542 to 0.07766973180106923
2025-12-04 23:01:25.265 | INFO     | __main__:<module>:171 - Saving the model checkpoint at path = runs/new/cifar10/v2/single-noise-scale.bin
2025-12-04 23:01:26.094 | INFO     | __main__:<module>:130 - Epoch = 6 / 150
2025-12-04 23:04:08.761 | INFO     | __main__:<module>:166 - Training Time Taken = 162.67 seconds, loss = 0.040121897781333224, val loss = 0.064807580807541
2025-12-04 23:04:08.762 | INFO     | __main__:<module>:170 - Validation loss decreased from 0.07766973180106923 to 0.064807580807541
2025-12-04 23:04:08.762 | INFO     | __main__:<module>:171 - Saving the model checkpoint at path = runs/new/cifar10/v2/single-noise-scale.bin
2025-12-04 23:04:09.535 | INFO     | __main__:<module>:130 - Epoch = 7 / 150
2025-12-04 23:06:52.444 | INFO     | __main__:<module>:166 - Training Time Taken = 162.91 seconds, loss = 0.038989363398890906, val loss = 0.0558303465854518
2025-12-04 23:06:52.445 | INFO     | __main__:<module>:170 - Validation loss decreased from 0.064807580807541 to 0.0558303465854518
2025-12-04 23:06:52.445 | INFO     | __main__:<module>:171 - Saving the model checkpoint at path = runs/new/cifar10/v2/single-noise-scale.bin
2025-12-04 23:06:54.752 | INFO     | __main__:<module>:130 - Epoch = 8 / 150
2025-12-04 23:09:36.928 | INFO     | __main__:<module>:166 - Training Time Taken = 162.18 seconds, loss = 0.03830280127569129, val loss = 0.04954114197930203
2025-12-04 23:09:36.929 | INFO     | __main__:<module>:170 - Validation loss decreased from 0.0558303465854518 to 0.04954114197930203
2025-12-04 23:09:36.929 | INFO     | __main__:<module>:171 - Saving the model checkpoint at path = runs/new/cifar10/v2/single-noise-scale.bin
2025-12-04 23:09:37.726 | INFO     | __main__:<module>:130 - Epoch = 9 / 150
2025-12-04 23:12:20.511 | INFO     | __main__:<module>:166 - Training Time Taken = 162.78 seconds, loss = 0.037841366157649804, val loss = 0.045024612140429174
2025-12-04 23:12:20.511 | INFO     | __main__:<module>:170 - Validation loss decreased from 0.04954114197930203 to 0.045024612140429174
2025-12-04 23:12:20.511 | INFO     | __main__:<module>:171 - Saving the model checkpoint at path = runs/new/cifar10/v2/single-noise-scale.bin
2025-12-04 23:12:21.394 | INFO     | __main__:<module>:130 - Epoch = 10 / 150
2025-12-04 23:15:03.625 | INFO     | __main__:<module>:166 - Training Time Taken = 162.23 seconds, loss = 0.03754257736876369, val loss = 0.04212433750493617
2025-12-04 23:15:03.625 | INFO     | __main__:<module>:170 - Validation loss decreased from 0.045024612140429174 to 0.04212433750493617
2025-12-04 23:15:03.625 | INFO     | __main__:<module>:171 - Saving the model checkpoint at path = runs/new/cifar10/v2/single-noise-scale.bin
2025-12-04 23:15:04.440 | INFO     | __main__:<module>:130 - Epoch = 11 / 150
2025-12-04 23:17:47.045 | INFO     | __main__:<module>:166 - Training Time Taken = 162.6 seconds, loss = 0.037115840878063876, val loss = 0.03998463671607307
2025-12-04 23:17:47.045 | INFO     | __main__:<module>:170 - Validation loss decreased from 0.04212433750493617 to 0.03998463671607307
2025-12-04 23:17:47.045 | INFO     | __main__:<module>:171 - Saving the model checkpoint at path = runs/new/cifar10/v2/single-noise-scale.bin
2025-12-04 23:17:47.874 | INFO     | __main__:<module>:130 - Epoch = 12 / 150
2025-12-04 23:20:29.850 | INFO     | __main__:<module>:166 - Training Time Taken = 161.98 seconds, loss = 0.07037076102897001, val loss = 0.10177063413813145
2025-12-04 23:20:29.851 | INFO     | __main__:<module>:130 - Epoch = 13 / 150
2025-12-04 23:23:11.427 | INFO     | __main__:<module>:166 - Training Time Taken = 161.58 seconds, loss = 0.050703327805279925, val loss = 0.0959597245047364
2025-12-04 23:23:11.428 | INFO     | __main__:<module>:130 - Epoch = 14 / 150
2025-12-04 23:25:53.132 | INFO     | __main__:<module>:166 - Training Time Taken = 161.7 seconds, loss = 0.043714640572809944, val loss = 0.0824485644698143
2025-12-04 23:25:53.133 | INFO     | __main__:<module>:130 - Epoch = 15 / 150
2025-12-04 23:28:34.979 | INFO     | __main__:<module>:166 - Training Time Taken = 161.85 seconds, loss = 0.04156175306953561, val loss = 0.07113458951817284
2025-12-04 23:28:34.980 | INFO     | __main__:<module>:130 - Epoch = 16 / 150
2025-12-04 23:31:17.302 | INFO     | __main__:<module>:166 - Training Time Taken = 162.32 seconds, loss = 0.04017024926436595, val loss = 0.061187005872967874
2025-12-04 23:31:17.303 | INFO     | __main__:<module>:130 - Epoch = 17 / 150
2025-12-04 23:33:59.767 | INFO     | __main__:<module>:166 - Training Time Taken = 162.46 seconds, loss = 0.03964223096165032, val loss = 0.05361073926279816
2025-12-04 23:33:59.768 | INFO     | __main__:<module>:130 - Epoch = 18 / 150
2025-12-04 23:36:42.144 | INFO     | __main__:<module>:166 - Training Time Taken = 162.38 seconds, loss = 0.039069295346070405, val loss = 0.04836557041617889
2025-12-04 23:36:42.145 | INFO     | __main__:<module>:130 - Epoch = 19 / 150
2025-12-04 23:39:24.651 | INFO     | __main__:<module>:166 - Training Time Taken = 162.51 seconds, loss = 0.03883853045324929, val loss = 0.044806630315282675
2025-12-04 23:39:24.652 | INFO     | __main__:<module>:130 - Epoch = 20 / 150
2025-12-04 23:42:07.245 | INFO     | __main__:<module>:166 - Training Time Taken = 162.59 seconds, loss = 0.037730467836030374, val loss = 0.04243025494904458
2025-12-04 23:42:07.246 | INFO     | __main__:<module>:130 - Epoch = 21 / 150
2025-12-04 23:44:50.083 | INFO     | __main__:<module>:166 - Training Time Taken = 162.84 seconds, loss = 0.036949978123743316, val loss = 0.04085377584907073
2025-12-04 23:44:50.085 | INFO     | __main__:<module>:130 - Epoch = 22 / 150
2025-12-04 23:47:32.407 | INFO     | __main__:<module>:166 - Training Time Taken = 162.32 seconds, loss = 0.03673088278014439, val loss = 0.03961292178004603
2025-12-04 23:47:32.408 | INFO     | __main__:<module>:170 - Validation loss decreased from 0.03998463671607307 to 0.03961292178004603
2025-12-04 23:47:32.408 | INFO     | __main__:<module>:171 - Saving the model checkpoint at path = runs/new/cifar10/v2/single-noise-scale.bin
2025-12-04 23:47:33.273 | INFO     | __main__:<module>:130 - Epoch = 23 / 150
2025-12-04 23:50:15.493 | INFO     | __main__:<module>:166 - Training Time Taken = 162.22 seconds, loss = 0.0364541288929435, val loss = 0.038599983753660055
2025-12-04 23:50:15.493 | INFO     | __main__:<module>:170 - Validation loss decreased from 0.03961292178004603 to 0.038599983753660055
2025-12-04 23:50:15.493 | INFO     | __main__:<module>:171 - Saving the model checkpoint at path = runs/new/cifar10/v2/single-noise-scale.bin
2025-12-04 23:50:16.369 | INFO     | __main__:<module>:130 - Epoch = 24 / 150
2025-12-04 23:52:58.568 | INFO     | __main__:<module>:166 - Training Time Taken = 162.2 seconds, loss = 0.036416358031784765, val loss = 0.037727023038683055
2025-12-04 23:52:58.568 | INFO     | __main__:<module>:170 - Validation loss decreased from 0.038599983753660055 to 0.037727023038683055
2025-12-04 23:52:58.568 | INFO     | __main__:<module>:171 - Saving the model checkpoint at path = runs/new/cifar10/v2/single-noise-scale.bin
2025-12-04 23:52:59.139 | INFO     | __main__:<module>:130 - Epoch = 25 / 150
2025-12-04 23:55:41.555 | INFO     | __main__:<module>:166 - Training Time Taken = 162.42 seconds, loss = 0.036952331935921415, val loss = 0.03726725464191618
2025-12-04 23:55:41.555 | INFO     | __main__:<module>:170 - Validation loss decreased from 0.037727023038683055 to 0.03726725464191618
2025-12-04 23:55:41.556 | INFO     | __main__:<module>:171 - Saving the model checkpoint at path = runs/new/cifar10/v2/single-noise-scale.bin
2025-12-04 23:55:42.729 | INFO     | __main__:<module>:130 - Epoch = 26 / 150
2025-12-04 23:58:25.399 | INFO     | __main__:<module>:166 - Training Time Taken = 162.67 seconds, loss = 0.036111817418481594, val loss = 0.03673151649440391
2025-12-04 23:58:25.399 | INFO     | __main__:<module>:170 - Validation loss decreased from 0.03726725464191618 to 0.03673151649440391
2025-12-04 23:58:25.399 | INFO     | __main__:<module>:171 - Saving the model checkpoint at path = runs/new/cifar10/v2/single-noise-scale.bin
2025-12-04 23:58:26.282 | INFO     | __main__:<module>:130 - Epoch = 27 / 150
2025-12-05 00:01:08.712 | INFO     | __main__:<module>:166 - Training Time Taken = 162.43 seconds, loss = 0.03587206273366468, val loss = 0.03619339010572132
2025-12-05 00:01:08.713 | INFO     | __main__:<module>:170 - Validation loss decreased from 0.03673151649440391 to 0.03619339010572132
2025-12-05 00:01:08.713 | INFO     | __main__:<module>:171 - Saving the model checkpoint at path = runs/new/cifar10/v2/single-noise-scale.bin
2025-12-05 00:01:12.356 | INFO     | __main__:<module>:130 - Epoch = 28 / 150
2025-12-05 00:03:54.530 | INFO     | __main__:<module>:166 - Training Time Taken = 162.17 seconds, loss = 0.03575400235696723, val loss = 0.03580838498435443
2025-12-05 00:03:54.530 | INFO     | __main__:<module>:170 - Validation loss decreased from 0.03619339010572132 to 0.03580838498435443
2025-12-05 00:03:54.530 | INFO     | __main__:<module>:171 - Saving the model checkpoint at path = runs/new/cifar10/v2/single-noise-scale.bin
2025-12-05 00:03:55.454 | INFO     | __main__:<module>:130 - Epoch = 29 / 150
2025-12-05 00:06:38.186 | INFO     | __main__:<module>:166 - Training Time Taken = 162.73 seconds, loss = 0.035716764367045684, val loss = 0.035514881999432285
2025-12-05 00:06:38.187 | INFO     | __main__:<module>:170 - Validation loss decreased from 0.03580838498435443 to 0.035514881999432285
2025-12-05 00:06:38.187 | INFO     | __main__:<module>:171 - Saving the model checkpoint at path = runs/new/cifar10/v2/single-noise-scale.bin
2025-12-05 00:06:39.124 | INFO     | __main__:<module>:130 - Epoch = 30 / 150
2025-12-05 00:09:21.579 | INFO     | __main__:<module>:166 - Training Time Taken = 162.45 seconds, loss = 0.03537682236764378, val loss = 0.03523362715598903
2025-12-05 00:09:21.579 | INFO     | __main__:<module>:170 - Validation loss decreased from 0.035514881999432285 to 0.03523362715598903
2025-12-05 00:09:21.579 | INFO     | __main__:<module>:171 - Saving the model checkpoint at path = runs/new/cifar10/v2/single-noise-scale.bin
2025-12-05 00:09:22.516 | INFO     | __main__:<module>:130 - Epoch = 31 / 150
2025-12-05 00:12:05.285 | INFO     | __main__:<module>:166 - Training Time Taken = 162.77 seconds, loss = 0.03525287975756505, val loss = 0.03503601932072941
2025-12-05 00:12:05.285 | INFO     | __main__:<module>:170 - Validation loss decreased from 0.03523362715598903 to 0.03503601932072941
2025-12-05 00:12:05.285 | INFO     | __main__:<module>:171 - Saving the model checkpoint at path = runs/new/cifar10/v2/single-noise-scale.bin
2025-12-05 00:12:06.200 | INFO     | __main__:<module>:130 - Epoch = 32 / 150
2025-12-05 00:14:48.548 | INFO     | __main__:<module>:166 - Training Time Taken = 162.35 seconds, loss = 0.0351946447461177, val loss = 0.03476731823403624
2025-12-05 00:14:48.549 | INFO     | __main__:<module>:170 - Validation loss decreased from 0.03503601932072941 to 0.03476731823403624
2025-12-05 00:14:48.549 | INFO     | __main__:<module>:171 - Saving the model checkpoint at path = runs/new/cifar10/v2/single-noise-scale.bin
2025-12-05 00:14:49.407 | INFO     | __main__:<module>:130 - Epoch = 33 / 150
2025-12-05 00:17:31.841 | INFO     | __main__:<module>:166 - Training Time Taken = 162.43 seconds, loss = 0.03517377163512638, val loss = 0.03466536665830431
2025-12-05 00:17:31.842 | INFO     | __main__:<module>:170 - Validation loss decreased from 0.03476731823403624 to 0.03466536665830431
2025-12-05 00:17:31.842 | INFO     | __main__:<module>:171 - Saving the model checkpoint at path = runs/new/cifar10/v2/single-noise-scale.bin
2025-12-05 00:17:32.782 | INFO     | __main__:<module>:130 - Epoch = 34 / 150
2025-12-05 00:20:15.491 | INFO     | __main__:<module>:166 - Training Time Taken = 162.71 seconds, loss = 0.03501786197574375, val loss = 0.034490345823991145
2025-12-05 00:20:15.491 | INFO     | __main__:<module>:170 - Validation loss decreased from 0.03466536665830431 to 0.034490345823991145
2025-12-05 00:20:15.491 | INFO     | __main__:<module>:171 - Saving the model checkpoint at path = runs/new/cifar10/v2/single-noise-scale.bin
2025-12-05 00:20:16.508 | INFO     | __main__:<module>:130 - Epoch = 35 / 150
2025-12-05 00:23:04.929 | INFO     | __main__:<module>:166 - Training Time Taken = 168.42 seconds, loss = 0.03488620195668726, val loss = 0.03433896686080136
2025-12-05 00:23:04.930 | INFO     | __main__:<module>:170 - Validation loss decreased from 0.034490345823991145 to 0.03433896686080136
2025-12-05 00:23:04.930 | INFO     | __main__:<module>:171 - Saving the model checkpoint at path = runs/new/cifar10/v2/single-noise-scale.bin
2025-12-05 00:23:05.905 | INFO     | __main__:<module>:130 - Epoch = 36 / 150
2025-12-05 00:25:58.368 | INFO     | __main__:<module>:166 - Training Time Taken = 172.46 seconds, loss = 0.03599075276773578, val loss = 0.034464760435910166
2025-12-05 00:25:58.369 | INFO     | __main__:<module>:130 - Epoch = 37 / 150
2025-12-05 00:28:41.120 | INFO     | __main__:<module>:166 - Training Time Taken = 162.75 seconds, loss = 0.03478274666986907, val loss = 0.03441430203899552
2025-12-05 00:28:41.121 | INFO     | __main__:<module>:130 - Epoch = 38 / 150
2025-12-05 00:31:23.235 | INFO     | __main__:<module>:166 - Training Time Taken = 162.11 seconds, loss = 0.034566216456433076, val loss = 0.034254778129390526
2025-12-05 00:31:23.236 | INFO     | __main__:<module>:170 - Validation loss decreased from 0.03433896686080136 to 0.034254778129390526
2025-12-05 00:31:23.236 | INFO     | __main__:<module>:171 - Saving the model checkpoint at path = runs/new/cifar10/v2/single-noise-scale.bin
2025-12-05 00:31:25.294 | INFO     | __main__:<module>:130 - Epoch = 39 / 150
2025-12-05 00:34:08.070 | INFO     | __main__:<module>:166 - Training Time Taken = 162.78 seconds, loss = 0.034612750533385014, val loss = 0.03407561038679714
2025-12-05 00:34:08.070 | INFO     | __main__:<module>:170 - Validation loss decreased from 0.034254778129390526 to 0.03407561038679714
2025-12-05 00:34:08.070 | INFO     | __main__:<module>:171 - Saving the model checkpoint at path = runs/new/cifar10/v2/single-noise-scale.bin
2025-12-05 00:34:09.066 | INFO     | __main__:<module>:130 - Epoch = 40 / 150
2025-12-05 00:36:51.114 | INFO     | __main__:<module>:166 - Training Time Taken = 162.05 seconds, loss = 0.034485098010244464, val loss = 0.0338997565492799
2025-12-05 00:36:51.115 | INFO     | __main__:<module>:170 - Validation loss decreased from 0.03407561038679714 to 0.0338997565492799
2025-12-05 00:36:51.115 | INFO     | __main__:<module>:171 - Saving the model checkpoint at path = runs/new/cifar10/v2/single-noise-scale.bin
2025-12-05 00:36:52.084 | INFO     | __main__:<module>:130 - Epoch = 41 / 150
2025-12-05 00:39:35.182 | INFO     | __main__:<module>:166 - Training Time Taken = 163.1 seconds, loss = 0.03444743277832342, val loss = 0.033757612769362295
2025-12-05 00:39:35.183 | INFO     | __main__:<module>:170 - Validation loss decreased from 0.0338997565492799 to 0.033757612769362295
2025-12-05 00:39:35.183 | INFO     | __main__:<module>:171 - Saving the model checkpoint at path = runs/new/cifar10/v2/single-noise-scale.bin
2025-12-05 00:39:36.198 | INFO     | __main__:<module>:130 - Epoch = 42 / 150
2025-12-05 00:42:19.075 | INFO     | __main__:<module>:166 - Training Time Taken = 162.88 seconds, loss = 0.034351357910484555, val loss = 0.03369755071552494
2025-12-05 00:42:19.075 | INFO     | __main__:<module>:170 - Validation loss decreased from 0.033757612769362295 to 0.03369755071552494
2025-12-05 00:42:19.076 | INFO     | __main__:<module>:171 - Saving the model checkpoint at path = runs/new/cifar10/v2/single-noise-scale.bin
2025-12-05 00:42:21.039 | INFO     | __main__:<module>:130 - Epoch = 43 / 150
2025-12-05 00:45:20.213 | INFO     | __main__:<module>:166 - Training Time Taken = 179.17 seconds, loss = 0.034197220656151966, val loss = 0.03365528251079819
2025-12-05 00:45:20.213 | INFO     | __main__:<module>:170 - Validation loss decreased from 0.03369755071552494 to 0.03365528251079819
2025-12-05 00:45:20.213 | INFO     | __main__:<module>:171 - Saving the model checkpoint at path = runs/new/cifar10/v2/single-noise-scale.bin
2025-12-05 00:45:21.143 | INFO     | __main__:<module>:130 - Epoch = 44 / 150
2025-12-05 00:48:31.475 | INFO     | __main__:<module>:166 - Training Time Taken = 190.33 seconds, loss = 0.03412944241501272, val loss = 0.0335584651631645
2025-12-05 00:48:31.475 | INFO     | __main__:<module>:170 - Validation loss decreased from 0.03365528251079819 to 0.0335584651631645
2025-12-05 00:48:31.475 | INFO     | __main__:<module>:171 - Saving the model checkpoint at path = runs/new/cifar10/v2/single-noise-scale.bin
2025-12-05 00:48:32.364 | INFO     | __main__:<module>:130 - Epoch = 45 / 150
2025-12-05 00:52:09.882 | INFO     | __main__:<module>:166 - Training Time Taken = 217.52 seconds, loss = 0.03412617357394185, val loss = 0.03342240780026098
2025-12-05 00:52:09.882 | INFO     | __main__:<module>:170 - Validation loss decreased from 0.0335584651631645 to 0.03342240780026098
2025-12-05 00:52:09.882 | INFO     | __main__:<module>:171 - Saving the model checkpoint at path = runs/new/cifar10/v2/single-noise-scale.bin
2025-12-05 00:52:10.758 | INFO     | __main__:<module>:130 - Epoch = 46 / 150
2025-12-05 00:55:53.195 | INFO     | __main__:<module>:166 - Training Time Taken = 222.44 seconds, loss = 0.03405187876460651, val loss = 0.03335308594794213
2025-12-05 00:55:53.196 | INFO     | __main__:<module>:170 - Validation loss decreased from 0.03342240780026098 to 0.03335308594794213
2025-12-05 00:55:53.196 | INFO     | __main__:<module>:171 - Saving the model checkpoint at path = runs/new/cifar10/v2/single-noise-scale.bin
2025-12-05 00:55:54.113 | INFO     | __main__:<module>:130 - Epoch = 47 / 150
2025-12-05 00:59:48.551 | INFO     | __main__:<module>:166 - Training Time Taken = 234.44 seconds, loss = 0.03396146471936482, val loss = 0.03331058866143981
2025-12-05 00:59:48.552 | INFO     | __main__:<module>:170 - Validation loss decreased from 0.03335308594794213 to 0.03331058866143981
2025-12-05 00:59:48.552 | INFO     | __main__:<module>:171 - Saving the model checkpoint at path = runs/new/cifar10/v2/single-noise-scale.bin
2025-12-05 00:59:50.260 | INFO     | __main__:<module>:130 - Epoch = 48 / 150
2025-12-05 01:03:51.653 | INFO     | __main__:<module>:166 - Training Time Taken = 241.39 seconds, loss = 0.03396540148832356, val loss = 0.033248278677840776
2025-12-05 01:03:51.654 | INFO     | __main__:<module>:170 - Validation loss decreased from 0.03331058866143981 to 0.033248278677840776
2025-12-05 01:03:51.654 | INFO     | __main__:<module>:171 - Saving the model checkpoint at path = runs/new/cifar10/v2/single-noise-scale.bin
2025-12-05 01:03:52.641 | INFO     | __main__:<module>:130 - Epoch = 49 / 150
2025-12-05 01:07:53.875 | INFO     | __main__:<module>:166 - Training Time Taken = 241.23 seconds, loss = 0.03382163281781605, val loss = 0.033155257212398925
2025-12-05 01:07:53.875 | INFO     | __main__:<module>:170 - Validation loss decreased from 0.033248278677840776 to 0.033155257212398925
2025-12-05 01:07:53.875 | INFO     | __main__:<module>:171 - Saving the model checkpoint at path = runs/new/cifar10/v2/single-noise-scale.bin
2025-12-05 01:07:54.774 | INFO     | __main__:<module>:130 - Epoch = 50 / 150
2025-12-05 01:11:56.168 | INFO     | __main__:<module>:166 - Training Time Taken = 241.39 seconds, loss = 0.03384365473454372, val loss = 0.03305547337837612
2025-12-05 01:11:56.168 | INFO     | __main__:<module>:170 - Validation loss decreased from 0.033155257212398925 to 0.03305547337837612
2025-12-05 01:11:56.168 | INFO     | __main__:<module>:171 - Saving the model checkpoint at path = runs/new/cifar10/v2/single-noise-scale.bin
2025-12-05 01:11:57.079 | INFO     | __main__:<module>:130 - Epoch = 51 / 150
2025-12-05 01:15:58.449 | INFO     | __main__:<module>:166 - Training Time Taken = 241.37 seconds, loss = 0.033721962402137325, val loss = 0.033034039449088184
2025-12-05 01:15:58.449 | INFO     | __main__:<module>:170 - Validation loss decreased from 0.03305547337837612 to 0.033034039449088184
2025-12-05 01:15:58.449 | INFO     | __main__:<module>:171 - Saving the model checkpoint at path = runs/new/cifar10/v2/single-noise-scale.bin
2025-12-05 01:15:59.372 | INFO     | __main__:<module>:130 - Epoch = 52 / 150
2025-12-05 01:20:01.106 | INFO     | __main__:<module>:166 - Training Time Taken = 241.73 seconds, loss = 0.033736130799919654, val loss = 0.03301781764890574
2025-12-05 01:20:01.107 | INFO     | __main__:<module>:170 - Validation loss decreased from 0.033034039449088184 to 0.03301781764890574
2025-12-05 01:20:01.107 | INFO     | __main__:<module>:171 - Saving the model checkpoint at path = runs/new/cifar10/v2/single-noise-scale.bin
2025-12-05 01:20:02.023 | INFO     | __main__:<module>:130 - Epoch = 53 / 150
2025-12-05 01:24:03.297 | INFO     | __main__:<module>:166 - Training Time Taken = 241.27 seconds, loss = 0.03353015224511821, val loss = 0.0329477342576543
2025-12-05 01:24:03.297 | INFO     | __main__:<module>:170 - Validation loss decreased from 0.03301781764890574 to 0.0329477342576543
2025-12-05 01:24:03.297 | INFO     | __main__:<module>:171 - Saving the model checkpoint at path = runs/new/cifar10/v2/single-noise-scale.bin
2025-12-05 01:24:04.160 | INFO     | __main__:<module>:130 - Epoch = 54 / 150
2025-12-05 01:28:05.874 | INFO     | __main__:<module>:166 - Training Time Taken = 241.71 seconds, loss = 0.03348489640691219, val loss = 0.032879862038395075
2025-12-05 01:28:05.874 | INFO     | __main__:<module>:170 - Validation loss decreased from 0.0329477342576543 to 0.032879862038395075
2025-12-05 01:28:05.874 | INFO     | __main__:<module>:171 - Saving the model checkpoint at path = runs/new/cifar10/v2/single-noise-scale.bin
2025-12-05 01:28:06.786 | INFO     | __main__:<module>:130 - Epoch = 55 / 150
2025-12-05 01:32:08.699 | INFO     | __main__:<module>:166 - Training Time Taken = 241.91 seconds, loss = 0.033653627670468235, val loss = 0.03286630584846569
2025-12-05 01:32:08.699 | INFO     | __main__:<module>:170 - Validation loss decreased from 0.032879862038395075 to 0.03286630584846569
2025-12-05 01:32:08.699 | INFO     | __main__:<module>:171 - Saving the model checkpoint at path = runs/new/cifar10/v2/single-noise-scale.bin
2025-12-05 01:32:09.585 | INFO     | __main__:<module>:130 - Epoch = 56 / 150
2025-12-05 01:36:11.370 | INFO     | __main__:<module>:166 - Training Time Taken = 241.78 seconds, loss = 0.03339857775896502, val loss = 0.03283006073081795
2025-12-05 01:36:11.370 | INFO     | __main__:<module>:170 - Validation loss decreased from 0.03286630584846569 to 0.03283006073081795
2025-12-05 01:36:11.370 | INFO     | __main__:<module>:171 - Saving the model checkpoint at path = runs/new/cifar10/v2/single-noise-scale.bin
2025-12-05 01:36:12.268 | INFO     | __main__:<module>:130 - Epoch = 57 / 150
2025-12-05 01:40:13.978 | INFO     | __main__:<module>:166 - Training Time Taken = 241.71 seconds, loss = 0.033437593152728706, val loss = 0.03277973005477386
2025-12-05 01:40:13.978 | INFO     | __main__:<module>:170 - Validation loss decreased from 0.03283006073081795 to 0.03277973005477386
2025-12-05 01:40:13.978 | INFO     | __main__:<module>:171 - Saving the model checkpoint at path = runs/new/cifar10/v2/single-noise-scale.bin
2025-12-05 01:40:14.869 | INFO     | __main__:<module>:130 - Epoch = 58 / 150
2025-12-05 01:44:16.432 | INFO     | __main__:<module>:166 - Training Time Taken = 241.56 seconds, loss = 0.033390948614373375, val loss = 0.032770494989390615
2025-12-05 01:44:16.432 | INFO     | __main__:<module>:170 - Validation loss decreased from 0.03277973005477386 to 0.032770494989390615
2025-12-05 01:44:16.433 | INFO     | __main__:<module>:171 - Saving the model checkpoint at path = runs/new/cifar10/v2/single-noise-scale.bin
2025-12-05 01:44:17.321 | INFO     | __main__:<module>:130 - Epoch = 59 / 150
2025-12-05 01:48:18.779 | INFO     | __main__:<module>:166 - Training Time Taken = 241.46 seconds, loss = 0.033272640726055965, val loss = 0.03272870920975752
2025-12-05 01:48:18.779 | INFO     | __main__:<module>:170 - Validation loss decreased from 0.032770494989390615 to 0.03272870920975752
2025-12-05 01:48:18.779 | INFO     | __main__:<module>:171 - Saving the model checkpoint at path = runs/new/cifar10/v2/single-noise-scale.bin
2025-12-05 01:48:19.647 | INFO     | __main__:<module>:130 - Epoch = 60 / 150
2025-12-05 01:52:21.113 | INFO     | __main__:<module>:166 - Training Time Taken = 241.47 seconds, loss = 0.033252825014317, val loss = 0.0326921332721846
2025-12-05 01:52:21.114 | INFO     | __main__:<module>:170 - Validation loss decreased from 0.03272870920975752 to 0.0326921332721846
2025-12-05 01:52:21.114 | INFO     | __main__:<module>:171 - Saving the model checkpoint at path = runs/new/cifar10/v2/single-noise-scale.bin
2025-12-05 01:52:21.998 | INFO     | __main__:<module>:130 - Epoch = 61 / 150
2025-12-05 01:56:23.671 | INFO     | __main__:<module>:166 - Training Time Taken = 241.67 seconds, loss = 0.03321183673418558, val loss = 0.03260022189609612
2025-12-05 01:56:23.671 | INFO     | __main__:<module>:170 - Validation loss decreased from 0.0326921332721846 to 0.03260022189609612
2025-12-05 01:56:23.671 | INFO     | __main__:<module>:171 - Saving the model checkpoint at path = runs/new/cifar10/v2/single-noise-scale.bin
2025-12-05 01:56:24.549 | INFO     | __main__:<module>:130 - Epoch = 62 / 150
2025-12-05 02:00:25.811 | INFO     | __main__:<module>:166 - Training Time Taken = 241.26 seconds, loss = 0.03318344205379867, val loss = 0.03256515151809288
2025-12-05 02:00:25.812 | INFO     | __main__:<module>:170 - Validation loss decreased from 0.03260022189609612 to 0.03256515151809288
2025-12-05 02:00:25.812 | INFO     | __main__:<module>:171 - Saving the model checkpoint at path = runs/new/cifar10/v2/single-noise-scale.bin
2025-12-05 02:00:26.685 | INFO     | __main__:<module>:130 - Epoch = 63 / 150
2025-12-05 02:04:27.889 | INFO     | __main__:<module>:166 - Training Time Taken = 241.2 seconds, loss = 0.033079334609091474, val loss = 0.03256498288976241
2025-12-05 02:04:27.889 | INFO     | __main__:<module>:170 - Validation loss decreased from 0.03256515151809288 to 0.03256498288976241
2025-12-05 02:04:27.889 | INFO     | __main__:<module>:171 - Saving the model checkpoint at path = runs/new/cifar10/v2/single-noise-scale.bin
2025-12-05 02:04:28.766 | INFO     | __main__:<module>:130 - Epoch = 64 / 150
2025-12-05 02:08:30.265 | INFO     | __main__:<module>:166 - Training Time Taken = 241.5 seconds, loss = 0.03310146734427911, val loss = 0.032454237506925304
2025-12-05 02:08:30.266 | INFO     | __main__:<module>:170 - Validation loss decreased from 0.03256498288976241 to 0.032454237506925304
2025-12-05 02:08:30.266 | INFO     | __main__:<module>:171 - Saving the model checkpoint at path = runs/new/cifar10/v2/single-noise-scale.bin
2025-12-05 02:08:31.158 | INFO     | __main__:<module>:130 - Epoch = 65 / 150
2025-12-05 02:12:32.088 | INFO     | __main__:<module>:166 - Training Time Taken = 240.93 seconds, loss = 0.03299328769905308, val loss = 0.03246482864871055
2025-12-05 02:12:32.089 | INFO     | __main__:<module>:130 - Epoch = 66 / 150
2025-12-05 02:16:33.233 | INFO     | __main__:<module>:166 - Training Time Taken = 241.14 seconds, loss = 0.032957735039984073, val loss = 0.03239514134069787
2025-12-05 02:16:33.233 | INFO     | __main__:<module>:170 - Validation loss decreased from 0.032454237506925304 to 0.03239514134069787
2025-12-05 02:16:33.234 | INFO     | __main__:<module>:171 - Saving the model checkpoint at path = runs/new/cifar10/v2/single-noise-scale.bin
2025-12-05 02:16:36.531 | INFO     | __main__:<module>:130 - Epoch = 67 / 150
2025-12-05 02:20:38.194 | INFO     | __main__:<module>:166 - Training Time Taken = 241.66 seconds, loss = 0.03296935840988883, val loss = 0.03243594564780404
2025-12-05 02:20:38.195 | INFO     | __main__:<module>:130 - Epoch = 68 / 150
2025-12-05 02:24:39.574 | INFO     | __main__:<module>:166 - Training Time Taken = 241.38 seconds, loss = 0.03289371745559735, val loss = 0.032325199298277686
2025-12-05 02:24:39.574 | INFO     | __main__:<module>:170 - Validation loss decreased from 0.03239514134069787 to 0.032325199298277686
2025-12-05 02:24:39.574 | INFO     | __main__:<module>:171 - Saving the model checkpoint at path = runs/new/cifar10/v2/single-noise-scale.bin
2025-12-05 02:24:42.758 | INFO     | __main__:<module>:130 - Epoch = 69 / 150
2025-12-05 02:28:44.305 | INFO     | __main__:<module>:166 - Training Time Taken = 241.55 seconds, loss = 0.032880439741400105, val loss = 0.03232195527776133
2025-12-05 02:28:44.306 | INFO     | __main__:<module>:170 - Validation loss decreased from 0.032325199298277686 to 0.03232195527776133
2025-12-05 02:28:44.306 | INFO     | __main__:<module>:171 - Saving the model checkpoint at path = runs/new/cifar10/v2/single-noise-scale.bin
2025-12-05 02:28:45.267 | INFO     | __main__:<module>:130 - Epoch = 70 / 150
2025-12-05 02:32:47.045 | INFO     | __main__:<module>:166 - Training Time Taken = 241.78 seconds, loss = 0.0328348063277646, val loss = 0.03229644291008575
2025-12-05 02:32:47.046 | INFO     | __main__:<module>:170 - Validation loss decreased from 0.03232195527776133 to 0.03229644291008575
2025-12-05 02:32:47.046 | INFO     | __main__:<module>:171 - Saving the model checkpoint at path = runs/new/cifar10/v2/single-noise-scale.bin
2025-12-05 02:32:49.480 | INFO     | __main__:<module>:130 - Epoch = 71 / 150
2025-12-05 02:36:50.496 | INFO     | __main__:<module>:166 - Training Time Taken = 241.02 seconds, loss = 0.032841181096891624, val loss = 0.03229555037297026
2025-12-05 02:36:50.496 | INFO     | __main__:<module>:170 - Validation loss decreased from 0.03229644291008575 to 0.03229555037297026
2025-12-05 02:36:50.496 | INFO     | __main__:<module>:171 - Saving the model checkpoint at path = runs/new/cifar10/v2/single-noise-scale.bin
2025-12-05 02:36:51.493 | INFO     | __main__:<module>:130 - Epoch = 72 / 150
2025-12-05 02:40:52.996 | INFO     | __main__:<module>:166 - Training Time Taken = 241.5 seconds, loss = 0.0328491124958276, val loss = 0.032250003818469715
2025-12-05 02:40:52.996 | INFO     | __main__:<module>:170 - Validation loss decreased from 0.03229555037297026 to 0.032250003818469715
2025-12-05 02:40:52.996 | INFO     | __main__:<module>:171 - Saving the model checkpoint at path = runs/new/cifar10/v2/single-noise-scale.bin
2025-12-05 02:40:54.985 | INFO     | __main__:<module>:130 - Epoch = 73 / 150
2025-12-05 02:44:57.133 | INFO     | __main__:<module>:166 - Training Time Taken = 242.15 seconds, loss = 0.03279049911747535, val loss = 0.032220788724437545
2025-12-05 02:44:57.133 | INFO     | __main__:<module>:170 - Validation loss decreased from 0.032250003818469715 to 0.032220788724437545
2025-12-05 02:44:57.133 | INFO     | __main__:<module>:171 - Saving the model checkpoint at path = runs/new/cifar10/v2/single-noise-scale.bin
2025-12-05 02:44:58.065 | INFO     | __main__:<module>:130 - Epoch = 74 / 150
2025-12-05 02:48:59.369 | INFO     | __main__:<module>:166 - Training Time Taken = 241.3 seconds, loss = 0.032781490121786584, val loss = 0.0322103819373665
2025-12-05 02:48:59.369 | INFO     | __main__:<module>:170 - Validation loss decreased from 0.032220788724437545 to 0.0322103819373665
2025-12-05 02:48:59.370 | INFO     | __main__:<module>:171 - Saving the model checkpoint at path = runs/new/cifar10/v2/single-noise-scale.bin
2025-12-05 02:49:01.138 | INFO     | __main__:<module>:130 - Epoch = 75 / 150
2025-12-05 02:53:02.535 | INFO     | __main__:<module>:166 - Training Time Taken = 241.4 seconds, loss = 0.03273768512347636, val loss = 0.03219775103409834
2025-12-05 02:53:02.535 | INFO     | __main__:<module>:170 - Validation loss decreased from 0.0322103819373665 to 0.03219775103409834
2025-12-05 02:53:02.535 | INFO     | __main__:<module>:171 - Saving the model checkpoint at path = runs/new/cifar10/v2/single-noise-scale.bin
2025-12-05 02:53:03.504 | INFO     | __main__:<module>:130 - Epoch = 76 / 150
2025-12-05 02:57:05.123 | INFO     | __main__:<module>:166 - Training Time Taken = 241.62 seconds, loss = 0.03268162674083116, val loss = 0.03220256842389892
2025-12-05 02:57:05.124 | INFO     | __main__:<module>:130 - Epoch = 77 / 150
2025-12-05 03:01:06.653 | INFO     | __main__:<module>:166 - Training Time Taken = 241.53 seconds, loss = 0.032651589397852794, val loss = 0.0322037463701224
2025-12-05 03:01:06.655 | INFO     | __main__:<module>:130 - Epoch = 78 / 150
2025-12-05 03:05:08.855 | INFO     | __main__:<module>:166 - Training Time Taken = 242.2 seconds, loss = 0.032678910301992305, val loss = 0.03212208758237996
2025-12-05 03:05:08.856 | INFO     | __main__:<module>:170 - Validation loss decreased from 0.03219775103409834 to 0.03212208758237996
2025-12-05 03:05:08.856 | INFO     | __main__:<module>:171 - Saving the model checkpoint at path = runs/new/cifar10/v2/single-noise-scale.bin
2025-12-05 03:05:09.777 | INFO     | __main__:<module>:130 - Epoch = 79 / 150
2025-12-05 03:09:13.390 | INFO     | __main__:<module>:166 - Training Time Taken = 243.61 seconds, loss = 0.03256257571660863, val loss = 0.032120827349680886
2025-12-05 03:09:13.391 | INFO     | __main__:<module>:170 - Validation loss decreased from 0.03212208758237996 to 0.032120827349680886
2025-12-05 03:09:13.391 | INFO     | __main__:<module>:171 - Saving the model checkpoint at path = runs/new/cifar10/v2/single-noise-scale.bin
2025-12-05 03:09:14.329 | INFO     | __main__:<module>:130 - Epoch = 80 / 150
2025-12-05 03:13:16.357 | INFO     | __main__:<module>:166 - Training Time Taken = 242.03 seconds, loss = 0.0326033858314585, val loss = 0.03204765383012687
2025-12-05 03:13:16.358 | INFO     | __main__:<module>:170 - Validation loss decreased from 0.032120827349680886 to 0.03204765383012687
2025-12-05 03:13:16.358 | INFO     | __main__:<module>:171 - Saving the model checkpoint at path = runs/new/cifar10/v2/single-noise-scale.bin
2025-12-05 03:13:18.248 | INFO     | __main__:<module>:130 - Epoch = 81 / 150
2025-12-05 03:17:20.684 | INFO     | __main__:<module>:166 - Training Time Taken = 242.44 seconds, loss = 0.03257801655096749, val loss = 0.03205063825921167
2025-12-05 03:17:20.685 | INFO     | __main__:<module>:130 - Epoch = 82 / 150
2025-12-05 03:21:22.900 | INFO     | __main__:<module>:166 - Training Time Taken = 242.22 seconds, loss = 0.03249948462263083, val loss = 0.032039628328779074
2025-12-05 03:21:22.901 | INFO     | __main__:<module>:170 - Validation loss decreased from 0.03204765383012687 to 0.032039628328779074
2025-12-05 03:21:22.901 | INFO     | __main__:<module>:171 - Saving the model checkpoint at path = runs/new/cifar10/v2/single-noise-scale.bin
2025-12-05 03:21:23.895 | INFO     | __main__:<module>:130 - Epoch = 83 / 150
2025-12-05 03:25:27.021 | INFO     | __main__:<module>:166 - Training Time Taken = 243.13 seconds, loss = 0.032556872100780565, val loss = 0.032004851447064664
2025-12-05 03:25:27.021 | INFO     | __main__:<module>:170 - Validation loss decreased from 0.032039628328779074 to 0.032004851447064664
2025-12-05 03:25:27.022 | INFO     | __main__:<module>:171 - Saving the model checkpoint at path = runs/new/cifar10/v2/single-noise-scale.bin
2025-12-05 03:25:27.972 | INFO     | __main__:<module>:130 - Epoch = 84 / 150
2025-12-05 03:29:30.104 | INFO     | __main__:<module>:166 - Training Time Taken = 242.13 seconds, loss = 0.03246051149841505, val loss = 0.03196022956620289
2025-12-05 03:29:30.104 | INFO     | __main__:<module>:170 - Validation loss decreased from 0.032004851447064664 to 0.03196022956620289
2025-12-05 03:29:30.104 | INFO     | __main__:<module>:171 - Saving the model checkpoint at path = runs/new/cifar10/v2/single-noise-scale.bin
2025-12-05 03:29:31.491 | INFO     | __main__:<module>:130 - Epoch = 85 / 150
2025-12-05 03:33:34.120 | INFO     | __main__:<module>:166 - Training Time Taken = 242.63 seconds, loss = 0.03243121986214917, val loss = 0.032020275162745124
2025-12-05 03:33:34.121 | INFO     | __main__:<module>:130 - Epoch = 86 / 150
2025-12-05 03:37:36.454 | INFO     | __main__:<module>:166 - Training Time Taken = 242.33 seconds, loss = 0.03243897768993157, val loss = 0.03194837658842908
2025-12-05 03:37:36.455 | INFO     | __main__:<module>:170 - Validation loss decreased from 0.03196022956620289 to 0.03194837658842908
2025-12-05 03:37:36.455 | INFO     | __main__:<module>:171 - Saving the model checkpoint at path = runs/new/cifar10/v2/single-noise-scale.bin
2025-12-05 03:37:37.395 | INFO     | __main__:<module>:130 - Epoch = 87 / 150
2025-12-05 03:41:39.786 | INFO     | __main__:<module>:166 - Training Time Taken = 242.39 seconds, loss = 0.03240271870153971, val loss = 0.031923539724342434
2025-12-05 03:41:39.787 | INFO     | __main__:<module>:170 - Validation loss decreased from 0.03194837658842908 to 0.031923539724342434
2025-12-05 03:41:39.787 | INFO     | __main__:<module>:171 - Saving the model checkpoint at path = runs/new/cifar10/v2/single-noise-scale.bin
2025-12-05 03:41:41.986 | INFO     | __main__:<module>:130 - Epoch = 88 / 150
2025-12-05 03:45:44.422 | INFO     | __main__:<module>:166 - Training Time Taken = 242.44 seconds, loss = 0.032410887049171874, val loss = 0.03191206094962132
2025-12-05 03:45:44.423 | INFO     | __main__:<module>:170 - Validation loss decreased from 0.031923539724342434 to 0.03191206094962132
2025-12-05 03:45:44.423 | INFO     | __main__:<module>:171 - Saving the model checkpoint at path = runs/new/cifar10/v2/single-noise-scale.bin
2025-12-05 03:45:45.387 | INFO     | __main__:<module>:130 - Epoch = 89 / 150
2025-12-05 03:49:48.568 | INFO     | __main__:<module>:166 - Training Time Taken = 243.18 seconds, loss = 0.03237031296657297, val loss = 0.03195209754041479
2025-12-05 03:49:48.569 | INFO     | __main__:<module>:130 - Epoch = 90 / 150
2025-12-05 03:53:51.075 | INFO     | __main__:<module>:166 - Training Time Taken = 242.51 seconds, loss = 0.03234967213278761, val loss = 0.03189584002181699
2025-12-05 03:53:51.075 | INFO     | __main__:<module>:170 - Validation loss decreased from 0.03191206094962132 to 0.03189584002181699
2025-12-05 03:53:51.075 | INFO     | __main__:<module>:171 - Saving the model checkpoint at path = runs/new/cifar10/v2/single-noise-scale.bin
2025-12-05 03:53:52.030 | INFO     | __main__:<module>:130 - Epoch = 91 / 150
2025-12-05 03:57:54.806 | INFO     | __main__:<module>:166 - Training Time Taken = 242.78 seconds, loss = 0.032281419387259806, val loss = 0.0318681884415542
2025-12-05 03:57:54.807 | INFO     | __main__:<module>:170 - Validation loss decreased from 0.03189584002181699 to 0.0318681884415542
2025-12-05 03:57:54.807 | INFO     | __main__:<module>:171 - Saving the model checkpoint at path = runs/new/cifar10/v2/single-noise-scale.bin
2025-12-05 03:57:56.278 | INFO     | __main__:<module>:130 - Epoch = 92 / 150
2025-12-05 04:01:58.825 | INFO     | __main__:<module>:166 - Training Time Taken = 242.55 seconds, loss = 0.032242059017332216, val loss = 0.03189951091816154
2025-12-05 04:01:58.826 | INFO     | __main__:<module>:130 - Epoch = 93 / 150
2025-12-05 04:06:01.632 | INFO     | __main__:<module>:166 - Training Time Taken = 242.81 seconds, loss = 0.032244171679448395, val loss = 0.03182433241435999
2025-12-05 04:06:01.632 | INFO     | __main__:<module>:170 - Validation loss decreased from 0.0318681884415542 to 0.03182433241435999
2025-12-05 04:06:01.632 | INFO     | __main__:<module>:171 - Saving the model checkpoint at path = runs/new/cifar10/v2/single-noise-scale.bin
2025-12-05 04:06:02.651 | INFO     | __main__:<module>:130 - Epoch = 94 / 150
2025-12-05 04:10:06.439 | INFO     | __main__:<module>:166 - Training Time Taken = 243.79 seconds, loss = 0.032230276209763445, val loss = 0.03186060884330846
2025-12-05 04:10:06.440 | INFO     | __main__:<module>:130 - Epoch = 95 / 150
2025-12-05 04:14:09.142 | INFO     | __main__:<module>:166 - Training Time Taken = 242.7 seconds, loss = 0.03220441184652309, val loss = 0.0317935193122565
2025-12-05 04:14:09.143 | INFO     | __main__:<module>:170 - Validation loss decreased from 0.03182433241435999 to 0.0317935193122565
2025-12-05 04:14:09.143 | INFO     | __main__:<module>:171 - Saving the model checkpoint at path = runs/new/cifar10/v2/single-noise-scale.bin
2025-12-05 04:14:10.057 | INFO     | __main__:<module>:130 - Epoch = 96 / 150
2025-12-05 04:18:12.708 | INFO     | __main__:<module>:166 - Training Time Taken = 242.65 seconds, loss = 0.03218164483603007, val loss = 0.03178402425461932
2025-12-05 04:18:12.708 | INFO     | __main__:<module>:170 - Validation loss decreased from 0.0317935193122565 to 0.03178402425461932
2025-12-05 04:18:12.709 | INFO     | __main__:<module>:171 - Saving the model checkpoint at path = runs/new/cifar10/v2/single-noise-scale.bin
2025-12-05 04:18:13.601 | INFO     | __main__:<module>:130 - Epoch = 97 / 150
2025-12-05 04:22:16.005 | INFO     | __main__:<module>:166 - Training Time Taken = 242.4 seconds, loss = 0.03216620905997273, val loss = 0.03175354506113107
2025-12-05 04:22:16.006 | INFO     | __main__:<module>:170 - Validation loss decreased from 0.03178402425461932 to 0.03175354506113107
2025-12-05 04:22:16.006 | INFO     | __main__:<module>:171 - Saving the model checkpoint at path = runs/new/cifar10/v2/single-noise-scale.bin
2025-12-05 04:22:16.921 | INFO     | __main__:<module>:130 - Epoch = 98 / 150
2025-12-05 04:26:19.784 | INFO     | __main__:<module>:166 - Training Time Taken = 242.86 seconds, loss = 0.032175917654467846, val loss = 0.03175004364191732
2025-12-05 04:26:19.784 | INFO     | __main__:<module>:170 - Validation loss decreased from 0.03175354506113107 to 0.03175004364191732
2025-12-05 04:26:19.784 | INFO     | __main__:<module>:171 - Saving the model checkpoint at path = runs/new/cifar10/v2/single-noise-scale.bin
2025-12-05 04:26:20.685 | INFO     | __main__:<module>:130 - Epoch = 99 / 150
2025-12-05 04:30:24.774 | INFO     | __main__:<module>:166 - Training Time Taken = 244.09 seconds, loss = 0.0321450837063618, val loss = 0.03175281756852247
2025-12-05 04:30:24.775 | INFO     | __main__:<module>:130 - Epoch = 100 / 150
2025-12-05 04:34:27.390 | INFO     | __main__:<module>:166 - Training Time Taken = 242.62 seconds, loss = 0.03212219721283585, val loss = 0.03174295384861246
2025-12-05 04:34:27.391 | INFO     | __main__:<module>:170 - Validation loss decreased from 0.03175004364191732 to 0.03174295384861246
2025-12-05 04:34:27.391 | INFO     | __main__:<module>:171 - Saving the model checkpoint at path = runs/new/cifar10/v2/single-noise-scale.bin
2025-12-05 04:34:28.288 | INFO     | __main__:<module>:130 - Epoch = 101 / 150
2025-12-05 04:38:30.467 | INFO     | __main__:<module>:166 - Training Time Taken = 242.18 seconds, loss = 0.03206600094089112, val loss = 0.03169655615958986
2025-12-05 04:38:30.467 | INFO     | __main__:<module>:170 - Validation loss decreased from 0.03174295384861246 to 0.03169655615958986
2025-12-05 04:38:30.467 | INFO     | __main__:<module>:171 - Saving the model checkpoint at path = runs/new/cifar10/v2/single-noise-scale.bin
2025-12-05 04:38:31.376 | INFO     | __main__:<module>:130 - Epoch = 102 / 150
2025-12-05 04:42:34.251 | INFO     | __main__:<module>:166 - Training Time Taken = 242.87 seconds, loss = 0.032094997255661235, val loss = 0.031682096775385395
2025-12-05 04:42:34.252 | INFO     | __main__:<module>:170 - Validation loss decreased from 0.03169655615958986 to 0.031682096775385395
2025-12-05 04:42:34.252 | INFO     | __main__:<module>:171 - Saving the model checkpoint at path = runs/new/cifar10/v2/single-noise-scale.bin
2025-12-05 04:42:35.167 | INFO     | __main__:<module>:130 - Epoch = 103 / 150
2025-12-05 04:46:37.377 | INFO     | __main__:<module>:166 - Training Time Taken = 242.21 seconds, loss = 0.032026396153833916, val loss = 0.03172548589166961
2025-12-05 04:46:37.379 | INFO     | __main__:<module>:130 - Epoch = 104 / 150
2025-12-05 04:50:39.642 | INFO     | __main__:<module>:166 - Training Time Taken = 242.26 seconds, loss = 0.03203713130979492, val loss = 0.031696544653629956
2025-12-05 04:50:39.643 | INFO     | __main__:<module>:130 - Epoch = 105 / 150
2025-12-05 04:54:41.601 | INFO     | __main__:<module>:166 - Training Time Taken = 241.96 seconds, loss = 0.03201838668447714, val loss = 0.031656726793963696
2025-12-05 04:54:41.602 | INFO     | __main__:<module>:170 - Validation loss decreased from 0.031682096775385395 to 0.031656726793963696
2025-12-05 04:54:41.602 | INFO     | __main__:<module>:171 - Saving the model checkpoint at path = runs/new/cifar10/v2/single-noise-scale.bin
2025-12-05 04:54:42.416 | INFO     | __main__:<module>:130 - Epoch = 106 / 150
2025-12-05 04:58:44.472 | INFO     | __main__:<module>:166 - Training Time Taken = 242.06 seconds, loss = 0.03196456621344478, val loss = 0.031713458886252176
2025-12-05 04:58:44.473 | INFO     | __main__:<module>:130 - Epoch = 107 / 150
2025-12-05 05:02:46.859 | INFO     | __main__:<module>:166 - Training Time Taken = 242.39 seconds, loss = 0.03201448709701006, val loss = 0.031649017942291274
2025-12-05 05:02:46.860 | INFO     | __main__:<module>:170 - Validation loss decreased from 0.031656726793963696 to 0.031649017942291274
2025-12-05 05:02:46.860 | INFO     | __main__:<module>:171 - Saving the model checkpoint at path = runs/new/cifar10/v2/single-noise-scale.bin
2025-12-05 05:02:47.703 | INFO     | __main__:<module>:130 - Epoch = 108 / 150
2025-12-05 05:06:49.896 | INFO     | __main__:<module>:166 - Training Time Taken = 242.19 seconds, loss = 0.0319382166460204, val loss = 0.03168172165279901
2025-12-05 05:06:49.897 | INFO     | __main__:<module>:130 - Epoch = 109 / 150
2025-12-05 05:10:52.048 | INFO     | __main__:<module>:166 - Training Time Taken = 242.15 seconds, loss = 0.03196192755343053, val loss = 0.03166559628576417
2025-12-05 05:10:52.049 | INFO     | __main__:<module>:130 - Epoch = 110 / 150
2025-12-05 05:14:53.953 | INFO     | __main__:<module>:166 - Training Time Taken = 241.9 seconds, loss = 0.03191484174670312, val loss = 0.031568389904649954
2025-12-05 05:14:53.954 | INFO     | __main__:<module>:170 - Validation loss decreased from 0.031649017942291274 to 0.031568389904649954
2025-12-05 05:14:53.954 | INFO     | __main__:<module>:171 - Saving the model checkpoint at path = runs/new/cifar10/v2/single-noise-scale.bin
2025-12-05 05:14:54.811 | INFO     | __main__:<module>:130 - Epoch = 111 / 150
2025-12-05 05:18:56.651 | INFO     | __main__:<module>:166 - Training Time Taken = 241.84 seconds, loss = 0.03196023930661594, val loss = 0.03163710189393804
2025-12-05 05:18:56.653 | INFO     | __main__:<module>:130 - Epoch = 112 / 150
2025-12-05 05:22:58.464 | INFO     | __main__:<module>:166 - Training Time Taken = 241.81 seconds, loss = 0.03189265517928539, val loss = 0.031587904130544846
2025-12-05 05:22:58.465 | INFO     | __main__:<module>:130 - Epoch = 113 / 150
2025-12-05 05:27:00.840 | INFO     | __main__:<module>:166 - Training Time Taken = 242.37 seconds, loss = 0.031895958178768904, val loss = 0.03155145110397399
2025-12-05 05:27:00.840 | INFO     | __main__:<module>:170 - Validation loss decreased from 0.031568389904649954 to 0.03155145110397399
2025-12-05 05:27:00.840 | INFO     | __main__:<module>:171 - Saving the model checkpoint at path = runs/new/cifar10/v2/single-noise-scale.bin
2025-12-05 05:27:01.769 | INFO     | __main__:<module>:130 - Epoch = 114 / 150
2025-12-05 05:31:04.431 | INFO     | __main__:<module>:166 - Training Time Taken = 242.66 seconds, loss = 0.03184097839263491, val loss = 0.03158613277858571
2025-12-05 05:31:04.433 | INFO     | __main__:<module>:130 - Epoch = 115 / 150
2025-12-05 05:35:07.255 | INFO     | __main__:<module>:166 - Training Time Taken = 242.82 seconds, loss = 0.031850138816018454, val loss = 0.03150345326130149
2025-12-05 05:35:07.255 | INFO     | __main__:<module>:170 - Validation loss decreased from 0.03155145110397399 to 0.03150345326130149
2025-12-05 05:35:07.255 | INFO     | __main__:<module>:171 - Saving the model checkpoint at path = runs/new/cifar10/v2/single-noise-scale.bin
2025-12-05 05:35:08.158 | INFO     | __main__:<module>:130 - Epoch = 116 / 150
2025-12-05 05:39:10.406 | INFO     | __main__:<module>:166 - Training Time Taken = 242.25 seconds, loss = 0.03181780224886184, val loss = 0.0315500257088791
2025-12-05 05:39:10.407 | INFO     | __main__:<module>:130 - Epoch = 117 / 150
2025-12-05 05:43:12.738 | INFO     | __main__:<module>:166 - Training Time Taken = 242.33 seconds, loss = 0.03180904060411758, val loss = 0.03157381505905828
2025-12-05 05:43:12.739 | INFO     | __main__:<module>:130 - Epoch = 118 / 150
2025-12-05 05:47:16.012 | INFO     | __main__:<module>:166 - Training Time Taken = 243.27 seconds, loss = 0.03182432675561585, val loss = 0.03157112879466407
2025-12-05 05:47:16.013 | INFO     | __main__:<module>:130 - Epoch = 119 / 150
2025-12-05 05:51:18.383 | INFO     | __main__:<module>:166 - Training Time Taken = 242.37 seconds, loss = 0.03181783150964842, val loss = 0.03159186663695528
2025-12-05 05:51:18.384 | INFO     | __main__:<module>:130 - Epoch = 120 / 150
2025-12-05 05:55:20.774 | INFO     | __main__:<module>:166 - Training Time Taken = 242.39 seconds, loss = 0.03179424298338045, val loss = 0.03154993575962284
2025-12-05 05:55:20.775 | INFO     | __main__:<module>:130 - Epoch = 121 / 150
2025-12-05 05:59:23.150 | INFO     | __main__:<module>:166 - Training Time Taken = 242.37 seconds, loss = 0.03173824199758018, val loss = 0.03155171456216257
2025-12-05 05:59:23.151 | INFO     | __main__:<module>:130 - Epoch = 122 / 150
2025-12-05 06:03:25.999 | INFO     | __main__:<module>:166 - Training Time Taken = 242.85 seconds, loss = 0.03172856000380013, val loss = 0.03150708110460752
2025-12-05 06:03:26.000 | INFO     | __main__:<module>:130 - Epoch = 123 / 150
2025-12-05 06:07:28.709 | INFO     | __main__:<module>:166 - Training Time Taken = 242.71 seconds, loss = 0.03172355913482725, val loss = 0.031486168338716786
2025-12-05 06:07:28.710 | INFO     | __main__:<module>:170 - Validation loss decreased from 0.03150345326130149 to 0.031486168338716786
2025-12-05 06:07:28.710 | INFO     | __main__:<module>:171 - Saving the model checkpoint at path = runs/new/cifar10/v2/single-noise-scale.bin
2025-12-05 06:07:32.209 | INFO     | __main__:<module>:130 - Epoch = 124 / 150
2025-12-05 06:11:35.222 | INFO     | __main__:<module>:166 - Training Time Taken = 243.01 seconds, loss = 0.03170416852869926, val loss = 0.03156837033508699
2025-12-05 06:11:35.222 | INFO     | __main__:<module>:130 - Epoch = 125 / 150
2025-12-05 06:15:38.061 | INFO     | __main__:<module>:166 - Training Time Taken = 242.84 seconds, loss = 0.031661410372668564, val loss = 0.03154430526627015
2025-12-05 06:15:38.062 | INFO     | __main__:<module>:130 - Epoch = 126 / 150
2025-12-05 06:19:40.943 | INFO     | __main__:<module>:166 - Training Time Taken = 242.88 seconds, loss = 0.03168363806705315, val loss = 0.03153487507112419
2025-12-05 06:19:40.944 | INFO     | __main__:<module>:130 - Epoch = 127 / 150
2025-12-05 06:23:43.859 | INFO     | __main__:<module>:166 - Training Time Taken = 242.92 seconds, loss = 0.03168708838212985, val loss = 0.03152432089930848
2025-12-05 06:23:43.860 | INFO     | __main__:<module>:130 - Epoch = 128 / 150
2025-12-05 06:27:47.261 | INFO     | __main__:<module>:166 - Training Time Taken = 243.4 seconds, loss = 0.03170106079750739, val loss = 0.03148639350657976
2025-12-05 06:27:47.262 | INFO     | __main__:<module>:130 - Epoch = 129 / 150
2025-12-05 06:31:49.964 | INFO     | __main__:<module>:166 - Training Time Taken = 242.7 seconds, loss = 0.031635835760841356, val loss = 0.031441241903584216
2025-12-05 06:31:49.965 | INFO     | __main__:<module>:170 - Validation loss decreased from 0.031486168338716786 to 0.031441241903584216
2025-12-05 06:31:49.965 | INFO     | __main__:<module>:171 - Saving the model checkpoint at path = runs/new/cifar10/v2/single-noise-scale.bin
2025-12-05 06:31:50.910 | INFO     | __main__:<module>:130 - Epoch = 130 / 150
2025-12-05 06:35:53.695 | INFO     | __main__:<module>:166 - Training Time Taken = 242.78 seconds, loss = 0.031599340180809884, val loss = 0.03144516095613377
2025-12-05 06:35:53.696 | INFO     | __main__:<module>:130 - Epoch = 131 / 150
2025-12-05 06:39:56.187 | INFO     | __main__:<module>:166 - Training Time Taken = 242.49 seconds, loss = 0.031618629299556486, val loss = 0.03148207334872288
2025-12-05 06:39:56.188 | INFO     | __main__:<module>:130 - Epoch = 132 / 150
2025-12-05 06:43:59.905 | INFO     | __main__:<module>:166 - Training Time Taken = 243.72 seconds, loss = 0.031606445916163656, val loss = 0.0314966760387149
2025-12-05 06:43:59.906 | INFO     | __main__:<module>:130 - Epoch = 133 / 150
2025-12-05 06:48:05.191 | INFO     | __main__:<module>:166 - Training Time Taken = 245.28 seconds, loss = 0.03160320517544549, val loss = 0.031480851146993755
2025-12-05 06:48:05.192 | INFO     | __main__:<module>:130 - Epoch = 134 / 150
2025-12-05 06:52:07.772 | INFO     | __main__:<module>:166 - Training Time Taken = 242.58 seconds, loss = 0.03158368542195319, val loss = 0.03142244125940377
2025-12-05 06:52:07.772 | INFO     | __main__:<module>:170 - Validation loss decreased from 0.031441241903584216 to 0.03142244125940377
2025-12-05 06:52:07.773 | INFO     | __main__:<module>:171 - Saving the model checkpoint at path = runs/new/cifar10/v2/single-noise-scale.bin
2025-12-05 06:52:09.543 | INFO     | __main__:<module>:130 - Epoch = 135 / 150
2025-12-05 06:56:11.878 | INFO     | __main__:<module>:166 - Training Time Taken = 242.33 seconds, loss = 0.031558528120001664, val loss = 0.031411524602695355
2025-12-05 06:56:11.879 | INFO     | __main__:<module>:170 - Validation loss decreased from 0.03142244125940377 to 0.031411524602695355
2025-12-05 06:56:11.879 | INFO     | __main__:<module>:171 - Saving the model checkpoint at path = runs/new/cifar10/v2/single-noise-scale.bin
2025-12-05 06:56:12.703 | INFO     | __main__:<module>:130 - Epoch = 136 / 150
2025-12-05 07:00:15.882 | INFO     | __main__:<module>:166 - Training Time Taken = 243.18 seconds, loss = 0.031538433630388385, val loss = 0.0313938368536249
2025-12-05 07:00:15.883 | INFO     | __main__:<module>:170 - Validation loss decreased from 0.031411524602695355 to 0.0313938368536249
2025-12-05 07:00:15.883 | INFO     | __main__:<module>:171 - Saving the model checkpoint at path = runs/new/cifar10/v2/single-noise-scale.bin
2025-12-05 07:00:18.325 | INFO     | __main__:<module>:130 - Epoch = 137 / 150
2025-12-05 07:04:20.711 | INFO     | __main__:<module>:166 - Training Time Taken = 242.39 seconds, loss = 0.03151681739539384, val loss = 0.03147237740834303
2025-12-05 07:04:20.712 | INFO     | __main__:<module>:130 - Epoch = 138 / 150
2025-12-05 07:08:23.153 | INFO     | __main__:<module>:166 - Training Time Taken = 242.44 seconds, loss = 0.031540433807780564, val loss = 0.03149083039805859
2025-12-05 07:08:23.154 | INFO     | __main__:<module>:130 - Epoch = 139 / 150
2025-12-05 07:12:26.042 | INFO     | __main__:<module>:166 - Training Time Taken = 242.89 seconds, loss = 0.031515167395289714, val loss = 0.031459851638425754
2025-12-05 07:12:26.043 | INFO     | __main__:<module>:130 - Epoch = 140 / 150
2025-12-05 07:16:28.708 | INFO     | __main__:<module>:166 - Training Time Taken = 242.66 seconds, loss = 0.03147405231246552, val loss = 0.031450464449162725
2025-12-05 07:16:28.708 | INFO     | __main__:<module>:130 - Epoch = 141 / 150
2025-12-05 07:20:31.745 | INFO     | __main__:<module>:166 - Training Time Taken = 243.04 seconds, loss = 0.031446036391745744, val loss = 0.03149572267090973
2025-12-05 07:20:31.746 | INFO     | __main__:<module>:130 - Epoch = 142 / 150
2025-12-05 07:24:34.227 | INFO     | __main__:<module>:166 - Training Time Taken = 242.48 seconds, loss = 0.03144717474762624, val loss = 0.03137123778085165
2025-12-05 07:24:34.227 | INFO     | __main__:<module>:170 - Validation loss decreased from 0.0313938368536249 to 0.03137123778085165
2025-12-05 07:24:34.227 | INFO     | __main__:<module>:171 - Saving the model checkpoint at path = runs/new/cifar10/v2/single-noise-scale.bin
2025-12-05 07:24:35.018 | INFO     | __main__:<module>:130 - Epoch = 143 / 150
2025-12-05 07:28:37.090 | INFO     | __main__:<module>:166 - Training Time Taken = 242.07 seconds, loss = 0.031478148554793944, val loss = 0.031461238908239555
2025-12-05 07:28:37.091 | INFO     | __main__:<module>:130 - Epoch = 144 / 150
2025-12-05 07:32:40.021 | INFO     | __main__:<module>:166 - Training Time Taken = 242.93 seconds, loss = 0.03142027620571299, val loss = 0.03140226824657072
2025-12-05 07:32:40.022 | INFO     | __main__:<module>:130 - Epoch = 145 / 150
2025-12-05 07:36:42.440 | INFO     | __main__:<module>:166 - Training Time Taken = 242.42 seconds, loss = 0.031423494719659176, val loss = 0.031331555210525476
2025-12-05 07:36:42.441 | INFO     | __main__:<module>:170 - Validation loss decreased from 0.03137123778085165 to 0.031331555210525476
2025-12-05 07:36:42.441 | INFO     | __main__:<module>:171 - Saving the model checkpoint at path = runs/new/cifar10/v2/single-noise-scale.bin
2025-12-05 07:36:43.250 | INFO     | __main__:<module>:130 - Epoch = 146 / 150
2025-12-05 07:40:45.563 | INFO     | __main__:<module>:166 - Training Time Taken = 242.31 seconds, loss = 0.0314296743216606, val loss = 0.03140436558500875
2025-12-05 07:40:45.564 | INFO     | __main__:<module>:130 - Epoch = 147 / 150
2025-12-05 07:44:47.505 | INFO     | __main__:<module>:166 - Training Time Taken = 241.94 seconds, loss = 0.03139589804882249, val loss = 0.03141484444937374
2025-12-05 07:44:47.506 | INFO     | __main__:<module>:130 - Epoch = 148 / 150
2025-12-05 07:48:49.482 | INFO     | __main__:<module>:166 - Training Time Taken = 241.98 seconds, loss = 0.03141789996443084, val loss = 0.031341010704636574
2025-12-05 07:48:49.484 | INFO     | __main__:<module>:130 - Epoch = 149 / 150
2025-12-05 07:52:51.335 | INFO     | __main__:<module>:166 - Training Time Taken = 241.85 seconds, loss = 0.03137916607407335, val loss = 0.03142778945591631
2025-12-05 07:52:51.337 | INFO     | __main__:<module>:130 - Epoch = 150 / 150
2025-12-05 07:56:53.463 | INFO     | __main__:<module>:166 - Training Time Taken = 242.13 seconds, loss = 0.031334972538696694, val loss = 0.03136581003288679
2025-12-05 07:56:53.464 | INFO     | __main__:<module>:185 - Training Completed. Loading the model from runs/new/cifar10/v2/single-noise-scale.bin
2025-12-05 07:56:54.858 | INFO     | __main__:<module>:196 - Running langevin sampling for 50000 steps, saving every 500 steps
2025-12-05 08:03:55.904 | INFO     | __main__:<module>:207 - Saving the sampled grid at path = runs/new/cifar10/v2/sampled_grid.png
2025-12-05 08:03:57.377 | INFO     | __main__:<module>:218 - Saving the original grid at path = runs/new/cifar10/v2/original_grid.png
2025-12-05 08:03:58.997 | INFO     | __main__:<module>:223 - Saving the json at path = runs/new/cifar10/v2/run_config.json
