2026-03-21 00:39:34.382 | INFO     | __main__:<module>:60 - Using seed = 42, device = cuda:3 and output dir = runs/cifar10/v10/
2026-03-21 00:39:34.382 | INFO     | __main__:<module>:64 - Saving the config json at path = runs/cifar10/v10/run_config.json
2026-03-21 00:39:35.614 | INFO     | __main__:<module>:73 - length of the dataset = 50000
2026-03-21 00:39:37.163 | INFO     | __main__:<module>:79 - Computing betas, alphas with timesteps = 1000
2026-03-21 00:39:37.560 | INFO     | __main__:<module>:89 - Using variance type = fixed_small for sampling
2026-03-21 00:39:37.983 | INFO     | __main__:<module>:111 - Initializing the model
2026-03-21 00:39:38.604 | INFO     | __main__:<module>:129 - Initializaing EMA with decay = 0.999
2026-03-21 00:39:38.620 | INFO     | __main__:<module>:136 - Enabling gradient clipping with norm = 1.0
2026-03-21 00:39:38.620 | INFO     | __main__:<module>:140 - Initializing the Adam optimizer with learning rate = 8e-05
2026-03-21 00:39:39.391 | INFO     | __main__:<module>:160 - Running for epochs = 2000
2026-03-21 00:39:39.392 | INFO     | __main__:<module>:162 - Epoch = 1 / 2000
2026-03-21 00:42:55.018 | INFO     | __main__:<module>:225 - Training time taken = 195.63 seconds, Evaluation time taken = nan seconds, loss = 0.73316, fid = None
2026-03-21 00:42:55.019 | INFO     | __main__:<module>:162 - Epoch = 2 / 2000
2026-03-21 00:46:09.536 | INFO     | __main__:<module>:225 - Training time taken = 194.52 seconds, Evaluation time taken = nan seconds, loss = 0.35007, fid = None
2026-03-21 00:46:09.537 | INFO     | __main__:<module>:162 - Epoch = 3 / 2000
2026-03-21 00:49:23.918 | INFO     | __main__:<module>:225 - Training time taken = 194.38 seconds, Evaluation time taken = nan seconds, loss = 0.07483, fid = None
2026-03-21 00:49:23.918 | INFO     | __main__:<module>:162 - Epoch = 4 / 2000
2026-03-21 00:52:38.661 | INFO     | __main__:<module>:225 - Training time taken = 194.74 seconds, Evaluation time taken = nan seconds, loss = 0.05218, fid = None
2026-03-21 00:52:38.662 | INFO     | __main__:<module>:162 - Epoch = 5 / 2000
2026-03-21 00:55:53.916 | INFO     | __main__:<module>:225 - Training time taken = 195.25 seconds, Evaluation time taken = nan seconds, loss = 0.04916, fid = None
2026-03-21 00:55:53.916 | INFO     | __main__:<module>:162 - Epoch = 6 / 2000
2026-03-21 00:59:08.414 | INFO     | __main__:<module>:225 - Training time taken = 194.5 seconds, Evaluation time taken = nan seconds, loss = 0.04626, fid = None
2026-03-21 00:59:08.414 | INFO     | __main__:<module>:162 - Epoch = 7 / 2000
2026-03-21 01:02:23.414 | INFO     | __main__:<module>:225 - Training time taken = 195.0 seconds, Evaluation time taken = nan seconds, loss = 0.04569, fid = None
2026-03-21 01:02:23.414 | INFO     | __main__:<module>:162 - Epoch = 8 / 2000
2026-03-21 01:05:38.718 | INFO     | __main__:<module>:225 - Training time taken = 195.3 seconds, Evaluation time taken = nan seconds, loss = 0.04392, fid = None
2026-03-21 01:05:38.718 | INFO     | __main__:<module>:162 - Epoch = 9 / 2000
2026-03-21 01:08:53.552 | INFO     | __main__:<module>:225 - Training time taken = 194.83 seconds, Evaluation time taken = nan seconds, loss = 0.04299, fid = None
2026-03-21 01:08:53.552 | INFO     | __main__:<module>:162 - Epoch = 10 / 2000
2026-03-21 01:12:08.161 | INFO     | __main__:<module>:225 - Training time taken = 194.61 seconds, Evaluation time taken = nan seconds, loss = 0.04331, fid = None
2026-03-21 01:12:08.161 | INFO     | __main__:<module>:162 - Epoch = 11 / 2000
2026-03-21 01:15:23.301 | INFO     | __main__:<module>:225 - Training time taken = 195.14 seconds, Evaluation time taken = nan seconds, loss = 0.04166, fid = None
2026-03-21 01:15:23.302 | INFO     | __main__:<module>:162 - Epoch = 12 / 2000
2026-03-21 01:18:38.496 | INFO     | __main__:<module>:225 - Training time taken = 195.19 seconds, Evaluation time taken = nan seconds, loss = 0.04104, fid = None
2026-03-21 01:18:38.496 | INFO     | __main__:<module>:162 - Epoch = 13 / 2000
2026-03-21 01:21:53.750 | INFO     | __main__:<module>:225 - Training time taken = 195.25 seconds, Evaluation time taken = nan seconds, loss = 0.04063, fid = None
2026-03-21 01:21:53.751 | INFO     | __main__:<module>:162 - Epoch = 14 / 2000
2026-03-21 01:25:09.283 | INFO     | __main__:<module>:225 - Training time taken = 195.53 seconds, Evaluation time taken = nan seconds, loss = 0.03946, fid = None
2026-03-21 01:25:09.283 | INFO     | __main__:<module>:162 - Epoch = 15 / 2000
2026-03-21 01:28:24.423 | INFO     | __main__:<module>:225 - Training time taken = 195.14 seconds, Evaluation time taken = nan seconds, loss = 0.03902, fid = None
2026-03-21 01:28:24.423 | INFO     | __main__:<module>:162 - Epoch = 16 / 2000
2026-03-21 01:31:39.950 | INFO     | __main__:<module>:225 - Training time taken = 195.53 seconds, Evaluation time taken = nan seconds, loss = 0.03884, fid = None
2026-03-21 01:31:39.950 | INFO     | __main__:<module>:162 - Epoch = 17 / 2000
2026-03-21 01:34:55.068 | INFO     | __main__:<module>:225 - Training time taken = 195.12 seconds, Evaluation time taken = nan seconds, loss = 0.0388, fid = None
2026-03-21 01:34:55.069 | INFO     | __main__:<module>:162 - Epoch = 18 / 2000
2026-03-21 01:38:10.376 | INFO     | __main__:<module>:225 - Training time taken = 195.31 seconds, Evaluation time taken = nan seconds, loss = 0.03866, fid = None
2026-03-21 01:38:10.376 | INFO     | __main__:<module>:162 - Epoch = 19 / 2000
2026-03-21 01:41:25.186 | INFO     | __main__:<module>:225 - Training time taken = 194.81 seconds, Evaluation time taken = nan seconds, loss = 0.03821, fid = None
2026-03-21 01:41:25.186 | INFO     | __main__:<module>:162 - Epoch = 20 / 2000
2026-03-21 01:44:40.550 | INFO     | __main__:<module>:225 - Training time taken = 195.36 seconds, Evaluation time taken = nan seconds, loss = 0.03772, fid = None
2026-03-21 01:44:40.550 | INFO     | __main__:<module>:162 - Epoch = 21 / 2000
2026-03-21 01:47:55.825 | INFO     | __main__:<module>:225 - Training time taken = 195.27 seconds, Evaluation time taken = nan seconds, loss = 0.03729, fid = None
2026-03-21 01:47:55.826 | INFO     | __main__:<module>:162 - Epoch = 22 / 2000
2026-03-21 01:51:11.742 | INFO     | __main__:<module>:225 - Training time taken = 195.91 seconds, Evaluation time taken = nan seconds, loss = 0.03704, fid = None
2026-03-21 01:51:11.742 | INFO     | __main__:<module>:162 - Epoch = 23 / 2000
2026-03-21 01:54:26.924 | INFO     | __main__:<module>:225 - Training time taken = 195.18 seconds, Evaluation time taken = nan seconds, loss = 0.03642, fid = None
2026-03-21 01:54:26.924 | INFO     | __main__:<module>:162 - Epoch = 24 / 2000
2026-03-21 01:57:42.214 | INFO     | __main__:<module>:225 - Training time taken = 195.29 seconds, Evaluation time taken = nan seconds, loss = 0.03679, fid = None
2026-03-21 01:57:42.215 | INFO     | __main__:<module>:162 - Epoch = 25 / 2000
2026-03-21 02:00:57.905 | INFO     | __main__:<module>:225 - Training time taken = 195.69 seconds, Evaluation time taken = nan seconds, loss = 0.03617, fid = None
2026-03-21 02:00:57.905 | INFO     | __main__:<module>:162 - Epoch = 26 / 2000
2026-03-21 02:04:13.013 | INFO     | __main__:<module>:225 - Training time taken = 195.11 seconds, Evaluation time taken = nan seconds, loss = 0.03622, fid = None
2026-03-21 02:04:13.013 | INFO     | __main__:<module>:162 - Epoch = 27 / 2000
2026-03-21 02:07:28.416 | INFO     | __main__:<module>:225 - Training time taken = 195.4 seconds, Evaluation time taken = nan seconds, loss = 0.036, fid = None
2026-03-21 02:07:28.417 | INFO     | __main__:<module>:162 - Epoch = 28 / 2000
2026-03-21 02:10:44.164 | INFO     | __main__:<module>:225 - Training time taken = 195.75 seconds, Evaluation time taken = nan seconds, loss = 0.03617, fid = None
2026-03-21 02:10:44.165 | INFO     | __main__:<module>:162 - Epoch = 29 / 2000
2026-03-21 02:13:59.166 | INFO     | __main__:<module>:225 - Training time taken = 195.0 seconds, Evaluation time taken = nan seconds, loss = 0.03553, fid = None
2026-03-21 02:13:59.167 | INFO     | __main__:<module>:162 - Epoch = 30 / 2000
2026-03-21 02:17:14.316 | INFO     | __main__:<module>:225 - Training time taken = 195.15 seconds, Evaluation time taken = nan seconds, loss = 0.03528, fid = None
2026-03-21 02:17:14.316 | INFO     | __main__:<module>:162 - Epoch = 31 / 2000
2026-03-21 02:20:29.863 | INFO     | __main__:<module>:225 - Training time taken = 195.55 seconds, Evaluation time taken = nan seconds, loss = 0.03571, fid = None
2026-03-21 02:20:29.864 | INFO     | __main__:<module>:162 - Epoch = 32 / 2000
2026-03-21 02:23:44.968 | INFO     | __main__:<module>:225 - Training time taken = 195.1 seconds, Evaluation time taken = nan seconds, loss = 0.03478, fid = None
2026-03-21 02:23:44.968 | INFO     | __main__:<module>:162 - Epoch = 33 / 2000
2026-03-21 02:27:00.250 | INFO     | __main__:<module>:225 - Training time taken = 195.28 seconds, Evaluation time taken = nan seconds, loss = 0.03556, fid = None
2026-03-21 02:27:00.250 | INFO     | __main__:<module>:162 - Epoch = 34 / 2000
2026-03-21 02:30:14.953 | INFO     | __main__:<module>:225 - Training time taken = 194.7 seconds, Evaluation time taken = nan seconds, loss = 0.03561, fid = None
2026-03-21 02:30:14.953 | INFO     | __main__:<module>:162 - Epoch = 35 / 2000
2026-03-21 02:33:29.544 | INFO     | __main__:<module>:225 - Training time taken = 194.59 seconds, Evaluation time taken = nan seconds, loss = 0.03537, fid = None
2026-03-21 02:33:29.544 | INFO     | __main__:<module>:162 - Epoch = 36 / 2000
2026-03-21 02:36:44.726 | INFO     | __main__:<module>:225 - Training time taken = 195.18 seconds, Evaluation time taken = nan seconds, loss = 0.03488, fid = None
2026-03-21 02:36:44.727 | INFO     | __main__:<module>:162 - Epoch = 37 / 2000
2026-03-21 02:40:00.404 | INFO     | __main__:<module>:225 - Training time taken = 195.68 seconds, Evaluation time taken = nan seconds, loss = 0.03441, fid = None
2026-03-21 02:40:00.404 | INFO     | __main__:<module>:162 - Epoch = 38 / 2000
2026-03-21 02:43:15.465 | INFO     | __main__:<module>:225 - Training time taken = 195.06 seconds, Evaluation time taken = nan seconds, loss = 0.03414, fid = None
2026-03-21 02:43:15.465 | INFO     | __main__:<module>:162 - Epoch = 39 / 2000
2026-03-21 02:46:31.163 | INFO     | __main__:<module>:225 - Training time taken = 195.7 seconds, Evaluation time taken = nan seconds, loss = 0.03441, fid = None
2026-03-21 02:46:31.163 | INFO     | __main__:<module>:162 - Epoch = 40 / 2000
2026-03-21 02:49:46.237 | INFO     | __main__:<module>:225 - Training time taken = 195.07 seconds, Evaluation time taken = nan seconds, loss = 0.03461, fid = None
2026-03-21 02:49:46.237 | INFO     | __main__:<module>:162 - Epoch = 41 / 2000
2026-03-21 02:53:01.195 | INFO     | __main__:<module>:225 - Training time taken = 194.96 seconds, Evaluation time taken = nan seconds, loss = 0.03453, fid = None
2026-03-21 02:53:01.196 | INFO     | __main__:<module>:162 - Epoch = 42 / 2000
2026-03-21 02:56:17.154 | INFO     | __main__:<module>:225 - Training time taken = 195.96 seconds, Evaluation time taken = nan seconds, loss = 0.03436, fid = None
2026-03-21 02:56:17.154 | INFO     | __main__:<module>:162 - Epoch = 43 / 2000
2026-03-21 02:59:32.723 | INFO     | __main__:<module>:225 - Training time taken = 195.57 seconds, Evaluation time taken = nan seconds, loss = 0.03453, fid = None
2026-03-21 02:59:32.723 | INFO     | __main__:<module>:162 - Epoch = 44 / 2000
2026-03-21 03:02:48.057 | INFO     | __main__:<module>:225 - Training time taken = 195.33 seconds, Evaluation time taken = nan seconds, loss = 0.0343, fid = None
2026-03-21 03:02:48.057 | INFO     | __main__:<module>:162 - Epoch = 45 / 2000
2026-03-21 03:06:03.442 | INFO     | __main__:<module>:225 - Training time taken = 195.38 seconds, Evaluation time taken = nan seconds, loss = 0.03447, fid = None
2026-03-21 03:06:03.442 | INFO     | __main__:<module>:162 - Epoch = 46 / 2000
2026-03-21 03:09:18.651 | INFO     | __main__:<module>:225 - Training time taken = 195.21 seconds, Evaluation time taken = nan seconds, loss = 0.03439, fid = None
2026-03-21 03:09:18.651 | INFO     | __main__:<module>:162 - Epoch = 47 / 2000
2026-03-21 03:12:33.384 | INFO     | __main__:<module>:225 - Training time taken = 194.73 seconds, Evaluation time taken = nan seconds, loss = 0.03416, fid = None
2026-03-21 03:12:33.384 | INFO     | __main__:<module>:162 - Epoch = 48 / 2000
2026-03-21 03:15:47.691 | INFO     | __main__:<module>:225 - Training time taken = 194.31 seconds, Evaluation time taken = nan seconds, loss = 0.03412, fid = None
2026-03-21 03:15:47.692 | INFO     | __main__:<module>:162 - Epoch = 49 / 2000
2026-03-21 03:19:02.161 | INFO     | __main__:<module>:225 - Training time taken = 194.47 seconds, Evaluation time taken = nan seconds, loss = 0.03381, fid = None
2026-03-21 03:19:02.162 | INFO     | __main__:<module>:162 - Epoch = 50 / 2000
2026-03-21 03:22:17.083 | INFO     | __main__:<module>:225 - Training time taken = 194.92 seconds, Evaluation time taken = nan seconds, loss = 0.03395, fid = None
2026-03-21 03:22:17.084 | INFO     | __main__:<module>:162 - Epoch = 51 / 2000
2026-03-21 03:25:31.822 | INFO     | __main__:<module>:225 - Training time taken = 194.74 seconds, Evaluation time taken = nan seconds, loss = 0.03384, fid = None
2026-03-21 03:25:31.823 | INFO     | __main__:<module>:162 - Epoch = 52 / 2000
2026-03-21 03:28:46.227 | INFO     | __main__:<module>:225 - Training time taken = 194.4 seconds, Evaluation time taken = nan seconds, loss = 0.03384, fid = None
2026-03-21 03:28:46.228 | INFO     | __main__:<module>:162 - Epoch = 53 / 2000
2026-03-21 03:32:00.566 | INFO     | __main__:<module>:225 - Training time taken = 194.34 seconds, Evaluation time taken = nan seconds, loss = 0.0338, fid = None
2026-03-21 03:32:00.567 | INFO     | __main__:<module>:162 - Epoch = 54 / 2000
2026-03-21 03:35:15.388 | INFO     | __main__:<module>:225 - Training time taken = 194.82 seconds, Evaluation time taken = nan seconds, loss = 0.03405, fid = None
2026-03-21 03:35:15.388 | INFO     | __main__:<module>:162 - Epoch = 55 / 2000
2026-03-21 03:38:30.316 | INFO     | __main__:<module>:225 - Training time taken = 194.93 seconds, Evaluation time taken = nan seconds, loss = 0.03391, fid = None
2026-03-21 03:38:30.317 | INFO     | __main__:<module>:162 - Epoch = 56 / 2000
2026-03-21 03:41:44.972 | INFO     | __main__:<module>:225 - Training time taken = 194.65 seconds, Evaluation time taken = nan seconds, loss = 0.03354, fid = None
2026-03-21 03:41:44.972 | INFO     | __main__:<module>:162 - Epoch = 57 / 2000
2026-03-21 03:44:59.744 | INFO     | __main__:<module>:225 - Training time taken = 194.77 seconds, Evaluation time taken = nan seconds, loss = 0.03358, fid = None
2026-03-21 03:44:59.745 | INFO     | __main__:<module>:162 - Epoch = 58 / 2000
2026-03-21 03:48:14.816 | INFO     | __main__:<module>:225 - Training time taken = 195.07 seconds, Evaluation time taken = nan seconds, loss = 0.03276, fid = None
2026-03-21 03:48:14.817 | INFO     | __main__:<module>:162 - Epoch = 59 / 2000
2026-03-21 03:51:29.727 | INFO     | __main__:<module>:225 - Training time taken = 194.91 seconds, Evaluation time taken = nan seconds, loss = 0.03324, fid = None
2026-03-21 03:51:29.727 | INFO     | __main__:<module>:162 - Epoch = 60 / 2000
2026-03-21 03:54:44.726 | INFO     | __main__:<module>:225 - Training time taken = 195.0 seconds, Evaluation time taken = nan seconds, loss = 0.03325, fid = None
2026-03-21 03:54:44.726 | INFO     | __main__:<module>:162 - Epoch = 61 / 2000
2026-03-21 03:57:59.226 | INFO     | __main__:<module>:225 - Training time taken = 194.5 seconds, Evaluation time taken = nan seconds, loss = 0.03263, fid = None
2026-03-21 03:57:59.226 | INFO     | __main__:<module>:162 - Epoch = 62 / 2000
2026-03-21 04:01:14.164 | INFO     | __main__:<module>:225 - Training time taken = 194.94 seconds, Evaluation time taken = nan seconds, loss = 0.03328, fid = None
2026-03-21 04:01:14.164 | INFO     | __main__:<module>:162 - Epoch = 63 / 2000
2026-03-21 04:04:29.508 | INFO     | __main__:<module>:225 - Training time taken = 195.34 seconds, Evaluation time taken = nan seconds, loss = 0.03351, fid = None
2026-03-21 04:04:29.509 | INFO     | __main__:<module>:162 - Epoch = 64 / 2000
2026-03-21 04:07:44.790 | INFO     | __main__:<module>:225 - Training time taken = 195.28 seconds, Evaluation time taken = nan seconds, loss = 0.03266, fid = None
2026-03-21 04:07:44.791 | INFO     | __main__:<module>:162 - Epoch = 65 / 2000
2026-03-21 04:10:59.512 | INFO     | __main__:<module>:225 - Training time taken = 194.72 seconds, Evaluation time taken = nan seconds, loss = 0.03332, fid = None
2026-03-21 04:10:59.512 | INFO     | __main__:<module>:162 - Epoch = 66 / 2000
2026-03-21 04:14:14.517 | INFO     | __main__:<module>:225 - Training time taken = 195.0 seconds, Evaluation time taken = nan seconds, loss = 0.03313, fid = None
2026-03-21 04:14:14.517 | INFO     | __main__:<module>:162 - Epoch = 67 / 2000
2026-03-21 04:17:29.890 | INFO     | __main__:<module>:225 - Training time taken = 195.37 seconds, Evaluation time taken = nan seconds, loss = 0.03357, fid = None
2026-03-21 04:17:29.890 | INFO     | __main__:<module>:162 - Epoch = 68 / 2000
2026-03-21 04:20:45.003 | INFO     | __main__:<module>:225 - Training time taken = 195.11 seconds, Evaluation time taken = nan seconds, loss = 0.03366, fid = None
2026-03-21 04:20:45.003 | INFO     | __main__:<module>:162 - Epoch = 69 / 2000
2026-03-21 04:24:00.172 | INFO     | __main__:<module>:225 - Training time taken = 195.17 seconds, Evaluation time taken = nan seconds, loss = 0.03338, fid = None
2026-03-21 04:24:00.172 | INFO     | __main__:<module>:162 - Epoch = 70 / 2000
2026-03-21 04:27:15.713 | INFO     | __main__:<module>:225 - Training time taken = 195.54 seconds, Evaluation time taken = nan seconds, loss = 0.03318, fid = None
2026-03-21 04:27:15.713 | INFO     | __main__:<module>:162 - Epoch = 71 / 2000
2026-03-21 04:30:30.889 | INFO     | __main__:<module>:225 - Training time taken = 195.17 seconds, Evaluation time taken = nan seconds, loss = 0.03311, fid = None
2026-03-21 04:30:30.889 | INFO     | __main__:<module>:162 - Epoch = 72 / 2000
2026-03-21 04:33:45.995 | INFO     | __main__:<module>:225 - Training time taken = 195.1 seconds, Evaluation time taken = nan seconds, loss = 0.0337, fid = None
2026-03-21 04:33:45.995 | INFO     | __main__:<module>:162 - Epoch = 73 / 2000
2026-03-21 04:37:01.372 | INFO     | __main__:<module>:225 - Training time taken = 195.38 seconds, Evaluation time taken = nan seconds, loss = 0.03321, fid = None
2026-03-21 04:37:01.373 | INFO     | __main__:<module>:162 - Epoch = 74 / 2000
2026-03-21 04:40:17.046 | INFO     | __main__:<module>:225 - Training time taken = 195.67 seconds, Evaluation time taken = nan seconds, loss = 0.03308, fid = None
2026-03-21 04:40:17.046 | INFO     | __main__:<module>:162 - Epoch = 75 / 2000
2026-03-21 04:43:32.683 | INFO     | __main__:<module>:225 - Training time taken = 195.64 seconds, Evaluation time taken = nan seconds, loss = 0.03342, fid = None
2026-03-21 04:43:32.683 | INFO     | __main__:<module>:162 - Epoch = 76 / 2000
2026-03-21 04:46:47.714 | INFO     | __main__:<module>:225 - Training time taken = 195.03 seconds, Evaluation time taken = nan seconds, loss = 0.03274, fid = None
2026-03-21 04:46:47.714 | INFO     | __main__:<module>:162 - Epoch = 77 / 2000
2026-03-21 04:50:02.850 | INFO     | __main__:<module>:225 - Training time taken = 195.13 seconds, Evaluation time taken = nan seconds, loss = 0.03272, fid = None
2026-03-21 04:50:02.850 | INFO     | __main__:<module>:162 - Epoch = 78 / 2000
2026-03-21 04:53:17.988 | INFO     | __main__:<module>:225 - Training time taken = 195.14 seconds, Evaluation time taken = nan seconds, loss = 0.03319, fid = None
2026-03-21 04:53:17.988 | INFO     | __main__:<module>:162 - Epoch = 79 / 2000
2026-03-21 04:56:32.835 | INFO     | __main__:<module>:225 - Training time taken = 194.85 seconds, Evaluation time taken = nan seconds, loss = 0.03317, fid = None
2026-03-21 04:56:32.836 | INFO     | __main__:<module>:162 - Epoch = 80 / 2000
2026-03-21 04:59:47.827 | INFO     | __main__:<module>:225 - Training time taken = 194.99 seconds, Evaluation time taken = nan seconds, loss = 0.03295, fid = None
2026-03-21 04:59:47.827 | INFO     | __main__:<module>:162 - Epoch = 81 / 2000
2026-03-21 05:03:03.149 | INFO     | __main__:<module>:225 - Training time taken = 195.32 seconds, Evaluation time taken = nan seconds, loss = 0.03286, fid = None
2026-03-21 05:03:03.150 | INFO     | __main__:<module>:162 - Epoch = 82 / 2000
2026-03-21 05:06:18.138 | INFO     | __main__:<module>:225 - Training time taken = 194.99 seconds, Evaluation time taken = nan seconds, loss = 0.03235, fid = None
2026-03-21 05:06:18.138 | INFO     | __main__:<module>:162 - Epoch = 83 / 2000
2026-03-21 05:09:33.203 | INFO     | __main__:<module>:225 - Training time taken = 195.06 seconds, Evaluation time taken = nan seconds, loss = 0.033, fid = None
2026-03-21 05:09:33.203 | INFO     | __main__:<module>:162 - Epoch = 84 / 2000
2026-03-21 05:12:48.439 | INFO     | __main__:<module>:225 - Training time taken = 195.23 seconds, Evaluation time taken = nan seconds, loss = 0.03257, fid = None
2026-03-21 05:12:48.440 | INFO     | __main__:<module>:162 - Epoch = 85 / 2000
2026-03-21 05:16:03.336 | INFO     | __main__:<module>:225 - Training time taken = 194.89 seconds, Evaluation time taken = nan seconds, loss = 0.0328, fid = None
2026-03-21 05:16:03.336 | INFO     | __main__:<module>:162 - Epoch = 86 / 2000
2026-03-21 05:19:18.085 | INFO     | __main__:<module>:225 - Training time taken = 194.75 seconds, Evaluation time taken = nan seconds, loss = 0.03381, fid = None
2026-03-21 05:19:18.086 | INFO     | __main__:<module>:162 - Epoch = 87 / 2000
2026-03-21 05:22:33.467 | INFO     | __main__:<module>:225 - Training time taken = 195.38 seconds, Evaluation time taken = nan seconds, loss = 0.03261, fid = None
2026-03-21 05:22:33.468 | INFO     | __main__:<module>:162 - Epoch = 88 / 2000
2026-03-21 05:25:48.426 | INFO     | __main__:<module>:225 - Training time taken = 194.96 seconds, Evaluation time taken = nan seconds, loss = 0.0331, fid = None
2026-03-21 05:25:48.426 | INFO     | __main__:<module>:162 - Epoch = 89 / 2000
2026-03-21 05:29:03.302 | INFO     | __main__:<module>:225 - Training time taken = 194.87 seconds, Evaluation time taken = nan seconds, loss = 0.03248, fid = None
2026-03-21 05:29:03.303 | INFO     | __main__:<module>:162 - Epoch = 90 / 2000
2026-03-21 05:32:17.880 | INFO     | __main__:<module>:225 - Training time taken = 194.58 seconds, Evaluation time taken = nan seconds, loss = 0.03225, fid = None
2026-03-21 05:32:17.880 | INFO     | __main__:<module>:162 - Epoch = 91 / 2000
2026-03-21 05:35:33.124 | INFO     | __main__:<module>:225 - Training time taken = 195.24 seconds, Evaluation time taken = nan seconds, loss = 0.03256, fid = None
2026-03-21 05:35:33.124 | INFO     | __main__:<module>:162 - Epoch = 92 / 2000
2026-03-21 05:38:48.250 | INFO     | __main__:<module>:225 - Training time taken = 195.12 seconds, Evaluation time taken = nan seconds, loss = 0.03192, fid = None
2026-03-21 05:38:48.251 | INFO     | __main__:<module>:162 - Epoch = 93 / 2000
2026-03-21 05:42:02.848 | INFO     | __main__:<module>:225 - Training time taken = 194.6 seconds, Evaluation time taken = nan seconds, loss = 0.03273, fid = None
2026-03-21 05:42:02.849 | INFO     | __main__:<module>:162 - Epoch = 94 / 2000
2026-03-21 05:45:17.564 | INFO     | __main__:<module>:225 - Training time taken = 194.71 seconds, Evaluation time taken = nan seconds, loss = 0.03255, fid = None
2026-03-21 05:45:17.565 | INFO     | __main__:<module>:162 - Epoch = 95 / 2000
2026-03-21 05:48:33.077 | INFO     | __main__:<module>:225 - Training time taken = 195.51 seconds, Evaluation time taken = nan seconds, loss = 0.03273, fid = None
2026-03-21 05:48:33.078 | INFO     | __main__:<module>:162 - Epoch = 96 / 2000
2026-03-21 05:51:48.436 | INFO     | __main__:<module>:225 - Training time taken = 195.36 seconds, Evaluation time taken = nan seconds, loss = 0.03228, fid = None
2026-03-21 05:51:48.436 | INFO     | __main__:<module>:162 - Epoch = 97 / 2000
2026-03-21 05:55:03.572 | INFO     | __main__:<module>:225 - Training time taken = 195.13 seconds, Evaluation time taken = nan seconds, loss = 0.03242, fid = None
2026-03-21 05:55:03.573 | INFO     | __main__:<module>:162 - Epoch = 98 / 2000
2026-03-21 05:58:18.900 | INFO     | __main__:<module>:225 - Training time taken = 195.33 seconds, Evaluation time taken = nan seconds, loss = 0.03225, fid = None
2026-03-21 05:58:18.901 | INFO     | __main__:<module>:162 - Epoch = 99 / 2000
2026-03-21 06:01:33.704 | INFO     | __main__:<module>:225 - Training time taken = 194.8 seconds, Evaluation time taken = nan seconds, loss = 0.03222, fid = None
2026-03-21 06:01:33.705 | INFO     | __main__:<module>:162 - Epoch = 100 / 2000
2026-03-21 06:04:48.818 | INFO     | __main__:<module>:225 - Training time taken = 195.11 seconds, Evaluation time taken = nan seconds, loss = 0.0327, fid = None
2026-03-21 06:04:48.818 | INFO     | __main__:<module>:162 - Epoch = 101 / 2000
2026-03-21 06:08:03.914 | INFO     | __main__:<module>:225 - Training time taken = 195.09 seconds, Evaluation time taken = nan seconds, loss = 0.03212, fid = None
2026-03-21 06:08:03.914 | INFO     | __main__:<module>:162 - Epoch = 102 / 2000
2026-03-21 06:11:18.813 | INFO     | __main__:<module>:225 - Training time taken = 194.9 seconds, Evaluation time taken = nan seconds, loss = 0.03194, fid = None
2026-03-21 06:11:18.813 | INFO     | __main__:<module>:162 - Epoch = 103 / 2000
2026-03-21 06:14:34.039 | INFO     | __main__:<module>:225 - Training time taken = 195.22 seconds, Evaluation time taken = nan seconds, loss = 0.03253, fid = None
2026-03-21 06:14:34.039 | INFO     | __main__:<module>:162 - Epoch = 104 / 2000
2026-03-21 06:17:48.805 | INFO     | __main__:<module>:225 - Training time taken = 194.76 seconds, Evaluation time taken = nan seconds, loss = 0.03212, fid = None
2026-03-21 06:17:48.805 | INFO     | __main__:<module>:162 - Epoch = 105 / 2000
2026-03-21 06:21:03.317 | INFO     | __main__:<module>:225 - Training time taken = 194.51 seconds, Evaluation time taken = nan seconds, loss = 0.03217, fid = None
2026-03-21 06:21:03.317 | INFO     | __main__:<module>:162 - Epoch = 106 / 2000
2026-03-21 06:24:18.281 | INFO     | __main__:<module>:225 - Training time taken = 194.96 seconds, Evaluation time taken = nan seconds, loss = 0.03204, fid = None
2026-03-21 06:24:18.282 | INFO     | __main__:<module>:162 - Epoch = 107 / 2000
2026-03-21 06:27:33.378 | INFO     | __main__:<module>:225 - Training time taken = 195.09 seconds, Evaluation time taken = nan seconds, loss = 0.03164, fid = None
2026-03-21 06:27:33.378 | INFO     | __main__:<module>:162 - Epoch = 108 / 2000
2026-03-21 06:30:47.996 | INFO     | __main__:<module>:225 - Training time taken = 194.62 seconds, Evaluation time taken = nan seconds, loss = 0.03279, fid = None
2026-03-21 06:30:47.996 | INFO     | __main__:<module>:162 - Epoch = 109 / 2000
2026-03-21 06:34:02.964 | INFO     | __main__:<module>:225 - Training time taken = 194.97 seconds, Evaluation time taken = nan seconds, loss = 0.03182, fid = None
2026-03-21 06:34:02.964 | INFO     | __main__:<module>:162 - Epoch = 110 / 2000
2026-03-21 06:37:17.983 | INFO     | __main__:<module>:225 - Training time taken = 195.02 seconds, Evaluation time taken = nan seconds, loss = 0.03219, fid = None
2026-03-21 06:37:17.983 | INFO     | __main__:<module>:162 - Epoch = 111 / 2000
2026-03-21 06:40:33.245 | INFO     | __main__:<module>:225 - Training time taken = 195.26 seconds, Evaluation time taken = nan seconds, loss = 0.03244, fid = None
2026-03-21 06:40:33.245 | INFO     | __main__:<module>:162 - Epoch = 112 / 2000
2026-03-21 06:43:47.975 | INFO     | __main__:<module>:225 - Training time taken = 194.73 seconds, Evaluation time taken = nan seconds, loss = 0.03203, fid = None
2026-03-21 06:43:47.976 | INFO     | __main__:<module>:162 - Epoch = 113 / 2000
2026-03-21 06:47:03.043 | INFO     | __main__:<module>:225 - Training time taken = 195.07 seconds, Evaluation time taken = nan seconds, loss = 0.03222, fid = None
2026-03-21 06:47:03.043 | INFO     | __main__:<module>:162 - Epoch = 114 / 2000
2026-03-21 06:50:17.580 | INFO     | __main__:<module>:225 - Training time taken = 194.53 seconds, Evaluation time taken = nan seconds, loss = 0.03189, fid = None
2026-03-21 06:50:17.580 | INFO     | __main__:<module>:162 - Epoch = 115 / 2000
2026-03-21 06:53:32.640 | INFO     | __main__:<module>:225 - Training time taken = 195.06 seconds, Evaluation time taken = nan seconds, loss = 0.03229, fid = None
2026-03-21 06:53:32.641 | INFO     | __main__:<module>:162 - Epoch = 116 / 2000
2026-03-21 06:56:47.536 | INFO     | __main__:<module>:225 - Training time taken = 194.89 seconds, Evaluation time taken = nan seconds, loss = 0.03213, fid = None
2026-03-21 06:56:47.537 | INFO     | __main__:<module>:162 - Epoch = 117 / 2000
2026-03-21 07:00:02.230 | INFO     | __main__:<module>:225 - Training time taken = 194.69 seconds, Evaluation time taken = nan seconds, loss = 0.03214, fid = None
2026-03-21 07:00:02.230 | INFO     | __main__:<module>:162 - Epoch = 118 / 2000
2026-03-21 07:03:17.211 | INFO     | __main__:<module>:225 - Training time taken = 194.98 seconds, Evaluation time taken = nan seconds, loss = 0.03248, fid = None
2026-03-21 07:03:17.211 | INFO     | __main__:<module>:162 - Epoch = 119 / 2000
2026-03-21 07:06:32.364 | INFO     | __main__:<module>:225 - Training time taken = 195.15 seconds, Evaluation time taken = nan seconds, loss = 0.03231, fid = None
2026-03-21 07:06:32.364 | INFO     | __main__:<module>:162 - Epoch = 120 / 2000
2026-03-21 07:09:46.568 | INFO     | __main__:<module>:225 - Training time taken = 194.2 seconds, Evaluation time taken = nan seconds, loss = 0.03219, fid = None
2026-03-21 07:09:46.568 | INFO     | __main__:<module>:162 - Epoch = 121 / 2000
2026-03-21 07:13:01.553 | INFO     | __main__:<module>:225 - Training time taken = 194.98 seconds, Evaluation time taken = nan seconds, loss = 0.03231, fid = None
2026-03-21 07:13:01.553 | INFO     | __main__:<module>:162 - Epoch = 122 / 2000
2026-03-21 07:16:16.898 | INFO     | __main__:<module>:225 - Training time taken = 195.34 seconds, Evaluation time taken = nan seconds, loss = 0.03197, fid = None
2026-03-21 07:16:16.898 | INFO     | __main__:<module>:162 - Epoch = 123 / 2000
2026-03-21 07:19:31.940 | INFO     | __main__:<module>:225 - Training time taken = 195.04 seconds, Evaluation time taken = nan seconds, loss = 0.03231, fid = None
2026-03-21 07:19:31.941 | INFO     | __main__:<module>:162 - Epoch = 124 / 2000
2026-03-21 07:22:46.847 | INFO     | __main__:<module>:225 - Training time taken = 194.9 seconds, Evaluation time taken = nan seconds, loss = 0.03227, fid = None
2026-03-21 07:22:46.848 | INFO     | __main__:<module>:162 - Epoch = 125 / 2000
2026-03-21 07:26:01.477 | INFO     | __main__:<module>:225 - Training time taken = 194.63 seconds, Evaluation time taken = nan seconds, loss = 0.03217, fid = None
2026-03-21 07:26:01.478 | INFO     | __main__:<module>:162 - Epoch = 126 / 2000
2026-03-21 07:29:16.688 | INFO     | __main__:<module>:225 - Training time taken = 195.21 seconds, Evaluation time taken = nan seconds, loss = 0.03209, fid = None
2026-03-21 07:29:16.688 | INFO     | __main__:<module>:162 - Epoch = 127 / 2000
2026-03-21 07:32:31.834 | INFO     | __main__:<module>:225 - Training time taken = 195.14 seconds, Evaluation time taken = nan seconds, loss = 0.03221, fid = None
2026-03-21 07:32:31.835 | INFO     | __main__:<module>:162 - Epoch = 128 / 2000
2026-03-21 07:35:46.897 | INFO     | __main__:<module>:225 - Training time taken = 195.06 seconds, Evaluation time taken = nan seconds, loss = 0.03207, fid = None
2026-03-21 07:35:46.897 | INFO     | __main__:<module>:162 - Epoch = 129 / 2000
2026-03-21 07:39:02.151 | INFO     | __main__:<module>:225 - Training time taken = 195.25 seconds, Evaluation time taken = nan seconds, loss = 0.03194, fid = None
2026-03-21 07:39:02.151 | INFO     | __main__:<module>:162 - Epoch = 130 / 2000
2026-03-21 07:42:17.183 | INFO     | __main__:<module>:225 - Training time taken = 195.03 seconds, Evaluation time taken = nan seconds, loss = 0.03163, fid = None
2026-03-21 07:42:17.183 | INFO     | __main__:<module>:162 - Epoch = 131 / 2000
2026-03-21 07:45:32.030 | INFO     | __main__:<module>:225 - Training time taken = 194.84 seconds, Evaluation time taken = nan seconds, loss = 0.03229, fid = None
2026-03-21 07:45:32.031 | INFO     | __main__:<module>:162 - Epoch = 132 / 2000
2026-03-21 07:48:47.144 | INFO     | __main__:<module>:225 - Training time taken = 195.11 seconds, Evaluation time taken = nan seconds, loss = 0.03184, fid = None
2026-03-21 07:48:47.144 | INFO     | __main__:<module>:162 - Epoch = 133 / 2000
2026-03-21 07:52:02.413 | INFO     | __main__:<module>:225 - Training time taken = 195.27 seconds, Evaluation time taken = nan seconds, loss = 0.03152, fid = None
2026-03-21 07:52:02.414 | INFO     | __main__:<module>:162 - Epoch = 134 / 2000
2026-03-21 07:55:17.311 | INFO     | __main__:<module>:225 - Training time taken = 194.89 seconds, Evaluation time taken = nan seconds, loss = 0.03239, fid = None
2026-03-21 07:55:17.311 | INFO     | __main__:<module>:162 - Epoch = 135 / 2000
2026-03-21 07:58:32.757 | INFO     | __main__:<module>:225 - Training time taken = 195.44 seconds, Evaluation time taken = nan seconds, loss = 0.03256, fid = None
2026-03-21 07:58:32.757 | INFO     | __main__:<module>:162 - Epoch = 136 / 2000
2026-03-21 08:01:48.028 | INFO     | __main__:<module>:225 - Training time taken = 195.27 seconds, Evaluation time taken = nan seconds, loss = 0.0318, fid = None
2026-03-21 08:01:48.029 | INFO     | __main__:<module>:162 - Epoch = 137 / 2000
2026-03-21 08:05:02.893 | INFO     | __main__:<module>:225 - Training time taken = 194.86 seconds, Evaluation time taken = nan seconds, loss = 0.03194, fid = None
2026-03-21 08:05:02.893 | INFO     | __main__:<module>:162 - Epoch = 138 / 2000
2026-03-21 08:08:18.218 | INFO     | __main__:<module>:225 - Training time taken = 195.32 seconds, Evaluation time taken = nan seconds, loss = 0.03215, fid = None
2026-03-21 08:08:18.218 | INFO     | __main__:<module>:162 - Epoch = 139 / 2000
2026-03-21 08:11:34.479 | INFO     | __main__:<module>:225 - Training time taken = 196.26 seconds, Evaluation time taken = nan seconds, loss = 0.03213, fid = None
2026-03-21 08:11:34.479 | INFO     | __main__:<module>:162 - Epoch = 140 / 2000
2026-03-21 08:14:49.708 | INFO     | __main__:<module>:225 - Training time taken = 195.23 seconds, Evaluation time taken = nan seconds, loss = 0.03217, fid = None
2026-03-21 08:14:49.708 | INFO     | __main__:<module>:162 - Epoch = 141 / 2000
2026-03-21 08:18:04.536 | INFO     | __main__:<module>:225 - Training time taken = 194.83 seconds, Evaluation time taken = nan seconds, loss = 0.03241, fid = None
2026-03-21 08:18:04.536 | INFO     | __main__:<module>:162 - Epoch = 142 / 2000
2026-03-21 08:21:19.712 | INFO     | __main__:<module>:225 - Training time taken = 195.17 seconds, Evaluation time taken = nan seconds, loss = 0.03155, fid = None
2026-03-21 08:21:19.712 | INFO     | __main__:<module>:162 - Epoch = 143 / 2000
2026-03-21 08:24:34.817 | INFO     | __main__:<module>:225 - Training time taken = 195.1 seconds, Evaluation time taken = nan seconds, loss = 0.0326, fid = None
2026-03-21 08:24:34.818 | INFO     | __main__:<module>:162 - Epoch = 144 / 2000
2026-03-21 08:27:49.771 | INFO     | __main__:<module>:225 - Training time taken = 194.95 seconds, Evaluation time taken = nan seconds, loss = 0.03173, fid = None
2026-03-21 08:27:49.772 | INFO     | __main__:<module>:162 - Epoch = 145 / 2000
2026-03-21 08:31:04.242 | INFO     | __main__:<module>:225 - Training time taken = 194.47 seconds, Evaluation time taken = nan seconds, loss = 0.03194, fid = None
2026-03-21 08:31:04.242 | INFO     | __main__:<module>:162 - Epoch = 146 / 2000
2026-03-21 08:34:20.022 | INFO     | __main__:<module>:225 - Training time taken = 195.78 seconds, Evaluation time taken = nan seconds, loss = 0.03173, fid = None
2026-03-21 08:34:20.023 | INFO     | __main__:<module>:162 - Epoch = 147 / 2000
2026-03-21 08:37:36.695 | INFO     | __main__:<module>:225 - Training time taken = 196.67 seconds, Evaluation time taken = nan seconds, loss = 0.03229, fid = None
2026-03-21 08:37:36.696 | INFO     | __main__:<module>:162 - Epoch = 148 / 2000
2026-03-21 08:40:54.812 | INFO     | __main__:<module>:225 - Training time taken = 198.12 seconds, Evaluation time taken = nan seconds, loss = 0.03212, fid = None
2026-03-21 08:40:54.813 | INFO     | __main__:<module>:162 - Epoch = 149 / 2000
2026-03-21 08:44:11.547 | INFO     | __main__:<module>:225 - Training time taken = 196.73 seconds, Evaluation time taken = nan seconds, loss = 0.03154, fid = None
2026-03-21 08:44:11.547 | INFO     | __main__:<module>:162 - Epoch = 150 / 2000
2026-03-21 08:47:26.847 | INFO     | __main__:<module>:225 - Training time taken = 195.3 seconds, Evaluation time taken = nan seconds, loss = 0.03184, fid = None
2026-03-21 08:47:26.848 | INFO     | __main__:<module>:162 - Epoch = 151 / 2000
2026-03-21 08:50:42.240 | INFO     | __main__:<module>:225 - Training time taken = 195.39 seconds, Evaluation time taken = nan seconds, loss = 0.03146, fid = None
2026-03-21 08:50:42.241 | INFO     | __main__:<module>:162 - Epoch = 152 / 2000
2026-03-21 08:53:59.037 | INFO     | __main__:<module>:225 - Training time taken = 196.79 seconds, Evaluation time taken = nan seconds, loss = 0.03152, fid = None
2026-03-21 08:53:59.037 | INFO     | __main__:<module>:162 - Epoch = 153 / 2000
2026-03-21 08:57:16.240 | INFO     | __main__:<module>:225 - Training time taken = 197.2 seconds, Evaluation time taken = nan seconds, loss = 0.03175, fid = None
2026-03-21 08:57:16.240 | INFO     | __main__:<module>:162 - Epoch = 154 / 2000
2026-03-21 09:00:33.626 | INFO     | __main__:<module>:225 - Training time taken = 197.38 seconds, Evaluation time taken = nan seconds, loss = 0.03122, fid = None
2026-03-21 09:00:33.627 | INFO     | __main__:<module>:162 - Epoch = 155 / 2000
2026-03-21 09:03:51.037 | INFO     | __main__:<module>:225 - Training time taken = 197.41 seconds, Evaluation time taken = nan seconds, loss = 0.0315, fid = None
2026-03-21 09:03:51.038 | INFO     | __main__:<module>:162 - Epoch = 156 / 2000
2026-03-21 09:07:08.534 | INFO     | __main__:<module>:225 - Training time taken = 197.49 seconds, Evaluation time taken = nan seconds, loss = 0.03169, fid = None
2026-03-21 09:07:08.535 | INFO     | __main__:<module>:162 - Epoch = 157 / 2000
2026-03-21 09:10:25.900 | INFO     | __main__:<module>:225 - Training time taken = 197.36 seconds, Evaluation time taken = nan seconds, loss = 0.0313, fid = None
2026-03-21 09:10:25.900 | INFO     | __main__:<module>:162 - Epoch = 158 / 2000
2026-03-21 09:13:43.317 | INFO     | __main__:<module>:225 - Training time taken = 197.41 seconds, Evaluation time taken = nan seconds, loss = 0.03159, fid = None
2026-03-21 09:13:43.317 | INFO     | __main__:<module>:162 - Epoch = 159 / 2000
2026-03-21 09:17:00.243 | INFO     | __main__:<module>:225 - Training time taken = 196.92 seconds, Evaluation time taken = nan seconds, loss = 0.03192, fid = None
2026-03-21 09:17:00.243 | INFO     | __main__:<module>:162 - Epoch = 160 / 2000
2026-03-21 09:20:16.993 | INFO     | __main__:<module>:225 - Training time taken = 196.75 seconds, Evaluation time taken = nan seconds, loss = 0.0312, fid = None
2026-03-21 09:20:16.994 | INFO     | __main__:<module>:162 - Epoch = 161 / 2000
2026-03-21 09:23:34.449 | INFO     | __main__:<module>:225 - Training time taken = 197.45 seconds, Evaluation time taken = nan seconds, loss = 0.03167, fid = None
2026-03-21 09:23:34.449 | INFO     | __main__:<module>:162 - Epoch = 162 / 2000
2026-03-21 09:26:51.848 | INFO     | __main__:<module>:225 - Training time taken = 197.4 seconds, Evaluation time taken = nan seconds, loss = 0.03153, fid = None
2026-03-21 09:26:51.849 | INFO     | __main__:<module>:162 - Epoch = 163 / 2000
2026-03-21 09:30:09.201 | INFO     | __main__:<module>:225 - Training time taken = 197.35 seconds, Evaluation time taken = nan seconds, loss = 0.03162, fid = None
2026-03-21 09:30:09.201 | INFO     | __main__:<module>:162 - Epoch = 164 / 2000
2026-03-21 09:33:26.674 | INFO     | __main__:<module>:225 - Training time taken = 197.47 seconds, Evaluation time taken = nan seconds, loss = 0.03131, fid = None
2026-03-21 09:33:26.675 | INFO     | __main__:<module>:162 - Epoch = 165 / 2000
2026-03-21 09:36:44.162 | INFO     | __main__:<module>:225 - Training time taken = 197.49 seconds, Evaluation time taken = nan seconds, loss = 0.03228, fid = None
2026-03-21 09:36:44.163 | INFO     | __main__:<module>:162 - Epoch = 166 / 2000
2026-03-21 09:40:01.644 | INFO     | __main__:<module>:225 - Training time taken = 197.48 seconds, Evaluation time taken = nan seconds, loss = 0.03147, fid = None
2026-03-21 09:40:01.644 | INFO     | __main__:<module>:162 - Epoch = 167 / 2000
2026-03-21 09:43:19.103 | INFO     | __main__:<module>:225 - Training time taken = 197.46 seconds, Evaluation time taken = nan seconds, loss = 0.03156, fid = None
2026-03-21 09:43:19.103 | INFO     | __main__:<module>:162 - Epoch = 168 / 2000
2026-03-21 09:46:36.583 | INFO     | __main__:<module>:225 - Training time taken = 197.48 seconds, Evaluation time taken = nan seconds, loss = 0.03128, fid = None
2026-03-21 09:46:36.584 | INFO     | __main__:<module>:162 - Epoch = 169 / 2000
2026-03-21 09:49:54.052 | INFO     | __main__:<module>:225 - Training time taken = 197.47 seconds, Evaluation time taken = nan seconds, loss = 0.03165, fid = None
2026-03-21 09:49:54.053 | INFO     | __main__:<module>:162 - Epoch = 170 / 2000
2026-03-21 09:53:11.189 | INFO     | __main__:<module>:225 - Training time taken = 197.13 seconds, Evaluation time taken = nan seconds, loss = 0.03154, fid = None
2026-03-21 09:53:11.190 | INFO     | __main__:<module>:162 - Epoch = 171 / 2000
2026-03-21 09:56:28.516 | INFO     | __main__:<module>:225 - Training time taken = 197.32 seconds, Evaluation time taken = nan seconds, loss = 0.0319, fid = None
2026-03-21 09:56:28.517 | INFO     | __main__:<module>:162 - Epoch = 172 / 2000
2026-03-21 09:59:45.759 | INFO     | __main__:<module>:225 - Training time taken = 197.24 seconds, Evaluation time taken = nan seconds, loss = 0.03169, fid = None
2026-03-21 09:59:45.760 | INFO     | __main__:<module>:162 - Epoch = 173 / 2000
2026-03-21 10:03:03.072 | INFO     | __main__:<module>:225 - Training time taken = 197.31 seconds, Evaluation time taken = nan seconds, loss = 0.03172, fid = None
2026-03-21 10:03:03.073 | INFO     | __main__:<module>:162 - Epoch = 174 / 2000
2026-03-21 10:06:20.598 | INFO     | __main__:<module>:225 - Training time taken = 197.52 seconds, Evaluation time taken = nan seconds, loss = 0.03146, fid = None
2026-03-21 10:06:20.598 | INFO     | __main__:<module>:162 - Epoch = 175 / 2000
2026-03-21 10:09:38.060 | INFO     | __main__:<module>:225 - Training time taken = 197.46 seconds, Evaluation time taken = nan seconds, loss = 0.03139, fid = None
2026-03-21 10:09:38.060 | INFO     | __main__:<module>:162 - Epoch = 176 / 2000
2026-03-21 10:12:55.440 | INFO     | __main__:<module>:225 - Training time taken = 197.38 seconds, Evaluation time taken = nan seconds, loss = 0.0319, fid = None
2026-03-21 10:12:55.441 | INFO     | __main__:<module>:162 - Epoch = 177 / 2000
2026-03-21 10:16:12.872 | INFO     | __main__:<module>:225 - Training time taken = 197.43 seconds, Evaluation time taken = nan seconds, loss = 0.03171, fid = None
2026-03-21 10:16:12.872 | INFO     | __main__:<module>:162 - Epoch = 178 / 2000
2026-03-21 10:19:30.180 | INFO     | __main__:<module>:225 - Training time taken = 197.31 seconds, Evaluation time taken = nan seconds, loss = 0.03147, fid = None
2026-03-21 10:19:30.180 | INFO     | __main__:<module>:162 - Epoch = 179 / 2000
2026-03-21 10:22:47.632 | INFO     | __main__:<module>:225 - Training time taken = 197.45 seconds, Evaluation time taken = nan seconds, loss = 0.03131, fid = None
2026-03-21 10:22:47.633 | INFO     | __main__:<module>:162 - Epoch = 180 / 2000
2026-03-21 10:26:05.051 | INFO     | __main__:<module>:225 - Training time taken = 197.42 seconds, Evaluation time taken = nan seconds, loss = 0.03139, fid = None
2026-03-21 10:26:05.051 | INFO     | __main__:<module>:162 - Epoch = 181 / 2000
2026-03-21 10:29:22.583 | INFO     | __main__:<module>:225 - Training time taken = 197.53 seconds, Evaluation time taken = nan seconds, loss = 0.03145, fid = None
2026-03-21 10:29:22.584 | INFO     | __main__:<module>:162 - Epoch = 182 / 2000
2026-03-21 10:32:39.984 | INFO     | __main__:<module>:225 - Training time taken = 197.4 seconds, Evaluation time taken = nan seconds, loss = 0.03157, fid = None
2026-03-21 10:32:39.984 | INFO     | __main__:<module>:162 - Epoch = 183 / 2000
2026-03-21 10:35:57.537 | INFO     | __main__:<module>:225 - Training time taken = 197.55 seconds, Evaluation time taken = nan seconds, loss = 0.03125, fid = None
2026-03-21 10:35:57.537 | INFO     | __main__:<module>:162 - Epoch = 184 / 2000
2026-03-21 10:39:14.862 | INFO     | __main__:<module>:225 - Training time taken = 197.32 seconds, Evaluation time taken = nan seconds, loss = 0.03063, fid = None
2026-03-21 10:39:14.862 | INFO     | __main__:<module>:162 - Epoch = 185 / 2000
2026-03-21 10:42:32.164 | INFO     | __main__:<module>:225 - Training time taken = 197.3 seconds, Evaluation time taken = nan seconds, loss = 0.0313, fid = None
2026-03-21 10:42:32.164 | INFO     | __main__:<module>:162 - Epoch = 186 / 2000
2026-03-21 10:45:49.444 | INFO     | __main__:<module>:225 - Training time taken = 197.28 seconds, Evaluation time taken = nan seconds, loss = 0.03122, fid = None
2026-03-21 10:45:49.444 | INFO     | __main__:<module>:162 - Epoch = 187 / 2000
2026-03-21 10:49:06.750 | INFO     | __main__:<module>:225 - Training time taken = 197.3 seconds, Evaluation time taken = nan seconds, loss = 0.03139, fid = None
2026-03-21 10:49:06.751 | INFO     | __main__:<module>:162 - Epoch = 188 / 2000
2026-03-21 10:52:24.180 | INFO     | __main__:<module>:225 - Training time taken = 197.43 seconds, Evaluation time taken = nan seconds, loss = 0.03164, fid = None
2026-03-21 10:52:24.180 | INFO     | __main__:<module>:162 - Epoch = 189 / 2000
2026-03-21 10:55:41.486 | INFO     | __main__:<module>:225 - Training time taken = 197.3 seconds, Evaluation time taken = nan seconds, loss = 0.03183, fid = None
2026-03-21 10:55:41.486 | INFO     | __main__:<module>:162 - Epoch = 190 / 2000
2026-03-21 10:58:58.910 | INFO     | __main__:<module>:225 - Training time taken = 197.42 seconds, Evaluation time taken = nan seconds, loss = 0.03155, fid = None
2026-03-21 10:58:58.910 | INFO     | __main__:<module>:162 - Epoch = 191 / 2000
2026-03-21 11:02:16.370 | INFO     | __main__:<module>:225 - Training time taken = 197.46 seconds, Evaluation time taken = nan seconds, loss = 0.03192, fid = None
2026-03-21 11:02:16.371 | INFO     | __main__:<module>:162 - Epoch = 192 / 2000
2026-03-21 11:05:33.740 | INFO     | __main__:<module>:225 - Training time taken = 197.37 seconds, Evaluation time taken = nan seconds, loss = 0.03144, fid = None
2026-03-21 11:05:33.740 | INFO     | __main__:<module>:162 - Epoch = 193 / 2000
2026-03-21 11:08:50.514 | INFO     | __main__:<module>:225 - Training time taken = 196.77 seconds, Evaluation time taken = nan seconds, loss = 0.03145, fid = None
2026-03-21 11:08:50.514 | INFO     | __main__:<module>:162 - Epoch = 194 / 2000
2026-03-21 11:12:07.805 | INFO     | __main__:<module>:225 - Training time taken = 197.29 seconds, Evaluation time taken = nan seconds, loss = 0.03151, fid = None
2026-03-21 11:12:07.805 | INFO     | __main__:<module>:162 - Epoch = 195 / 2000
2026-03-21 11:15:25.133 | INFO     | __main__:<module>:225 - Training time taken = 197.33 seconds, Evaluation time taken = nan seconds, loss = 0.03102, fid = None
2026-03-21 11:15:25.134 | INFO     | __main__:<module>:162 - Epoch = 196 / 2000
2026-03-21 11:18:42.503 | INFO     | __main__:<module>:225 - Training time taken = 197.37 seconds, Evaluation time taken = nan seconds, loss = 0.0315, fid = None
2026-03-21 11:18:42.503 | INFO     | __main__:<module>:162 - Epoch = 197 / 2000
2026-03-21 11:21:59.998 | INFO     | __main__:<module>:225 - Training time taken = 197.49 seconds, Evaluation time taken = nan seconds, loss = 0.03141, fid = None
2026-03-21 11:21:59.998 | INFO     | __main__:<module>:162 - Epoch = 198 / 2000
2026-03-21 11:25:17.470 | INFO     | __main__:<module>:225 - Training time taken = 197.47 seconds, Evaluation time taken = nan seconds, loss = 0.03131, fid = None
2026-03-21 11:25:17.470 | INFO     | __main__:<module>:162 - Epoch = 199 / 2000
2026-03-21 11:28:35.123 | INFO     | __main__:<module>:225 - Training time taken = 197.65 seconds, Evaluation time taken = nan seconds, loss = 0.03179, fid = None
2026-03-21 11:28:35.124 | INFO     | __main__:<module>:162 - Epoch = 200 / 2000
2026-03-21 11:31:52.448 | INFO     | __main__:<module>:225 - Training time taken = 197.32 seconds, Evaluation time taken = nan seconds, loss = 0.03098, fid = None
2026-03-21 11:31:52.448 | INFO     | __main__:<module>:162 - Epoch = 201 / 2000
2026-03-21 11:35:09.503 | INFO     | __main__:<module>:225 - Training time taken = 197.05 seconds, Evaluation time taken = nan seconds, loss = 0.03155, fid = None
2026-03-21 11:35:09.503 | INFO     | __main__:<module>:162 - Epoch = 202 / 2000
2026-03-21 11:38:26.643 | INFO     | __main__:<module>:225 - Training time taken = 197.14 seconds, Evaluation time taken = nan seconds, loss = 0.0314, fid = None
2026-03-21 11:38:26.643 | INFO     | __main__:<module>:162 - Epoch = 203 / 2000
2026-03-21 11:41:44.185 | INFO     | __main__:<module>:225 - Training time taken = 197.54 seconds, Evaluation time taken = nan seconds, loss = 0.0312, fid = None
2026-03-21 11:41:44.185 | INFO     | __main__:<module>:162 - Epoch = 204 / 2000
2026-03-21 11:45:01.737 | INFO     | __main__:<module>:225 - Training time taken = 197.55 seconds, Evaluation time taken = nan seconds, loss = 0.03143, fid = None
2026-03-21 11:45:01.738 | INFO     | __main__:<module>:162 - Epoch = 205 / 2000
2026-03-21 11:48:19.195 | INFO     | __main__:<module>:225 - Training time taken = 197.45 seconds, Evaluation time taken = nan seconds, loss = 0.031, fid = None
2026-03-21 11:48:19.195 | INFO     | __main__:<module>:162 - Epoch = 206 / 2000
2026-03-21 11:51:36.644 | INFO     | __main__:<module>:225 - Training time taken = 197.45 seconds, Evaluation time taken = nan seconds, loss = 0.03115, fid = None
2026-03-21 11:51:36.644 | INFO     | __main__:<module>:162 - Epoch = 207 / 2000
2026-03-21 11:54:54.066 | INFO     | __main__:<module>:225 - Training time taken = 197.42 seconds, Evaluation time taken = nan seconds, loss = 0.03144, fid = None
2026-03-21 11:54:54.067 | INFO     | __main__:<module>:162 - Epoch = 208 / 2000
2026-03-21 11:58:11.288 | INFO     | __main__:<module>:225 - Training time taken = 197.22 seconds, Evaluation time taken = nan seconds, loss = 0.03163, fid = None
2026-03-21 11:58:11.288 | INFO     | __main__:<module>:162 - Epoch = 209 / 2000
2026-03-21 12:01:28.541 | INFO     | __main__:<module>:225 - Training time taken = 197.25 seconds, Evaluation time taken = nan seconds, loss = 0.03125, fid = None
2026-03-21 12:01:28.541 | INFO     | __main__:<module>:162 - Epoch = 210 / 2000
2026-03-21 12:04:45.784 | INFO     | __main__:<module>:225 - Training time taken = 197.24 seconds, Evaluation time taken = nan seconds, loss = 0.03141, fid = None
2026-03-21 12:04:45.784 | INFO     | __main__:<module>:162 - Epoch = 211 / 2000
2026-03-21 12:08:02.893 | INFO     | __main__:<module>:225 - Training time taken = 197.11 seconds, Evaluation time taken = nan seconds, loss = 0.03151, fid = None
2026-03-21 12:08:02.893 | INFO     | __main__:<module>:162 - Epoch = 212 / 2000
2026-03-21 12:11:20.196 | INFO     | __main__:<module>:225 - Training time taken = 197.3 seconds, Evaluation time taken = nan seconds, loss = 0.03116, fid = None
2026-03-21 12:11:20.197 | INFO     | __main__:<module>:162 - Epoch = 213 / 2000
2026-03-21 12:14:37.365 | INFO     | __main__:<module>:225 - Training time taken = 197.17 seconds, Evaluation time taken = nan seconds, loss = 0.0312, fid = None
2026-03-21 12:14:37.365 | INFO     | __main__:<module>:162 - Epoch = 214 / 2000
2026-03-21 12:17:54.635 | INFO     | __main__:<module>:225 - Training time taken = 197.27 seconds, Evaluation time taken = nan seconds, loss = 0.03055, fid = None
2026-03-21 12:17:54.636 | INFO     | __main__:<module>:162 - Epoch = 215 / 2000
2026-03-21 12:21:11.854 | INFO     | __main__:<module>:225 - Training time taken = 197.22 seconds, Evaluation time taken = nan seconds, loss = 0.03145, fid = None
2026-03-21 12:21:11.854 | INFO     | __main__:<module>:162 - Epoch = 216 / 2000
2026-03-21 12:24:29.170 | INFO     | __main__:<module>:225 - Training time taken = 197.31 seconds, Evaluation time taken = nan seconds, loss = 0.03109, fid = None
2026-03-21 12:24:29.170 | INFO     | __main__:<module>:162 - Epoch = 217 / 2000
2026-03-21 12:27:46.442 | INFO     | __main__:<module>:225 - Training time taken = 197.27 seconds, Evaluation time taken = nan seconds, loss = 0.0316, fid = None
2026-03-21 12:27:46.442 | INFO     | __main__:<module>:162 - Epoch = 218 / 2000
2026-03-21 12:31:03.725 | INFO     | __main__:<module>:225 - Training time taken = 197.28 seconds, Evaluation time taken = nan seconds, loss = 0.03132, fid = None
2026-03-21 12:31:03.726 | INFO     | __main__:<module>:162 - Epoch = 219 / 2000
2026-03-21 12:34:18.858 | INFO     | __main__:<module>:225 - Training time taken = 195.13 seconds, Evaluation time taken = nan seconds, loss = 0.03103, fid = None
2026-03-21 12:34:18.859 | INFO     | __main__:<module>:162 - Epoch = 220 / 2000
2026-03-21 12:37:34.232 | INFO     | __main__:<module>:225 - Training time taken = 195.37 seconds, Evaluation time taken = nan seconds, loss = 0.03154, fid = None
2026-03-21 12:37:34.232 | INFO     | __main__:<module>:162 - Epoch = 221 / 2000
2026-03-21 12:40:48.993 | INFO     | __main__:<module>:225 - Training time taken = 194.76 seconds, Evaluation time taken = nan seconds, loss = 0.03095, fid = None
2026-03-21 12:40:48.994 | INFO     | __main__:<module>:162 - Epoch = 222 / 2000
2026-03-21 12:44:03.632 | INFO     | __main__:<module>:225 - Training time taken = 194.64 seconds, Evaluation time taken = nan seconds, loss = 0.03117, fid = None
2026-03-21 12:44:03.632 | INFO     | __main__:<module>:162 - Epoch = 223 / 2000
2026-03-21 12:47:17.834 | INFO     | __main__:<module>:225 - Training time taken = 194.2 seconds, Evaluation time taken = nan seconds, loss = 0.0315, fid = None
2026-03-21 12:47:17.835 | INFO     | __main__:<module>:162 - Epoch = 224 / 2000
2026-03-21 12:50:32.425 | INFO     | __main__:<module>:225 - Training time taken = 194.59 seconds, Evaluation time taken = nan seconds, loss = 0.03188, fid = None
2026-03-21 12:50:32.425 | INFO     | __main__:<module>:162 - Epoch = 225 / 2000
2026-03-21 12:53:46.752 | INFO     | __main__:<module>:225 - Training time taken = 194.33 seconds, Evaluation time taken = nan seconds, loss = 0.0313, fid = None
2026-03-21 12:53:46.753 | INFO     | __main__:<module>:162 - Epoch = 226 / 2000
2026-03-21 12:57:01.911 | INFO     | __main__:<module>:225 - Training time taken = 195.16 seconds, Evaluation time taken = nan seconds, loss = 0.0309, fid = None
2026-03-21 12:57:01.911 | INFO     | __main__:<module>:162 - Epoch = 227 / 2000
2026-03-21 13:00:16.352 | INFO     | __main__:<module>:225 - Training time taken = 194.44 seconds, Evaluation time taken = nan seconds, loss = 0.03107, fid = None
2026-03-21 13:00:16.352 | INFO     | __main__:<module>:162 - Epoch = 228 / 2000
2026-03-21 13:03:31.320 | INFO     | __main__:<module>:225 - Training time taken = 194.97 seconds, Evaluation time taken = nan seconds, loss = 0.03145, fid = None
2026-03-21 13:03:31.320 | INFO     | __main__:<module>:162 - Epoch = 229 / 2000
2026-03-21 13:06:46.415 | INFO     | __main__:<module>:225 - Training time taken = 195.09 seconds, Evaluation time taken = nan seconds, loss = 0.03198, fid = None
2026-03-21 13:06:46.415 | INFO     | __main__:<module>:162 - Epoch = 230 / 2000
2026-03-21 13:10:00.811 | INFO     | __main__:<module>:225 - Training time taken = 194.39 seconds, Evaluation time taken = nan seconds, loss = 0.03143, fid = None
2026-03-21 13:10:00.812 | INFO     | __main__:<module>:162 - Epoch = 231 / 2000
2026-03-21 13:13:15.810 | INFO     | __main__:<module>:225 - Training time taken = 195.0 seconds, Evaluation time taken = nan seconds, loss = 0.03132, fid = None
2026-03-21 13:13:15.811 | INFO     | __main__:<module>:162 - Epoch = 232 / 2000
2026-03-21 13:16:30.769 | INFO     | __main__:<module>:225 - Training time taken = 194.96 seconds, Evaluation time taken = nan seconds, loss = 0.0314, fid = None
2026-03-21 13:16:30.769 | INFO     | __main__:<module>:162 - Epoch = 233 / 2000
2026-03-21 13:19:45.693 | INFO     | __main__:<module>:225 - Training time taken = 194.92 seconds, Evaluation time taken = nan seconds, loss = 0.03136, fid = None
2026-03-21 13:19:45.694 | INFO     | __main__:<module>:162 - Epoch = 234 / 2000
2026-03-21 13:23:00.713 | INFO     | __main__:<module>:225 - Training time taken = 195.02 seconds, Evaluation time taken = nan seconds, loss = 0.03102, fid = None
2026-03-21 13:23:00.714 | INFO     | __main__:<module>:162 - Epoch = 235 / 2000
2026-03-21 13:26:15.351 | INFO     | __main__:<module>:225 - Training time taken = 194.64 seconds, Evaluation time taken = nan seconds, loss = 0.03106, fid = None
2026-03-21 13:26:15.351 | INFO     | __main__:<module>:162 - Epoch = 236 / 2000
2026-03-21 13:29:30.650 | INFO     | __main__:<module>:225 - Training time taken = 195.3 seconds, Evaluation time taken = nan seconds, loss = 0.03091, fid = None
2026-03-21 13:29:30.650 | INFO     | __main__:<module>:162 - Epoch = 237 / 2000
2026-03-21 13:32:46.453 | INFO     | __main__:<module>:225 - Training time taken = 195.8 seconds, Evaluation time taken = nan seconds, loss = 0.03107, fid = None
2026-03-21 13:32:46.454 | INFO     | __main__:<module>:162 - Epoch = 238 / 2000
2026-03-21 13:36:01.583 | INFO     | __main__:<module>:225 - Training time taken = 195.13 seconds, Evaluation time taken = nan seconds, loss = 0.03136, fid = None
2026-03-21 13:36:01.584 | INFO     | __main__:<module>:162 - Epoch = 239 / 2000
2026-03-21 13:39:16.399 | INFO     | __main__:<module>:225 - Training time taken = 194.81 seconds, Evaluation time taken = nan seconds, loss = 0.03154, fid = None
2026-03-21 13:39:16.399 | INFO     | __main__:<module>:162 - Epoch = 240 / 2000
2026-03-21 13:42:31.999 | INFO     | __main__:<module>:225 - Training time taken = 195.6 seconds, Evaluation time taken = nan seconds, loss = 0.03117, fid = None
2026-03-21 13:42:32.000 | INFO     | __main__:<module>:162 - Epoch = 241 / 2000
2026-03-21 13:45:47.212 | INFO     | __main__:<module>:225 - Training time taken = 195.21 seconds, Evaluation time taken = nan seconds, loss = 0.03073, fid = None
2026-03-21 13:45:47.212 | INFO     | __main__:<module>:162 - Epoch = 242 / 2000
2026-03-21 13:49:02.243 | INFO     | __main__:<module>:225 - Training time taken = 195.03 seconds, Evaluation time taken = nan seconds, loss = 0.031, fid = None
2026-03-21 13:49:02.244 | INFO     | __main__:<module>:162 - Epoch = 243 / 2000
2026-03-21 13:52:18.284 | INFO     | __main__:<module>:225 - Training time taken = 196.04 seconds, Evaluation time taken = nan seconds, loss = 0.03134, fid = None
2026-03-21 13:52:18.285 | INFO     | __main__:<module>:162 - Epoch = 244 / 2000
2026-03-21 13:55:34.325 | INFO     | __main__:<module>:225 - Training time taken = 196.04 seconds, Evaluation time taken = nan seconds, loss = 0.03088, fid = None
2026-03-21 13:55:34.326 | INFO     | __main__:<module>:162 - Epoch = 245 / 2000
2026-03-21 13:58:49.642 | INFO     | __main__:<module>:225 - Training time taken = 195.32 seconds, Evaluation time taken = nan seconds, loss = 0.03143, fid = None
2026-03-21 13:58:49.643 | INFO     | __main__:<module>:162 - Epoch = 246 / 2000
2026-03-21 14:02:05.184 | INFO     | __main__:<module>:225 - Training time taken = 195.54 seconds, Evaluation time taken = nan seconds, loss = 0.03079, fid = None
2026-03-21 14:02:05.184 | INFO     | __main__:<module>:162 - Epoch = 247 / 2000
2026-03-21 14:05:20.158 | INFO     | __main__:<module>:225 - Training time taken = 194.97 seconds, Evaluation time taken = nan seconds, loss = 0.0309, fid = None
2026-03-21 14:05:20.158 | INFO     | __main__:<module>:162 - Epoch = 248 / 2000
2026-03-21 14:08:35.761 | INFO     | __main__:<module>:225 - Training time taken = 195.6 seconds, Evaluation time taken = nan seconds, loss = 0.0311, fid = None
2026-03-21 14:08:35.761 | INFO     | __main__:<module>:162 - Epoch = 249 / 2000
2026-03-21 14:11:51.242 | INFO     | __main__:<module>:225 - Training time taken = 195.48 seconds, Evaluation time taken = nan seconds, loss = 0.03153, fid = None
2026-03-21 14:11:51.243 | INFO     | __main__:<module>:162 - Epoch = 250 / 2000
2026-03-21 14:15:06.795 | INFO     | __main__:<module>:225 - Training time taken = 195.55 seconds, Evaluation time taken = nan seconds, loss = 0.03163, fid = None
2026-03-21 14:15:06.796 | INFO     | __main__:<module>:162 - Epoch = 251 / 2000
2026-03-21 14:18:22.385 | INFO     | __main__:<module>:225 - Training time taken = 195.59 seconds, Evaluation time taken = nan seconds, loss = 0.0312, fid = None
2026-03-21 14:18:22.386 | INFO     | __main__:<module>:162 - Epoch = 252 / 2000
2026-03-21 14:21:38.025 | INFO     | __main__:<module>:225 - Training time taken = 195.64 seconds, Evaluation time taken = nan seconds, loss = 0.03043, fid = None
2026-03-21 14:21:38.026 | INFO     | __main__:<module>:162 - Epoch = 253 / 2000
2026-03-21 14:24:53.501 | INFO     | __main__:<module>:225 - Training time taken = 195.47 seconds, Evaluation time taken = nan seconds, loss = 0.03089, fid = None
2026-03-21 14:24:53.502 | INFO     | __main__:<module>:162 - Epoch = 254 / 2000
2026-03-21 14:28:09.088 | INFO     | __main__:<module>:225 - Training time taken = 195.58 seconds, Evaluation time taken = nan seconds, loss = 0.03119, fid = None
2026-03-21 14:28:09.088 | INFO     | __main__:<module>:162 - Epoch = 255 / 2000
2026-03-21 14:31:24.693 | INFO     | __main__:<module>:225 - Training time taken = 195.6 seconds, Evaluation time taken = nan seconds, loss = 0.03075, fid = None
2026-03-21 14:31:24.693 | INFO     | __main__:<module>:162 - Epoch = 256 / 2000
2026-03-21 14:34:40.322 | INFO     | __main__:<module>:225 - Training time taken = 195.63 seconds, Evaluation time taken = nan seconds, loss = 0.03117, fid = None
2026-03-21 14:34:40.322 | INFO     | __main__:<module>:162 - Epoch = 257 / 2000
2026-03-21 14:37:56.633 | INFO     | __main__:<module>:225 - Training time taken = 196.31 seconds, Evaluation time taken = nan seconds, loss = 0.03065, fid = None
2026-03-21 14:37:56.633 | INFO     | __main__:<module>:162 - Epoch = 258 / 2000
2026-03-21 14:41:12.827 | INFO     | __main__:<module>:225 - Training time taken = 196.19 seconds, Evaluation time taken = nan seconds, loss = 0.03087, fid = None
2026-03-21 14:41:12.827 | INFO     | __main__:<module>:162 - Epoch = 259 / 2000
2026-03-21 14:44:28.622 | INFO     | __main__:<module>:225 - Training time taken = 195.79 seconds, Evaluation time taken = nan seconds, loss = 0.03113, fid = None
2026-03-21 14:44:28.622 | INFO     | __main__:<module>:162 - Epoch = 260 / 2000
2026-03-21 14:47:44.044 | INFO     | __main__:<module>:225 - Training time taken = 195.42 seconds, Evaluation time taken = nan seconds, loss = 0.03081, fid = None
2026-03-21 14:47:44.044 | INFO     | __main__:<module>:162 - Epoch = 261 / 2000
2026-03-21 14:50:59.684 | INFO     | __main__:<module>:225 - Training time taken = 195.64 seconds, Evaluation time taken = nan seconds, loss = 0.03064, fid = None
2026-03-21 14:50:59.684 | INFO     | __main__:<module>:162 - Epoch = 262 / 2000
2026-03-21 14:54:15.413 | INFO     | __main__:<module>:225 - Training time taken = 195.73 seconds, Evaluation time taken = nan seconds, loss = 0.03077, fid = None
2026-03-21 14:54:15.413 | INFO     | __main__:<module>:162 - Epoch = 263 / 2000
2026-03-21 14:57:30.555 | INFO     | __main__:<module>:225 - Training time taken = 195.14 seconds, Evaluation time taken = nan seconds, loss = 0.03138, fid = None
2026-03-21 14:57:30.556 | INFO     | __main__:<module>:162 - Epoch = 264 / 2000
2026-03-21 15:00:45.837 | INFO     | __main__:<module>:225 - Training time taken = 195.28 seconds, Evaluation time taken = nan seconds, loss = 0.03116, fid = None
2026-03-21 15:00:45.837 | INFO     | __main__:<module>:162 - Epoch = 265 / 2000
2026-03-21 15:04:01.492 | INFO     | __main__:<module>:225 - Training time taken = 195.65 seconds, Evaluation time taken = nan seconds, loss = 0.03082, fid = None
2026-03-21 15:04:01.493 | INFO     | __main__:<module>:162 - Epoch = 266 / 2000
2026-03-21 15:07:16.767 | INFO     | __main__:<module>:225 - Training time taken = 195.27 seconds, Evaluation time taken = nan seconds, loss = 0.03076, fid = None
2026-03-21 15:07:16.767 | INFO     | __main__:<module>:162 - Epoch = 267 / 2000
2026-03-21 15:10:31.629 | INFO     | __main__:<module>:225 - Training time taken = 194.86 seconds, Evaluation time taken = nan seconds, loss = 0.03046, fid = None
2026-03-21 15:10:31.630 | INFO     | __main__:<module>:162 - Epoch = 268 / 2000
2026-03-21 15:13:47.205 | INFO     | __main__:<module>:225 - Training time taken = 195.57 seconds, Evaluation time taken = nan seconds, loss = 0.03072, fid = None
2026-03-21 15:13:47.206 | INFO     | __main__:<module>:162 - Epoch = 269 / 2000
2026-03-21 15:17:02.896 | INFO     | __main__:<module>:225 - Training time taken = 195.69 seconds, Evaluation time taken = nan seconds, loss = 0.03099, fid = None
2026-03-21 15:17:02.896 | INFO     | __main__:<module>:162 - Epoch = 270 / 2000
2026-03-21 15:20:18.402 | INFO     | __main__:<module>:225 - Training time taken = 195.5 seconds, Evaluation time taken = nan seconds, loss = 0.03093, fid = None
2026-03-21 15:20:18.403 | INFO     | __main__:<module>:162 - Epoch = 271 / 2000
2026-03-21 15:23:33.660 | INFO     | __main__:<module>:225 - Training time taken = 195.26 seconds, Evaluation time taken = nan seconds, loss = 0.03051, fid = None
2026-03-21 15:23:33.661 | INFO     | __main__:<module>:162 - Epoch = 272 / 2000
2026-03-21 15:26:49.450 | INFO     | __main__:<module>:225 - Training time taken = 195.79 seconds, Evaluation time taken = nan seconds, loss = 0.03107, fid = None
2026-03-21 15:26:49.451 | INFO     | __main__:<module>:162 - Epoch = 273 / 2000
2026-03-21 15:30:05.071 | INFO     | __main__:<module>:225 - Training time taken = 195.62 seconds, Evaluation time taken = nan seconds, loss = 0.03093, fid = None
2026-03-21 15:30:05.072 | INFO     | __main__:<module>:162 - Epoch = 274 / 2000
2026-03-21 15:33:21.136 | INFO     | __main__:<module>:225 - Training time taken = 196.06 seconds, Evaluation time taken = nan seconds, loss = 0.03092, fid = None
2026-03-21 15:33:21.136 | INFO     | __main__:<module>:162 - Epoch = 275 / 2000
2026-03-21 15:36:36.545 | INFO     | __main__:<module>:225 - Training time taken = 195.41 seconds, Evaluation time taken = nan seconds, loss = 0.03123, fid = None
2026-03-21 15:36:36.545 | INFO     | __main__:<module>:162 - Epoch = 276 / 2000
2026-03-21 15:39:52.242 | INFO     | __main__:<module>:225 - Training time taken = 195.7 seconds, Evaluation time taken = nan seconds, loss = 0.03092, fid = None
2026-03-21 15:39:52.243 | INFO     | __main__:<module>:162 - Epoch = 277 / 2000
2026-03-21 15:43:07.942 | INFO     | __main__:<module>:225 - Training time taken = 195.7 seconds, Evaluation time taken = nan seconds, loss = 0.03096, fid = None
2026-03-21 15:43:07.943 | INFO     | __main__:<module>:162 - Epoch = 278 / 2000
2026-03-21 15:46:23.472 | INFO     | __main__:<module>:225 - Training time taken = 195.53 seconds, Evaluation time taken = nan seconds, loss = 0.03092, fid = None
2026-03-21 15:46:23.473 | INFO     | __main__:<module>:162 - Epoch = 279 / 2000
2026-03-21 15:49:38.915 | INFO     | __main__:<module>:225 - Training time taken = 195.44 seconds, Evaluation time taken = nan seconds, loss = 0.03121, fid = None
2026-03-21 15:49:38.915 | INFO     | __main__:<module>:162 - Epoch = 280 / 2000
2026-03-21 15:52:54.248 | INFO     | __main__:<module>:225 - Training time taken = 195.33 seconds, Evaluation time taken = nan seconds, loss = 0.03068, fid = None
2026-03-21 15:52:54.248 | INFO     | __main__:<module>:162 - Epoch = 281 / 2000
2026-03-21 15:56:09.716 | INFO     | __main__:<module>:225 - Training time taken = 195.47 seconds, Evaluation time taken = nan seconds, loss = 0.03114, fid = None
2026-03-21 15:56:09.716 | INFO     | __main__:<module>:162 - Epoch = 282 / 2000
2026-03-21 15:59:25.328 | INFO     | __main__:<module>:225 - Training time taken = 195.61 seconds, Evaluation time taken = nan seconds, loss = 0.03122, fid = None
2026-03-21 15:59:25.329 | INFO     | __main__:<module>:162 - Epoch = 283 / 2000
2026-03-21 16:02:41.033 | INFO     | __main__:<module>:225 - Training time taken = 195.7 seconds, Evaluation time taken = nan seconds, loss = 0.03114, fid = None
2026-03-21 16:02:41.035 | INFO     | __main__:<module>:162 - Epoch = 284 / 2000
2026-03-21 16:05:57.033 | INFO     | __main__:<module>:225 - Training time taken = 196.0 seconds, Evaluation time taken = nan seconds, loss = 0.03073, fid = None
2026-03-21 16:05:57.034 | INFO     | __main__:<module>:162 - Epoch = 285 / 2000
2026-03-21 16:09:12.750 | INFO     | __main__:<module>:225 - Training time taken = 195.71 seconds, Evaluation time taken = nan seconds, loss = 0.03067, fid = None
2026-03-21 16:09:12.752 | INFO     | __main__:<module>:162 - Epoch = 286 / 2000
2026-03-21 16:12:28.683 | INFO     | __main__:<module>:225 - Training time taken = 195.93 seconds, Evaluation time taken = nan seconds, loss = 0.03117, fid = None
2026-03-21 16:12:28.683 | INFO     | __main__:<module>:162 - Epoch = 287 / 2000
2026-03-21 16:15:45.198 | INFO     | __main__:<module>:225 - Training time taken = 196.51 seconds, Evaluation time taken = nan seconds, loss = 0.03098, fid = None
2026-03-21 16:15:45.198 | INFO     | __main__:<module>:162 - Epoch = 288 / 2000
2026-03-21 16:19:01.019 | INFO     | __main__:<module>:225 - Training time taken = 195.82 seconds, Evaluation time taken = nan seconds, loss = 0.03103, fid = None
2026-03-21 16:19:01.019 | INFO     | __main__:<module>:162 - Epoch = 289 / 2000
2026-03-21 16:22:17.033 | INFO     | __main__:<module>:225 - Training time taken = 196.01 seconds, Evaluation time taken = nan seconds, loss = 0.03101, fid = None
2026-03-21 16:22:17.034 | INFO     | __main__:<module>:162 - Epoch = 290 / 2000
2026-03-21 16:25:33.888 | INFO     | __main__:<module>:225 - Training time taken = 196.85 seconds, Evaluation time taken = nan seconds, loss = 0.0307, fid = None
2026-03-21 16:25:33.888 | INFO     | __main__:<module>:162 - Epoch = 291 / 2000
2026-03-21 16:28:50.329 | INFO     | __main__:<module>:225 - Training time taken = 196.44 seconds, Evaluation time taken = nan seconds, loss = 0.03039, fid = None
2026-03-21 16:28:50.329 | INFO     | __main__:<module>:162 - Epoch = 292 / 2000
2026-03-21 16:32:06.590 | INFO     | __main__:<module>:225 - Training time taken = 196.26 seconds, Evaluation time taken = nan seconds, loss = 0.03082, fid = None
2026-03-21 16:32:06.591 | INFO     | __main__:<module>:162 - Epoch = 293 / 2000
2026-03-21 16:35:22.767 | INFO     | __main__:<module>:225 - Training time taken = 196.17 seconds, Evaluation time taken = nan seconds, loss = 0.03089, fid = None
2026-03-21 16:35:22.767 | INFO     | __main__:<module>:162 - Epoch = 294 / 2000
2026-03-21 16:38:39.018 | INFO     | __main__:<module>:225 - Training time taken = 196.25 seconds, Evaluation time taken = nan seconds, loss = 0.03102, fid = None
2026-03-21 16:38:39.018 | INFO     | __main__:<module>:162 - Epoch = 295 / 2000
2026-03-21 16:41:54.862 | INFO     | __main__:<module>:225 - Training time taken = 195.84 seconds, Evaluation time taken = nan seconds, loss = 0.03174, fid = None
2026-03-21 16:41:54.862 | INFO     | __main__:<module>:162 - Epoch = 296 / 2000
2026-03-21 16:45:11.119 | INFO     | __main__:<module>:225 - Training time taken = 196.25 seconds, Evaluation time taken = nan seconds, loss = 0.03091, fid = None
2026-03-21 16:45:11.119 | INFO     | __main__:<module>:162 - Epoch = 297 / 2000
2026-03-21 16:48:27.369 | INFO     | __main__:<module>:225 - Training time taken = 196.25 seconds, Evaluation time taken = nan seconds, loss = 0.03102, fid = None
2026-03-21 16:48:27.369 | INFO     | __main__:<module>:162 - Epoch = 298 / 2000
2026-03-21 16:51:43.872 | INFO     | __main__:<module>:225 - Training time taken = 196.5 seconds, Evaluation time taken = nan seconds, loss = 0.03089, fid = None
2026-03-21 16:51:43.872 | INFO     | __main__:<module>:162 - Epoch = 299 / 2000
2026-03-21 16:55:00.499 | INFO     | __main__:<module>:225 - Training time taken = 196.63 seconds, Evaluation time taken = nan seconds, loss = 0.03044, fid = None
2026-03-21 16:55:00.499 | INFO     | __main__:<module>:162 - Epoch = 300 / 2000
2026-03-21 16:58:17.324 | INFO     | __main__:<module>:225 - Training time taken = 196.82 seconds, Evaluation time taken = nan seconds, loss = 0.03073, fid = None
2026-03-21 16:58:17.325 | INFO     | __main__:<module>:162 - Epoch = 301 / 2000
2026-03-21 17:01:34.076 | INFO     | __main__:<module>:225 - Training time taken = 196.75 seconds, Evaluation time taken = nan seconds, loss = 0.03103, fid = None
2026-03-21 17:01:34.076 | INFO     | __main__:<module>:162 - Epoch = 302 / 2000
2026-03-21 17:04:50.292 | INFO     | __main__:<module>:225 - Training time taken = 196.21 seconds, Evaluation time taken = nan seconds, loss = 0.03059, fid = None
2026-03-21 17:04:50.292 | INFO     | __main__:<module>:162 - Epoch = 303 / 2000
2026-03-21 17:08:07.237 | INFO     | __main__:<module>:225 - Training time taken = 196.94 seconds, Evaluation time taken = nan seconds, loss = 0.03088, fid = None
2026-03-21 17:08:07.237 | INFO     | __main__:<module>:162 - Epoch = 304 / 2000
2026-03-21 17:11:23.923 | INFO     | __main__:<module>:225 - Training time taken = 196.68 seconds, Evaluation time taken = nan seconds, loss = 0.03103, fid = None
2026-03-21 17:11:23.923 | INFO     | __main__:<module>:162 - Epoch = 305 / 2000
2026-03-21 17:14:40.518 | INFO     | __main__:<module>:225 - Training time taken = 196.59 seconds, Evaluation time taken = nan seconds, loss = 0.03111, fid = None
2026-03-21 17:14:40.518 | INFO     | __main__:<module>:162 - Epoch = 306 / 2000
2026-03-21 17:17:57.280 | INFO     | __main__:<module>:225 - Training time taken = 196.76 seconds, Evaluation time taken = nan seconds, loss = 0.03132, fid = None
2026-03-21 17:17:57.280 | INFO     | __main__:<module>:162 - Epoch = 307 / 2000
2026-03-21 17:21:13.879 | INFO     | __main__:<module>:225 - Training time taken = 196.6 seconds, Evaluation time taken = nan seconds, loss = 0.03067, fid = None
2026-03-21 17:21:13.880 | INFO     | __main__:<module>:162 - Epoch = 308 / 2000
2026-03-21 17:24:30.192 | INFO     | __main__:<module>:225 - Training time taken = 196.31 seconds, Evaluation time taken = nan seconds, loss = 0.03112, fid = None
2026-03-21 17:24:30.192 | INFO     | __main__:<module>:162 - Epoch = 309 / 2000
2026-03-21 17:27:46.969 | INFO     | __main__:<module>:225 - Training time taken = 196.78 seconds, Evaluation time taken = nan seconds, loss = 0.03016, fid = None
2026-03-21 17:27:46.970 | INFO     | __main__:<module>:162 - Epoch = 310 / 2000
2026-03-21 17:31:04.070 | INFO     | __main__:<module>:225 - Training time taken = 197.1 seconds, Evaluation time taken = nan seconds, loss = 0.03087, fid = None
2026-03-21 17:31:04.070 | INFO     | __main__:<module>:162 - Epoch = 311 / 2000
2026-03-21 17:34:20.771 | INFO     | __main__:<module>:225 - Training time taken = 196.7 seconds, Evaluation time taken = nan seconds, loss = 0.03045, fid = None
2026-03-21 17:34:20.772 | INFO     | __main__:<module>:162 - Epoch = 312 / 2000
2026-03-21 17:37:37.467 | INFO     | __main__:<module>:225 - Training time taken = 196.69 seconds, Evaluation time taken = nan seconds, loss = 0.03101, fid = None
2026-03-21 17:37:37.467 | INFO     | __main__:<module>:162 - Epoch = 313 / 2000
2026-03-21 17:40:54.198 | INFO     | __main__:<module>:225 - Training time taken = 196.73 seconds, Evaluation time taken = nan seconds, loss = 0.03076, fid = None
2026-03-21 17:40:54.199 | INFO     | __main__:<module>:162 - Epoch = 314 / 2000
2026-03-21 17:44:10.737 | INFO     | __main__:<module>:225 - Training time taken = 196.54 seconds, Evaluation time taken = nan seconds, loss = 0.03117, fid = None
2026-03-21 17:44:10.737 | INFO     | __main__:<module>:162 - Epoch = 315 / 2000
2026-03-21 17:47:27.373 | INFO     | __main__:<module>:225 - Training time taken = 196.63 seconds, Evaluation time taken = nan seconds, loss = 0.03095, fid = None
2026-03-21 17:47:27.373 | INFO     | __main__:<module>:162 - Epoch = 316 / 2000
2026-03-21 17:50:43.651 | INFO     | __main__:<module>:225 - Training time taken = 196.28 seconds, Evaluation time taken = nan seconds, loss = 0.03099, fid = None
2026-03-21 17:50:43.651 | INFO     | __main__:<module>:162 - Epoch = 317 / 2000
2026-03-21 17:54:00.431 | INFO     | __main__:<module>:225 - Training time taken = 196.78 seconds, Evaluation time taken = nan seconds, loss = 0.03062, fid = None
2026-03-21 17:54:00.432 | INFO     | __main__:<module>:162 - Epoch = 318 / 2000
2026-03-21 17:57:16.469 | INFO     | __main__:<module>:225 - Training time taken = 196.04 seconds, Evaluation time taken = nan seconds, loss = 0.03044, fid = None
2026-03-21 17:57:16.469 | INFO     | __main__:<module>:162 - Epoch = 319 / 2000
2026-03-21 18:00:32.930 | INFO     | __main__:<module>:225 - Training time taken = 196.46 seconds, Evaluation time taken = nan seconds, loss = 0.03081, fid = None
2026-03-21 18:00:32.930 | INFO     | __main__:<module>:162 - Epoch = 320 / 2000
2026-03-21 18:03:49.279 | INFO     | __main__:<module>:225 - Training time taken = 196.35 seconds, Evaluation time taken = nan seconds, loss = 0.03049, fid = None
2026-03-21 18:03:49.279 | INFO     | __main__:<module>:162 - Epoch = 321 / 2000
2026-03-21 18:07:05.658 | INFO     | __main__:<module>:225 - Training time taken = 196.38 seconds, Evaluation time taken = nan seconds, loss = 0.03049, fid = None
2026-03-21 18:07:05.658 | INFO     | __main__:<module>:162 - Epoch = 322 / 2000
2026-03-21 18:10:22.100 | INFO     | __main__:<module>:225 - Training time taken = 196.44 seconds, Evaluation time taken = nan seconds, loss = 0.03031, fid = None
2026-03-21 18:10:22.100 | INFO     | __main__:<module>:162 - Epoch = 323 / 2000
2026-03-21 18:13:38.466 | INFO     | __main__:<module>:225 - Training time taken = 196.36 seconds, Evaluation time taken = nan seconds, loss = 0.03131, fid = None
2026-03-21 18:13:38.466 | INFO     | __main__:<module>:162 - Epoch = 324 / 2000
2026-03-21 18:16:55.174 | INFO     | __main__:<module>:225 - Training time taken = 196.71 seconds, Evaluation time taken = nan seconds, loss = 0.03099, fid = None
2026-03-21 18:16:55.175 | INFO     | __main__:<module>:162 - Epoch = 325 / 2000
2026-03-21 18:20:11.585 | INFO     | __main__:<module>:225 - Training time taken = 196.41 seconds, Evaluation time taken = nan seconds, loss = 0.0306, fid = None
2026-03-21 18:20:11.585 | INFO     | __main__:<module>:162 - Epoch = 326 / 2000
2026-03-21 18:23:27.843 | INFO     | __main__:<module>:225 - Training time taken = 196.26 seconds, Evaluation time taken = nan seconds, loss = 0.03133, fid = None
2026-03-21 18:23:27.843 | INFO     | __main__:<module>:162 - Epoch = 327 / 2000
2026-03-21 18:26:44.237 | INFO     | __main__:<module>:225 - Training time taken = 196.39 seconds, Evaluation time taken = nan seconds, loss = 0.0307, fid = None
2026-03-21 18:26:44.238 | INFO     | __main__:<module>:162 - Epoch = 328 / 2000
2026-03-21 18:30:00.310 | INFO     | __main__:<module>:225 - Training time taken = 196.07 seconds, Evaluation time taken = nan seconds, loss = 0.03037, fid = None
2026-03-21 18:30:00.311 | INFO     | __main__:<module>:162 - Epoch = 329 / 2000
2026-03-21 18:33:16.402 | INFO     | __main__:<module>:225 - Training time taken = 196.09 seconds, Evaluation time taken = nan seconds, loss = 0.03056, fid = None
2026-03-21 18:33:16.403 | INFO     | __main__:<module>:162 - Epoch = 330 / 2000
2026-03-21 18:36:32.673 | INFO     | __main__:<module>:225 - Training time taken = 196.27 seconds, Evaluation time taken = nan seconds, loss = 0.03087, fid = None
2026-03-21 18:36:32.674 | INFO     | __main__:<module>:162 - Epoch = 331 / 2000
2026-03-21 18:39:49.171 | INFO     | __main__:<module>:225 - Training time taken = 196.5 seconds, Evaluation time taken = nan seconds, loss = 0.03055, fid = None
2026-03-21 18:39:49.171 | INFO     | __main__:<module>:162 - Epoch = 332 / 2000
2026-03-21 18:43:05.445 | INFO     | __main__:<module>:225 - Training time taken = 196.27 seconds, Evaluation time taken = nan seconds, loss = 0.03068, fid = None
2026-03-21 18:43:05.446 | INFO     | __main__:<module>:162 - Epoch = 333 / 2000
2026-03-21 18:46:21.703 | INFO     | __main__:<module>:225 - Training time taken = 196.26 seconds, Evaluation time taken = nan seconds, loss = 0.03079, fid = None
2026-03-21 18:46:21.704 | INFO     | __main__:<module>:162 - Epoch = 334 / 2000
2026-03-21 18:49:39.586 | INFO     | __main__:<module>:225 - Training time taken = 197.88 seconds, Evaluation time taken = nan seconds, loss = 0.03106, fid = None
2026-03-21 18:49:39.587 | INFO     | __main__:<module>:162 - Epoch = 335 / 2000
2026-03-21 18:52:57.726 | INFO     | __main__:<module>:225 - Training time taken = 198.14 seconds, Evaluation time taken = nan seconds, loss = 0.03082, fid = None
2026-03-21 18:52:57.726 | INFO     | __main__:<module>:162 - Epoch = 336 / 2000
2026-03-21 18:56:14.843 | INFO     | __main__:<module>:225 - Training time taken = 197.11 seconds, Evaluation time taken = nan seconds, loss = 0.03078, fid = None
2026-03-21 18:56:14.843 | INFO     | __main__:<module>:162 - Epoch = 337 / 2000
2026-03-21 18:59:30.927 | INFO     | __main__:<module>:225 - Training time taken = 196.08 seconds, Evaluation time taken = nan seconds, loss = 0.03032, fid = None
2026-03-21 18:59:30.928 | INFO     | __main__:<module>:162 - Epoch = 338 / 2000
2026-03-21 19:02:46.765 | INFO     | __main__:<module>:225 - Training time taken = 195.84 seconds, Evaluation time taken = nan seconds, loss = 0.03048, fid = None
2026-03-21 19:02:46.765 | INFO     | __main__:<module>:162 - Epoch = 339 / 2000
2026-03-21 19:06:03.458 | INFO     | __main__:<module>:225 - Training time taken = 196.69 seconds, Evaluation time taken = nan seconds, loss = 0.03102, fid = None
2026-03-21 19:06:03.458 | INFO     | __main__:<module>:162 - Epoch = 340 / 2000
2026-03-21 19:09:20.112 | INFO     | __main__:<module>:225 - Training time taken = 196.65 seconds, Evaluation time taken = nan seconds, loss = 0.03053, fid = None
2026-03-21 19:09:20.112 | INFO     | __main__:<module>:162 - Epoch = 341 / 2000
2026-03-21 19:12:37.024 | INFO     | __main__:<module>:225 - Training time taken = 196.91 seconds, Evaluation time taken = nan seconds, loss = 0.03096, fid = None
2026-03-21 19:12:37.024 | INFO     | __main__:<module>:162 - Epoch = 342 / 2000
2026-03-21 19:15:53.405 | INFO     | __main__:<module>:225 - Training time taken = 196.38 seconds, Evaluation time taken = nan seconds, loss = 0.03081, fid = None
2026-03-21 19:15:53.406 | INFO     | __main__:<module>:162 - Epoch = 343 / 2000
2026-03-21 19:19:10.337 | INFO     | __main__:<module>:225 - Training time taken = 196.93 seconds, Evaluation time taken = nan seconds, loss = 0.03105, fid = None
2026-03-21 19:19:10.338 | INFO     | __main__:<module>:162 - Epoch = 344 / 2000
2026-03-21 19:22:27.291 | INFO     | __main__:<module>:225 - Training time taken = 196.95 seconds, Evaluation time taken = nan seconds, loss = 0.03126, fid = None
2026-03-21 19:22:27.291 | INFO     | __main__:<module>:162 - Epoch = 345 / 2000
2026-03-21 19:25:44.088 | INFO     | __main__:<module>:225 - Training time taken = 196.79 seconds, Evaluation time taken = nan seconds, loss = 0.0308, fid = None
2026-03-21 19:25:44.088 | INFO     | __main__:<module>:162 - Epoch = 346 / 2000
2026-03-21 19:29:01.065 | INFO     | __main__:<module>:225 - Training time taken = 196.98 seconds, Evaluation time taken = nan seconds, loss = 0.03096, fid = None
2026-03-21 19:29:01.065 | INFO     | __main__:<module>:162 - Epoch = 347 / 2000
2026-03-21 19:32:19.240 | INFO     | __main__:<module>:225 - Training time taken = 198.17 seconds, Evaluation time taken = nan seconds, loss = 0.03143, fid = None
2026-03-21 19:32:19.241 | INFO     | __main__:<module>:162 - Epoch = 348 / 2000
2026-03-21 19:35:36.594 | INFO     | __main__:<module>:225 - Training time taken = 197.35 seconds, Evaluation time taken = nan seconds, loss = 0.03003, fid = None
2026-03-21 19:35:36.597 | INFO     | __main__:<module>:162 - Epoch = 349 / 2000
2026-03-21 19:38:54.236 | INFO     | __main__:<module>:225 - Training time taken = 197.64 seconds, Evaluation time taken = nan seconds, loss = 0.03029, fid = None
2026-03-21 19:38:54.237 | INFO     | __main__:<module>:162 - Epoch = 350 / 2000
2026-03-21 19:42:11.453 | INFO     | __main__:<module>:225 - Training time taken = 197.21 seconds, Evaluation time taken = nan seconds, loss = 0.03064, fid = None
2026-03-21 19:42:11.453 | INFO     | __main__:<module>:162 - Epoch = 351 / 2000
2026-03-21 19:45:28.945 | INFO     | __main__:<module>:225 - Training time taken = 197.49 seconds, Evaluation time taken = nan seconds, loss = 0.03069, fid = None
2026-03-21 19:45:28.945 | INFO     | __main__:<module>:162 - Epoch = 352 / 2000
2026-03-21 19:48:45.993 | INFO     | __main__:<module>:225 - Training time taken = 197.05 seconds, Evaluation time taken = nan seconds, loss = 0.03067, fid = None
2026-03-21 19:48:45.993 | INFO     | __main__:<module>:162 - Epoch = 353 / 2000
2026-03-21 19:52:03.642 | INFO     | __main__:<module>:225 - Training time taken = 197.65 seconds, Evaluation time taken = nan seconds, loss = 0.03026, fid = None
2026-03-21 19:52:03.643 | INFO     | __main__:<module>:162 - Epoch = 354 / 2000
2026-03-21 19:55:20.945 | INFO     | __main__:<module>:225 - Training time taken = 197.3 seconds, Evaluation time taken = nan seconds, loss = 0.03055, fid = None
2026-03-21 19:55:20.946 | INFO     | __main__:<module>:162 - Epoch = 355 / 2000
2026-03-21 19:58:38.206 | INFO     | __main__:<module>:225 - Training time taken = 197.26 seconds, Evaluation time taken = nan seconds, loss = 0.0303, fid = None
2026-03-21 19:58:38.207 | INFO     | __main__:<module>:162 - Epoch = 356 / 2000
2026-03-21 20:01:54.841 | INFO     | __main__:<module>:225 - Training time taken = 196.63 seconds, Evaluation time taken = nan seconds, loss = 0.03083, fid = None
2026-03-21 20:01:54.842 | INFO     | __main__:<module>:162 - Epoch = 357 / 2000
2026-03-21 20:05:11.370 | INFO     | __main__:<module>:225 - Training time taken = 196.53 seconds, Evaluation time taken = nan seconds, loss = 0.03047, fid = None
2026-03-21 20:05:11.370 | INFO     | __main__:<module>:162 - Epoch = 358 / 2000
2026-03-21 20:08:28.808 | INFO     | __main__:<module>:225 - Training time taken = 197.44 seconds, Evaluation time taken = nan seconds, loss = 0.03079, fid = None
2026-03-21 20:08:28.809 | INFO     | __main__:<module>:162 - Epoch = 359 / 2000
2026-03-21 20:11:45.872 | INFO     | __main__:<module>:225 - Training time taken = 197.06 seconds, Evaluation time taken = nan seconds, loss = 0.03069, fid = None
2026-03-21 20:11:45.872 | INFO     | __main__:<module>:162 - Epoch = 360 / 2000
2026-03-21 20:15:02.476 | INFO     | __main__:<module>:225 - Training time taken = 196.6 seconds, Evaluation time taken = nan seconds, loss = 0.03066, fid = None
2026-03-21 20:15:02.477 | INFO     | __main__:<module>:162 - Epoch = 361 / 2000
2026-03-21 20:18:19.430 | INFO     | __main__:<module>:225 - Training time taken = 196.95 seconds, Evaluation time taken = nan seconds, loss = 0.03076, fid = None
2026-03-21 20:18:19.431 | INFO     | __main__:<module>:162 - Epoch = 362 / 2000
2026-03-21 20:21:35.694 | INFO     | __main__:<module>:225 - Training time taken = 196.26 seconds, Evaluation time taken = nan seconds, loss = 0.03048, fid = None
2026-03-21 20:21:35.694 | INFO     | __main__:<module>:162 - Epoch = 363 / 2000
2026-03-21 20:24:51.799 | INFO     | __main__:<module>:225 - Training time taken = 196.1 seconds, Evaluation time taken = nan seconds, loss = 0.03052, fid = None
2026-03-21 20:24:51.799 | INFO     | __main__:<module>:162 - Epoch = 364 / 2000
2026-03-21 20:28:07.695 | INFO     | __main__:<module>:225 - Training time taken = 195.89 seconds, Evaluation time taken = nan seconds, loss = 0.03096, fid = None
2026-03-21 20:28:07.695 | INFO     | __main__:<module>:162 - Epoch = 365 / 2000
2026-03-21 20:31:23.934 | INFO     | __main__:<module>:225 - Training time taken = 196.24 seconds, Evaluation time taken = nan seconds, loss = 0.03078, fid = None
2026-03-21 20:31:23.935 | INFO     | __main__:<module>:162 - Epoch = 366 / 2000
2026-03-21 20:34:40.584 | INFO     | __main__:<module>:225 - Training time taken = 196.65 seconds, Evaluation time taken = nan seconds, loss = 0.03062, fid = None
2026-03-21 20:34:40.585 | INFO     | __main__:<module>:162 - Epoch = 367 / 2000
2026-03-21 20:37:57.078 | INFO     | __main__:<module>:225 - Training time taken = 196.49 seconds, Evaluation time taken = nan seconds, loss = 0.03066, fid = None
2026-03-21 20:37:57.079 | INFO     | __main__:<module>:162 - Epoch = 368 / 2000
2026-03-21 20:41:13.785 | INFO     | __main__:<module>:225 - Training time taken = 196.7 seconds, Evaluation time taken = nan seconds, loss = 0.02996, fid = None
2026-03-21 20:41:13.785 | INFO     | __main__:<module>:162 - Epoch = 369 / 2000
2026-03-21 20:44:30.282 | INFO     | __main__:<module>:225 - Training time taken = 196.49 seconds, Evaluation time taken = nan seconds, loss = 0.03051, fid = None
2026-03-21 20:44:30.283 | INFO     | __main__:<module>:162 - Epoch = 370 / 2000
2026-03-21 20:47:46.702 | INFO     | __main__:<module>:225 - Training time taken = 196.42 seconds, Evaluation time taken = nan seconds, loss = 0.03038, fid = None
2026-03-21 20:47:46.702 | INFO     | __main__:<module>:162 - Epoch = 371 / 2000
2026-03-21 20:51:03.096 | INFO     | __main__:<module>:225 - Training time taken = 196.39 seconds, Evaluation time taken = nan seconds, loss = 0.03059, fid = None
2026-03-21 20:51:03.096 | INFO     | __main__:<module>:162 - Epoch = 372 / 2000
2026-03-21 20:54:19.596 | INFO     | __main__:<module>:225 - Training time taken = 196.5 seconds, Evaluation time taken = nan seconds, loss = 0.03016, fid = None
2026-03-21 20:54:19.597 | INFO     | __main__:<module>:162 - Epoch = 373 / 2000
2026-03-21 20:57:35.709 | INFO     | __main__:<module>:225 - Training time taken = 196.11 seconds, Evaluation time taken = nan seconds, loss = 0.03082, fid = None
2026-03-21 20:57:35.709 | INFO     | __main__:<module>:162 - Epoch = 374 / 2000
2026-03-21 21:00:51.805 | INFO     | __main__:<module>:225 - Training time taken = 196.09 seconds, Evaluation time taken = nan seconds, loss = 0.03069, fid = None
2026-03-21 21:00:51.805 | INFO     | __main__:<module>:162 - Epoch = 375 / 2000
2026-03-21 21:04:07.882 | INFO     | __main__:<module>:225 - Training time taken = 196.07 seconds, Evaluation time taken = nan seconds, loss = 0.03078, fid = None
2026-03-21 21:04:07.882 | INFO     | __main__:<module>:162 - Epoch = 376 / 2000
2026-03-21 21:07:24.084 | INFO     | __main__:<module>:225 - Training time taken = 196.2 seconds, Evaluation time taken = nan seconds, loss = 0.03089, fid = None
2026-03-21 21:07:24.085 | INFO     | __main__:<module>:162 - Epoch = 377 / 2000
2026-03-21 21:10:40.412 | INFO     | __main__:<module>:225 - Training time taken = 196.33 seconds, Evaluation time taken = nan seconds, loss = 0.03059, fid = None
2026-03-21 21:10:40.412 | INFO     | __main__:<module>:162 - Epoch = 378 / 2000
2026-03-21 21:13:56.661 | INFO     | __main__:<module>:225 - Training time taken = 196.25 seconds, Evaluation time taken = nan seconds, loss = 0.03088, fid = None
2026-03-21 21:13:56.661 | INFO     | __main__:<module>:162 - Epoch = 379 / 2000
2026-03-21 21:17:12.674 | INFO     | __main__:<module>:225 - Training time taken = 196.01 seconds, Evaluation time taken = nan seconds, loss = 0.0306, fid = None
2026-03-21 21:17:12.675 | INFO     | __main__:<module>:162 - Epoch = 380 / 2000
2026-03-21 21:20:29.395 | INFO     | __main__:<module>:225 - Training time taken = 196.72 seconds, Evaluation time taken = nan seconds, loss = 0.03067, fid = None
2026-03-21 21:20:29.395 | INFO     | __main__:<module>:162 - Epoch = 381 / 2000
2026-03-21 21:23:45.564 | INFO     | __main__:<module>:225 - Training time taken = 196.17 seconds, Evaluation time taken = nan seconds, loss = 0.03072, fid = None
2026-03-21 21:23:45.564 | INFO     | __main__:<module>:162 - Epoch = 382 / 2000
2026-03-21 21:27:01.848 | INFO     | __main__:<module>:225 - Training time taken = 196.28 seconds, Evaluation time taken = nan seconds, loss = 0.0307, fid = None
2026-03-21 21:27:01.848 | INFO     | __main__:<module>:162 - Epoch = 383 / 2000
2026-03-21 21:30:17.987 | INFO     | __main__:<module>:225 - Training time taken = 196.14 seconds, Evaluation time taken = nan seconds, loss = 0.03077, fid = None
2026-03-21 21:30:17.988 | INFO     | __main__:<module>:162 - Epoch = 384 / 2000
2026-03-21 21:33:34.175 | INFO     | __main__:<module>:225 - Training time taken = 196.19 seconds, Evaluation time taken = nan seconds, loss = 0.0309, fid = None
2026-03-21 21:33:34.175 | INFO     | __main__:<module>:162 - Epoch = 385 / 2000
2026-03-21 21:36:50.041 | INFO     | __main__:<module>:225 - Training time taken = 195.86 seconds, Evaluation time taken = nan seconds, loss = 0.03055, fid = None
2026-03-21 21:36:50.041 | INFO     | __main__:<module>:162 - Epoch = 386 / 2000
2026-03-21 21:40:06.190 | INFO     | __main__:<module>:225 - Training time taken = 196.15 seconds, Evaluation time taken = nan seconds, loss = 0.0309, fid = None
2026-03-21 21:40:06.191 | INFO     | __main__:<module>:162 - Epoch = 387 / 2000
2026-03-21 21:43:22.159 | INFO     | __main__:<module>:225 - Training time taken = 195.97 seconds, Evaluation time taken = nan seconds, loss = 0.03015, fid = None
2026-03-21 21:43:22.159 | INFO     | __main__:<module>:162 - Epoch = 388 / 2000
2026-03-21 21:46:38.473 | INFO     | __main__:<module>:225 - Training time taken = 196.31 seconds, Evaluation time taken = nan seconds, loss = 0.03042, fid = None
2026-03-21 21:46:38.883 | INFO     | __main__:<module>:162 - Epoch = 389 / 2000
2026-03-21 21:49:54.855 | INFO     | __main__:<module>:225 - Training time taken = 195.97 seconds, Evaluation time taken = nan seconds, loss = 0.03054, fid = None
2026-03-21 21:49:54.855 | INFO     | __main__:<module>:162 - Epoch = 390 / 2000
2026-03-21 21:53:10.848 | INFO     | __main__:<module>:225 - Training time taken = 195.99 seconds, Evaluation time taken = nan seconds, loss = 0.0308, fid = None
2026-03-21 21:53:10.848 | INFO     | __main__:<module>:162 - Epoch = 391 / 2000
2026-03-21 21:56:26.825 | INFO     | __main__:<module>:225 - Training time taken = 195.98 seconds, Evaluation time taken = nan seconds, loss = 0.03025, fid = None
2026-03-21 21:56:26.826 | INFO     | __main__:<module>:162 - Epoch = 392 / 2000
2026-03-21 21:59:42.756 | INFO     | __main__:<module>:225 - Training time taken = 195.93 seconds, Evaluation time taken = nan seconds, loss = 0.03071, fid = None
2026-03-21 21:59:42.756 | INFO     | __main__:<module>:162 - Epoch = 393 / 2000
2026-03-21 22:02:58.598 | INFO     | __main__:<module>:225 - Training time taken = 195.84 seconds, Evaluation time taken = nan seconds, loss = 0.03081, fid = None
2026-03-21 22:02:58.599 | INFO     | __main__:<module>:162 - Epoch = 394 / 2000
2026-03-21 22:06:14.951 | INFO     | __main__:<module>:225 - Training time taken = 196.35 seconds, Evaluation time taken = nan seconds, loss = 0.03091, fid = None
2026-03-21 22:06:14.951 | INFO     | __main__:<module>:162 - Epoch = 395 / 2000
2026-03-21 22:09:30.970 | INFO     | __main__:<module>:225 - Training time taken = 196.02 seconds, Evaluation time taken = nan seconds, loss = 0.03004, fid = None
2026-03-21 22:09:30.970 | INFO     | __main__:<module>:162 - Epoch = 396 / 2000
2026-03-21 22:12:46.615 | INFO     | __main__:<module>:225 - Training time taken = 195.64 seconds, Evaluation time taken = nan seconds, loss = 0.03028, fid = None
2026-03-21 22:12:46.615 | INFO     | __main__:<module>:162 - Epoch = 397 / 2000
2026-03-21 22:16:02.711 | INFO     | __main__:<module>:225 - Training time taken = 196.09 seconds, Evaluation time taken = nan seconds, loss = 0.03059, fid = None
2026-03-21 22:16:02.712 | INFO     | __main__:<module>:162 - Epoch = 398 / 2000
2026-03-21 22:19:19.165 | INFO     | __main__:<module>:225 - Training time taken = 196.45 seconds, Evaluation time taken = nan seconds, loss = 0.03067, fid = None
2026-03-21 22:19:19.165 | INFO     | __main__:<module>:162 - Epoch = 399 / 2000
2026-03-21 22:22:36.020 | INFO     | __main__:<module>:225 - Training time taken = 196.85 seconds, Evaluation time taken = nan seconds, loss = 0.03099, fid = None
2026-03-21 22:22:36.020 | INFO     | __main__:<module>:162 - Epoch = 400 / 2000
2026-03-21 22:25:52.238 | INFO     | __main__:<module>:225 - Training time taken = 196.22 seconds, Evaluation time taken = nan seconds, loss = 0.03075, fid = None
2026-03-21 22:25:52.239 | INFO     | __main__:<module>:162 - Epoch = 401 / 2000
2026-03-21 22:29:08.531 | INFO     | __main__:<module>:225 - Training time taken = 196.29 seconds, Evaluation time taken = nan seconds, loss = 0.03045, fid = None
2026-03-21 22:29:08.532 | INFO     | __main__:<module>:162 - Epoch = 402 / 2000
2026-03-21 22:32:25.486 | INFO     | __main__:<module>:225 - Training time taken = 196.95 seconds, Evaluation time taken = nan seconds, loss = 0.03087, fid = None
2026-03-21 22:32:25.486 | INFO     | __main__:<module>:162 - Epoch = 403 / 2000
2026-03-21 22:35:41.742 | INFO     | __main__:<module>:225 - Training time taken = 196.25 seconds, Evaluation time taken = nan seconds, loss = 0.03042, fid = None
2026-03-21 22:35:41.743 | INFO     | __main__:<module>:162 - Epoch = 404 / 2000
2026-03-21 22:38:58.255 | INFO     | __main__:<module>:225 - Training time taken = 196.51 seconds, Evaluation time taken = nan seconds, loss = 0.0308, fid = None
2026-03-21 22:38:58.256 | INFO     | __main__:<module>:162 - Epoch = 405 / 2000
2026-03-21 22:42:14.608 | INFO     | __main__:<module>:225 - Training time taken = 196.35 seconds, Evaluation time taken = nan seconds, loss = 0.0307, fid = None
2026-03-21 22:42:14.609 | INFO     | __main__:<module>:162 - Epoch = 406 / 2000
2026-03-21 22:45:30.697 | INFO     | __main__:<module>:225 - Training time taken = 196.09 seconds, Evaluation time taken = nan seconds, loss = 0.03082, fid = None
2026-03-21 22:45:30.697 | INFO     | __main__:<module>:162 - Epoch = 407 / 2000
2026-03-21 22:48:47.465 | INFO     | __main__:<module>:225 - Training time taken = 196.77 seconds, Evaluation time taken = nan seconds, loss = 0.0301, fid = None
2026-03-21 22:48:47.465 | INFO     | __main__:<module>:162 - Epoch = 408 / 2000
2026-03-21 22:52:04.060 | INFO     | __main__:<module>:225 - Training time taken = 196.59 seconds, Evaluation time taken = nan seconds, loss = 0.03018, fid = None
2026-03-21 22:52:04.061 | INFO     | __main__:<module>:162 - Epoch = 409 / 2000
2026-03-21 22:55:21.368 | INFO     | __main__:<module>:225 - Training time taken = 197.3 seconds, Evaluation time taken = nan seconds, loss = 0.0303, fid = None
2026-03-21 22:55:21.370 | INFO     | __main__:<module>:162 - Epoch = 410 / 2000
2026-03-21 22:58:38.539 | INFO     | __main__:<module>:225 - Training time taken = 197.17 seconds, Evaluation time taken = nan seconds, loss = 0.03038, fid = None
2026-03-21 22:58:38.540 | INFO     | __main__:<module>:162 - Epoch = 411 / 2000
2026-03-21 23:01:55.754 | INFO     | __main__:<module>:225 - Training time taken = 197.21 seconds, Evaluation time taken = nan seconds, loss = 0.03048, fid = None
2026-03-21 23:01:55.755 | INFO     | __main__:<module>:162 - Epoch = 412 / 2000
2026-03-21 23:05:12.584 | INFO     | __main__:<module>:225 - Training time taken = 196.83 seconds, Evaluation time taken = nan seconds, loss = 0.03096, fid = None
2026-03-21 23:05:12.585 | INFO     | __main__:<module>:162 - Epoch = 413 / 2000
2026-03-21 23:08:29.522 | INFO     | __main__:<module>:225 - Training time taken = 196.94 seconds, Evaluation time taken = nan seconds, loss = 0.03045, fid = None
2026-03-21 23:08:29.522 | INFO     | __main__:<module>:162 - Epoch = 414 / 2000
2026-03-21 23:11:46.696 | INFO     | __main__:<module>:225 - Training time taken = 197.17 seconds, Evaluation time taken = nan seconds, loss = 0.03037, fid = None
2026-03-21 23:11:46.696 | INFO     | __main__:<module>:162 - Epoch = 415 / 2000
2026-03-21 23:15:03.846 | INFO     | __main__:<module>:225 - Training time taken = 197.15 seconds, Evaluation time taken = nan seconds, loss = 0.0301, fid = None
2026-03-21 23:15:03.846 | INFO     | __main__:<module>:162 - Epoch = 416 / 2000
2026-03-21 23:18:21.036 | INFO     | __main__:<module>:225 - Training time taken = 197.19 seconds, Evaluation time taken = nan seconds, loss = 0.03024, fid = None
2026-03-21 23:18:21.037 | INFO     | __main__:<module>:162 - Epoch = 417 / 2000
2026-03-21 23:21:38.220 | INFO     | __main__:<module>:225 - Training time taken = 197.18 seconds, Evaluation time taken = nan seconds, loss = 0.03072, fid = None
2026-03-21 23:21:38.220 | INFO     | __main__:<module>:162 - Epoch = 418 / 2000
2026-03-21 23:24:55.631 | INFO     | __main__:<module>:225 - Training time taken = 197.41 seconds, Evaluation time taken = nan seconds, loss = 0.03089, fid = None
2026-03-21 23:24:55.632 | INFO     | __main__:<module>:162 - Epoch = 419 / 2000
2026-03-21 23:28:12.557 | INFO     | __main__:<module>:225 - Training time taken = 196.92 seconds, Evaluation time taken = nan seconds, loss = 0.03037, fid = None
2026-03-21 23:28:12.558 | INFO     | __main__:<module>:162 - Epoch = 420 / 2000
2026-03-21 23:31:29.779 | INFO     | __main__:<module>:225 - Training time taken = 197.22 seconds, Evaluation time taken = nan seconds, loss = 0.03032, fid = None
2026-03-21 23:31:29.780 | INFO     | __main__:<module>:162 - Epoch = 421 / 2000
2026-03-21 23:34:46.838 | INFO     | __main__:<module>:225 - Training time taken = 197.06 seconds, Evaluation time taken = nan seconds, loss = 0.03056, fid = None
2026-03-21 23:34:46.838 | INFO     | __main__:<module>:162 - Epoch = 422 / 2000
2026-03-21 23:38:03.856 | INFO     | __main__:<module>:225 - Training time taken = 197.02 seconds, Evaluation time taken = nan seconds, loss = 0.03074, fid = None
2026-03-21 23:38:03.857 | INFO     | __main__:<module>:162 - Epoch = 423 / 2000
2026-03-21 23:41:21.119 | INFO     | __main__:<module>:225 - Training time taken = 197.26 seconds, Evaluation time taken = nan seconds, loss = 0.03039, fid = None
2026-03-21 23:41:21.120 | INFO     | __main__:<module>:162 - Epoch = 424 / 2000
2026-03-21 23:44:38.467 | INFO     | __main__:<module>:225 - Training time taken = 197.35 seconds, Evaluation time taken = nan seconds, loss = 0.0307, fid = None
2026-03-21 23:44:38.467 | INFO     | __main__:<module>:162 - Epoch = 425 / 2000
2026-03-21 23:47:55.095 | INFO     | __main__:<module>:225 - Training time taken = 196.63 seconds, Evaluation time taken = nan seconds, loss = 0.03077, fid = None
2026-03-21 23:47:55.096 | INFO     | __main__:<module>:162 - Epoch = 426 / 2000
2026-03-21 23:51:11.703 | INFO     | __main__:<module>:225 - Training time taken = 196.61 seconds, Evaluation time taken = nan seconds, loss = 0.03016, fid = None
2026-03-21 23:51:11.704 | INFO     | __main__:<module>:162 - Epoch = 427 / 2000
2026-03-21 23:54:28.129 | INFO     | __main__:<module>:225 - Training time taken = 196.42 seconds, Evaluation time taken = nan seconds, loss = 0.03067, fid = None
2026-03-21 23:54:28.129 | INFO     | __main__:<module>:162 - Epoch = 428 / 2000
2026-03-21 23:57:43.642 | INFO     | __main__:<module>:225 - Training time taken = 195.51 seconds, Evaluation time taken = nan seconds, loss = 0.03035, fid = None
2026-03-21 23:57:43.643 | INFO     | __main__:<module>:162 - Epoch = 429 / 2000
2026-03-22 00:00:59.136 | INFO     | __main__:<module>:225 - Training time taken = 195.49 seconds, Evaluation time taken = nan seconds, loss = 0.0303, fid = None
2026-03-22 00:00:59.136 | INFO     | __main__:<module>:162 - Epoch = 430 / 2000
2026-03-22 00:04:14.896 | INFO     | __main__:<module>:225 - Training time taken = 195.76 seconds, Evaluation time taken = nan seconds, loss = 0.03059, fid = None
2026-03-22 00:04:14.896 | INFO     | __main__:<module>:162 - Epoch = 431 / 2000
2026-03-22 00:07:30.482 | INFO     | __main__:<module>:225 - Training time taken = 195.58 seconds, Evaluation time taken = nan seconds, loss = 0.03106, fid = None
2026-03-22 00:07:30.482 | INFO     | __main__:<module>:162 - Epoch = 432 / 2000
2026-03-22 00:10:45.733 | INFO     | __main__:<module>:225 - Training time taken = 195.25 seconds, Evaluation time taken = nan seconds, loss = 0.03092, fid = None
2026-03-22 00:10:45.733 | INFO     | __main__:<module>:162 - Epoch = 433 / 2000
2026-03-22 00:14:01.689 | INFO     | __main__:<module>:225 - Training time taken = 195.95 seconds, Evaluation time taken = nan seconds, loss = 0.0306, fid = None
2026-03-22 00:14:01.689 | INFO     | __main__:<module>:162 - Epoch = 434 / 2000
2026-03-22 00:17:17.459 | INFO     | __main__:<module>:225 - Training time taken = 195.77 seconds, Evaluation time taken = nan seconds, loss = 0.02997, fid = None
2026-03-22 00:17:17.459 | INFO     | __main__:<module>:162 - Epoch = 435 / 2000
2026-03-22 00:20:33.082 | INFO     | __main__:<module>:225 - Training time taken = 195.62 seconds, Evaluation time taken = nan seconds, loss = 0.03055, fid = None
2026-03-22 00:20:33.083 | INFO     | __main__:<module>:162 - Epoch = 436 / 2000
2026-03-22 00:23:49.150 | INFO     | __main__:<module>:225 - Training time taken = 196.07 seconds, Evaluation time taken = nan seconds, loss = 0.03029, fid = None
2026-03-22 00:23:49.151 | INFO     | __main__:<module>:162 - Epoch = 437 / 2000
2026-03-22 00:27:05.120 | INFO     | __main__:<module>:225 - Training time taken = 195.97 seconds, Evaluation time taken = nan seconds, loss = 0.03021, fid = None
2026-03-22 00:27:05.121 | INFO     | __main__:<module>:162 - Epoch = 438 / 2000
2026-03-22 00:30:20.762 | INFO     | __main__:<module>:225 - Training time taken = 195.64 seconds, Evaluation time taken = nan seconds, loss = 0.03093, fid = None
2026-03-22 00:30:20.762 | INFO     | __main__:<module>:162 - Epoch = 439 / 2000
2026-03-22 00:33:35.806 | INFO     | __main__:<module>:225 - Training time taken = 195.04 seconds, Evaluation time taken = nan seconds, loss = 0.03005, fid = None
2026-03-22 00:33:35.807 | INFO     | __main__:<module>:162 - Epoch = 440 / 2000
2026-03-22 00:36:51.785 | INFO     | __main__:<module>:225 - Training time taken = 195.98 seconds, Evaluation time taken = nan seconds, loss = 0.03042, fid = None
2026-03-22 00:36:51.786 | INFO     | __main__:<module>:162 - Epoch = 441 / 2000
2026-03-22 00:40:07.622 | INFO     | __main__:<module>:225 - Training time taken = 195.84 seconds, Evaluation time taken = nan seconds, loss = 0.03055, fid = None
2026-03-22 00:40:07.623 | INFO     | __main__:<module>:162 - Epoch = 442 / 2000
2026-03-22 00:43:23.735 | INFO     | __main__:<module>:225 - Training time taken = 196.11 seconds, Evaluation time taken = nan seconds, loss = 0.03085, fid = None
2026-03-22 00:43:23.735 | INFO     | __main__:<module>:162 - Epoch = 443 / 2000
2026-03-22 00:46:39.481 | INFO     | __main__:<module>:225 - Training time taken = 195.74 seconds, Evaluation time taken = nan seconds, loss = 0.03015, fid = None
2026-03-22 00:46:39.482 | INFO     | __main__:<module>:162 - Epoch = 444 / 2000
2026-03-22 00:49:55.192 | INFO     | __main__:<module>:225 - Training time taken = 195.71 seconds, Evaluation time taken = nan seconds, loss = 0.03088, fid = None
2026-03-22 00:49:55.193 | INFO     | __main__:<module>:162 - Epoch = 445 / 2000
2026-03-22 00:53:10.845 | INFO     | __main__:<module>:225 - Training time taken = 195.65 seconds, Evaluation time taken = nan seconds, loss = 0.03033, fid = None
2026-03-22 00:53:10.845 | INFO     | __main__:<module>:162 - Epoch = 446 / 2000
2026-03-22 00:56:26.194 | INFO     | __main__:<module>:225 - Training time taken = 195.35 seconds, Evaluation time taken = nan seconds, loss = 0.02977, fid = None
2026-03-22 00:56:26.194 | INFO     | __main__:<module>:162 - Epoch = 447 / 2000
2026-03-22 00:59:41.335 | INFO     | __main__:<module>:225 - Training time taken = 195.14 seconds, Evaluation time taken = nan seconds, loss = 0.03073, fid = None
2026-03-22 00:59:41.335 | INFO     | __main__:<module>:162 - Epoch = 448 / 2000
2026-03-22 01:02:56.516 | INFO     | __main__:<module>:225 - Training time taken = 195.18 seconds, Evaluation time taken = nan seconds, loss = 0.03064, fid = None
2026-03-22 01:02:56.517 | INFO     | __main__:<module>:162 - Epoch = 449 / 2000
2026-03-22 01:06:12.009 | INFO     | __main__:<module>:225 - Training time taken = 195.49 seconds, Evaluation time taken = nan seconds, loss = 0.03035, fid = None
2026-03-22 01:06:12.010 | INFO     | __main__:<module>:162 - Epoch = 450 / 2000
2026-03-22 01:09:27.365 | INFO     | __main__:<module>:225 - Training time taken = 195.35 seconds, Evaluation time taken = nan seconds, loss = 0.03072, fid = None
2026-03-22 01:09:27.365 | INFO     | __main__:<module>:162 - Epoch = 451 / 2000
2026-03-22 01:12:42.909 | INFO     | __main__:<module>:225 - Training time taken = 195.54 seconds, Evaluation time taken = nan seconds, loss = 0.03073, fid = None
2026-03-22 01:12:42.909 | INFO     | __main__:<module>:162 - Epoch = 452 / 2000
2026-03-22 01:15:58.653 | INFO     | __main__:<module>:225 - Training time taken = 195.74 seconds, Evaluation time taken = nan seconds, loss = 0.03073, fid = None
2026-03-22 01:15:58.653 | INFO     | __main__:<module>:162 - Epoch = 453 / 2000
2026-03-22 01:19:14.147 | INFO     | __main__:<module>:225 - Training time taken = 195.49 seconds, Evaluation time taken = nan seconds, loss = 0.03068, fid = None
2026-03-22 01:19:14.147 | INFO     | __main__:<module>:162 - Epoch = 454 / 2000
2026-03-22 01:22:29.983 | INFO     | __main__:<module>:225 - Training time taken = 195.83 seconds, Evaluation time taken = nan seconds, loss = 0.03075, fid = None
2026-03-22 01:22:29.984 | INFO     | __main__:<module>:162 - Epoch = 455 / 2000
2026-03-22 01:25:46.255 | INFO     | __main__:<module>:225 - Training time taken = 196.27 seconds, Evaluation time taken = nan seconds, loss = 0.03045, fid = None
2026-03-22 01:25:46.255 | INFO     | __main__:<module>:162 - Epoch = 456 / 2000
2026-03-22 01:29:02.159 | INFO     | __main__:<module>:225 - Training time taken = 195.9 seconds, Evaluation time taken = nan seconds, loss = 0.03049, fid = None
2026-03-22 01:29:02.159 | INFO     | __main__:<module>:162 - Epoch = 457 / 2000
2026-03-22 01:32:17.828 | INFO     | __main__:<module>:225 - Training time taken = 195.67 seconds, Evaluation time taken = nan seconds, loss = 0.03018, fid = None
2026-03-22 01:32:17.829 | INFO     | __main__:<module>:162 - Epoch = 458 / 2000
2026-03-22 01:35:33.336 | INFO     | __main__:<module>:225 - Training time taken = 195.51 seconds, Evaluation time taken = nan seconds, loss = 0.03025, fid = None
2026-03-22 01:35:33.337 | INFO     | __main__:<module>:162 - Epoch = 459 / 2000
2026-03-22 01:38:48.766 | INFO     | __main__:<module>:225 - Training time taken = 195.43 seconds, Evaluation time taken = nan seconds, loss = 0.0306, fid = None
2026-03-22 01:38:48.767 | INFO     | __main__:<module>:162 - Epoch = 460 / 2000
2026-03-22 01:42:04.274 | INFO     | __main__:<module>:225 - Training time taken = 195.51 seconds, Evaluation time taken = nan seconds, loss = 0.03037, fid = None
2026-03-22 01:42:04.274 | INFO     | __main__:<module>:162 - Epoch = 461 / 2000
2026-03-22 01:45:20.282 | INFO     | __main__:<module>:225 - Training time taken = 196.01 seconds, Evaluation time taken = nan seconds, loss = 0.03081, fid = None
2026-03-22 01:45:20.282 | INFO     | __main__:<module>:162 - Epoch = 462 / 2000
2026-03-22 01:48:36.071 | INFO     | __main__:<module>:225 - Training time taken = 195.79 seconds, Evaluation time taken = nan seconds, loss = 0.03015, fid = None
2026-03-22 01:48:36.072 | INFO     | __main__:<module>:162 - Epoch = 463 / 2000
2026-03-22 01:51:51.454 | INFO     | __main__:<module>:225 - Training time taken = 195.38 seconds, Evaluation time taken = nan seconds, loss = 0.03016, fid = None
2026-03-22 01:51:51.454 | INFO     | __main__:<module>:162 - Epoch = 464 / 2000
2026-03-22 01:55:06.948 | INFO     | __main__:<module>:225 - Training time taken = 195.49 seconds, Evaluation time taken = nan seconds, loss = 0.0305, fid = None
2026-03-22 01:55:06.949 | INFO     | __main__:<module>:162 - Epoch = 465 / 2000
2026-03-22 01:58:22.666 | INFO     | __main__:<module>:225 - Training time taken = 195.72 seconds, Evaluation time taken = nan seconds, loss = 0.03035, fid = None
2026-03-22 01:58:22.666 | INFO     | __main__:<module>:162 - Epoch = 466 / 2000
2026-03-22 02:01:37.932 | INFO     | __main__:<module>:225 - Training time taken = 195.26 seconds, Evaluation time taken = nan seconds, loss = 0.03055, fid = None
2026-03-22 02:01:37.932 | INFO     | __main__:<module>:162 - Epoch = 467 / 2000
2026-03-22 02:04:53.516 | INFO     | __main__:<module>:225 - Training time taken = 195.58 seconds, Evaluation time taken = nan seconds, loss = 0.03026, fid = None
2026-03-22 02:04:53.517 | INFO     | __main__:<module>:162 - Epoch = 468 / 2000
2026-03-22 02:08:09.092 | INFO     | __main__:<module>:225 - Training time taken = 195.57 seconds, Evaluation time taken = nan seconds, loss = 0.03083, fid = None
2026-03-22 02:08:09.092 | INFO     | __main__:<module>:162 - Epoch = 469 / 2000
2026-03-22 02:11:24.254 | INFO     | __main__:<module>:225 - Training time taken = 195.16 seconds, Evaluation time taken = nan seconds, loss = 0.03054, fid = None
2026-03-22 02:11:24.255 | INFO     | __main__:<module>:162 - Epoch = 470 / 2000
2026-03-22 02:14:39.733 | INFO     | __main__:<module>:225 - Training time taken = 195.48 seconds, Evaluation time taken = nan seconds, loss = 0.03046, fid = None
2026-03-22 02:14:39.733 | INFO     | __main__:<module>:162 - Epoch = 471 / 2000
2026-03-22 02:17:54.925 | INFO     | __main__:<module>:225 - Training time taken = 195.19 seconds, Evaluation time taken = nan seconds, loss = 0.0306, fid = None
2026-03-22 02:17:54.926 | INFO     | __main__:<module>:162 - Epoch = 472 / 2000
2026-03-22 02:21:10.567 | INFO     | __main__:<module>:225 - Training time taken = 195.64 seconds, Evaluation time taken = nan seconds, loss = 0.03075, fid = None
2026-03-22 02:21:10.567 | INFO     | __main__:<module>:162 - Epoch = 473 / 2000
2026-03-22 02:24:26.321 | INFO     | __main__:<module>:225 - Training time taken = 195.75 seconds, Evaluation time taken = nan seconds, loss = 0.03035, fid = None
2026-03-22 02:24:26.321 | INFO     | __main__:<module>:162 - Epoch = 474 / 2000
2026-03-22 02:27:42.351 | INFO     | __main__:<module>:225 - Training time taken = 196.03 seconds, Evaluation time taken = nan seconds, loss = 0.03044, fid = None
2026-03-22 02:27:42.351 | INFO     | __main__:<module>:162 - Epoch = 475 / 2000
2026-03-22 02:30:57.956 | INFO     | __main__:<module>:225 - Training time taken = 195.6 seconds, Evaluation time taken = nan seconds, loss = 0.03054, fid = None
2026-03-22 02:30:57.957 | INFO     | __main__:<module>:162 - Epoch = 476 / 2000
2026-03-22 02:34:13.208 | INFO     | __main__:<module>:225 - Training time taken = 195.25 seconds, Evaluation time taken = nan seconds, loss = 0.03091, fid = None
2026-03-22 02:34:13.208 | INFO     | __main__:<module>:162 - Epoch = 477 / 2000
2026-03-22 02:37:28.748 | INFO     | __main__:<module>:225 - Training time taken = 195.54 seconds, Evaluation time taken = nan seconds, loss = 0.03031, fid = None
2026-03-22 02:37:28.748 | INFO     | __main__:<module>:162 - Epoch = 478 / 2000
2026-03-22 02:40:44.232 | INFO     | __main__:<module>:225 - Training time taken = 195.48 seconds, Evaluation time taken = nan seconds, loss = 0.03025, fid = None
2026-03-22 02:40:44.232 | INFO     | __main__:<module>:162 - Epoch = 479 / 2000
2026-03-22 02:43:59.717 | INFO     | __main__:<module>:225 - Training time taken = 195.48 seconds, Evaluation time taken = nan seconds, loss = 0.0303, fid = None
2026-03-22 02:43:59.717 | INFO     | __main__:<module>:162 - Epoch = 480 / 2000
2026-03-22 02:47:15.484 | INFO     | __main__:<module>:225 - Training time taken = 195.77 seconds, Evaluation time taken = nan seconds, loss = 0.03055, fid = None
2026-03-22 02:47:15.484 | INFO     | __main__:<module>:162 - Epoch = 481 / 2000
2026-03-22 02:50:30.764 | INFO     | __main__:<module>:225 - Training time taken = 195.28 seconds, Evaluation time taken = nan seconds, loss = 0.03043, fid = None
2026-03-22 02:50:30.765 | INFO     | __main__:<module>:162 - Epoch = 482 / 2000
2026-03-22 02:53:46.249 | INFO     | __main__:<module>:225 - Training time taken = 195.48 seconds, Evaluation time taken = nan seconds, loss = 0.03001, fid = None
2026-03-22 02:53:46.250 | INFO     | __main__:<module>:162 - Epoch = 483 / 2000
2026-03-22 02:57:01.475 | INFO     | __main__:<module>:225 - Training time taken = 195.22 seconds, Evaluation time taken = nan seconds, loss = 0.03036, fid = None
2026-03-22 02:57:01.475 | INFO     | __main__:<module>:162 - Epoch = 484 / 2000
2026-03-22 03:00:16.988 | INFO     | __main__:<module>:225 - Training time taken = 195.51 seconds, Evaluation time taken = nan seconds, loss = 0.03067, fid = None
2026-03-22 03:00:16.988 | INFO     | __main__:<module>:162 - Epoch = 485 / 2000
2026-03-22 03:03:32.280 | INFO     | __main__:<module>:225 - Training time taken = 195.29 seconds, Evaluation time taken = nan seconds, loss = 0.03058, fid = None
2026-03-22 03:03:32.281 | INFO     | __main__:<module>:162 - Epoch = 486 / 2000
2026-03-22 03:06:47.913 | INFO     | __main__:<module>:225 - Training time taken = 195.63 seconds, Evaluation time taken = nan seconds, loss = 0.03088, fid = None
2026-03-22 03:06:47.913 | INFO     | __main__:<module>:162 - Epoch = 487 / 2000
2026-03-22 03:10:03.575 | INFO     | __main__:<module>:225 - Training time taken = 195.66 seconds, Evaluation time taken = nan seconds, loss = 0.03021, fid = None
2026-03-22 03:10:03.575 | INFO     | __main__:<module>:162 - Epoch = 488 / 2000
2026-03-22 03:13:19.102 | INFO     | __main__:<module>:225 - Training time taken = 195.53 seconds, Evaluation time taken = nan seconds, loss = 0.03103, fid = None
2026-03-22 03:13:19.102 | INFO     | __main__:<module>:162 - Epoch = 489 / 2000
2026-03-22 03:16:34.509 | INFO     | __main__:<module>:225 - Training time taken = 195.41 seconds, Evaluation time taken = nan seconds, loss = 0.03036, fid = None
2026-03-22 03:16:34.509 | INFO     | __main__:<module>:162 - Epoch = 490 / 2000
2026-03-22 03:19:50.173 | INFO     | __main__:<module>:225 - Training time taken = 195.66 seconds, Evaluation time taken = nan seconds, loss = 0.02966, fid = None
2026-03-22 03:19:50.174 | INFO     | __main__:<module>:162 - Epoch = 491 / 2000
2026-03-22 03:23:05.679 | INFO     | __main__:<module>:225 - Training time taken = 195.5 seconds, Evaluation time taken = nan seconds, loss = 0.02995, fid = None
2026-03-22 03:23:05.679 | INFO     | __main__:<module>:162 - Epoch = 492 / 2000
2026-03-22 03:26:21.245 | INFO     | __main__:<module>:225 - Training time taken = 195.56 seconds, Evaluation time taken = nan seconds, loss = 0.03067, fid = None
2026-03-22 03:26:21.245 | INFO     | __main__:<module>:162 - Epoch = 493 / 2000
2026-03-22 03:29:37.354 | INFO     | __main__:<module>:225 - Training time taken = 196.11 seconds, Evaluation time taken = nan seconds, loss = 0.03011, fid = None
2026-03-22 03:29:37.355 | INFO     | __main__:<module>:162 - Epoch = 494 / 2000
2026-03-22 03:32:52.802 | INFO     | __main__:<module>:225 - Training time taken = 195.45 seconds, Evaluation time taken = nan seconds, loss = 0.03036, fid = None
2026-03-22 03:32:52.802 | INFO     | __main__:<module>:162 - Epoch = 495 / 2000
2026-03-22 03:36:08.067 | INFO     | __main__:<module>:225 - Training time taken = 195.26 seconds, Evaluation time taken = nan seconds, loss = 0.03026, fid = None
2026-03-22 03:36:08.067 | INFO     | __main__:<module>:162 - Epoch = 496 / 2000
2026-03-22 03:39:23.265 | INFO     | __main__:<module>:225 - Training time taken = 195.2 seconds, Evaluation time taken = nan seconds, loss = 0.03029, fid = None
2026-03-22 03:39:23.266 | INFO     | __main__:<module>:162 - Epoch = 497 / 2000
2026-03-22 03:42:38.884 | INFO     | __main__:<module>:225 - Training time taken = 195.62 seconds, Evaluation time taken = nan seconds, loss = 0.0303, fid = None
2026-03-22 03:42:38.885 | INFO     | __main__:<module>:162 - Epoch = 498 / 2000
2026-03-22 03:45:54.322 | INFO     | __main__:<module>:225 - Training time taken = 195.44 seconds, Evaluation time taken = nan seconds, loss = 0.03041, fid = None
2026-03-22 03:45:54.322 | INFO     | __main__:<module>:162 - Epoch = 499 / 2000
2026-03-22 03:49:09.328 | INFO     | __main__:<module>:225 - Training time taken = 195.0 seconds, Evaluation time taken = nan seconds, loss = 0.0302, fid = None
2026-03-22 03:49:09.328 | INFO     | __main__:<module>:162 - Epoch = 500 / 2000
2026-03-22 03:52:24.342 | INFO     | __main__:<module>:225 - Training time taken = 195.01 seconds, Evaluation time taken = nan seconds, loss = 0.03018, fid = None
2026-03-22 03:52:24.342 | INFO     | __main__:<module>:162 - Epoch = 501 / 2000
2026-03-22 03:55:39.557 | INFO     | __main__:<module>:225 - Training time taken = 195.21 seconds, Evaluation time taken = nan seconds, loss = 0.03052, fid = None
2026-03-22 03:55:39.557 | INFO     | __main__:<module>:162 - Epoch = 502 / 2000
2026-03-22 03:58:54.938 | INFO     | __main__:<module>:225 - Training time taken = 195.38 seconds, Evaluation time taken = nan seconds, loss = 0.03037, fid = None
2026-03-22 03:58:54.938 | INFO     | __main__:<module>:162 - Epoch = 503 / 2000
2026-03-22 04:02:10.012 | INFO     | __main__:<module>:225 - Training time taken = 195.07 seconds, Evaluation time taken = nan seconds, loss = 0.0299, fid = None
2026-03-22 04:02:10.013 | INFO     | __main__:<module>:162 - Epoch = 504 / 2000
2026-03-22 04:05:25.257 | INFO     | __main__:<module>:225 - Training time taken = 195.24 seconds, Evaluation time taken = nan seconds, loss = 0.03017, fid = None
2026-03-22 04:05:25.257 | INFO     | __main__:<module>:162 - Epoch = 505 / 2000
2026-03-22 04:08:40.450 | INFO     | __main__:<module>:225 - Training time taken = 195.19 seconds, Evaluation time taken = nan seconds, loss = 0.03047, fid = None
2026-03-22 04:08:40.450 | INFO     | __main__:<module>:162 - Epoch = 506 / 2000
2026-03-22 04:11:55.758 | INFO     | __main__:<module>:225 - Training time taken = 195.31 seconds, Evaluation time taken = nan seconds, loss = 0.03057, fid = None
2026-03-22 04:11:55.758 | INFO     | __main__:<module>:162 - Epoch = 507 / 2000
2026-03-22 04:15:10.693 | INFO     | __main__:<module>:225 - Training time taken = 194.93 seconds, Evaluation time taken = nan seconds, loss = 0.03036, fid = None
2026-03-22 04:15:10.694 | INFO     | __main__:<module>:162 - Epoch = 508 / 2000
2026-03-22 04:18:25.852 | INFO     | __main__:<module>:225 - Training time taken = 195.16 seconds, Evaluation time taken = nan seconds, loss = 0.03028, fid = None
2026-03-22 04:18:25.853 | INFO     | __main__:<module>:162 - Epoch = 509 / 2000
2026-03-22 04:21:40.676 | INFO     | __main__:<module>:225 - Training time taken = 194.82 seconds, Evaluation time taken = nan seconds, loss = 0.02976, fid = None
2026-03-22 04:21:40.676 | INFO     | __main__:<module>:162 - Epoch = 510 / 2000
2026-03-22 04:24:55.463 | INFO     | __main__:<module>:225 - Training time taken = 194.79 seconds, Evaluation time taken = nan seconds, loss = 0.0305, fid = None
2026-03-22 04:24:55.463 | INFO     | __main__:<module>:162 - Epoch = 511 / 2000
2026-03-22 04:28:10.675 | INFO     | __main__:<module>:225 - Training time taken = 195.21 seconds, Evaluation time taken = nan seconds, loss = 0.03003, fid = None
2026-03-22 04:28:10.675 | INFO     | __main__:<module>:162 - Epoch = 512 / 2000
2026-03-22 04:31:25.823 | INFO     | __main__:<module>:225 - Training time taken = 195.15 seconds, Evaluation time taken = nan seconds, loss = 0.03081, fid = None
2026-03-22 04:31:25.823 | INFO     | __main__:<module>:162 - Epoch = 513 / 2000
2026-03-22 04:34:40.727 | INFO     | __main__:<module>:225 - Training time taken = 194.9 seconds, Evaluation time taken = nan seconds, loss = 0.03022, fid = None
2026-03-22 04:34:40.728 | INFO     | __main__:<module>:162 - Epoch = 514 / 2000
2026-03-22 04:37:55.847 | INFO     | __main__:<module>:225 - Training time taken = 195.12 seconds, Evaluation time taken = nan seconds, loss = 0.03014, fid = None
2026-03-22 04:37:55.848 | INFO     | __main__:<module>:162 - Epoch = 515 / 2000
2026-03-22 04:41:10.917 | INFO     | __main__:<module>:225 - Training time taken = 195.07 seconds, Evaluation time taken = nan seconds, loss = 0.0303, fid = None
2026-03-22 04:41:10.918 | INFO     | __main__:<module>:162 - Epoch = 516 / 2000
2026-03-22 04:44:25.719 | INFO     | __main__:<module>:225 - Training time taken = 194.8 seconds, Evaluation time taken = nan seconds, loss = 0.03056, fid = None
2026-03-22 04:44:25.719 | INFO     | __main__:<module>:162 - Epoch = 517 / 2000
2026-03-22 04:47:40.743 | INFO     | __main__:<module>:225 - Training time taken = 195.02 seconds, Evaluation time taken = nan seconds, loss = 0.03035, fid = None
2026-03-22 04:47:40.743 | INFO     | __main__:<module>:162 - Epoch = 518 / 2000
2026-03-22 04:50:55.599 | INFO     | __main__:<module>:225 - Training time taken = 194.85 seconds, Evaluation time taken = nan seconds, loss = 0.03022, fid = None
2026-03-22 04:50:55.599 | INFO     | __main__:<module>:162 - Epoch = 519 / 2000
2026-03-22 04:54:10.736 | INFO     | __main__:<module>:225 - Training time taken = 195.14 seconds, Evaluation time taken = nan seconds, loss = 0.02987, fid = None
2026-03-22 04:54:10.736 | INFO     | __main__:<module>:162 - Epoch = 520 / 2000
2026-03-22 04:57:25.598 | INFO     | __main__:<module>:225 - Training time taken = 194.86 seconds, Evaluation time taken = nan seconds, loss = 0.03015, fid = None
2026-03-22 04:57:25.598 | INFO     | __main__:<module>:162 - Epoch = 521 / 2000
2026-03-22 05:00:40.463 | INFO     | __main__:<module>:225 - Training time taken = 194.86 seconds, Evaluation time taken = nan seconds, loss = 0.03008, fid = None
2026-03-22 05:00:40.464 | INFO     | __main__:<module>:162 - Epoch = 522 / 2000
2026-03-22 05:03:55.157 | INFO     | __main__:<module>:225 - Training time taken = 194.69 seconds, Evaluation time taken = nan seconds, loss = 0.03028, fid = None
2026-03-22 05:03:55.158 | INFO     | __main__:<module>:162 - Epoch = 523 / 2000
2026-03-22 05:07:09.904 | INFO     | __main__:<module>:225 - Training time taken = 194.75 seconds, Evaluation time taken = nan seconds, loss = 0.03048, fid = None
2026-03-22 05:07:09.905 | INFO     | __main__:<module>:162 - Epoch = 524 / 2000
2026-03-22 05:10:25.180 | INFO     | __main__:<module>:225 - Training time taken = 195.27 seconds, Evaluation time taken = nan seconds, loss = 0.03049, fid = None
2026-03-22 05:10:25.181 | INFO     | __main__:<module>:162 - Epoch = 525 / 2000
2026-03-22 05:13:39.813 | INFO     | __main__:<module>:225 - Training time taken = 194.63 seconds, Evaluation time taken = nan seconds, loss = 0.03055, fid = None
2026-03-22 05:13:39.814 | INFO     | __main__:<module>:162 - Epoch = 526 / 2000
2026-03-22 05:16:55.077 | INFO     | __main__:<module>:225 - Training time taken = 195.26 seconds, Evaluation time taken = nan seconds, loss = 0.03045, fid = None
2026-03-22 05:16:55.078 | INFO     | __main__:<module>:162 - Epoch = 527 / 2000
2026-03-22 05:20:10.172 | INFO     | __main__:<module>:225 - Training time taken = 195.09 seconds, Evaluation time taken = nan seconds, loss = 0.0302, fid = None
2026-03-22 05:20:10.172 | INFO     | __main__:<module>:162 - Epoch = 528 / 2000
2026-03-22 05:23:24.755 | INFO     | __main__:<module>:225 - Training time taken = 194.58 seconds, Evaluation time taken = nan seconds, loss = 0.03059, fid = None
2026-03-22 05:23:24.756 | INFO     | __main__:<module>:162 - Epoch = 529 / 2000
2026-03-22 05:26:39.751 | INFO     | __main__:<module>:225 - Training time taken = 194.99 seconds, Evaluation time taken = nan seconds, loss = 0.03041, fid = None
2026-03-22 05:26:39.751 | INFO     | __main__:<module>:162 - Epoch = 530 / 2000
2026-03-22 05:29:55.077 | INFO     | __main__:<module>:225 - Training time taken = 195.32 seconds, Evaluation time taken = nan seconds, loss = 0.03006, fid = None
2026-03-22 05:29:55.078 | INFO     | __main__:<module>:162 - Epoch = 531 / 2000
2026-03-22 05:33:10.368 | INFO     | __main__:<module>:225 - Training time taken = 195.29 seconds, Evaluation time taken = nan seconds, loss = 0.03016, fid = None
2026-03-22 05:33:10.369 | INFO     | __main__:<module>:162 - Epoch = 532 / 2000
2026-03-22 05:36:25.367 | INFO     | __main__:<module>:225 - Training time taken = 195.0 seconds, Evaluation time taken = nan seconds, loss = 0.02979, fid = None
2026-03-22 05:36:25.367 | INFO     | __main__:<module>:162 - Epoch = 533 / 2000
2026-03-22 05:39:40.565 | INFO     | __main__:<module>:225 - Training time taken = 195.2 seconds, Evaluation time taken = nan seconds, loss = 0.02981, fid = None
2026-03-22 05:39:40.566 | INFO     | __main__:<module>:162 - Epoch = 534 / 2000
2026-03-22 05:42:55.805 | INFO     | __main__:<module>:225 - Training time taken = 195.24 seconds, Evaluation time taken = nan seconds, loss = 0.02983, fid = None
2026-03-22 05:42:55.806 | INFO     | __main__:<module>:162 - Epoch = 535 / 2000
2026-03-22 05:46:11.193 | INFO     | __main__:<module>:225 - Training time taken = 195.39 seconds, Evaluation time taken = nan seconds, loss = 0.03032, fid = None
2026-03-22 05:46:11.194 | INFO     | __main__:<module>:162 - Epoch = 536 / 2000
2026-03-22 05:49:26.403 | INFO     | __main__:<module>:225 - Training time taken = 195.21 seconds, Evaluation time taken = nan seconds, loss = 0.02979, fid = None
2026-03-22 05:49:26.403 | INFO     | __main__:<module>:162 - Epoch = 537 / 2000
2026-03-22 05:52:41.159 | INFO     | __main__:<module>:225 - Training time taken = 194.75 seconds, Evaluation time taken = nan seconds, loss = 0.03047, fid = None
2026-03-22 05:52:41.159 | INFO     | __main__:<module>:162 - Epoch = 538 / 2000
2026-03-22 05:55:56.399 | INFO     | __main__:<module>:225 - Training time taken = 195.24 seconds, Evaluation time taken = nan seconds, loss = 0.03084, fid = None
2026-03-22 05:55:56.399 | INFO     | __main__:<module>:162 - Epoch = 539 / 2000
2026-03-22 05:59:11.178 | INFO     | __main__:<module>:225 - Training time taken = 194.78 seconds, Evaluation time taken = nan seconds, loss = 0.03035, fid = None
2026-03-22 05:59:11.179 | INFO     | __main__:<module>:162 - Epoch = 540 / 2000
2026-03-22 06:02:26.621 | INFO     | __main__:<module>:225 - Training time taken = 195.44 seconds, Evaluation time taken = nan seconds, loss = 0.0301, fid = None
2026-03-22 06:02:26.622 | INFO     | __main__:<module>:162 - Epoch = 541 / 2000
2026-03-22 06:05:41.314 | INFO     | __main__:<module>:225 - Training time taken = 194.69 seconds, Evaluation time taken = nan seconds, loss = 0.03004, fid = None
2026-03-22 06:05:41.315 | INFO     | __main__:<module>:162 - Epoch = 542 / 2000
2026-03-22 06:08:55.895 | INFO     | __main__:<module>:225 - Training time taken = 194.58 seconds, Evaluation time taken = nan seconds, loss = 0.0302, fid = None
2026-03-22 06:08:55.895 | INFO     | __main__:<module>:162 - Epoch = 543 / 2000
2026-03-22 06:12:11.266 | INFO     | __main__:<module>:225 - Training time taken = 195.37 seconds, Evaluation time taken = nan seconds, loss = 0.03014, fid = None
2026-03-22 06:12:11.267 | INFO     | __main__:<module>:162 - Epoch = 544 / 2000
2026-03-22 06:15:26.263 | INFO     | __main__:<module>:225 - Training time taken = 194.99 seconds, Evaluation time taken = nan seconds, loss = 0.03027, fid = None
2026-03-22 06:15:26.263 | INFO     | __main__:<module>:162 - Epoch = 545 / 2000
2026-03-22 06:18:40.850 | INFO     | __main__:<module>:225 - Training time taken = 194.59 seconds, Evaluation time taken = nan seconds, loss = 0.03028, fid = None
2026-03-22 06:18:40.851 | INFO     | __main__:<module>:162 - Epoch = 546 / 2000
2026-03-22 06:21:55.981 | INFO     | __main__:<module>:225 - Training time taken = 195.13 seconds, Evaluation time taken = nan seconds, loss = 0.0302, fid = None
2026-03-22 06:21:55.982 | INFO     | __main__:<module>:162 - Epoch = 547 / 2000
2026-03-22 06:25:10.806 | INFO     | __main__:<module>:225 - Training time taken = 194.82 seconds, Evaluation time taken = nan seconds, loss = 0.03081, fid = None
2026-03-22 06:25:10.806 | INFO     | __main__:<module>:162 - Epoch = 548 / 2000
2026-03-22 06:28:25.501 | INFO     | __main__:<module>:225 - Training time taken = 194.69 seconds, Evaluation time taken = nan seconds, loss = 0.03012, fid = None
2026-03-22 06:28:25.502 | INFO     | __main__:<module>:162 - Epoch = 549 / 2000
2026-03-22 06:31:41.088 | INFO     | __main__:<module>:225 - Training time taken = 195.59 seconds, Evaluation time taken = nan seconds, loss = 0.03059, fid = None
2026-03-22 06:31:41.089 | INFO     | __main__:<module>:162 - Epoch = 550 / 2000
2026-03-22 06:34:56.389 | INFO     | __main__:<module>:225 - Training time taken = 195.3 seconds, Evaluation time taken = nan seconds, loss = 0.03051, fid = None
2026-03-22 06:34:56.389 | INFO     | __main__:<module>:162 - Epoch = 551 / 2000
2026-03-22 06:38:11.339 | INFO     | __main__:<module>:225 - Training time taken = 194.95 seconds, Evaluation time taken = nan seconds, loss = 0.03005, fid = None
2026-03-22 06:38:11.340 | INFO     | __main__:<module>:162 - Epoch = 552 / 2000
2026-03-22 06:41:26.593 | INFO     | __main__:<module>:225 - Training time taken = 195.25 seconds, Evaluation time taken = nan seconds, loss = 0.0299, fid = None
2026-03-22 06:41:26.593 | INFO     | __main__:<module>:162 - Epoch = 553 / 2000
2026-03-22 06:44:41.736 | INFO     | __main__:<module>:225 - Training time taken = 195.14 seconds, Evaluation time taken = nan seconds, loss = 0.03003, fid = None
2026-03-22 06:44:41.737 | INFO     | __main__:<module>:162 - Epoch = 554 / 2000
2026-03-22 06:47:56.827 | INFO     | __main__:<module>:225 - Training time taken = 195.09 seconds, Evaluation time taken = nan seconds, loss = 0.03009, fid = None
2026-03-22 06:47:56.827 | INFO     | __main__:<module>:162 - Epoch = 555 / 2000
2026-03-22 06:51:11.681 | INFO     | __main__:<module>:225 - Training time taken = 194.85 seconds, Evaluation time taken = nan seconds, loss = 0.03, fid = None
2026-03-22 06:51:11.681 | INFO     | __main__:<module>:162 - Epoch = 556 / 2000
2026-03-22 06:54:26.684 | INFO     | __main__:<module>:225 - Training time taken = 195.0 seconds, Evaluation time taken = nan seconds, loss = 0.03029, fid = None
2026-03-22 06:54:26.684 | INFO     | __main__:<module>:162 - Epoch = 557 / 2000
2026-03-22 06:57:41.536 | INFO     | __main__:<module>:225 - Training time taken = 194.85 seconds, Evaluation time taken = nan seconds, loss = 0.02978, fid = None
2026-03-22 06:57:41.537 | INFO     | __main__:<module>:162 - Epoch = 558 / 2000
2026-03-22 07:00:56.203 | INFO     | __main__:<module>:225 - Training time taken = 194.66 seconds, Evaluation time taken = nan seconds, loss = 0.03037, fid = None
2026-03-22 07:00:56.203 | INFO     | __main__:<module>:162 - Epoch = 559 / 2000
2026-03-22 07:04:11.271 | INFO     | __main__:<module>:225 - Training time taken = 195.07 seconds, Evaluation time taken = nan seconds, loss = 0.03028, fid = None
2026-03-22 07:04:11.271 | INFO     | __main__:<module>:162 - Epoch = 560 / 2000
2026-03-22 07:07:26.277 | INFO     | __main__:<module>:225 - Training time taken = 195.0 seconds, Evaluation time taken = nan seconds, loss = 0.03074, fid = None
2026-03-22 07:07:26.277 | INFO     | __main__:<module>:162 - Epoch = 561 / 2000
2026-03-22 07:10:40.972 | INFO     | __main__:<module>:225 - Training time taken = 194.69 seconds, Evaluation time taken = nan seconds, loss = 0.03025, fid = None
2026-03-22 07:10:40.973 | INFO     | __main__:<module>:162 - Epoch = 562 / 2000
2026-03-22 07:13:55.562 | INFO     | __main__:<module>:225 - Training time taken = 194.59 seconds, Evaluation time taken = nan seconds, loss = 0.03052, fid = None
2026-03-22 07:13:55.562 | INFO     | __main__:<module>:162 - Epoch = 563 / 2000
2026-03-22 07:17:10.386 | INFO     | __main__:<module>:225 - Training time taken = 194.82 seconds, Evaluation time taken = nan seconds, loss = 0.03065, fid = None
2026-03-22 07:17:10.386 | INFO     | __main__:<module>:162 - Epoch = 564 / 2000
2026-03-22 07:20:25.484 | INFO     | __main__:<module>:225 - Training time taken = 195.1 seconds, Evaluation time taken = nan seconds, loss = 0.03047, fid = None
2026-03-22 07:20:25.484 | INFO     | __main__:<module>:162 - Epoch = 565 / 2000
2026-03-22 07:23:40.622 | INFO     | __main__:<module>:225 - Training time taken = 195.14 seconds, Evaluation time taken = nan seconds, loss = 0.03042, fid = None
2026-03-22 07:23:40.622 | INFO     | __main__:<module>:162 - Epoch = 566 / 2000
2026-03-22 07:26:55.521 | INFO     | __main__:<module>:225 - Training time taken = 194.9 seconds, Evaluation time taken = nan seconds, loss = 0.03004, fid = None
2026-03-22 07:26:55.522 | INFO     | __main__:<module>:162 - Epoch = 567 / 2000
2026-03-22 07:30:10.260 | INFO     | __main__:<module>:225 - Training time taken = 194.74 seconds, Evaluation time taken = nan seconds, loss = 0.03044, fid = None
2026-03-22 07:30:10.260 | INFO     | __main__:<module>:162 - Epoch = 568 / 2000
2026-03-22 07:33:25.325 | INFO     | __main__:<module>:225 - Training time taken = 195.06 seconds, Evaluation time taken = nan seconds, loss = 0.03013, fid = None
2026-03-22 07:33:25.325 | INFO     | __main__:<module>:162 - Epoch = 569 / 2000
2026-03-22 07:36:40.500 | INFO     | __main__:<module>:225 - Training time taken = 195.17 seconds, Evaluation time taken = nan seconds, loss = 0.02969, fid = None
2026-03-22 07:36:40.500 | INFO     | __main__:<module>:162 - Epoch = 570 / 2000
2026-03-22 07:39:55.886 | INFO     | __main__:<module>:225 - Training time taken = 195.38 seconds, Evaluation time taken = nan seconds, loss = 0.02999, fid = None
2026-03-22 07:39:55.887 | INFO     | __main__:<module>:162 - Epoch = 571 / 2000
2026-03-22 07:43:10.747 | INFO     | __main__:<module>:225 - Training time taken = 194.86 seconds, Evaluation time taken = nan seconds, loss = 0.03023, fid = None
2026-03-22 07:43:10.747 | INFO     | __main__:<module>:162 - Epoch = 572 / 2000
2026-03-22 07:46:25.787 | INFO     | __main__:<module>:225 - Training time taken = 195.04 seconds, Evaluation time taken = nan seconds, loss = 0.03048, fid = None
2026-03-22 07:46:25.787 | INFO     | __main__:<module>:162 - Epoch = 573 / 2000
2026-03-22 07:49:40.688 | INFO     | __main__:<module>:225 - Training time taken = 194.9 seconds, Evaluation time taken = nan seconds, loss = 0.03017, fid = None
2026-03-22 07:49:40.688 | INFO     | __main__:<module>:162 - Epoch = 574 / 2000
2026-03-22 07:52:55.631 | INFO     | __main__:<module>:225 - Training time taken = 194.94 seconds, Evaluation time taken = nan seconds, loss = 0.03018, fid = None
2026-03-22 07:52:55.631 | INFO     | __main__:<module>:162 - Epoch = 575 / 2000
2026-03-22 07:56:11.221 | INFO     | __main__:<module>:225 - Training time taken = 195.59 seconds, Evaluation time taken = nan seconds, loss = 0.0307, fid = None
2026-03-22 07:56:11.221 | INFO     | __main__:<module>:162 - Epoch = 576 / 2000
2026-03-22 07:59:25.987 | INFO     | __main__:<module>:225 - Training time taken = 194.76 seconds, Evaluation time taken = nan seconds, loss = 0.03003, fid = None
2026-03-22 07:59:25.988 | INFO     | __main__:<module>:162 - Epoch = 577 / 2000
2026-03-22 08:02:40.574 | INFO     | __main__:<module>:225 - Training time taken = 194.59 seconds, Evaluation time taken = nan seconds, loss = 0.03009, fid = None
2026-03-22 08:02:40.575 | INFO     | __main__:<module>:162 - Epoch = 578 / 2000
2026-03-22 08:05:55.453 | INFO     | __main__:<module>:225 - Training time taken = 194.88 seconds, Evaluation time taken = nan seconds, loss = 0.0307, fid = None
2026-03-22 08:05:55.454 | INFO     | __main__:<module>:162 - Epoch = 579 / 2000
2026-03-22 08:09:10.584 | INFO     | __main__:<module>:225 - Training time taken = 195.13 seconds, Evaluation time taken = nan seconds, loss = 0.02989, fid = None
2026-03-22 08:09:10.584 | INFO     | __main__:<module>:162 - Epoch = 580 / 2000
2026-03-22 08:12:25.172 | INFO     | __main__:<module>:225 - Training time taken = 194.59 seconds, Evaluation time taken = nan seconds, loss = 0.02998, fid = None
2026-03-22 08:12:25.173 | INFO     | __main__:<module>:162 - Epoch = 581 / 2000
2026-03-22 08:15:39.810 | INFO     | __main__:<module>:225 - Training time taken = 194.64 seconds, Evaluation time taken = nan seconds, loss = 0.02981, fid = None
2026-03-22 08:15:39.810 | INFO     | __main__:<module>:162 - Epoch = 582 / 2000
2026-03-22 08:18:54.623 | INFO     | __main__:<module>:225 - Training time taken = 194.81 seconds, Evaluation time taken = nan seconds, loss = 0.0298, fid = None
2026-03-22 08:18:54.624 | INFO     | __main__:<module>:162 - Epoch = 583 / 2000
2026-03-22 08:22:09.522 | INFO     | __main__:<module>:225 - Training time taken = 194.9 seconds, Evaluation time taken = nan seconds, loss = 0.02975, fid = None
2026-03-22 08:22:09.523 | INFO     | __main__:<module>:162 - Epoch = 584 / 2000
2026-03-22 08:25:24.710 | INFO     | __main__:<module>:225 - Training time taken = 195.19 seconds, Evaluation time taken = nan seconds, loss = 0.03001, fid = None
2026-03-22 08:25:24.710 | INFO     | __main__:<module>:162 - Epoch = 585 / 2000
2026-03-22 08:28:40.044 | INFO     | __main__:<module>:225 - Training time taken = 195.33 seconds, Evaluation time taken = nan seconds, loss = 0.03013, fid = None
2026-03-22 08:28:40.044 | INFO     | __main__:<module>:162 - Epoch = 586 / 2000
2026-03-22 08:31:55.542 | INFO     | __main__:<module>:225 - Training time taken = 195.5 seconds, Evaluation time taken = nan seconds, loss = 0.03048, fid = None
2026-03-22 08:31:55.542 | INFO     | __main__:<module>:162 - Epoch = 587 / 2000
2026-03-22 08:35:10.635 | INFO     | __main__:<module>:225 - Training time taken = 195.09 seconds, Evaluation time taken = nan seconds, loss = 0.02996, fid = None
2026-03-22 08:35:10.635 | INFO     | __main__:<module>:162 - Epoch = 588 / 2000
2026-03-22 08:38:25.536 | INFO     | __main__:<module>:225 - Training time taken = 194.9 seconds, Evaluation time taken = nan seconds, loss = 0.03024, fid = None
2026-03-22 08:38:25.536 | INFO     | __main__:<module>:162 - Epoch = 589 / 2000
2026-03-22 08:41:40.633 | INFO     | __main__:<module>:225 - Training time taken = 195.09 seconds, Evaluation time taken = nan seconds, loss = 0.03022, fid = None
2026-03-22 08:41:40.633 | INFO     | __main__:<module>:162 - Epoch = 590 / 2000
2026-03-22 08:44:55.676 | INFO     | __main__:<module>:225 - Training time taken = 195.04 seconds, Evaluation time taken = nan seconds, loss = 0.03046, fid = None
2026-03-22 08:44:55.676 | INFO     | __main__:<module>:162 - Epoch = 591 / 2000
2026-03-22 08:48:10.514 | INFO     | __main__:<module>:225 - Training time taken = 194.84 seconds, Evaluation time taken = nan seconds, loss = 0.03022, fid = None
2026-03-22 08:48:10.515 | INFO     | __main__:<module>:162 - Epoch = 592 / 2000
2026-03-22 08:51:25.340 | INFO     | __main__:<module>:225 - Training time taken = 194.82 seconds, Evaluation time taken = nan seconds, loss = 0.03006, fid = None
2026-03-22 08:51:25.340 | INFO     | __main__:<module>:162 - Epoch = 593 / 2000
2026-03-22 08:54:39.963 | INFO     | __main__:<module>:225 - Training time taken = 194.62 seconds, Evaluation time taken = nan seconds, loss = 0.02985, fid = None
2026-03-22 08:54:39.964 | INFO     | __main__:<module>:162 - Epoch = 594 / 2000
2026-03-22 08:57:55.133 | INFO     | __main__:<module>:225 - Training time taken = 195.17 seconds, Evaluation time taken = nan seconds, loss = 0.03016, fid = None
2026-03-22 08:57:55.133 | INFO     | __main__:<module>:162 - Epoch = 595 / 2000
2026-03-22 09:01:10.412 | INFO     | __main__:<module>:225 - Training time taken = 195.28 seconds, Evaluation time taken = nan seconds, loss = 0.03005, fid = None
2026-03-22 09:01:10.412 | INFO     | __main__:<module>:162 - Epoch = 596 / 2000
2026-03-22 09:04:25.096 | INFO     | __main__:<module>:225 - Training time taken = 194.68 seconds, Evaluation time taken = nan seconds, loss = 0.03047, fid = None
2026-03-22 09:04:25.097 | INFO     | __main__:<module>:162 - Epoch = 597 / 2000
2026-03-22 09:07:39.682 | INFO     | __main__:<module>:225 - Training time taken = 194.58 seconds, Evaluation time taken = nan seconds, loss = 0.03018, fid = None
2026-03-22 09:07:39.683 | INFO     | __main__:<module>:162 - Epoch = 598 / 2000
2026-03-22 09:10:54.704 | INFO     | __main__:<module>:225 - Training time taken = 195.02 seconds, Evaluation time taken = nan seconds, loss = 0.03024, fid = None
2026-03-22 09:10:54.704 | INFO     | __main__:<module>:162 - Epoch = 599 / 2000
2026-03-22 09:14:09.776 | INFO     | __main__:<module>:225 - Training time taken = 195.07 seconds, Evaluation time taken = nan seconds, loss = 0.03083, fid = None
2026-03-22 09:14:09.777 | INFO     | __main__:<module>:162 - Epoch = 600 / 2000
2026-03-22 09:17:24.482 | INFO     | __main__:<module>:225 - Training time taken = 194.7 seconds, Evaluation time taken = nan seconds, loss = 0.03, fid = None
2026-03-22 09:17:24.482 | INFO     | __main__:<module>:162 - Epoch = 601 / 2000
2026-03-22 09:20:39.455 | INFO     | __main__:<module>:225 - Training time taken = 194.97 seconds, Evaluation time taken = nan seconds, loss = 0.03036, fid = None
2026-03-22 09:20:39.455 | INFO     | __main__:<module>:162 - Epoch = 602 / 2000
2026-03-22 09:23:54.464 | INFO     | __main__:<module>:225 - Training time taken = 195.01 seconds, Evaluation time taken = nan seconds, loss = 0.03003, fid = None
2026-03-22 09:23:54.464 | INFO     | __main__:<module>:162 - Epoch = 603 / 2000
2026-03-22 09:27:09.597 | INFO     | __main__:<module>:225 - Training time taken = 195.13 seconds, Evaluation time taken = nan seconds, loss = 0.03005, fid = None
2026-03-22 09:27:09.598 | INFO     | __main__:<module>:162 - Epoch = 604 / 2000
2026-03-22 09:30:24.863 | INFO     | __main__:<module>:225 - Training time taken = 195.26 seconds, Evaluation time taken = nan seconds, loss = 0.03018, fid = None
2026-03-22 09:30:24.863 | INFO     | __main__:<module>:162 - Epoch = 605 / 2000
2026-03-22 09:33:39.882 | INFO     | __main__:<module>:225 - Training time taken = 195.02 seconds, Evaluation time taken = nan seconds, loss = 0.03043, fid = None
2026-03-22 09:33:39.883 | INFO     | __main__:<module>:162 - Epoch = 606 / 2000
2026-03-22 09:36:54.883 | INFO     | __main__:<module>:225 - Training time taken = 195.0 seconds, Evaluation time taken = nan seconds, loss = 0.0304, fid = None
2026-03-22 09:36:54.884 | INFO     | __main__:<module>:162 - Epoch = 607 / 2000
2026-03-22 09:40:09.494 | INFO     | __main__:<module>:225 - Training time taken = 194.61 seconds, Evaluation time taken = nan seconds, loss = 0.03065, fid = None
2026-03-22 09:40:09.494 | INFO     | __main__:<module>:162 - Epoch = 608 / 2000
2026-03-22 09:43:24.504 | INFO     | __main__:<module>:225 - Training time taken = 195.01 seconds, Evaluation time taken = nan seconds, loss = 0.03006, fid = None
2026-03-22 09:43:24.504 | INFO     | __main__:<module>:162 - Epoch = 609 / 2000
2026-03-22 09:46:39.567 | INFO     | __main__:<module>:225 - Training time taken = 195.06 seconds, Evaluation time taken = nan seconds, loss = 0.02981, fid = None
2026-03-22 09:46:39.567 | INFO     | __main__:<module>:162 - Epoch = 610 / 2000
2026-03-22 09:49:54.372 | INFO     | __main__:<module>:225 - Training time taken = 194.8 seconds, Evaluation time taken = nan seconds, loss = 0.03052, fid = None
2026-03-22 09:49:54.372 | INFO     | __main__:<module>:162 - Epoch = 611 / 2000
2026-03-22 09:53:09.363 | INFO     | __main__:<module>:225 - Training time taken = 194.99 seconds, Evaluation time taken = nan seconds, loss = 0.03001, fid = None
2026-03-22 09:53:09.364 | INFO     | __main__:<module>:162 - Epoch = 612 / 2000
2026-03-22 09:56:24.691 | INFO     | __main__:<module>:225 - Training time taken = 195.33 seconds, Evaluation time taken = nan seconds, loss = 0.03037, fid = None
2026-03-22 09:56:24.691 | INFO     | __main__:<module>:162 - Epoch = 613 / 2000
2026-03-22 09:59:39.582 | INFO     | __main__:<module>:225 - Training time taken = 194.89 seconds, Evaluation time taken = nan seconds, loss = 0.03059, fid = None
2026-03-22 09:59:39.582 | INFO     | __main__:<module>:162 - Epoch = 614 / 2000
2026-03-22 10:02:54.551 | INFO     | __main__:<module>:225 - Training time taken = 194.97 seconds, Evaluation time taken = nan seconds, loss = 0.03071, fid = None
2026-03-22 10:02:54.551 | INFO     | __main__:<module>:162 - Epoch = 615 / 2000
2026-03-22 10:06:09.599 | INFO     | __main__:<module>:225 - Training time taken = 195.05 seconds, Evaluation time taken = nan seconds, loss = 0.03052, fid = None
2026-03-22 10:06:09.599 | INFO     | __main__:<module>:162 - Epoch = 616 / 2000
2026-03-22 10:09:24.579 | INFO     | __main__:<module>:225 - Training time taken = 194.98 seconds, Evaluation time taken = nan seconds, loss = 0.02982, fid = None
2026-03-22 10:09:24.579 | INFO     | __main__:<module>:162 - Epoch = 617 / 2000
2026-03-22 10:12:39.126 | INFO     | __main__:<module>:225 - Training time taken = 194.54 seconds, Evaluation time taken = nan seconds, loss = 0.02981, fid = None
2026-03-22 10:12:39.126 | INFO     | __main__:<module>:162 - Epoch = 618 / 2000
2026-03-22 10:15:54.241 | INFO     | __main__:<module>:225 - Training time taken = 195.11 seconds, Evaluation time taken = nan seconds, loss = 0.03032, fid = None
2026-03-22 10:15:54.241 | INFO     | __main__:<module>:162 - Epoch = 619 / 2000
2026-03-22 10:19:08.720 | INFO     | __main__:<module>:225 - Training time taken = 194.48 seconds, Evaluation time taken = nan seconds, loss = 0.03014, fid = None
2026-03-22 10:19:08.721 | INFO     | __main__:<module>:162 - Epoch = 620 / 2000
2026-03-22 10:22:23.565 | INFO     | __main__:<module>:225 - Training time taken = 194.84 seconds, Evaluation time taken = nan seconds, loss = 0.02992, fid = None
2026-03-22 10:22:23.565 | INFO     | __main__:<module>:162 - Epoch = 621 / 2000
2026-03-22 10:25:38.407 | INFO     | __main__:<module>:225 - Training time taken = 194.84 seconds, Evaluation time taken = nan seconds, loss = 0.03015, fid = None
2026-03-22 10:25:38.408 | INFO     | __main__:<module>:162 - Epoch = 622 / 2000
2026-03-22 10:28:53.033 | INFO     | __main__:<module>:225 - Training time taken = 194.62 seconds, Evaluation time taken = nan seconds, loss = 0.03051, fid = None
2026-03-22 10:28:53.033 | INFO     | __main__:<module>:162 - Epoch = 623 / 2000
2026-03-22 10:32:07.633 | INFO     | __main__:<module>:225 - Training time taken = 194.6 seconds, Evaluation time taken = nan seconds, loss = 0.02969, fid = None
2026-03-22 10:32:07.633 | INFO     | __main__:<module>:162 - Epoch = 624 / 2000
2026-03-22 10:35:22.903 | INFO     | __main__:<module>:225 - Training time taken = 195.27 seconds, Evaluation time taken = nan seconds, loss = 0.0302, fid = None
2026-03-22 10:35:22.904 | INFO     | __main__:<module>:162 - Epoch = 625 / 2000
2026-03-22 10:38:37.828 | INFO     | __main__:<module>:225 - Training time taken = 194.92 seconds, Evaluation time taken = nan seconds, loss = 0.03021, fid = None
2026-03-22 10:38:37.829 | INFO     | __main__:<module>:162 - Epoch = 626 / 2000
2026-03-22 10:41:52.405 | INFO     | __main__:<module>:225 - Training time taken = 194.57 seconds, Evaluation time taken = nan seconds, loss = 0.03039, fid = None
2026-03-22 10:41:52.405 | INFO     | __main__:<module>:162 - Epoch = 627 / 2000
2026-03-22 10:45:07.068 | INFO     | __main__:<module>:225 - Training time taken = 194.66 seconds, Evaluation time taken = nan seconds, loss = 0.03009, fid = None
2026-03-22 10:45:07.068 | INFO     | __main__:<module>:162 - Epoch = 628 / 2000
2026-03-22 10:48:21.648 | INFO     | __main__:<module>:225 - Training time taken = 194.58 seconds, Evaluation time taken = nan seconds, loss = 0.03053, fid = None
2026-03-22 10:48:21.649 | INFO     | __main__:<module>:162 - Epoch = 629 / 2000
2026-03-22 10:51:36.451 | INFO     | __main__:<module>:225 - Training time taken = 194.8 seconds, Evaluation time taken = nan seconds, loss = 0.02979, fid = None
2026-03-22 10:51:36.452 | INFO     | __main__:<module>:162 - Epoch = 630 / 2000
2026-03-22 10:54:51.785 | INFO     | __main__:<module>:225 - Training time taken = 195.33 seconds, Evaluation time taken = nan seconds, loss = 0.0304, fid = None
2026-03-22 10:54:51.785 | INFO     | __main__:<module>:162 - Epoch = 631 / 2000
2026-03-22 10:58:06.889 | INFO     | __main__:<module>:225 - Training time taken = 195.1 seconds, Evaluation time taken = nan seconds, loss = 0.02993, fid = None
2026-03-22 10:58:06.889 | INFO     | __main__:<module>:162 - Epoch = 632 / 2000
2026-03-22 11:01:21.605 | INFO     | __main__:<module>:225 - Training time taken = 194.71 seconds, Evaluation time taken = nan seconds, loss = 0.0302, fid = None
2026-03-22 11:01:21.605 | INFO     | __main__:<module>:162 - Epoch = 633 / 2000
2026-03-22 11:04:36.292 | INFO     | __main__:<module>:225 - Training time taken = 194.68 seconds, Evaluation time taken = nan seconds, loss = 0.03004, fid = None
2026-03-22 11:04:36.292 | INFO     | __main__:<module>:162 - Epoch = 634 / 2000
2026-03-22 11:07:50.847 | INFO     | __main__:<module>:225 - Training time taken = 194.55 seconds, Evaluation time taken = nan seconds, loss = 0.02983, fid = None
2026-03-22 11:07:50.848 | INFO     | __main__:<module>:162 - Epoch = 635 / 2000
2026-03-22 11:11:05.326 | INFO     | __main__:<module>:225 - Training time taken = 194.48 seconds, Evaluation time taken = nan seconds, loss = 0.03027, fid = None
2026-03-22 11:11:05.327 | INFO     | __main__:<module>:162 - Epoch = 636 / 2000
2026-03-22 11:14:20.162 | INFO     | __main__:<module>:225 - Training time taken = 194.83 seconds, Evaluation time taken = nan seconds, loss = 0.03007, fid = None
2026-03-22 11:14:20.162 | INFO     | __main__:<module>:162 - Epoch = 637 / 2000
2026-03-22 11:17:35.684 | INFO     | __main__:<module>:225 - Training time taken = 195.52 seconds, Evaluation time taken = nan seconds, loss = 0.02972, fid = None
2026-03-22 11:17:35.684 | INFO     | __main__:<module>:162 - Epoch = 638 / 2000
2026-03-22 11:20:51.475 | INFO     | __main__:<module>:225 - Training time taken = 195.79 seconds, Evaluation time taken = nan seconds, loss = 0.03021, fid = None
2026-03-22 11:20:51.476 | INFO     | __main__:<module>:162 - Epoch = 639 / 2000
2026-03-22 11:24:06.464 | INFO     | __main__:<module>:225 - Training time taken = 194.99 seconds, Evaluation time taken = nan seconds, loss = 0.0302, fid = None
2026-03-22 11:24:06.464 | INFO     | __main__:<module>:162 - Epoch = 640 / 2000
2026-03-22 11:27:21.415 | INFO     | __main__:<module>:225 - Training time taken = 194.95 seconds, Evaluation time taken = nan seconds, loss = 0.02982, fid = None
2026-03-22 11:27:21.415 | INFO     | __main__:<module>:162 - Epoch = 641 / 2000
2026-03-22 11:30:36.619 | INFO     | __main__:<module>:225 - Training time taken = 195.2 seconds, Evaluation time taken = nan seconds, loss = 0.03004, fid = None
2026-03-22 11:30:36.619 | INFO     | __main__:<module>:162 - Epoch = 642 / 2000
2026-03-22 11:33:51.890 | INFO     | __main__:<module>:225 - Training time taken = 195.27 seconds, Evaluation time taken = nan seconds, loss = 0.03021, fid = None
2026-03-22 11:33:51.890 | INFO     | __main__:<module>:162 - Epoch = 643 / 2000
2026-03-22 11:37:08.017 | INFO     | __main__:<module>:225 - Training time taken = 196.13 seconds, Evaluation time taken = nan seconds, loss = 0.02975, fid = None
2026-03-22 11:37:08.017 | INFO     | __main__:<module>:162 - Epoch = 644 / 2000
2026-03-22 11:40:23.693 | INFO     | __main__:<module>:225 - Training time taken = 195.67 seconds, Evaluation time taken = nan seconds, loss = 0.02996, fid = None
2026-03-22 11:40:23.694 | INFO     | __main__:<module>:162 - Epoch = 645 / 2000
2026-03-22 11:43:39.183 | INFO     | __main__:<module>:225 - Training time taken = 195.49 seconds, Evaluation time taken = nan seconds, loss = 0.02972, fid = None
2026-03-22 11:43:39.184 | INFO     | __main__:<module>:162 - Epoch = 646 / 2000
2026-03-22 11:46:54.356 | INFO     | __main__:<module>:225 - Training time taken = 195.17 seconds, Evaluation time taken = nan seconds, loss = 0.03028, fid = None
2026-03-22 11:46:54.356 | INFO     | __main__:<module>:162 - Epoch = 647 / 2000
2026-03-22 11:50:09.625 | INFO     | __main__:<module>:225 - Training time taken = 195.27 seconds, Evaluation time taken = nan seconds, loss = 0.03024, fid = None
2026-03-22 11:50:09.626 | INFO     | __main__:<module>:162 - Epoch = 648 / 2000
2026-03-22 11:53:24.721 | INFO     | __main__:<module>:225 - Training time taken = 195.09 seconds, Evaluation time taken = nan seconds, loss = 0.02981, fid = None
2026-03-22 11:53:24.721 | INFO     | __main__:<module>:162 - Epoch = 649 / 2000
2026-03-22 11:56:40.222 | INFO     | __main__:<module>:225 - Training time taken = 195.5 seconds, Evaluation time taken = nan seconds, loss = 0.03002, fid = None
2026-03-22 11:56:40.223 | INFO     | __main__:<module>:162 - Epoch = 650 / 2000
2026-03-22 11:59:55.809 | INFO     | __main__:<module>:225 - Training time taken = 195.58 seconds, Evaluation time taken = nan seconds, loss = 0.03022, fid = None
2026-03-22 11:59:55.809 | INFO     | __main__:<module>:162 - Epoch = 651 / 2000
2026-03-22 12:03:10.686 | INFO     | __main__:<module>:225 - Training time taken = 194.88 seconds, Evaluation time taken = nan seconds, loss = 0.0298, fid = None
2026-03-22 12:03:10.686 | INFO     | __main__:<module>:162 - Epoch = 652 / 2000
2026-03-22 12:06:25.676 | INFO     | __main__:<module>:225 - Training time taken = 194.99 seconds, Evaluation time taken = nan seconds, loss = 0.0295, fid = None
2026-03-22 12:06:25.676 | INFO     | __main__:<module>:162 - Epoch = 653 / 2000
2026-03-22 12:09:40.737 | INFO     | __main__:<module>:225 - Training time taken = 195.06 seconds, Evaluation time taken = nan seconds, loss = 0.03017, fid = None
2026-03-22 12:09:40.737 | INFO     | __main__:<module>:162 - Epoch = 654 / 2000
2026-03-22 12:12:56.515 | INFO     | __main__:<module>:225 - Training time taken = 195.78 seconds, Evaluation time taken = nan seconds, loss = 0.02977, fid = None
2026-03-22 12:12:56.516 | INFO     | __main__:<module>:162 - Epoch = 655 / 2000
2026-03-22 12:16:12.127 | INFO     | __main__:<module>:225 - Training time taken = 195.61 seconds, Evaluation time taken = nan seconds, loss = 0.02989, fid = None
2026-03-22 12:16:12.128 | INFO     | __main__:<module>:162 - Epoch = 656 / 2000
2026-03-22 12:19:27.131 | INFO     | __main__:<module>:225 - Training time taken = 195.0 seconds, Evaluation time taken = nan seconds, loss = 0.02995, fid = None
2026-03-22 12:19:27.132 | INFO     | __main__:<module>:162 - Epoch = 657 / 2000
2026-03-22 12:22:42.090 | INFO     | __main__:<module>:225 - Training time taken = 194.96 seconds, Evaluation time taken = nan seconds, loss = 0.03017, fid = None
2026-03-22 12:22:42.090 | INFO     | __main__:<module>:162 - Epoch = 658 / 2000
2026-03-22 12:25:56.665 | INFO     | __main__:<module>:225 - Training time taken = 194.57 seconds, Evaluation time taken = nan seconds, loss = 0.02982, fid = None
2026-03-22 12:25:56.666 | INFO     | __main__:<module>:162 - Epoch = 659 / 2000
2026-03-22 12:29:12.103 | INFO     | __main__:<module>:225 - Training time taken = 195.44 seconds, Evaluation time taken = nan seconds, loss = 0.02965, fid = None
2026-03-22 12:29:12.103 | INFO     | __main__:<module>:162 - Epoch = 660 / 2000
2026-03-22 12:32:27.181 | INFO     | __main__:<module>:225 - Training time taken = 195.08 seconds, Evaluation time taken = nan seconds, loss = 0.02985, fid = None
2026-03-22 12:32:27.181 | INFO     | __main__:<module>:162 - Epoch = 661 / 2000
2026-03-22 12:35:42.789 | INFO     | __main__:<module>:225 - Training time taken = 195.61 seconds, Evaluation time taken = nan seconds, loss = 0.03021, fid = None
2026-03-22 12:35:42.790 | INFO     | __main__:<module>:162 - Epoch = 662 / 2000
2026-03-22 12:38:58.307 | INFO     | __main__:<module>:225 - Training time taken = 195.52 seconds, Evaluation time taken = nan seconds, loss = 0.02988, fid = None
2026-03-22 12:38:58.307 | INFO     | __main__:<module>:162 - Epoch = 663 / 2000
2026-03-22 12:42:13.835 | INFO     | __main__:<module>:225 - Training time taken = 195.53 seconds, Evaluation time taken = nan seconds, loss = 0.02991, fid = None
2026-03-22 12:42:13.836 | INFO     | __main__:<module>:162 - Epoch = 664 / 2000
2026-03-22 12:45:29.327 | INFO     | __main__:<module>:225 - Training time taken = 195.49 seconds, Evaluation time taken = nan seconds, loss = 0.0303, fid = None
2026-03-22 12:45:29.328 | INFO     | __main__:<module>:162 - Epoch = 665 / 2000
2026-03-22 12:48:44.738 | INFO     | __main__:<module>:225 - Training time taken = 195.41 seconds, Evaluation time taken = nan seconds, loss = 0.03032, fid = None
2026-03-22 12:48:44.739 | INFO     | __main__:<module>:162 - Epoch = 666 / 2000
2026-03-22 12:51:59.762 | INFO     | __main__:<module>:225 - Training time taken = 195.02 seconds, Evaluation time taken = nan seconds, loss = 0.02993, fid = None
2026-03-22 12:51:59.762 | INFO     | __main__:<module>:162 - Epoch = 667 / 2000
2026-03-22 12:55:14.977 | INFO     | __main__:<module>:225 - Training time taken = 195.21 seconds, Evaluation time taken = nan seconds, loss = 0.0295, fid = None
2026-03-22 12:55:14.977 | INFO     | __main__:<module>:162 - Epoch = 668 / 2000
2026-03-22 12:58:30.851 | INFO     | __main__:<module>:225 - Training time taken = 195.87 seconds, Evaluation time taken = nan seconds, loss = 0.02945, fid = None
2026-03-22 12:58:30.852 | INFO     | __main__:<module>:162 - Epoch = 669 / 2000
2026-03-22 13:01:46.123 | INFO     | __main__:<module>:225 - Training time taken = 195.27 seconds, Evaluation time taken = nan seconds, loss = 0.03016, fid = None
2026-03-22 13:01:46.123 | INFO     | __main__:<module>:162 - Epoch = 670 / 2000
2026-03-22 13:05:02.259 | INFO     | __main__:<module>:225 - Training time taken = 196.13 seconds, Evaluation time taken = nan seconds, loss = 0.02983, fid = None
2026-03-22 13:05:02.259 | INFO     | __main__:<module>:162 - Epoch = 671 / 2000
2026-03-22 13:08:18.617 | INFO     | __main__:<module>:225 - Training time taken = 196.36 seconds, Evaluation time taken = nan seconds, loss = 0.02969, fid = None
2026-03-22 13:08:18.618 | INFO     | __main__:<module>:162 - Epoch = 672 / 2000
2026-03-22 13:11:35.448 | INFO     | __main__:<module>:225 - Training time taken = 196.83 seconds, Evaluation time taken = nan seconds, loss = 0.03051, fid = None
2026-03-22 13:11:35.448 | INFO     | __main__:<module>:162 - Epoch = 673 / 2000
2026-03-22 13:14:50.864 | INFO     | __main__:<module>:225 - Training time taken = 195.41 seconds, Evaluation time taken = nan seconds, loss = 0.0296, fid = None
2026-03-22 13:14:50.864 | INFO     | __main__:<module>:162 - Epoch = 674 / 2000
2026-03-22 13:18:06.523 | INFO     | __main__:<module>:225 - Training time taken = 195.66 seconds, Evaluation time taken = nan seconds, loss = 0.03002, fid = None
2026-03-22 13:18:06.524 | INFO     | __main__:<module>:162 - Epoch = 675 / 2000
2026-03-22 13:21:21.606 | INFO     | __main__:<module>:225 - Training time taken = 195.08 seconds, Evaluation time taken = nan seconds, loss = 0.02938, fid = None
2026-03-22 13:21:21.606 | INFO     | __main__:<module>:162 - Epoch = 676 / 2000
2026-03-22 13:24:37.013 | INFO     | __main__:<module>:225 - Training time taken = 195.41 seconds, Evaluation time taken = nan seconds, loss = 0.03018, fid = None
2026-03-22 13:24:37.013 | INFO     | __main__:<module>:162 - Epoch = 677 / 2000
2026-03-22 13:27:52.364 | INFO     | __main__:<module>:225 - Training time taken = 195.35 seconds, Evaluation time taken = nan seconds, loss = 0.0302, fid = None
2026-03-22 13:27:52.365 | INFO     | __main__:<module>:162 - Epoch = 678 / 2000
2026-03-22 13:31:08.784 | INFO     | __main__:<module>:225 - Training time taken = 196.42 seconds, Evaluation time taken = nan seconds, loss = 0.02988, fid = None
2026-03-22 13:31:08.784 | INFO     | __main__:<module>:162 - Epoch = 679 / 2000
2026-03-22 13:34:25.086 | INFO     | __main__:<module>:225 - Training time taken = 196.3 seconds, Evaluation time taken = nan seconds, loss = 0.02992, fid = None
2026-03-22 13:34:25.086 | INFO     | __main__:<module>:162 - Epoch = 680 / 2000
2026-03-22 13:37:42.389 | INFO     | __main__:<module>:225 - Training time taken = 197.3 seconds, Evaluation time taken = nan seconds, loss = 0.03038, fid = None
2026-03-22 13:37:42.389 | INFO     | __main__:<module>:162 - Epoch = 681 / 2000
2026-03-22 13:40:58.578 | INFO     | __main__:<module>:225 - Training time taken = 196.19 seconds, Evaluation time taken = nan seconds, loss = 0.03008, fid = None
2026-03-22 13:40:58.578 | INFO     | __main__:<module>:162 - Epoch = 682 / 2000
2026-03-22 13:44:14.442 | INFO     | __main__:<module>:225 - Training time taken = 195.86 seconds, Evaluation time taken = nan seconds, loss = 0.02958, fid = None
2026-03-22 13:44:14.442 | INFO     | __main__:<module>:162 - Epoch = 683 / 2000
2026-03-22 13:47:30.899 | INFO     | __main__:<module>:225 - Training time taken = 196.46 seconds, Evaluation time taken = nan seconds, loss = 0.03004, fid = None
2026-03-22 13:47:30.900 | INFO     | __main__:<module>:162 - Epoch = 684 / 2000
2026-03-22 13:50:46.864 | INFO     | __main__:<module>:225 - Training time taken = 195.96 seconds, Evaluation time taken = nan seconds, loss = 0.03047, fid = None
2026-03-22 13:50:46.865 | INFO     | __main__:<module>:162 - Epoch = 685 / 2000
2026-03-22 13:54:03.110 | INFO     | __main__:<module>:225 - Training time taken = 196.24 seconds, Evaluation time taken = nan seconds, loss = 0.02978, fid = None
2026-03-22 13:54:03.111 | INFO     | __main__:<module>:162 - Epoch = 686 / 2000
2026-03-22 13:57:19.432 | INFO     | __main__:<module>:225 - Training time taken = 196.32 seconds, Evaluation time taken = nan seconds, loss = 0.03, fid = None
2026-03-22 13:57:19.432 | INFO     | __main__:<module>:162 - Epoch = 687 / 2000
2026-03-22 14:00:35.113 | INFO     | __main__:<module>:225 - Training time taken = 195.68 seconds, Evaluation time taken = nan seconds, loss = 0.03001, fid = None
2026-03-22 14:00:35.114 | INFO     | __main__:<module>:162 - Epoch = 688 / 2000
2026-03-22 14:03:50.930 | INFO     | __main__:<module>:225 - Training time taken = 195.81 seconds, Evaluation time taken = nan seconds, loss = 0.03044, fid = None
2026-03-22 14:03:50.931 | INFO     | __main__:<module>:162 - Epoch = 689 / 2000
2026-03-22 14:07:06.796 | INFO     | __main__:<module>:225 - Training time taken = 195.86 seconds, Evaluation time taken = nan seconds, loss = 0.03006, fid = None
2026-03-22 14:07:06.796 | INFO     | __main__:<module>:162 - Epoch = 690 / 2000
2026-03-22 14:10:22.920 | INFO     | __main__:<module>:225 - Training time taken = 196.12 seconds, Evaluation time taken = nan seconds, loss = 0.03013, fid = None
2026-03-22 14:10:22.921 | INFO     | __main__:<module>:162 - Epoch = 691 / 2000
2026-03-22 14:13:39.067 | INFO     | __main__:<module>:225 - Training time taken = 196.14 seconds, Evaluation time taken = nan seconds, loss = 0.03054, fid = None
2026-03-22 14:13:39.067 | INFO     | __main__:<module>:162 - Epoch = 692 / 2000
2026-03-22 14:16:55.465 | INFO     | __main__:<module>:225 - Training time taken = 196.4 seconds, Evaluation time taken = nan seconds, loss = 0.03019, fid = None
2026-03-22 14:16:55.465 | INFO     | __main__:<module>:162 - Epoch = 693 / 2000
2026-03-22 14:20:11.544 | INFO     | __main__:<module>:225 - Training time taken = 196.08 seconds, Evaluation time taken = nan seconds, loss = 0.03012, fid = None
2026-03-22 14:20:11.544 | INFO     | __main__:<module>:162 - Epoch = 694 / 2000
2026-03-22 14:23:27.120 | INFO     | __main__:<module>:225 - Training time taken = 195.58 seconds, Evaluation time taken = nan seconds, loss = 0.02987, fid = None
2026-03-22 14:23:27.121 | INFO     | __main__:<module>:162 - Epoch = 695 / 2000
2026-03-22 14:26:43.367 | INFO     | __main__:<module>:225 - Training time taken = 196.24 seconds, Evaluation time taken = nan seconds, loss = 0.03004, fid = None
2026-03-22 14:26:43.367 | INFO     | __main__:<module>:162 - Epoch = 696 / 2000
2026-03-22 14:29:59.525 | INFO     | __main__:<module>:225 - Training time taken = 196.16 seconds, Evaluation time taken = nan seconds, loss = 0.02984, fid = None
2026-03-22 14:29:59.525 | INFO     | __main__:<module>:162 - Epoch = 697 / 2000
2026-03-22 14:33:15.688 | INFO     | __main__:<module>:225 - Training time taken = 196.16 seconds, Evaluation time taken = nan seconds, loss = 0.02951, fid = None
2026-03-22 14:33:15.689 | INFO     | __main__:<module>:162 - Epoch = 698 / 2000
2026-03-22 14:36:31.815 | INFO     | __main__:<module>:225 - Training time taken = 196.13 seconds, Evaluation time taken = nan seconds, loss = 0.03018, fid = None
2026-03-22 14:36:31.816 | INFO     | __main__:<module>:162 - Epoch = 699 / 2000
2026-03-22 14:39:47.920 | INFO     | __main__:<module>:225 - Training time taken = 196.1 seconds, Evaluation time taken = nan seconds, loss = 0.03033, fid = None
2026-03-22 14:39:47.920 | INFO     | __main__:<module>:162 - Epoch = 700 / 2000
2026-03-22 14:43:03.516 | INFO     | __main__:<module>:225 - Training time taken = 195.59 seconds, Evaluation time taken = nan seconds, loss = 0.03006, fid = None
2026-03-22 14:43:03.516 | INFO     | __main__:<module>:162 - Epoch = 701 / 2000
2026-03-22 14:46:19.401 | INFO     | __main__:<module>:225 - Training time taken = 195.88 seconds, Evaluation time taken = nan seconds, loss = 0.03047, fid = None
2026-03-22 14:46:19.401 | INFO     | __main__:<module>:162 - Epoch = 702 / 2000
2026-03-22 14:49:35.505 | INFO     | __main__:<module>:225 - Training time taken = 196.1 seconds, Evaluation time taken = nan seconds, loss = 0.0297, fid = None
2026-03-22 14:49:35.506 | INFO     | __main__:<module>:162 - Epoch = 703 / 2000
2026-03-22 14:52:51.200 | INFO     | __main__:<module>:225 - Training time taken = 195.69 seconds, Evaluation time taken = nan seconds, loss = 0.03051, fid = None
2026-03-22 14:52:51.201 | INFO     | __main__:<module>:162 - Epoch = 704 / 2000
2026-03-22 14:56:07.712 | INFO     | __main__:<module>:225 - Training time taken = 196.51 seconds, Evaluation time taken = nan seconds, loss = 0.03041, fid = None
2026-03-22 14:56:07.712 | INFO     | __main__:<module>:162 - Epoch = 705 / 2000
2026-03-22 14:59:23.618 | INFO     | __main__:<module>:225 - Training time taken = 195.9 seconds, Evaluation time taken = nan seconds, loss = 0.02972, fid = None
2026-03-22 14:59:23.620 | INFO     | __main__:<module>:162 - Epoch = 706 / 2000
2026-03-22 15:02:39.307 | INFO     | __main__:<module>:225 - Training time taken = 195.69 seconds, Evaluation time taken = nan seconds, loss = 0.03042, fid = None
2026-03-22 15:02:39.307 | INFO     | __main__:<module>:162 - Epoch = 707 / 2000
2026-03-22 15:05:55.065 | INFO     | __main__:<module>:225 - Training time taken = 195.76 seconds, Evaluation time taken = nan seconds, loss = 0.03001, fid = None
2026-03-22 15:05:55.065 | INFO     | __main__:<module>:162 - Epoch = 708 / 2000
2026-03-22 15:09:10.766 | INFO     | __main__:<module>:225 - Training time taken = 195.7 seconds, Evaluation time taken = nan seconds, loss = 0.03032, fid = None
2026-03-22 15:09:10.767 | INFO     | __main__:<module>:162 - Epoch = 709 / 2000
2026-03-22 15:12:26.069 | INFO     | __main__:<module>:225 - Training time taken = 195.3 seconds, Evaluation time taken = nan seconds, loss = 0.02996, fid = None
2026-03-22 15:12:26.070 | INFO     | __main__:<module>:162 - Epoch = 710 / 2000
2026-03-22 15:15:41.877 | INFO     | __main__:<module>:225 - Training time taken = 195.81 seconds, Evaluation time taken = nan seconds, loss = 0.03011, fid = None
2026-03-22 15:15:41.877 | INFO     | __main__:<module>:162 - Epoch = 711 / 2000
2026-03-22 15:18:58.165 | INFO     | __main__:<module>:225 - Training time taken = 196.29 seconds, Evaluation time taken = nan seconds, loss = 0.03013, fid = None
2026-03-22 15:18:58.166 | INFO     | __main__:<module>:162 - Epoch = 712 / 2000
2026-03-22 15:22:14.791 | INFO     | __main__:<module>:225 - Training time taken = 196.62 seconds, Evaluation time taken = nan seconds, loss = 0.03031, fid = None
2026-03-22 15:22:14.792 | INFO     | __main__:<module>:162 - Epoch = 713 / 2000
2026-03-22 15:25:31.830 | INFO     | __main__:<module>:225 - Training time taken = 197.04 seconds, Evaluation time taken = nan seconds, loss = 0.02999, fid = None
2026-03-22 15:25:31.831 | INFO     | __main__:<module>:162 - Epoch = 714 / 2000
2026-03-22 15:28:49.189 | INFO     | __main__:<module>:225 - Training time taken = 197.36 seconds, Evaluation time taken = nan seconds, loss = 0.0303, fid = None
2026-03-22 15:28:49.190 | INFO     | __main__:<module>:162 - Epoch = 715 / 2000
2026-03-22 15:32:06.442 | INFO     | __main__:<module>:225 - Training time taken = 197.25 seconds, Evaluation time taken = nan seconds, loss = 0.02971, fid = None
2026-03-22 15:32:06.443 | INFO     | __main__:<module>:162 - Epoch = 716 / 2000
2026-03-22 15:35:22.813 | INFO     | __main__:<module>:225 - Training time taken = 196.37 seconds, Evaluation time taken = nan seconds, loss = 0.03029, fid = None
2026-03-22 15:35:22.813 | INFO     | __main__:<module>:162 - Epoch = 717 / 2000
2026-03-22 15:38:39.203 | INFO     | __main__:<module>:225 - Training time taken = 196.39 seconds, Evaluation time taken = nan seconds, loss = 0.03016, fid = None
2026-03-22 15:38:39.204 | INFO     | __main__:<module>:162 - Epoch = 718 / 2000
2026-03-22 15:41:55.416 | INFO     | __main__:<module>:225 - Training time taken = 196.21 seconds, Evaluation time taken = nan seconds, loss = 0.03001, fid = None
2026-03-22 15:41:55.416 | INFO     | __main__:<module>:162 - Epoch = 719 / 2000
2026-03-22 15:45:11.070 | INFO     | __main__:<module>:225 - Training time taken = 195.65 seconds, Evaluation time taken = nan seconds, loss = 0.03041, fid = None
2026-03-22 15:45:11.070 | INFO     | __main__:<module>:162 - Epoch = 720 / 2000
2026-03-22 15:48:27.284 | INFO     | __main__:<module>:225 - Training time taken = 196.21 seconds, Evaluation time taken = nan seconds, loss = 0.03024, fid = None
2026-03-22 15:48:27.284 | INFO     | __main__:<module>:162 - Epoch = 721 / 2000
2026-03-22 15:51:43.374 | INFO     | __main__:<module>:225 - Training time taken = 196.09 seconds, Evaluation time taken = nan seconds, loss = 0.02999, fid = None
2026-03-22 15:51:43.375 | INFO     | __main__:<module>:162 - Epoch = 722 / 2000
2026-03-22 15:54:59.384 | INFO     | __main__:<module>:225 - Training time taken = 196.01 seconds, Evaluation time taken = nan seconds, loss = 0.03059, fid = None
2026-03-22 15:54:59.385 | INFO     | __main__:<module>:162 - Epoch = 723 / 2000
2026-03-22 15:58:15.251 | INFO     | __main__:<module>:225 - Training time taken = 195.86 seconds, Evaluation time taken = nan seconds, loss = 0.02992, fid = None
2026-03-22 15:58:15.251 | INFO     | __main__:<module>:162 - Epoch = 724 / 2000
2026-03-22 16:01:31.341 | INFO     | __main__:<module>:225 - Training time taken = 196.09 seconds, Evaluation time taken = nan seconds, loss = 0.02999, fid = None
2026-03-22 16:01:31.341 | INFO     | __main__:<module>:162 - Epoch = 725 / 2000
2026-03-22 16:04:47.557 | INFO     | __main__:<module>:225 - Training time taken = 196.21 seconds, Evaluation time taken = nan seconds, loss = 0.02942, fid = None
2026-03-22 16:04:47.558 | INFO     | __main__:<module>:162 - Epoch = 726 / 2000
2026-03-22 16:08:03.530 | INFO     | __main__:<module>:225 - Training time taken = 195.97 seconds, Evaluation time taken = nan seconds, loss = 0.03018, fid = None
2026-03-22 16:08:03.531 | INFO     | __main__:<module>:162 - Epoch = 727 / 2000
2026-03-22 16:11:19.906 | INFO     | __main__:<module>:225 - Training time taken = 196.37 seconds, Evaluation time taken = nan seconds, loss = 0.0299, fid = None
2026-03-22 16:11:19.907 | INFO     | __main__:<module>:162 - Epoch = 728 / 2000
2026-03-22 16:14:35.435 | INFO     | __main__:<module>:225 - Training time taken = 195.53 seconds, Evaluation time taken = nan seconds, loss = 0.03005, fid = None
2026-03-22 16:14:35.436 | INFO     | __main__:<module>:162 - Epoch = 729 / 2000
2026-03-22 16:17:51.489 | INFO     | __main__:<module>:225 - Training time taken = 196.05 seconds, Evaluation time taken = nan seconds, loss = 0.03009, fid = None
2026-03-22 16:17:51.490 | INFO     | __main__:<module>:162 - Epoch = 730 / 2000
2026-03-22 16:21:07.760 | INFO     | __main__:<module>:225 - Training time taken = 196.27 seconds, Evaluation time taken = nan seconds, loss = 0.03037, fid = None
2026-03-22 16:21:07.760 | INFO     | __main__:<module>:162 - Epoch = 731 / 2000
2026-03-22 16:24:23.377 | INFO     | __main__:<module>:225 - Training time taken = 195.62 seconds, Evaluation time taken = nan seconds, loss = 0.02965, fid = None
2026-03-22 16:24:23.377 | INFO     | __main__:<module>:162 - Epoch = 732 / 2000
2026-03-22 16:27:39.412 | INFO     | __main__:<module>:225 - Training time taken = 196.03 seconds, Evaluation time taken = nan seconds, loss = 0.03, fid = None
2026-03-22 16:27:39.412 | INFO     | __main__:<module>:162 - Epoch = 733 / 2000
2026-03-22 16:30:55.571 | INFO     | __main__:<module>:225 - Training time taken = 196.16 seconds, Evaluation time taken = nan seconds, loss = 0.03088, fid = None
2026-03-22 16:30:55.571 | INFO     | __main__:<module>:162 - Epoch = 734 / 2000
2026-03-22 16:34:11.572 | INFO     | __main__:<module>:225 - Training time taken = 196.0 seconds, Evaluation time taken = nan seconds, loss = 0.02994, fid = None
2026-03-22 16:34:11.572 | INFO     | __main__:<module>:162 - Epoch = 735 / 2000
2026-03-22 16:37:27.311 | INFO     | __main__:<module>:225 - Training time taken = 195.74 seconds, Evaluation time taken = nan seconds, loss = 0.03026, fid = None
2026-03-22 16:37:27.312 | INFO     | __main__:<module>:162 - Epoch = 736 / 2000
2026-03-22 16:40:43.604 | INFO     | __main__:<module>:225 - Training time taken = 196.29 seconds, Evaluation time taken = nan seconds, loss = 0.03004, fid = None
2026-03-22 16:40:43.604 | INFO     | __main__:<module>:162 - Epoch = 737 / 2000
2026-03-22 16:43:59.265 | INFO     | __main__:<module>:225 - Training time taken = 195.66 seconds, Evaluation time taken = nan seconds, loss = 0.03009, fid = None
2026-03-22 16:43:59.266 | INFO     | __main__:<module>:162 - Epoch = 738 / 2000
2026-03-22 16:47:14.965 | INFO     | __main__:<module>:225 - Training time taken = 195.7 seconds, Evaluation time taken = nan seconds, loss = 0.03004, fid = None
2026-03-22 16:47:14.966 | INFO     | __main__:<module>:162 - Epoch = 739 / 2000
2026-03-22 16:50:30.758 | INFO     | __main__:<module>:225 - Training time taken = 195.79 seconds, Evaluation time taken = nan seconds, loss = 0.02994, fid = None
2026-03-22 16:50:30.759 | INFO     | __main__:<module>:162 - Epoch = 740 / 2000
2026-03-22 16:53:46.333 | INFO     | __main__:<module>:225 - Training time taken = 195.57 seconds, Evaluation time taken = nan seconds, loss = 0.02967, fid = None
2026-03-22 16:53:46.333 | INFO     | __main__:<module>:162 - Epoch = 741 / 2000
2026-03-22 16:57:02.323 | INFO     | __main__:<module>:225 - Training time taken = 195.99 seconds, Evaluation time taken = nan seconds, loss = 0.0301, fid = None
2026-03-22 16:57:02.324 | INFO     | __main__:<module>:162 - Epoch = 742 / 2000
2026-03-22 17:00:18.059 | INFO     | __main__:<module>:225 - Training time taken = 195.73 seconds, Evaluation time taken = nan seconds, loss = 0.02976, fid = None
2026-03-22 17:00:18.060 | INFO     | __main__:<module>:162 - Epoch = 743 / 2000
2026-03-22 17:03:33.992 | INFO     | __main__:<module>:225 - Training time taken = 195.93 seconds, Evaluation time taken = nan seconds, loss = 0.02957, fid = None
2026-03-22 17:03:33.993 | INFO     | __main__:<module>:162 - Epoch = 744 / 2000
2026-03-22 17:06:50.013 | INFO     | __main__:<module>:225 - Training time taken = 196.02 seconds, Evaluation time taken = nan seconds, loss = 0.02949, fid = None
2026-03-22 17:06:50.013 | INFO     | __main__:<module>:162 - Epoch = 745 / 2000
2026-03-22 17:10:05.592 | INFO     | __main__:<module>:225 - Training time taken = 195.58 seconds, Evaluation time taken = nan seconds, loss = 0.02967, fid = None
2026-03-22 17:10:05.593 | INFO     | __main__:<module>:162 - Epoch = 746 / 2000
2026-03-22 17:13:21.287 | INFO     | __main__:<module>:225 - Training time taken = 195.69 seconds, Evaluation time taken = nan seconds, loss = 0.03007, fid = None
2026-03-22 17:13:21.287 | INFO     | __main__:<module>:162 - Epoch = 747 / 2000
2026-03-22 17:16:36.712 | INFO     | __main__:<module>:225 - Training time taken = 195.42 seconds, Evaluation time taken = nan seconds, loss = 0.03016, fid = None
2026-03-22 17:16:36.713 | INFO     | __main__:<module>:162 - Epoch = 748 / 2000
2026-03-22 17:19:52.203 | INFO     | __main__:<module>:225 - Training time taken = 195.49 seconds, Evaluation time taken = nan seconds, loss = 0.02981, fid = None
2026-03-22 17:19:52.203 | INFO     | __main__:<module>:162 - Epoch = 749 / 2000
2026-03-22 17:23:07.875 | INFO     | __main__:<module>:225 - Training time taken = 195.67 seconds, Evaluation time taken = nan seconds, loss = 0.02998, fid = None
2026-03-22 17:23:07.875 | INFO     | __main__:<module>:162 - Epoch = 750 / 2000
2026-03-22 17:26:23.425 | INFO     | __main__:<module>:225 - Training time taken = 195.55 seconds, Evaluation time taken = nan seconds, loss = 0.03016, fid = None
2026-03-22 17:26:23.426 | INFO     | __main__:<module>:162 - Epoch = 751 / 2000
2026-03-22 17:29:38.930 | INFO     | __main__:<module>:225 - Training time taken = 195.5 seconds, Evaluation time taken = nan seconds, loss = 0.02976, fid = None
2026-03-22 17:29:38.930 | INFO     | __main__:<module>:162 - Epoch = 752 / 2000
2026-03-22 17:32:54.752 | INFO     | __main__:<module>:225 - Training time taken = 195.82 seconds, Evaluation time taken = nan seconds, loss = 0.02968, fid = None
2026-03-22 17:32:54.753 | INFO     | __main__:<module>:162 - Epoch = 753 / 2000
2026-03-22 17:36:10.355 | INFO     | __main__:<module>:225 - Training time taken = 195.6 seconds, Evaluation time taken = nan seconds, loss = 0.0302, fid = None
2026-03-22 17:36:10.356 | INFO     | __main__:<module>:162 - Epoch = 754 / 2000
2026-03-22 17:39:25.437 | INFO     | __main__:<module>:225 - Training time taken = 195.08 seconds, Evaluation time taken = nan seconds, loss = 0.03019, fid = None
2026-03-22 17:39:25.437 | INFO     | __main__:<module>:162 - Epoch = 755 / 2000
2026-03-22 17:42:41.062 | INFO     | __main__:<module>:225 - Training time taken = 195.62 seconds, Evaluation time taken = nan seconds, loss = 0.02948, fid = None
2026-03-22 17:42:41.062 | INFO     | __main__:<module>:162 - Epoch = 756 / 2000
2026-03-22 17:45:56.185 | INFO     | __main__:<module>:225 - Training time taken = 195.12 seconds, Evaluation time taken = nan seconds, loss = 0.02962, fid = None
2026-03-22 17:45:56.186 | INFO     | __main__:<module>:162 - Epoch = 757 / 2000
2026-03-22 17:49:11.425 | INFO     | __main__:<module>:225 - Training time taken = 195.24 seconds, Evaluation time taken = nan seconds, loss = 0.02997, fid = None
2026-03-22 17:49:11.425 | INFO     | __main__:<module>:162 - Epoch = 758 / 2000
2026-03-22 17:52:26.480 | INFO     | __main__:<module>:225 - Training time taken = 195.05 seconds, Evaluation time taken = nan seconds, loss = 0.02971, fid = None
2026-03-22 17:52:26.481 | INFO     | __main__:<module>:162 - Epoch = 759 / 2000
2026-03-22 17:55:41.943 | INFO     | __main__:<module>:225 - Training time taken = 195.46 seconds, Evaluation time taken = nan seconds, loss = 0.03042, fid = None
2026-03-22 17:55:41.944 | INFO     | __main__:<module>:162 - Epoch = 760 / 2000
2026-03-22 17:58:58.193 | INFO     | __main__:<module>:225 - Training time taken = 196.25 seconds, Evaluation time taken = nan seconds, loss = 0.03021, fid = None
2026-03-22 17:58:58.194 | INFO     | __main__:<module>:162 - Epoch = 761 / 2000
2026-03-22 18:02:14.204 | INFO     | __main__:<module>:225 - Training time taken = 196.01 seconds, Evaluation time taken = nan seconds, loss = 0.02983, fid = None
2026-03-22 18:02:14.204 | INFO     | __main__:<module>:162 - Epoch = 762 / 2000
2026-03-22 18:05:30.486 | INFO     | __main__:<module>:225 - Training time taken = 196.28 seconds, Evaluation time taken = nan seconds, loss = 0.03005, fid = None
2026-03-22 18:05:30.486 | INFO     | __main__:<module>:162 - Epoch = 763 / 2000
2026-03-22 18:08:46.483 | INFO     | __main__:<module>:225 - Training time taken = 196.0 seconds, Evaluation time taken = nan seconds, loss = 0.02984, fid = None
2026-03-22 18:08:46.483 | INFO     | __main__:<module>:162 - Epoch = 764 / 2000
2026-03-22 18:12:02.332 | INFO     | __main__:<module>:225 - Training time taken = 195.85 seconds, Evaluation time taken = nan seconds, loss = 0.02987, fid = None
2026-03-22 18:12:02.333 | INFO     | __main__:<module>:162 - Epoch = 765 / 2000
2026-03-22 18:15:17.913 | INFO     | __main__:<module>:225 - Training time taken = 195.58 seconds, Evaluation time taken = nan seconds, loss = 0.02977, fid = None
2026-03-22 18:15:17.914 | INFO     | __main__:<module>:162 - Epoch = 766 / 2000
2026-03-22 18:18:33.778 | INFO     | __main__:<module>:225 - Training time taken = 195.86 seconds, Evaluation time taken = nan seconds, loss = 0.03005, fid = None
2026-03-22 18:18:33.779 | INFO     | __main__:<module>:162 - Epoch = 767 / 2000
2026-03-22 18:21:49.238 | INFO     | __main__:<module>:225 - Training time taken = 195.46 seconds, Evaluation time taken = nan seconds, loss = 0.02962, fid = None
2026-03-22 18:21:49.238 | INFO     | __main__:<module>:162 - Epoch = 768 / 2000
2026-03-22 18:25:04.478 | INFO     | __main__:<module>:225 - Training time taken = 195.24 seconds, Evaluation time taken = nan seconds, loss = 0.0303, fid = None
2026-03-22 18:25:04.478 | INFO     | __main__:<module>:162 - Epoch = 769 / 2000
2026-03-22 18:28:20.109 | INFO     | __main__:<module>:225 - Training time taken = 195.63 seconds, Evaluation time taken = nan seconds, loss = 0.03001, fid = None
2026-03-22 18:28:20.109 | INFO     | __main__:<module>:162 - Epoch = 770 / 2000
2026-03-22 18:31:35.927 | INFO     | __main__:<module>:225 - Training time taken = 195.82 seconds, Evaluation time taken = nan seconds, loss = 0.02968, fid = None
2026-03-22 18:31:35.928 | INFO     | __main__:<module>:162 - Epoch = 771 / 2000
2026-03-22 18:34:51.196 | INFO     | __main__:<module>:225 - Training time taken = 195.27 seconds, Evaluation time taken = nan seconds, loss = 0.03011, fid = None
2026-03-22 18:34:51.197 | INFO     | __main__:<module>:162 - Epoch = 772 / 2000
2026-03-22 18:38:07.095 | INFO     | __main__:<module>:225 - Training time taken = 195.9 seconds, Evaluation time taken = nan seconds, loss = 0.03042, fid = None
2026-03-22 18:38:07.096 | INFO     | __main__:<module>:162 - Epoch = 773 / 2000
2026-03-22 18:41:22.718 | INFO     | __main__:<module>:225 - Training time taken = 195.62 seconds, Evaluation time taken = nan seconds, loss = 0.02997, fid = None
2026-03-22 18:41:22.718 | INFO     | __main__:<module>:162 - Epoch = 774 / 2000
2026-03-22 18:44:39.143 | INFO     | __main__:<module>:225 - Training time taken = 196.42 seconds, Evaluation time taken = nan seconds, loss = 0.02996, fid = None
2026-03-22 18:44:39.143 | INFO     | __main__:<module>:162 - Epoch = 775 / 2000
2026-03-22 18:47:54.993 | INFO     | __main__:<module>:225 - Training time taken = 195.85 seconds, Evaluation time taken = nan seconds, loss = 0.03066, fid = None
2026-03-22 18:47:54.994 | INFO     | __main__:<module>:162 - Epoch = 776 / 2000
2026-03-22 18:51:10.349 | INFO     | __main__:<module>:225 - Training time taken = 195.35 seconds, Evaluation time taken = nan seconds, loss = 0.03002, fid = None
2026-03-22 18:51:10.349 | INFO     | __main__:<module>:162 - Epoch = 777 / 2000
2026-03-22 18:54:26.235 | INFO     | __main__:<module>:225 - Training time taken = 195.88 seconds, Evaluation time taken = nan seconds, loss = 0.02932, fid = None
2026-03-22 18:54:26.236 | INFO     | __main__:<module>:162 - Epoch = 778 / 2000
2026-03-22 18:57:41.764 | INFO     | __main__:<module>:225 - Training time taken = 195.53 seconds, Evaluation time taken = nan seconds, loss = 0.03024, fid = None
2026-03-22 18:57:41.765 | INFO     | __main__:<module>:162 - Epoch = 779 / 2000
2026-03-22 19:00:57.797 | INFO     | __main__:<module>:225 - Training time taken = 196.03 seconds, Evaluation time taken = nan seconds, loss = 0.03004, fid = None
2026-03-22 19:00:57.797 | INFO     | __main__:<module>:162 - Epoch = 780 / 2000
2026-03-22 19:04:13.749 | INFO     | __main__:<module>:225 - Training time taken = 195.95 seconds, Evaluation time taken = nan seconds, loss = 0.02966, fid = None
2026-03-22 19:04:13.749 | INFO     | __main__:<module>:162 - Epoch = 781 / 2000
2026-03-22 19:07:29.666 | INFO     | __main__:<module>:225 - Training time taken = 195.92 seconds, Evaluation time taken = nan seconds, loss = 0.02977, fid = None
2026-03-22 19:07:29.666 | INFO     | __main__:<module>:162 - Epoch = 782 / 2000
2026-03-22 19:10:45.414 | INFO     | __main__:<module>:225 - Training time taken = 195.75 seconds, Evaluation time taken = nan seconds, loss = 0.02999, fid = None
2026-03-22 19:10:45.415 | INFO     | __main__:<module>:162 - Epoch = 783 / 2000
2026-03-22 19:14:01.607 | INFO     | __main__:<module>:225 - Training time taken = 196.19 seconds, Evaluation time taken = nan seconds, loss = 0.03017, fid = None
2026-03-22 19:14:01.607 | INFO     | __main__:<module>:162 - Epoch = 784 / 2000
2026-03-22 19:17:17.082 | INFO     | __main__:<module>:225 - Training time taken = 195.47 seconds, Evaluation time taken = nan seconds, loss = 0.02972, fid = None
2026-03-22 19:17:17.082 | INFO     | __main__:<module>:162 - Epoch = 785 / 2000
2026-03-22 19:20:32.797 | INFO     | __main__:<module>:225 - Training time taken = 195.71 seconds, Evaluation time taken = nan seconds, loss = 0.02971, fid = None
2026-03-22 19:20:32.797 | INFO     | __main__:<module>:162 - Epoch = 786 / 2000
2026-03-22 19:23:48.438 | INFO     | __main__:<module>:225 - Training time taken = 195.64 seconds, Evaluation time taken = nan seconds, loss = 0.02978, fid = None
2026-03-22 19:23:48.439 | INFO     | __main__:<module>:162 - Epoch = 787 / 2000
2026-03-22 19:27:04.331 | INFO     | __main__:<module>:225 - Training time taken = 195.89 seconds, Evaluation time taken = nan seconds, loss = 0.02988, fid = None
2026-03-22 19:27:04.332 | INFO     | __main__:<module>:162 - Epoch = 788 / 2000
2026-03-22 19:30:19.321 | INFO     | __main__:<module>:225 - Training time taken = 194.99 seconds, Evaluation time taken = nan seconds, loss = 0.02986, fid = None
2026-03-22 19:30:19.321 | INFO     | __main__:<module>:162 - Epoch = 789 / 2000
2026-03-22 19:33:34.441 | INFO     | __main__:<module>:225 - Training time taken = 195.12 seconds, Evaluation time taken = nan seconds, loss = 0.03018, fid = None
2026-03-22 19:33:34.441 | INFO     | __main__:<module>:162 - Epoch = 790 / 2000
2026-03-22 19:36:49.736 | INFO     | __main__:<module>:225 - Training time taken = 195.29 seconds, Evaluation time taken = nan seconds, loss = 0.02935, fid = None
2026-03-22 19:36:49.736 | INFO     | __main__:<module>:162 - Epoch = 791 / 2000
2026-03-22 19:40:05.187 | INFO     | __main__:<module>:225 - Training time taken = 195.45 seconds, Evaluation time taken = nan seconds, loss = 0.03028, fid = None
2026-03-22 19:40:05.187 | INFO     | __main__:<module>:162 - Epoch = 792 / 2000
2026-03-22 19:43:20.317 | INFO     | __main__:<module>:225 - Training time taken = 195.13 seconds, Evaluation time taken = nan seconds, loss = 0.03067, fid = None
2026-03-22 19:43:20.317 | INFO     | __main__:<module>:162 - Epoch = 793 / 2000
2026-03-22 19:46:36.459 | INFO     | __main__:<module>:225 - Training time taken = 196.14 seconds, Evaluation time taken = nan seconds, loss = 0.02962, fid = None
2026-03-22 19:46:36.459 | INFO     | __main__:<module>:162 - Epoch = 794 / 2000
2026-03-22 19:49:51.551 | INFO     | __main__:<module>:225 - Training time taken = 195.09 seconds, Evaluation time taken = nan seconds, loss = 0.02993, fid = None
2026-03-22 19:49:51.551 | INFO     | __main__:<module>:162 - Epoch = 795 / 2000
2026-03-22 19:53:06.834 | INFO     | __main__:<module>:225 - Training time taken = 195.28 seconds, Evaluation time taken = nan seconds, loss = 0.03002, fid = None
2026-03-22 19:53:06.835 | INFO     | __main__:<module>:162 - Epoch = 796 / 2000
2026-03-22 19:56:21.602 | INFO     | __main__:<module>:225 - Training time taken = 194.77 seconds, Evaluation time taken = nan seconds, loss = 0.03052, fid = None
2026-03-22 19:56:21.602 | INFO     | __main__:<module>:162 - Epoch = 797 / 2000
2026-03-22 19:59:36.423 | INFO     | __main__:<module>:225 - Training time taken = 194.82 seconds, Evaluation time taken = nan seconds, loss = 0.02957, fid = None
2026-03-22 19:59:36.423 | INFO     | __main__:<module>:162 - Epoch = 798 / 2000
2026-03-22 20:02:51.542 | INFO     | __main__:<module>:225 - Training time taken = 195.12 seconds, Evaluation time taken = nan seconds, loss = 0.02999, fid = None
2026-03-22 20:02:51.542 | INFO     | __main__:<module>:162 - Epoch = 799 / 2000
2026-03-22 20:06:06.662 | INFO     | __main__:<module>:225 - Training time taken = 195.12 seconds, Evaluation time taken = nan seconds, loss = 0.0299, fid = None
2026-03-22 20:06:06.663 | INFO     | __main__:<module>:162 - Epoch = 800 / 2000
2026-03-22 20:09:22.087 | INFO     | __main__:<module>:225 - Training time taken = 195.42 seconds, Evaluation time taken = nan seconds, loss = 0.03018, fid = None
2026-03-22 20:09:22.088 | INFO     | __main__:<module>:162 - Epoch = 801 / 2000
2026-03-22 20:12:37.777 | INFO     | __main__:<module>:225 - Training time taken = 195.69 seconds, Evaluation time taken = nan seconds, loss = 0.03057, fid = None
2026-03-22 20:12:37.777 | INFO     | __main__:<module>:162 - Epoch = 802 / 2000
2026-03-22 20:15:53.029 | INFO     | __main__:<module>:225 - Training time taken = 195.25 seconds, Evaluation time taken = nan seconds, loss = 0.03033, fid = None
2026-03-22 20:15:53.029 | INFO     | __main__:<module>:162 - Epoch = 803 / 2000
2026-03-22 20:19:08.686 | INFO     | __main__:<module>:225 - Training time taken = 195.66 seconds, Evaluation time taken = nan seconds, loss = 0.03027, fid = None
2026-03-22 20:19:08.686 | INFO     | __main__:<module>:162 - Epoch = 804 / 2000
2026-03-22 20:22:24.394 | INFO     | __main__:<module>:225 - Training time taken = 195.71 seconds, Evaluation time taken = nan seconds, loss = 0.02982, fid = None
2026-03-22 20:22:24.395 | INFO     | __main__:<module>:162 - Epoch = 805 / 2000
2026-03-22 20:25:39.678 | INFO     | __main__:<module>:225 - Training time taken = 195.28 seconds, Evaluation time taken = nan seconds, loss = 0.03044, fid = None
2026-03-22 20:25:39.678 | INFO     | __main__:<module>:162 - Epoch = 806 / 2000
2026-03-22 20:28:55.159 | INFO     | __main__:<module>:225 - Training time taken = 195.48 seconds, Evaluation time taken = nan seconds, loss = 0.02978, fid = None
2026-03-22 20:28:55.159 | INFO     | __main__:<module>:162 - Epoch = 807 / 2000
2026-03-22 20:32:10.375 | INFO     | __main__:<module>:225 - Training time taken = 195.21 seconds, Evaluation time taken = nan seconds, loss = 0.02968, fid = None
2026-03-22 20:32:10.375 | INFO     | __main__:<module>:162 - Epoch = 808 / 2000
2026-03-22 20:35:25.603 | INFO     | __main__:<module>:225 - Training time taken = 195.23 seconds, Evaluation time taken = nan seconds, loss = 0.03007, fid = None
2026-03-22 20:35:25.604 | INFO     | __main__:<module>:162 - Epoch = 809 / 2000
2026-03-22 20:38:40.979 | INFO     | __main__:<module>:225 - Training time taken = 195.37 seconds, Evaluation time taken = nan seconds, loss = 0.02989, fid = None
2026-03-22 20:38:40.979 | INFO     | __main__:<module>:162 - Epoch = 810 / 2000
2026-03-22 20:41:56.899 | INFO     | __main__:<module>:225 - Training time taken = 195.92 seconds, Evaluation time taken = nan seconds, loss = 0.0294, fid = None
2026-03-22 20:41:56.899 | INFO     | __main__:<module>:162 - Epoch = 811 / 2000
2026-03-22 20:45:12.500 | INFO     | __main__:<module>:225 - Training time taken = 195.6 seconds, Evaluation time taken = nan seconds, loss = 0.02972, fid = None
2026-03-22 20:45:12.500 | INFO     | __main__:<module>:162 - Epoch = 812 / 2000
2026-03-22 20:48:28.485 | INFO     | __main__:<module>:225 - Training time taken = 195.98 seconds, Evaluation time taken = nan seconds, loss = 0.02954, fid = None
2026-03-22 20:48:28.485 | INFO     | __main__:<module>:162 - Epoch = 813 / 2000
2026-03-22 20:51:44.131 | INFO     | __main__:<module>:225 - Training time taken = 195.64 seconds, Evaluation time taken = nan seconds, loss = 0.02987, fid = None
2026-03-22 20:51:44.131 | INFO     | __main__:<module>:162 - Epoch = 814 / 2000
2026-03-22 20:54:59.561 | INFO     | __main__:<module>:225 - Training time taken = 195.43 seconds, Evaluation time taken = nan seconds, loss = 0.02983, fid = None
2026-03-22 20:54:59.562 | INFO     | __main__:<module>:162 - Epoch = 815 / 2000
2026-03-22 20:58:15.060 | INFO     | __main__:<module>:225 - Training time taken = 195.5 seconds, Evaluation time taken = nan seconds, loss = 0.02992, fid = None
2026-03-22 20:58:15.060 | INFO     | __main__:<module>:162 - Epoch = 816 / 2000
2026-03-22 21:01:30.642 | INFO     | __main__:<module>:225 - Training time taken = 195.58 seconds, Evaluation time taken = nan seconds, loss = 0.03025, fid = None
2026-03-22 21:01:30.643 | INFO     | __main__:<module>:162 - Epoch = 817 / 2000
2026-03-22 21:04:46.161 | INFO     | __main__:<module>:225 - Training time taken = 195.52 seconds, Evaluation time taken = nan seconds, loss = 0.02996, fid = None
2026-03-22 21:04:46.161 | INFO     | __main__:<module>:162 - Epoch = 818 / 2000
2026-03-22 21:08:02.075 | INFO     | __main__:<module>:225 - Training time taken = 195.91 seconds, Evaluation time taken = nan seconds, loss = 0.02989, fid = None
2026-03-22 21:08:02.076 | INFO     | __main__:<module>:162 - Epoch = 819 / 2000
2026-03-22 21:11:19.308 | INFO     | __main__:<module>:225 - Training time taken = 197.23 seconds, Evaluation time taken = nan seconds, loss = 0.02989, fid = None
2026-03-22 21:11:19.309 | INFO     | __main__:<module>:162 - Epoch = 820 / 2000
2026-03-22 21:14:36.159 | INFO     | __main__:<module>:225 - Training time taken = 196.85 seconds, Evaluation time taken = nan seconds, loss = 0.03014, fid = None
2026-03-22 21:14:36.160 | INFO     | __main__:<module>:162 - Epoch = 821 / 2000
2026-03-22 21:17:53.274 | INFO     | __main__:<module>:225 - Training time taken = 197.11 seconds, Evaluation time taken = nan seconds, loss = 0.02989, fid = None
2026-03-22 21:17:53.274 | INFO     | __main__:<module>:162 - Epoch = 822 / 2000
2026-03-22 21:21:10.320 | INFO     | __main__:<module>:225 - Training time taken = 197.04 seconds, Evaluation time taken = nan seconds, loss = 0.02989, fid = None
2026-03-22 21:21:10.320 | INFO     | __main__:<module>:162 - Epoch = 823 / 2000
2026-03-22 21:24:27.822 | INFO     | __main__:<module>:225 - Training time taken = 197.5 seconds, Evaluation time taken = nan seconds, loss = 0.02992, fid = None
2026-03-22 21:24:27.823 | INFO     | __main__:<module>:162 - Epoch = 824 / 2000
2026-03-22 21:27:44.251 | INFO     | __main__:<module>:225 - Training time taken = 196.43 seconds, Evaluation time taken = nan seconds, loss = 0.03021, fid = None
2026-03-22 21:27:44.252 | INFO     | __main__:<module>:162 - Epoch = 825 / 2000
2026-03-22 21:31:01.402 | INFO     | __main__:<module>:225 - Training time taken = 197.15 seconds, Evaluation time taken = nan seconds, loss = 0.0303, fid = None
2026-03-22 21:31:01.402 | INFO     | __main__:<module>:162 - Epoch = 826 / 2000
2026-03-22 21:34:18.358 | INFO     | __main__:<module>:225 - Training time taken = 196.95 seconds, Evaluation time taken = nan seconds, loss = 0.02974, fid = None
2026-03-22 21:34:18.358 | INFO     | __main__:<module>:162 - Epoch = 827 / 2000
2026-03-22 21:37:35.457 | INFO     | __main__:<module>:225 - Training time taken = 197.1 seconds, Evaluation time taken = nan seconds, loss = 0.03069, fid = None
2026-03-22 21:37:35.457 | INFO     | __main__:<module>:162 - Epoch = 828 / 2000
2026-03-22 21:40:52.260 | INFO     | __main__:<module>:225 - Training time taken = 196.8 seconds, Evaluation time taken = nan seconds, loss = 0.03044, fid = None
2026-03-22 21:40:52.260 | INFO     | __main__:<module>:162 - Epoch = 829 / 2000
2026-03-22 21:44:09.156 | INFO     | __main__:<module>:225 - Training time taken = 196.89 seconds, Evaluation time taken = nan seconds, loss = 0.0301, fid = None
2026-03-22 21:44:09.156 | INFO     | __main__:<module>:162 - Epoch = 830 / 2000
2026-03-22 21:47:25.881 | INFO     | __main__:<module>:225 - Training time taken = 196.72 seconds, Evaluation time taken = nan seconds, loss = 0.03032, fid = None
2026-03-22 21:47:25.881 | INFO     | __main__:<module>:162 - Epoch = 831 / 2000
2026-03-22 21:50:43.245 | INFO     | __main__:<module>:225 - Training time taken = 197.36 seconds, Evaluation time taken = nan seconds, loss = 0.02986, fid = None
2026-03-22 21:50:43.245 | INFO     | __main__:<module>:162 - Epoch = 832 / 2000
2026-03-22 21:54:00.089 | INFO     | __main__:<module>:225 - Training time taken = 196.84 seconds, Evaluation time taken = nan seconds, loss = 0.03003, fid = None
2026-03-22 21:54:00.090 | INFO     | __main__:<module>:162 - Epoch = 833 / 2000
2026-03-22 21:57:16.417 | INFO     | __main__:<module>:225 - Training time taken = 196.33 seconds, Evaluation time taken = nan seconds, loss = 0.02932, fid = None
2026-03-22 21:57:16.418 | INFO     | __main__:<module>:162 - Epoch = 834 / 2000
2026-03-22 22:00:33.466 | INFO     | __main__:<module>:225 - Training time taken = 197.05 seconds, Evaluation time taken = nan seconds, loss = 0.02992, fid = None
2026-03-22 22:00:33.467 | INFO     | __main__:<module>:162 - Epoch = 835 / 2000
2026-03-22 22:03:50.213 | INFO     | __main__:<module>:225 - Training time taken = 196.74 seconds, Evaluation time taken = nan seconds, loss = 0.03017, fid = None
2026-03-22 22:03:50.213 | INFO     | __main__:<module>:162 - Epoch = 836 / 2000
2026-03-22 22:07:06.838 | INFO     | __main__:<module>:225 - Training time taken = 196.62 seconds, Evaluation time taken = nan seconds, loss = 0.03034, fid = None
2026-03-22 22:07:06.839 | INFO     | __main__:<module>:162 - Epoch = 837 / 2000
2026-03-22 22:10:24.114 | INFO     | __main__:<module>:225 - Training time taken = 197.27 seconds, Evaluation time taken = nan seconds, loss = 0.03021, fid = None
2026-03-22 22:10:24.115 | INFO     | __main__:<module>:162 - Epoch = 838 / 2000
2026-03-22 22:13:41.327 | INFO     | __main__:<module>:225 - Training time taken = 197.21 seconds, Evaluation time taken = nan seconds, loss = 0.02988, fid = None
2026-03-22 22:13:41.327 | INFO     | __main__:<module>:162 - Epoch = 839 / 2000
2026-03-22 22:16:58.656 | INFO     | __main__:<module>:225 - Training time taken = 197.33 seconds, Evaluation time taken = nan seconds, loss = 0.02982, fid = None
2026-03-22 22:16:58.656 | INFO     | __main__:<module>:162 - Epoch = 840 / 2000
2026-03-22 22:20:15.094 | INFO     | __main__:<module>:225 - Training time taken = 196.44 seconds, Evaluation time taken = nan seconds, loss = 0.02957, fid = None
2026-03-22 22:20:15.094 | INFO     | __main__:<module>:162 - Epoch = 841 / 2000
2026-03-22 22:23:31.977 | INFO     | __main__:<module>:225 - Training time taken = 196.88 seconds, Evaluation time taken = nan seconds, loss = 0.02937, fid = None
2026-03-22 22:23:31.977 | INFO     | __main__:<module>:162 - Epoch = 842 / 2000
2026-03-22 22:26:48.495 | INFO     | __main__:<module>:225 - Training time taken = 196.52 seconds, Evaluation time taken = nan seconds, loss = 0.02965, fid = None
2026-03-22 22:26:48.495 | INFO     | __main__:<module>:162 - Epoch = 843 / 2000
2026-03-22 22:30:05.090 | INFO     | __main__:<module>:225 - Training time taken = 196.59 seconds, Evaluation time taken = nan seconds, loss = 0.03059, fid = None
2026-03-22 22:30:05.091 | INFO     | __main__:<module>:162 - Epoch = 844 / 2000
2026-03-22 22:33:21.653 | INFO     | __main__:<module>:225 - Training time taken = 196.56 seconds, Evaluation time taken = nan seconds, loss = 0.02988, fid = None
2026-03-22 22:33:21.653 | INFO     | __main__:<module>:162 - Epoch = 845 / 2000
2026-03-22 22:36:37.331 | INFO     | __main__:<module>:225 - Training time taken = 195.68 seconds, Evaluation time taken = nan seconds, loss = 0.02974, fid = None
2026-03-22 22:36:37.332 | INFO     | __main__:<module>:162 - Epoch = 846 / 2000
2026-03-22 22:39:52.434 | INFO     | __main__:<module>:225 - Training time taken = 195.1 seconds, Evaluation time taken = nan seconds, loss = 0.02964, fid = None
2026-03-22 22:39:52.435 | INFO     | __main__:<module>:162 - Epoch = 847 / 2000
2026-03-22 22:43:06.933 | INFO     | __main__:<module>:225 - Training time taken = 194.5 seconds, Evaluation time taken = nan seconds, loss = 0.02971, fid = None
2026-03-22 22:43:06.934 | INFO     | __main__:<module>:162 - Epoch = 848 / 2000
2026-03-22 22:46:21.654 | INFO     | __main__:<module>:225 - Training time taken = 194.72 seconds, Evaluation time taken = nan seconds, loss = 0.03031, fid = None
2026-03-22 22:46:21.654 | INFO     | __main__:<module>:162 - Epoch = 849 / 2000
2026-03-22 22:49:36.474 | INFO     | __main__:<module>:225 - Training time taken = 194.82 seconds, Evaluation time taken = nan seconds, loss = 0.02969, fid = None
2026-03-22 22:49:36.474 | INFO     | __main__:<module>:162 - Epoch = 850 / 2000
2026-03-22 22:52:51.272 | INFO     | __main__:<module>:225 - Training time taken = 194.8 seconds, Evaluation time taken = nan seconds, loss = 0.03008, fid = None
2026-03-22 22:52:51.272 | INFO     | __main__:<module>:162 - Epoch = 851 / 2000
2026-03-22 22:56:05.615 | INFO     | __main__:<module>:225 - Training time taken = 194.34 seconds, Evaluation time taken = nan seconds, loss = 0.02977, fid = None
2026-03-22 22:56:05.616 | INFO     | __main__:<module>:162 - Epoch = 852 / 2000
2026-03-22 22:59:19.882 | INFO     | __main__:<module>:225 - Training time taken = 194.27 seconds, Evaluation time taken = nan seconds, loss = 0.03002, fid = None
2026-03-22 22:59:19.883 | INFO     | __main__:<module>:162 - Epoch = 853 / 2000
2026-03-22 23:02:34.284 | INFO     | __main__:<module>:225 - Training time taken = 194.4 seconds, Evaluation time taken = nan seconds, loss = 0.02923, fid = None
2026-03-22 23:02:34.284 | INFO     | __main__:<module>:162 - Epoch = 854 / 2000
2026-03-22 23:05:48.238 | INFO     | __main__:<module>:225 - Training time taken = 193.95 seconds, Evaluation time taken = nan seconds, loss = 0.02986, fid = None
2026-03-22 23:05:48.239 | INFO     | __main__:<module>:162 - Epoch = 855 / 2000
2026-03-22 23:09:03.061 | INFO     | __main__:<module>:225 - Training time taken = 194.82 seconds, Evaluation time taken = nan seconds, loss = 0.03016, fid = None
2026-03-22 23:09:03.061 | INFO     | __main__:<module>:162 - Epoch = 856 / 2000
2026-03-22 23:12:19.214 | INFO     | __main__:<module>:225 - Training time taken = 196.15 seconds, Evaluation time taken = nan seconds, loss = 0.0296, fid = None
2026-03-22 23:12:19.214 | INFO     | __main__:<module>:162 - Epoch = 857 / 2000
2026-03-22 23:15:35.803 | INFO     | __main__:<module>:225 - Training time taken = 196.59 seconds, Evaluation time taken = nan seconds, loss = 0.03015, fid = None
2026-03-22 23:15:35.804 | INFO     | __main__:<module>:162 - Epoch = 858 / 2000
2026-03-22 23:18:52.657 | INFO     | __main__:<module>:225 - Training time taken = 196.85 seconds, Evaluation time taken = nan seconds, loss = 0.02961, fid = None
2026-03-22 23:18:52.657 | INFO     | __main__:<module>:162 - Epoch = 859 / 2000
2026-03-22 23:22:09.490 | INFO     | __main__:<module>:225 - Training time taken = 196.83 seconds, Evaluation time taken = nan seconds, loss = 0.0299, fid = None
2026-03-22 23:22:09.490 | INFO     | __main__:<module>:162 - Epoch = 860 / 2000
2026-03-22 23:25:25.581 | INFO     | __main__:<module>:225 - Training time taken = 196.09 seconds, Evaluation time taken = nan seconds, loss = 0.02998, fid = None
2026-03-22 23:25:25.582 | INFO     | __main__:<module>:162 - Epoch = 861 / 2000
2026-03-22 23:28:41.885 | INFO     | __main__:<module>:225 - Training time taken = 196.3 seconds, Evaluation time taken = nan seconds, loss = 0.02987, fid = None
2026-03-22 23:28:41.886 | INFO     | __main__:<module>:162 - Epoch = 862 / 2000
2026-03-22 23:31:57.956 | INFO     | __main__:<module>:225 - Training time taken = 196.07 seconds, Evaluation time taken = nan seconds, loss = 0.02998, fid = None
2026-03-22 23:31:57.956 | INFO     | __main__:<module>:162 - Epoch = 863 / 2000
2026-03-22 23:35:14.216 | INFO     | __main__:<module>:225 - Training time taken = 196.26 seconds, Evaluation time taken = nan seconds, loss = 0.03026, fid = None
2026-03-22 23:35:14.217 | INFO     | __main__:<module>:162 - Epoch = 864 / 2000
2026-03-22 23:38:29.830 | INFO     | __main__:<module>:225 - Training time taken = 195.61 seconds, Evaluation time taken = nan seconds, loss = 0.0295, fid = None
2026-03-22 23:38:29.830 | INFO     | __main__:<module>:162 - Epoch = 865 / 2000
2026-03-22 23:41:45.306 | INFO     | __main__:<module>:225 - Training time taken = 195.47 seconds, Evaluation time taken = nan seconds, loss = 0.03006, fid = None
2026-03-22 23:41:45.306 | INFO     | __main__:<module>:162 - Epoch = 866 / 2000
2026-03-22 23:45:01.388 | INFO     | __main__:<module>:225 - Training time taken = 196.08 seconds, Evaluation time taken = nan seconds, loss = 0.02967, fid = None
2026-03-22 23:45:01.389 | INFO     | __main__:<module>:162 - Epoch = 867 / 2000
2026-03-22 23:48:17.824 | INFO     | __main__:<module>:225 - Training time taken = 196.43 seconds, Evaluation time taken = nan seconds, loss = 0.02985, fid = None
2026-03-22 23:48:17.824 | INFO     | __main__:<module>:162 - Epoch = 868 / 2000
2026-03-22 23:51:34.026 | INFO     | __main__:<module>:225 - Training time taken = 196.2 seconds, Evaluation time taken = nan seconds, loss = 0.0298, fid = None
2026-03-22 23:51:34.027 | INFO     | __main__:<module>:162 - Epoch = 869 / 2000
2026-03-22 23:54:50.368 | INFO     | __main__:<module>:225 - Training time taken = 196.34 seconds, Evaluation time taken = nan seconds, loss = 0.03027, fid = None
2026-03-22 23:54:50.368 | INFO     | __main__:<module>:162 - Epoch = 870 / 2000
2026-03-22 23:58:05.802 | INFO     | __main__:<module>:225 - Training time taken = 195.43 seconds, Evaluation time taken = nan seconds, loss = 0.02938, fid = None
2026-03-22 23:58:05.802 | INFO     | __main__:<module>:162 - Epoch = 871 / 2000
2026-03-23 00:01:22.008 | INFO     | __main__:<module>:225 - Training time taken = 196.2 seconds, Evaluation time taken = nan seconds, loss = 0.02979, fid = None
2026-03-23 00:01:22.009 | INFO     | __main__:<module>:162 - Epoch = 872 / 2000
2026-03-23 00:04:37.845 | INFO     | __main__:<module>:225 - Training time taken = 195.83 seconds, Evaluation time taken = nan seconds, loss = 0.03008, fid = None
2026-03-23 00:04:37.845 | INFO     | __main__:<module>:162 - Epoch = 873 / 2000
2026-03-23 00:07:54.026 | INFO     | __main__:<module>:225 - Training time taken = 196.18 seconds, Evaluation time taken = nan seconds, loss = 0.02983, fid = None
2026-03-23 00:07:54.026 | INFO     | __main__:<module>:162 - Epoch = 874 / 2000
2026-03-23 00:11:09.597 | INFO     | __main__:<module>:225 - Training time taken = 195.57 seconds, Evaluation time taken = nan seconds, loss = 0.02995, fid = None
2026-03-23 00:11:09.597 | INFO     | __main__:<module>:162 - Epoch = 875 / 2000
2026-03-23 00:14:24.648 | INFO     | __main__:<module>:225 - Training time taken = 195.05 seconds, Evaluation time taken = nan seconds, loss = 0.02978, fid = None
2026-03-23 00:14:24.648 | INFO     | __main__:<module>:162 - Epoch = 876 / 2000
2026-03-23 00:17:40.485 | INFO     | __main__:<module>:225 - Training time taken = 195.84 seconds, Evaluation time taken = nan seconds, loss = 0.02966, fid = None
2026-03-23 00:17:40.485 | INFO     | __main__:<module>:162 - Epoch = 877 / 2000
2026-03-23 00:20:56.671 | INFO     | __main__:<module>:225 - Training time taken = 196.18 seconds, Evaluation time taken = nan seconds, loss = 0.03049, fid = None
2026-03-23 00:20:56.671 | INFO     | __main__:<module>:162 - Epoch = 878 / 2000
2026-03-23 00:24:12.669 | INFO     | __main__:<module>:225 - Training time taken = 196.0 seconds, Evaluation time taken = nan seconds, loss = 0.02979, fid = None
2026-03-23 00:24:12.669 | INFO     | __main__:<module>:162 - Epoch = 879 / 2000
2026-03-23 00:27:28.694 | INFO     | __main__:<module>:225 - Training time taken = 196.02 seconds, Evaluation time taken = nan seconds, loss = 0.02992, fid = None
2026-03-23 00:27:28.694 | INFO     | __main__:<module>:162 - Epoch = 880 / 2000
2026-03-23 00:30:44.250 | INFO     | __main__:<module>:225 - Training time taken = 195.55 seconds, Evaluation time taken = nan seconds, loss = 0.02968, fid = None
2026-03-23 00:30:44.250 | INFO     | __main__:<module>:162 - Epoch = 881 / 2000
2026-03-23 00:33:59.934 | INFO     | __main__:<module>:225 - Training time taken = 195.68 seconds, Evaluation time taken = nan seconds, loss = 0.03019, fid = None
2026-03-23 00:33:59.934 | INFO     | __main__:<module>:162 - Epoch = 882 / 2000
2026-03-23 00:37:15.710 | INFO     | __main__:<module>:225 - Training time taken = 195.77 seconds, Evaluation time taken = nan seconds, loss = 0.0298, fid = None
2026-03-23 00:37:15.710 | INFO     | __main__:<module>:162 - Epoch = 883 / 2000
2026-03-23 00:40:31.997 | INFO     | __main__:<module>:225 - Training time taken = 196.29 seconds, Evaluation time taken = nan seconds, loss = 0.02991, fid = None
2026-03-23 00:40:31.997 | INFO     | __main__:<module>:162 - Epoch = 884 / 2000
2026-03-23 00:43:47.872 | INFO     | __main__:<module>:225 - Training time taken = 195.87 seconds, Evaluation time taken = nan seconds, loss = 0.02983, fid = None
2026-03-23 00:43:47.872 | INFO     | __main__:<module>:162 - Epoch = 885 / 2000
2026-03-23 00:47:04.303 | INFO     | __main__:<module>:225 - Training time taken = 196.43 seconds, Evaluation time taken = nan seconds, loss = 0.02967, fid = None
2026-03-23 00:47:04.304 | INFO     | __main__:<module>:162 - Epoch = 886 / 2000
2026-03-23 00:50:19.958 | INFO     | __main__:<module>:225 - Training time taken = 195.65 seconds, Evaluation time taken = nan seconds, loss = 0.02966, fid = None
2026-03-23 00:50:19.959 | INFO     | __main__:<module>:162 - Epoch = 887 / 2000
2026-03-23 00:53:37.189 | INFO     | __main__:<module>:225 - Training time taken = 197.23 seconds, Evaluation time taken = nan seconds, loss = 0.03005, fid = None
2026-03-23 00:53:37.189 | INFO     | __main__:<module>:162 - Epoch = 888 / 2000
2026-03-23 00:56:53.597 | INFO     | __main__:<module>:225 - Training time taken = 196.41 seconds, Evaluation time taken = nan seconds, loss = 0.02958, fid = None
2026-03-23 00:56:53.598 | INFO     | __main__:<module>:162 - Epoch = 889 / 2000
2026-03-23 01:00:09.962 | INFO     | __main__:<module>:225 - Training time taken = 196.36 seconds, Evaluation time taken = nan seconds, loss = 0.02973, fid = None
2026-03-23 01:00:09.963 | INFO     | __main__:<module>:162 - Epoch = 890 / 2000
2026-03-23 01:03:26.130 | INFO     | __main__:<module>:225 - Training time taken = 196.17 seconds, Evaluation time taken = nan seconds, loss = 0.02981, fid = None
2026-03-23 01:03:26.130 | INFO     | __main__:<module>:162 - Epoch = 891 / 2000
2026-03-23 01:06:42.371 | INFO     | __main__:<module>:225 - Training time taken = 196.24 seconds, Evaluation time taken = nan seconds, loss = 0.02998, fid = None
2026-03-23 01:06:42.371 | INFO     | __main__:<module>:162 - Epoch = 892 / 2000
2026-03-23 01:09:58.595 | INFO     | __main__:<module>:225 - Training time taken = 196.22 seconds, Evaluation time taken = nan seconds, loss = 0.02986, fid = None
2026-03-23 01:09:58.596 | INFO     | __main__:<module>:162 - Epoch = 893 / 2000
2026-03-23 01:13:14.764 | INFO     | __main__:<module>:225 - Training time taken = 196.17 seconds, Evaluation time taken = nan seconds, loss = 0.0299, fid = None
2026-03-23 01:13:14.764 | INFO     | __main__:<module>:162 - Epoch = 894 / 2000
2026-03-23 01:16:30.019 | INFO     | __main__:<module>:225 - Training time taken = 195.25 seconds, Evaluation time taken = nan seconds, loss = 0.03008, fid = None
2026-03-23 01:16:30.020 | INFO     | __main__:<module>:162 - Epoch = 895 / 2000
2026-03-23 01:19:43.402 | INFO     | __main__:<module>:225 - Training time taken = 193.38 seconds, Evaluation time taken = nan seconds, loss = 0.03017, fid = None
2026-03-23 01:19:43.402 | INFO     | __main__:<module>:162 - Epoch = 896 / 2000
2026-03-23 01:22:57.060 | INFO     | __main__:<module>:225 - Training time taken = 193.66 seconds, Evaluation time taken = nan seconds, loss = 0.02916, fid = None
2026-03-23 01:22:57.060 | INFO     | __main__:<module>:162 - Epoch = 897 / 2000
2026-03-23 01:26:11.155 | INFO     | __main__:<module>:225 - Training time taken = 194.09 seconds, Evaluation time taken = nan seconds, loss = 0.02979, fid = None
2026-03-23 01:26:11.156 | INFO     | __main__:<module>:162 - Epoch = 898 / 2000
2026-03-23 01:29:25.004 | INFO     | __main__:<module>:225 - Training time taken = 193.85 seconds, Evaluation time taken = nan seconds, loss = 0.03002, fid = None
2026-03-23 01:29:25.005 | INFO     | __main__:<module>:162 - Epoch = 899 / 2000
2026-03-23 01:32:38.640 | INFO     | __main__:<module>:225 - Training time taken = 193.63 seconds, Evaluation time taken = nan seconds, loss = 0.02954, fid = None
2026-03-23 01:32:38.641 | INFO     | __main__:<module>:162 - Epoch = 900 / 2000
2026-03-23 01:35:52.679 | INFO     | __main__:<module>:225 - Training time taken = 194.04 seconds, Evaluation time taken = nan seconds, loss = 0.02964, fid = None
2026-03-23 01:35:52.679 | INFO     | __main__:<module>:162 - Epoch = 901 / 2000
2026-03-23 01:39:07.206 | INFO     | __main__:<module>:225 - Training time taken = 194.53 seconds, Evaluation time taken = nan seconds, loss = 0.0296, fid = None
2026-03-23 01:39:07.207 | INFO     | __main__:<module>:162 - Epoch = 902 / 2000
2026-03-23 01:42:22.275 | INFO     | __main__:<module>:225 - Training time taken = 195.07 seconds, Evaluation time taken = nan seconds, loss = 0.02987, fid = None
2026-03-23 01:42:22.276 | INFO     | __main__:<module>:162 - Epoch = 903 / 2000
2026-03-23 01:45:37.159 | INFO     | __main__:<module>:225 - Training time taken = 194.88 seconds, Evaluation time taken = nan seconds, loss = 0.02988, fid = None
2026-03-23 01:45:37.159 | INFO     | __main__:<module>:162 - Epoch = 904 / 2000
2026-03-23 01:48:51.383 | INFO     | __main__:<module>:225 - Training time taken = 194.22 seconds, Evaluation time taken = nan seconds, loss = 0.02988, fid = None
2026-03-23 01:48:51.384 | INFO     | __main__:<module>:162 - Epoch = 905 / 2000
2026-03-23 01:52:04.996 | INFO     | __main__:<module>:225 - Training time taken = 193.61 seconds, Evaluation time taken = nan seconds, loss = 0.02984, fid = None
2026-03-23 01:52:04.997 | INFO     | __main__:<module>:162 - Epoch = 906 / 2000
2026-03-23 01:55:19.353 | INFO     | __main__:<module>:225 - Training time taken = 194.35 seconds, Evaluation time taken = nan seconds, loss = 0.03014, fid = None
2026-03-23 01:55:19.353 | INFO     | __main__:<module>:162 - Epoch = 907 / 2000
2026-03-23 01:58:32.760 | INFO     | __main__:<module>:225 - Training time taken = 193.41 seconds, Evaluation time taken = nan seconds, loss = 0.02976, fid = None
2026-03-23 01:58:32.760 | INFO     | __main__:<module>:162 - Epoch = 908 / 2000
2026-03-23 02:01:46.553 | INFO     | __main__:<module>:225 - Training time taken = 193.79 seconds, Evaluation time taken = nan seconds, loss = 0.02991, fid = None
2026-03-23 02:01:46.554 | INFO     | __main__:<module>:162 - Epoch = 909 / 2000
2026-03-23 02:04:59.951 | INFO     | __main__:<module>:225 - Training time taken = 193.4 seconds, Evaluation time taken = nan seconds, loss = 0.02943, fid = None
2026-03-23 02:04:59.951 | INFO     | __main__:<module>:162 - Epoch = 910 / 2000
2026-03-23 02:08:13.841 | INFO     | __main__:<module>:225 - Training time taken = 193.89 seconds, Evaluation time taken = nan seconds, loss = 0.02974, fid = None
2026-03-23 02:08:13.841 | INFO     | __main__:<module>:162 - Epoch = 911 / 2000
2026-03-23 02:11:27.345 | INFO     | __main__:<module>:225 - Training time taken = 193.5 seconds, Evaluation time taken = nan seconds, loss = 0.03059, fid = None
2026-03-23 02:11:27.345 | INFO     | __main__:<module>:162 - Epoch = 912 / 2000
2026-03-23 02:14:40.860 | INFO     | __main__:<module>:225 - Training time taken = 193.51 seconds, Evaluation time taken = nan seconds, loss = 0.03003, fid = None
2026-03-23 02:14:40.860 | INFO     | __main__:<module>:162 - Epoch = 913 / 2000
2026-03-23 02:17:54.990 | INFO     | __main__:<module>:225 - Training time taken = 194.13 seconds, Evaluation time taken = nan seconds, loss = 0.02932, fid = None
2026-03-23 02:17:54.991 | INFO     | __main__:<module>:162 - Epoch = 914 / 2000
2026-03-23 02:21:08.435 | INFO     | __main__:<module>:225 - Training time taken = 193.44 seconds, Evaluation time taken = nan seconds, loss = 0.02931, fid = None
2026-03-23 02:21:08.435 | INFO     | __main__:<module>:162 - Epoch = 915 / 2000
2026-03-23 02:24:22.469 | INFO     | __main__:<module>:225 - Training time taken = 194.03 seconds, Evaluation time taken = nan seconds, loss = 0.02985, fid = None
2026-03-23 02:24:22.470 | INFO     | __main__:<module>:162 - Epoch = 916 / 2000
2026-03-23 02:27:36.072 | INFO     | __main__:<module>:225 - Training time taken = 193.6 seconds, Evaluation time taken = nan seconds, loss = 0.02998, fid = None
2026-03-23 02:27:36.072 | INFO     | __main__:<module>:162 - Epoch = 917 / 2000
2026-03-23 02:30:50.067 | INFO     | __main__:<module>:225 - Training time taken = 193.99 seconds, Evaluation time taken = nan seconds, loss = 0.02932, fid = None
2026-03-23 02:30:50.067 | INFO     | __main__:<module>:162 - Epoch = 918 / 2000
2026-03-23 02:34:03.669 | INFO     | __main__:<module>:225 - Training time taken = 193.6 seconds, Evaluation time taken = nan seconds, loss = 0.02992, fid = None
2026-03-23 02:34:03.669 | INFO     | __main__:<module>:162 - Epoch = 919 / 2000
2026-03-23 02:37:17.758 | INFO     | __main__:<module>:225 - Training time taken = 194.09 seconds, Evaluation time taken = nan seconds, loss = 0.03006, fid = None
2026-03-23 02:37:17.758 | INFO     | __main__:<module>:162 - Epoch = 920 / 2000
2026-03-23 02:40:31.903 | INFO     | __main__:<module>:225 - Training time taken = 194.14 seconds, Evaluation time taken = nan seconds, loss = 0.0296, fid = None
2026-03-23 02:40:31.904 | INFO     | __main__:<module>:162 - Epoch = 921 / 2000
2026-03-23 02:43:45.233 | INFO     | __main__:<module>:225 - Training time taken = 193.33 seconds, Evaluation time taken = nan seconds, loss = 0.02996, fid = None
2026-03-23 02:43:45.233 | INFO     | __main__:<module>:162 - Epoch = 922 / 2000
2026-03-23 02:46:58.632 | INFO     | __main__:<module>:225 - Training time taken = 193.4 seconds, Evaluation time taken = nan seconds, loss = 0.02971, fid = None
2026-03-23 02:46:58.633 | INFO     | __main__:<module>:162 - Epoch = 923 / 2000
2026-03-23 02:50:12.755 | INFO     | __main__:<module>:225 - Training time taken = 194.12 seconds, Evaluation time taken = nan seconds, loss = 0.02958, fid = None
2026-03-23 02:50:12.756 | INFO     | __main__:<module>:162 - Epoch = 924 / 2000
2026-03-23 02:53:26.045 | INFO     | __main__:<module>:225 - Training time taken = 193.29 seconds, Evaluation time taken = nan seconds, loss = 0.0292, fid = None
2026-03-23 02:53:26.045 | INFO     | __main__:<module>:162 - Epoch = 925 / 2000
2026-03-23 02:56:39.816 | INFO     | __main__:<module>:225 - Training time taken = 193.77 seconds, Evaluation time taken = nan seconds, loss = 0.0299, fid = None
2026-03-23 02:56:39.817 | INFO     | __main__:<module>:162 - Epoch = 926 / 2000
2026-03-23 02:59:54.051 | INFO     | __main__:<module>:225 - Training time taken = 194.23 seconds, Evaluation time taken = nan seconds, loss = 0.03011, fid = None
2026-03-23 02:59:54.052 | INFO     | __main__:<module>:162 - Epoch = 927 / 2000
2026-03-23 03:03:07.839 | INFO     | __main__:<module>:225 - Training time taken = 193.79 seconds, Evaluation time taken = nan seconds, loss = 0.0298, fid = None
2026-03-23 03:03:07.840 | INFO     | __main__:<module>:162 - Epoch = 928 / 2000
2026-03-23 03:06:21.762 | INFO     | __main__:<module>:225 - Training time taken = 193.92 seconds, Evaluation time taken = nan seconds, loss = 0.02942, fid = None
2026-03-23 03:06:21.763 | INFO     | __main__:<module>:162 - Epoch = 929 / 2000
2026-03-23 03:09:35.480 | INFO     | __main__:<module>:225 - Training time taken = 193.72 seconds, Evaluation time taken = nan seconds, loss = 0.0302, fid = None
2026-03-23 03:09:35.481 | INFO     | __main__:<module>:162 - Epoch = 930 / 2000
2026-03-23 03:12:49.121 | INFO     | __main__:<module>:225 - Training time taken = 193.64 seconds, Evaluation time taken = nan seconds, loss = 0.02961, fid = None
2026-03-23 03:12:49.121 | INFO     | __main__:<module>:162 - Epoch = 931 / 2000
2026-03-23 03:16:02.683 | INFO     | __main__:<module>:225 - Training time taken = 193.56 seconds, Evaluation time taken = nan seconds, loss = 0.02918, fid = None
2026-03-23 03:16:02.684 | INFO     | __main__:<module>:162 - Epoch = 932 / 2000
2026-03-23 03:19:16.572 | INFO     | __main__:<module>:225 - Training time taken = 193.89 seconds, Evaluation time taken = nan seconds, loss = 0.02969, fid = None
2026-03-23 03:19:16.573 | INFO     | __main__:<module>:162 - Epoch = 933 / 2000
2026-03-23 03:22:30.742 | INFO     | __main__:<module>:225 - Training time taken = 194.17 seconds, Evaluation time taken = nan seconds, loss = 0.02985, fid = None
2026-03-23 03:22:30.742 | INFO     | __main__:<module>:162 - Epoch = 934 / 2000
2026-03-23 03:25:45.062 | INFO     | __main__:<module>:225 - Training time taken = 194.32 seconds, Evaluation time taken = nan seconds, loss = 0.02968, fid = None
2026-03-23 03:25:45.062 | INFO     | __main__:<module>:162 - Epoch = 935 / 2000
2026-03-23 03:28:59.692 | INFO     | __main__:<module>:225 - Training time taken = 194.63 seconds, Evaluation time taken = nan seconds, loss = 0.02998, fid = None
2026-03-23 03:28:59.692 | INFO     | __main__:<module>:162 - Epoch = 936 / 2000
2026-03-23 03:32:13.437 | INFO     | __main__:<module>:225 - Training time taken = 193.74 seconds, Evaluation time taken = nan seconds, loss = 0.02971, fid = None
2026-03-23 03:32:13.437 | INFO     | __main__:<module>:162 - Epoch = 937 / 2000
2026-03-23 03:35:27.458 | INFO     | __main__:<module>:225 - Training time taken = 194.02 seconds, Evaluation time taken = nan seconds, loss = 0.02995, fid = None
2026-03-23 03:35:27.458 | INFO     | __main__:<module>:162 - Epoch = 938 / 2000
2026-03-23 03:38:41.746 | INFO     | __main__:<module>:225 - Training time taken = 194.29 seconds, Evaluation time taken = nan seconds, loss = 0.02958, fid = None
2026-03-23 03:38:41.747 | INFO     | __main__:<module>:162 - Epoch = 939 / 2000
2026-03-23 03:41:55.826 | INFO     | __main__:<module>:225 - Training time taken = 194.08 seconds, Evaluation time taken = nan seconds, loss = 0.03005, fid = None
2026-03-23 03:41:55.826 | INFO     | __main__:<module>:162 - Epoch = 940 / 2000
2026-03-23 03:45:09.786 | INFO     | __main__:<module>:225 - Training time taken = 193.96 seconds, Evaluation time taken = nan seconds, loss = 0.0296, fid = None
2026-03-23 03:45:09.787 | INFO     | __main__:<module>:162 - Epoch = 941 / 2000
2026-03-23 03:48:23.660 | INFO     | __main__:<module>:225 - Training time taken = 193.87 seconds, Evaluation time taken = nan seconds, loss = 0.03001, fid = None
2026-03-23 03:48:23.660 | INFO     | __main__:<module>:162 - Epoch = 942 / 2000
2026-03-23 03:51:37.512 | INFO     | __main__:<module>:225 - Training time taken = 193.85 seconds, Evaluation time taken = nan seconds, loss = 0.02993, fid = None
2026-03-23 03:51:37.512 | INFO     | __main__:<module>:162 - Epoch = 943 / 2000
2026-03-23 03:54:51.704 | INFO     | __main__:<module>:225 - Training time taken = 194.19 seconds, Evaluation time taken = nan seconds, loss = 0.02994, fid = None
2026-03-23 03:54:51.704 | INFO     | __main__:<module>:162 - Epoch = 944 / 2000
2026-03-23 03:58:06.448 | INFO     | __main__:<module>:225 - Training time taken = 194.74 seconds, Evaluation time taken = nan seconds, loss = 0.03015, fid = None
2026-03-23 03:58:06.449 | INFO     | __main__:<module>:162 - Epoch = 945 / 2000
2026-03-23 04:01:20.191 | INFO     | __main__:<module>:225 - Training time taken = 193.74 seconds, Evaluation time taken = nan seconds, loss = 0.03016, fid = None
2026-03-23 04:01:20.192 | INFO     | __main__:<module>:162 - Epoch = 946 / 2000
2026-03-23 04:04:33.937 | INFO     | __main__:<module>:225 - Training time taken = 193.74 seconds, Evaluation time taken = nan seconds, loss = 0.02976, fid = None
2026-03-23 04:04:33.937 | INFO     | __main__:<module>:162 - Epoch = 947 / 2000
2026-03-23 04:07:47.507 | INFO     | __main__:<module>:225 - Training time taken = 193.57 seconds, Evaluation time taken = nan seconds, loss = 0.02987, fid = None
2026-03-23 04:07:47.508 | INFO     | __main__:<module>:162 - Epoch = 948 / 2000
2026-03-23 04:11:01.758 | INFO     | __main__:<module>:225 - Training time taken = 194.25 seconds, Evaluation time taken = nan seconds, loss = 0.02973, fid = None
2026-03-23 04:11:01.758 | INFO     | __main__:<module>:162 - Epoch = 949 / 2000
2026-03-23 04:14:15.923 | INFO     | __main__:<module>:225 - Training time taken = 194.16 seconds, Evaluation time taken = nan seconds, loss = 0.03013, fid = None
2026-03-23 04:14:15.924 | INFO     | __main__:<module>:162 - Epoch = 950 / 2000
2026-03-23 04:17:30.223 | INFO     | __main__:<module>:225 - Training time taken = 194.3 seconds, Evaluation time taken = nan seconds, loss = 0.02992, fid = None
2026-03-23 04:17:30.224 | INFO     | __main__:<module>:162 - Epoch = 951 / 2000
2026-03-23 04:20:44.467 | INFO     | __main__:<module>:225 - Training time taken = 194.24 seconds, Evaluation time taken = nan seconds, loss = 0.0302, fid = None
2026-03-23 04:20:44.468 | INFO     | __main__:<module>:162 - Epoch = 952 / 2000
2026-03-23 04:23:58.049 | INFO     | __main__:<module>:225 - Training time taken = 193.58 seconds, Evaluation time taken = nan seconds, loss = 0.03013, fid = None
2026-03-23 04:23:58.049 | INFO     | __main__:<module>:162 - Epoch = 953 / 2000
2026-03-23 04:27:11.618 | INFO     | __main__:<module>:225 - Training time taken = 193.57 seconds, Evaluation time taken = nan seconds, loss = 0.02995, fid = None
2026-03-23 04:27:11.618 | INFO     | __main__:<module>:162 - Epoch = 954 / 2000
2026-03-23 04:30:25.228 | INFO     | __main__:<module>:225 - Training time taken = 193.61 seconds, Evaluation time taken = nan seconds, loss = 0.02958, fid = None
2026-03-23 04:30:25.228 | INFO     | __main__:<module>:162 - Epoch = 955 / 2000
2026-03-23 04:33:39.116 | INFO     | __main__:<module>:225 - Training time taken = 193.89 seconds, Evaluation time taken = nan seconds, loss = 0.03007, fid = None
2026-03-23 04:33:39.116 | INFO     | __main__:<module>:162 - Epoch = 956 / 2000
2026-03-23 04:36:52.842 | INFO     | __main__:<module>:225 - Training time taken = 193.73 seconds, Evaluation time taken = nan seconds, loss = 0.0304, fid = None
2026-03-23 04:36:52.843 | INFO     | __main__:<module>:162 - Epoch = 957 / 2000
2026-03-23 04:40:06.678 | INFO     | __main__:<module>:225 - Training time taken = 193.83 seconds, Evaluation time taken = nan seconds, loss = 0.03015, fid = None
2026-03-23 04:40:06.678 | INFO     | __main__:<module>:162 - Epoch = 958 / 2000
2026-03-23 04:43:20.788 | INFO     | __main__:<module>:225 - Training time taken = 194.11 seconds, Evaluation time taken = nan seconds, loss = 0.02961, fid = None
2026-03-23 04:43:20.788 | INFO     | __main__:<module>:162 - Epoch = 959 / 2000
2026-03-23 04:46:35.112 | INFO     | __main__:<module>:225 - Training time taken = 194.32 seconds, Evaluation time taken = nan seconds, loss = 0.02946, fid = None
2026-03-23 04:46:35.112 | INFO     | __main__:<module>:162 - Epoch = 960 / 2000
2026-03-23 04:49:49.292 | INFO     | __main__:<module>:225 - Training time taken = 194.18 seconds, Evaluation time taken = nan seconds, loss = 0.02948, fid = None
2026-03-23 04:49:49.292 | INFO     | __main__:<module>:162 - Epoch = 961 / 2000
2026-03-23 04:53:03.057 | INFO     | __main__:<module>:225 - Training time taken = 193.76 seconds, Evaluation time taken = nan seconds, loss = 0.02936, fid = None
2026-03-23 04:53:03.057 | INFO     | __main__:<module>:162 - Epoch = 962 / 2000
2026-03-23 04:56:17.028 | INFO     | __main__:<module>:225 - Training time taken = 193.97 seconds, Evaluation time taken = nan seconds, loss = 0.03001, fid = None
2026-03-23 04:56:17.029 | INFO     | __main__:<module>:162 - Epoch = 963 / 2000
2026-03-23 04:59:30.940 | INFO     | __main__:<module>:225 - Training time taken = 193.91 seconds, Evaluation time taken = nan seconds, loss = 0.02945, fid = None
2026-03-23 04:59:30.940 | INFO     | __main__:<module>:162 - Epoch = 964 / 2000
2026-03-23 05:02:44.779 | INFO     | __main__:<module>:225 - Training time taken = 193.84 seconds, Evaluation time taken = nan seconds, loss = 0.02949, fid = None
2026-03-23 05:02:44.780 | INFO     | __main__:<module>:162 - Epoch = 965 / 2000
2026-03-23 05:05:58.798 | INFO     | __main__:<module>:225 - Training time taken = 194.02 seconds, Evaluation time taken = nan seconds, loss = 0.02944, fid = None
2026-03-23 05:05:58.799 | INFO     | __main__:<module>:162 - Epoch = 966 / 2000
2026-03-23 05:09:12.498 | INFO     | __main__:<module>:225 - Training time taken = 193.7 seconds, Evaluation time taken = nan seconds, loss = 0.02986, fid = None
2026-03-23 05:09:12.498 | INFO     | __main__:<module>:162 - Epoch = 967 / 2000
2026-03-23 05:12:26.181 | INFO     | __main__:<module>:225 - Training time taken = 193.68 seconds, Evaluation time taken = nan seconds, loss = 0.02971, fid = None
2026-03-23 05:12:26.181 | INFO     | __main__:<module>:162 - Epoch = 968 / 2000
2026-03-23 05:15:39.894 | INFO     | __main__:<module>:225 - Training time taken = 193.71 seconds, Evaluation time taken = nan seconds, loss = 0.02968, fid = None
2026-03-23 05:15:39.895 | INFO     | __main__:<module>:162 - Epoch = 969 / 2000
2026-03-23 05:18:53.814 | INFO     | __main__:<module>:225 - Training time taken = 193.92 seconds, Evaluation time taken = nan seconds, loss = 0.03018, fid = None
2026-03-23 05:18:53.814 | INFO     | __main__:<module>:162 - Epoch = 970 / 2000
2026-03-23 05:22:08.443 | INFO     | __main__:<module>:225 - Training time taken = 194.63 seconds, Evaluation time taken = nan seconds, loss = 0.02987, fid = None
2026-03-23 05:22:08.443 | INFO     | __main__:<module>:162 - Epoch = 971 / 2000
2026-03-23 05:25:22.496 | INFO     | __main__:<module>:225 - Training time taken = 194.05 seconds, Evaluation time taken = nan seconds, loss = 0.0298, fid = None
2026-03-23 05:25:22.496 | INFO     | __main__:<module>:162 - Epoch = 972 / 2000
2026-03-23 05:28:36.203 | INFO     | __main__:<module>:225 - Training time taken = 193.7 seconds, Evaluation time taken = nan seconds, loss = 0.02994, fid = None
2026-03-23 05:28:36.203 | INFO     | __main__:<module>:162 - Epoch = 973 / 2000
2026-03-23 05:31:50.654 | INFO     | __main__:<module>:225 - Training time taken = 194.45 seconds, Evaluation time taken = nan seconds, loss = 0.02957, fid = None
2026-03-23 05:31:50.655 | INFO     | __main__:<module>:162 - Epoch = 974 / 2000
2026-03-23 05:35:04.978 | INFO     | __main__:<module>:225 - Training time taken = 194.32 seconds, Evaluation time taken = nan seconds, loss = 0.03012, fid = None
2026-03-23 05:35:04.979 | INFO     | __main__:<module>:162 - Epoch = 975 / 2000
2026-03-23 05:38:19.011 | INFO     | __main__:<module>:225 - Training time taken = 194.03 seconds, Evaluation time taken = nan seconds, loss = 0.02995, fid = None
2026-03-23 05:38:19.011 | INFO     | __main__:<module>:162 - Epoch = 976 / 2000
2026-03-23 05:41:33.047 | INFO     | __main__:<module>:225 - Training time taken = 194.03 seconds, Evaluation time taken = nan seconds, loss = 0.02991, fid = None
2026-03-23 05:41:33.047 | INFO     | __main__:<module>:162 - Epoch = 977 / 2000
2026-03-23 05:44:46.923 | INFO     | __main__:<module>:225 - Training time taken = 193.87 seconds, Evaluation time taken = nan seconds, loss = 0.02981, fid = None
2026-03-23 05:44:46.923 | INFO     | __main__:<module>:162 - Epoch = 978 / 2000
2026-03-23 05:48:00.879 | INFO     | __main__:<module>:225 - Training time taken = 193.95 seconds, Evaluation time taken = nan seconds, loss = 0.02907, fid = None
2026-03-23 05:48:00.880 | INFO     | __main__:<module>:162 - Epoch = 979 / 2000
2026-03-23 05:51:15.227 | INFO     | __main__:<module>:225 - Training time taken = 194.35 seconds, Evaluation time taken = nan seconds, loss = 0.02944, fid = None
2026-03-23 05:51:15.227 | INFO     | __main__:<module>:162 - Epoch = 980 / 2000
2026-03-23 05:54:29.279 | INFO     | __main__:<module>:225 - Training time taken = 194.05 seconds, Evaluation time taken = nan seconds, loss = 0.02986, fid = None
2026-03-23 05:54:29.280 | INFO     | __main__:<module>:162 - Epoch = 981 / 2000
2026-03-23 05:57:43.413 | INFO     | __main__:<module>:225 - Training time taken = 194.13 seconds, Evaluation time taken = nan seconds, loss = 0.02971, fid = None
2026-03-23 05:57:43.413 | INFO     | __main__:<module>:162 - Epoch = 982 / 2000
2026-03-23 06:00:57.981 | INFO     | __main__:<module>:225 - Training time taken = 194.57 seconds, Evaluation time taken = nan seconds, loss = 0.02981, fid = None
2026-03-23 06:00:57.982 | INFO     | __main__:<module>:162 - Epoch = 983 / 2000
2026-03-23 06:04:11.981 | INFO     | __main__:<module>:225 - Training time taken = 194.0 seconds, Evaluation time taken = nan seconds, loss = 0.03028, fid = None
2026-03-23 06:04:11.981 | INFO     | __main__:<module>:162 - Epoch = 984 / 2000
2026-03-23 06:07:26.014 | INFO     | __main__:<module>:225 - Training time taken = 194.03 seconds, Evaluation time taken = nan seconds, loss = 0.02974, fid = None
2026-03-23 06:07:26.014 | INFO     | __main__:<module>:162 - Epoch = 985 / 2000
2026-03-23 06:10:39.785 | INFO     | __main__:<module>:225 - Training time taken = 193.77 seconds, Evaluation time taken = nan seconds, loss = 0.02972, fid = None
2026-03-23 06:10:39.785 | INFO     | __main__:<module>:162 - Epoch = 986 / 2000
2026-03-23 06:13:53.289 | INFO     | __main__:<module>:225 - Training time taken = 193.5 seconds, Evaluation time taken = nan seconds, loss = 0.02957, fid = None
2026-03-23 06:13:53.289 | INFO     | __main__:<module>:162 - Epoch = 987 / 2000
2026-03-23 06:17:07.127 | INFO     | __main__:<module>:225 - Training time taken = 193.84 seconds, Evaluation time taken = nan seconds, loss = 0.02962, fid = None
2026-03-23 06:17:07.127 | INFO     | __main__:<module>:162 - Epoch = 988 / 2000
2026-03-23 06:20:21.104 | INFO     | __main__:<module>:225 - Training time taken = 193.98 seconds, Evaluation time taken = nan seconds, loss = 0.0295, fid = None
2026-03-23 06:20:21.105 | INFO     | __main__:<module>:162 - Epoch = 989 / 2000
2026-03-23 06:23:35.754 | INFO     | __main__:<module>:225 - Training time taken = 194.65 seconds, Evaluation time taken = nan seconds, loss = 0.02993, fid = None
2026-03-23 06:23:35.754 | INFO     | __main__:<module>:162 - Epoch = 990 / 2000
2026-03-23 06:26:49.835 | INFO     | __main__:<module>:225 - Training time taken = 194.08 seconds, Evaluation time taken = nan seconds, loss = 0.02969, fid = None
2026-03-23 06:26:49.836 | INFO     | __main__:<module>:162 - Epoch = 991 / 2000
2026-03-23 06:30:04.017 | INFO     | __main__:<module>:225 - Training time taken = 194.18 seconds, Evaluation time taken = nan seconds, loss = 0.02967, fid = None
2026-03-23 06:30:04.018 | INFO     | __main__:<module>:162 - Epoch = 992 / 2000
2026-03-23 06:33:17.690 | INFO     | __main__:<module>:225 - Training time taken = 193.67 seconds, Evaluation time taken = nan seconds, loss = 0.02958, fid = None
2026-03-23 06:33:17.690 | INFO     | __main__:<module>:162 - Epoch = 993 / 2000
2026-03-23 06:36:31.957 | INFO     | __main__:<module>:225 - Training time taken = 194.27 seconds, Evaluation time taken = nan seconds, loss = 0.02988, fid = None
2026-03-23 06:36:31.957 | INFO     | __main__:<module>:162 - Epoch = 994 / 2000
2026-03-23 06:39:45.825 | INFO     | __main__:<module>:225 - Training time taken = 193.87 seconds, Evaluation time taken = nan seconds, loss = 0.02915, fid = None
2026-03-23 06:39:45.825 | INFO     | __main__:<module>:162 - Epoch = 995 / 2000
2026-03-23 06:43:00.040 | INFO     | __main__:<module>:225 - Training time taken = 194.21 seconds, Evaluation time taken = nan seconds, loss = 0.02983, fid = None
2026-03-23 06:43:00.040 | INFO     | __main__:<module>:162 - Epoch = 996 / 2000
2026-03-23 06:46:13.879 | INFO     | __main__:<module>:225 - Training time taken = 193.84 seconds, Evaluation time taken = nan seconds, loss = 0.03019, fid = None
2026-03-23 06:46:13.880 | INFO     | __main__:<module>:162 - Epoch = 997 / 2000
2026-03-23 06:49:28.063 | INFO     | __main__:<module>:225 - Training time taken = 194.18 seconds, Evaluation time taken = nan seconds, loss = 0.02965, fid = None
2026-03-23 06:49:28.063 | INFO     | __main__:<module>:162 - Epoch = 998 / 2000
2026-03-23 06:52:42.018 | INFO     | __main__:<module>:225 - Training time taken = 193.95 seconds, Evaluation time taken = nan seconds, loss = 0.02931, fid = None
2026-03-23 06:52:42.019 | INFO     | __main__:<module>:162 - Epoch = 999 / 2000
2026-03-23 06:55:56.041 | INFO     | __main__:<module>:225 - Training time taken = 194.02 seconds, Evaluation time taken = nan seconds, loss = 0.02934, fid = None
2026-03-23 06:55:56.041 | INFO     | __main__:<module>:162 - Epoch = 1000 / 2000
2026-03-23 06:59:10.146 | INFO     | __main__:<module>:225 - Training time taken = 194.1 seconds, Evaluation time taken = nan seconds, loss = 0.02962, fid = None
2026-03-23 06:59:10.147 | INFO     | __main__:<module>:162 - Epoch = 1001 / 2000
2026-03-23 07:02:24.248 | INFO     | __main__:<module>:225 - Training time taken = 194.1 seconds, Evaluation time taken = nan seconds, loss = 0.02932, fid = None
2026-03-23 07:02:24.249 | INFO     | __main__:<module>:162 - Epoch = 1002 / 2000
2026-03-23 07:05:38.575 | INFO     | __main__:<module>:225 - Training time taken = 194.32 seconds, Evaluation time taken = nan seconds, loss = 0.03, fid = None
2026-03-23 07:05:38.576 | INFO     | __main__:<module>:162 - Epoch = 1003 / 2000
2026-03-23 07:08:52.436 | INFO     | __main__:<module>:225 - Training time taken = 193.86 seconds, Evaluation time taken = nan seconds, loss = 0.02916, fid = None
2026-03-23 07:08:52.436 | INFO     | __main__:<module>:162 - Epoch = 1004 / 2000
2026-03-23 07:12:06.217 | INFO     | __main__:<module>:225 - Training time taken = 193.78 seconds, Evaluation time taken = nan seconds, loss = 0.02957, fid = None
2026-03-23 07:12:06.217 | INFO     | __main__:<module>:162 - Epoch = 1005 / 2000
2026-03-23 07:15:20.328 | INFO     | __main__:<module>:225 - Training time taken = 194.11 seconds, Evaluation time taken = nan seconds, loss = 0.0295, fid = None
2026-03-23 07:15:20.328 | INFO     | __main__:<module>:162 - Epoch = 1006 / 2000
2026-03-23 07:18:34.227 | INFO     | __main__:<module>:225 - Training time taken = 193.9 seconds, Evaluation time taken = nan seconds, loss = 0.02936, fid = None
2026-03-23 07:18:34.227 | INFO     | __main__:<module>:162 - Epoch = 1007 / 2000
2026-03-23 07:21:48.159 | INFO     | __main__:<module>:225 - Training time taken = 193.93 seconds, Evaluation time taken = nan seconds, loss = 0.02986, fid = None
2026-03-23 07:21:48.159 | INFO     | __main__:<module>:162 - Epoch = 1008 / 2000
2026-03-23 07:25:01.762 | INFO     | __main__:<module>:225 - Training time taken = 193.6 seconds, Evaluation time taken = nan seconds, loss = 0.02972, fid = None
2026-03-23 07:25:01.762 | INFO     | __main__:<module>:162 - Epoch = 1009 / 2000
2026-03-23 07:28:15.806 | INFO     | __main__:<module>:225 - Training time taken = 194.04 seconds, Evaluation time taken = nan seconds, loss = 0.02944, fid = None
2026-03-23 07:28:15.807 | INFO     | __main__:<module>:162 - Epoch = 1010 / 2000
2026-03-23 07:31:29.730 | INFO     | __main__:<module>:225 - Training time taken = 193.92 seconds, Evaluation time taken = nan seconds, loss = 0.02998, fid = None
2026-03-23 07:31:29.730 | INFO     | __main__:<module>:162 - Epoch = 1011 / 2000
2026-03-23 07:34:44.016 | INFO     | __main__:<module>:225 - Training time taken = 194.28 seconds, Evaluation time taken = nan seconds, loss = 0.02967, fid = None
2026-03-23 07:34:44.016 | INFO     | __main__:<module>:162 - Epoch = 1012 / 2000
2026-03-23 07:37:58.483 | INFO     | __main__:<module>:225 - Training time taken = 194.47 seconds, Evaluation time taken = nan seconds, loss = 0.03031, fid = None
2026-03-23 07:37:58.484 | INFO     | __main__:<module>:162 - Epoch = 1013 / 2000
2026-03-23 07:41:12.349 | INFO     | __main__:<module>:225 - Training time taken = 193.86 seconds, Evaluation time taken = nan seconds, loss = 0.03007, fid = None
2026-03-23 07:41:12.349 | INFO     | __main__:<module>:162 - Epoch = 1014 / 2000
2026-03-23 07:44:26.334 | INFO     | __main__:<module>:225 - Training time taken = 193.98 seconds, Evaluation time taken = nan seconds, loss = 0.02978, fid = None
2026-03-23 07:44:26.334 | INFO     | __main__:<module>:162 - Epoch = 1015 / 2000
2026-03-23 07:47:40.544 | INFO     | __main__:<module>:225 - Training time taken = 194.21 seconds, Evaluation time taken = nan seconds, loss = 0.03047, fid = None
2026-03-23 07:47:40.544 | INFO     | __main__:<module>:162 - Epoch = 1016 / 2000
2026-03-23 07:50:55.022 | INFO     | __main__:<module>:225 - Training time taken = 194.48 seconds, Evaluation time taken = nan seconds, loss = 0.02958, fid = None
2026-03-23 07:50:55.022 | INFO     | __main__:<module>:162 - Epoch = 1017 / 2000
2026-03-23 07:54:09.017 | INFO     | __main__:<module>:225 - Training time taken = 193.99 seconds, Evaluation time taken = nan seconds, loss = 0.02989, fid = None
2026-03-23 07:54:09.017 | INFO     | __main__:<module>:162 - Epoch = 1018 / 2000
2026-03-23 07:57:23.174 | INFO     | __main__:<module>:225 - Training time taken = 194.16 seconds, Evaluation time taken = nan seconds, loss = 0.02947, fid = None
2026-03-23 07:57:23.174 | INFO     | __main__:<module>:162 - Epoch = 1019 / 2000
2026-03-23 08:00:37.114 | INFO     | __main__:<module>:225 - Training time taken = 193.94 seconds, Evaluation time taken = nan seconds, loss = 0.02959, fid = None
2026-03-23 08:00:37.114 | INFO     | __main__:<module>:162 - Epoch = 1020 / 2000
2026-03-23 08:03:51.063 | INFO     | __main__:<module>:225 - Training time taken = 193.95 seconds, Evaluation time taken = nan seconds, loss = 0.02999, fid = None
2026-03-23 08:03:51.063 | INFO     | __main__:<module>:162 - Epoch = 1021 / 2000
2026-03-23 08:07:04.749 | INFO     | __main__:<module>:225 - Training time taken = 193.68 seconds, Evaluation time taken = nan seconds, loss = 0.02968, fid = None
2026-03-23 08:07:04.749 | INFO     | __main__:<module>:162 - Epoch = 1022 / 2000
2026-03-23 08:10:18.991 | INFO     | __main__:<module>:225 - Training time taken = 194.24 seconds, Evaluation time taken = nan seconds, loss = 0.02971, fid = None
2026-03-23 08:10:18.991 | INFO     | __main__:<module>:162 - Epoch = 1023 / 2000
2026-03-23 08:13:33.140 | INFO     | __main__:<module>:225 - Training time taken = 194.15 seconds, Evaluation time taken = nan seconds, loss = 0.02977, fid = None
2026-03-23 08:13:33.141 | INFO     | __main__:<module>:162 - Epoch = 1024 / 2000
2026-03-23 08:16:47.543 | INFO     | __main__:<module>:225 - Training time taken = 194.4 seconds, Evaluation time taken = nan seconds, loss = 0.02959, fid = None
2026-03-23 08:16:47.544 | INFO     | __main__:<module>:162 - Epoch = 1025 / 2000
2026-03-23 08:20:01.721 | INFO     | __main__:<module>:225 - Training time taken = 194.18 seconds, Evaluation time taken = nan seconds, loss = 0.02945, fid = None
2026-03-23 08:20:01.722 | INFO     | __main__:<module>:162 - Epoch = 1026 / 2000
2026-03-23 08:23:15.659 | INFO     | __main__:<module>:225 - Training time taken = 193.94 seconds, Evaluation time taken = nan seconds, loss = 0.02964, fid = None
2026-03-23 08:23:15.659 | INFO     | __main__:<module>:162 - Epoch = 1027 / 2000
2026-03-23 08:26:29.409 | INFO     | __main__:<module>:225 - Training time taken = 193.75 seconds, Evaluation time taken = nan seconds, loss = 0.02979, fid = None
2026-03-23 08:26:29.410 | INFO     | __main__:<module>:162 - Epoch = 1028 / 2000
2026-03-23 08:29:43.336 | INFO     | __main__:<module>:225 - Training time taken = 193.93 seconds, Evaluation time taken = nan seconds, loss = 0.02985, fid = None
2026-03-23 08:29:43.336 | INFO     | __main__:<module>:162 - Epoch = 1029 / 2000
2026-03-23 08:32:57.205 | INFO     | __main__:<module>:225 - Training time taken = 193.87 seconds, Evaluation time taken = nan seconds, loss = 0.02945, fid = None
2026-03-23 08:32:57.206 | INFO     | __main__:<module>:162 - Epoch = 1030 / 2000
2026-03-23 08:36:10.854 | INFO     | __main__:<module>:225 - Training time taken = 193.65 seconds, Evaluation time taken = nan seconds, loss = 0.02976, fid = None
2026-03-23 08:36:10.854 | INFO     | __main__:<module>:162 - Epoch = 1031 / 2000
2026-03-23 08:39:24.778 | INFO     | __main__:<module>:225 - Training time taken = 193.92 seconds, Evaluation time taken = nan seconds, loss = 0.02976, fid = None
2026-03-23 08:39:24.778 | INFO     | __main__:<module>:162 - Epoch = 1032 / 2000
2026-03-23 08:42:38.405 | INFO     | __main__:<module>:225 - Training time taken = 193.63 seconds, Evaluation time taken = nan seconds, loss = 0.0297, fid = None
2026-03-23 08:42:38.406 | INFO     | __main__:<module>:162 - Epoch = 1033 / 2000
2026-03-23 08:45:52.059 | INFO     | __main__:<module>:225 - Training time taken = 193.65 seconds, Evaluation time taken = nan seconds, loss = 0.02995, fid = None
2026-03-23 08:45:52.059 | INFO     | __main__:<module>:162 - Epoch = 1034 / 2000
2026-03-23 08:49:05.983 | INFO     | __main__:<module>:225 - Training time taken = 193.92 seconds, Evaluation time taken = nan seconds, loss = 0.02977, fid = None
2026-03-23 08:49:05.983 | INFO     | __main__:<module>:162 - Epoch = 1035 / 2000
2026-03-23 08:52:19.980 | INFO     | __main__:<module>:225 - Training time taken = 194.0 seconds, Evaluation time taken = nan seconds, loss = 0.02974, fid = None
2026-03-23 08:52:19.981 | INFO     | __main__:<module>:162 - Epoch = 1036 / 2000
2026-03-23 08:55:33.831 | INFO     | __main__:<module>:225 - Training time taken = 193.85 seconds, Evaluation time taken = nan seconds, loss = 0.0301, fid = None
2026-03-23 08:55:33.831 | INFO     | __main__:<module>:162 - Epoch = 1037 / 2000
2026-03-23 08:58:47.713 | INFO     | __main__:<module>:225 - Training time taken = 193.88 seconds, Evaluation time taken = nan seconds, loss = 0.02954, fid = None
2026-03-23 08:58:47.714 | INFO     | __main__:<module>:162 - Epoch = 1038 / 2000
2026-03-23 09:02:01.941 | INFO     | __main__:<module>:225 - Training time taken = 194.23 seconds, Evaluation time taken = nan seconds, loss = 0.02972, fid = None
2026-03-23 09:02:01.941 | INFO     | __main__:<module>:162 - Epoch = 1039 / 2000
2026-03-23 09:05:16.487 | INFO     | __main__:<module>:225 - Training time taken = 194.54 seconds, Evaluation time taken = nan seconds, loss = 0.02973, fid = None
2026-03-23 09:05:16.487 | INFO     | __main__:<module>:162 - Epoch = 1040 / 2000
2026-03-23 09:08:30.826 | INFO     | __main__:<module>:225 - Training time taken = 194.34 seconds, Evaluation time taken = nan seconds, loss = 0.02974, fid = None
2026-03-23 09:08:30.827 | INFO     | __main__:<module>:162 - Epoch = 1041 / 2000
2026-03-23 09:11:44.629 | INFO     | __main__:<module>:225 - Training time taken = 193.8 seconds, Evaluation time taken = nan seconds, loss = 0.02975, fid = None
2026-03-23 09:11:44.630 | INFO     | __main__:<module>:162 - Epoch = 1042 / 2000
2026-03-23 09:14:58.724 | INFO     | __main__:<module>:225 - Training time taken = 194.09 seconds, Evaluation time taken = nan seconds, loss = 0.02934, fid = None
2026-03-23 09:14:58.724 | INFO     | __main__:<module>:162 - Epoch = 1043 / 2000
2026-03-23 09:18:12.707 | INFO     | __main__:<module>:225 - Training time taken = 193.98 seconds, Evaluation time taken = nan seconds, loss = 0.02922, fid = None
2026-03-23 09:18:12.707 | INFO     | __main__:<module>:162 - Epoch = 1044 / 2000
2026-03-23 09:21:26.597 | INFO     | __main__:<module>:225 - Training time taken = 193.89 seconds, Evaluation time taken = nan seconds, loss = 0.02978, fid = None
2026-03-23 09:21:26.598 | INFO     | __main__:<module>:162 - Epoch = 1045 / 2000
2026-03-23 09:24:40.336 | INFO     | __main__:<module>:225 - Training time taken = 193.74 seconds, Evaluation time taken = nan seconds, loss = 0.02989, fid = None
2026-03-23 09:24:40.336 | INFO     | __main__:<module>:162 - Epoch = 1046 / 2000
2026-03-23 09:27:54.148 | INFO     | __main__:<module>:225 - Training time taken = 193.81 seconds, Evaluation time taken = nan seconds, loss = 0.02932, fid = None
2026-03-23 09:27:54.149 | INFO     | __main__:<module>:162 - Epoch = 1047 / 2000
2026-03-23 09:31:07.864 | INFO     | __main__:<module>:225 - Training time taken = 193.71 seconds, Evaluation time taken = nan seconds, loss = 0.02969, fid = None
2026-03-23 09:31:07.864 | INFO     | __main__:<module>:162 - Epoch = 1048 / 2000
2026-03-23 09:34:21.978 | INFO     | __main__:<module>:225 - Training time taken = 194.11 seconds, Evaluation time taken = nan seconds, loss = 0.02932, fid = None
2026-03-23 09:34:21.978 | INFO     | __main__:<module>:162 - Epoch = 1049 / 2000
2026-03-23 09:37:36.065 | INFO     | __main__:<module>:225 - Training time taken = 194.09 seconds, Evaluation time taken = nan seconds, loss = 0.02989, fid = None
2026-03-23 09:37:36.066 | INFO     | __main__:<module>:162 - Epoch = 1050 / 2000
2026-03-23 09:40:49.655 | INFO     | __main__:<module>:225 - Training time taken = 193.59 seconds, Evaluation time taken = nan seconds, loss = 0.02968, fid = None
2026-03-23 09:40:49.655 | INFO     | __main__:<module>:162 - Epoch = 1051 / 2000
2026-03-23 09:44:03.369 | INFO     | __main__:<module>:225 - Training time taken = 193.71 seconds, Evaluation time taken = nan seconds, loss = 0.0297, fid = None
2026-03-23 09:44:03.370 | INFO     | __main__:<module>:162 - Epoch = 1052 / 2000
2026-03-23 09:47:17.450 | INFO     | __main__:<module>:225 - Training time taken = 194.08 seconds, Evaluation time taken = nan seconds, loss = 0.03029, fid = None
2026-03-23 09:47:17.451 | INFO     | __main__:<module>:162 - Epoch = 1053 / 2000
2026-03-23 09:50:31.232 | INFO     | __main__:<module>:225 - Training time taken = 193.78 seconds, Evaluation time taken = nan seconds, loss = 0.02996, fid = None
2026-03-23 09:50:31.233 | INFO     | __main__:<module>:162 - Epoch = 1054 / 2000
2026-03-23 09:53:45.178 | INFO     | __main__:<module>:225 - Training time taken = 193.94 seconds, Evaluation time taken = nan seconds, loss = 0.02936, fid = None
2026-03-23 09:53:45.179 | INFO     | __main__:<module>:162 - Epoch = 1055 / 2000
2026-03-23 09:56:58.738 | INFO     | __main__:<module>:225 - Training time taken = 193.56 seconds, Evaluation time taken = nan seconds, loss = 0.02974, fid = None
2026-03-23 09:56:58.739 | INFO     | __main__:<module>:162 - Epoch = 1056 / 2000
2026-03-23 10:00:12.556 | INFO     | __main__:<module>:225 - Training time taken = 193.82 seconds, Evaluation time taken = nan seconds, loss = 0.02943, fid = None
2026-03-23 10:00:12.556 | INFO     | __main__:<module>:162 - Epoch = 1057 / 2000
2026-03-23 10:03:26.948 | INFO     | __main__:<module>:225 - Training time taken = 194.39 seconds, Evaluation time taken = nan seconds, loss = 0.02979, fid = None
2026-03-23 10:03:26.949 | INFO     | __main__:<module>:162 - Epoch = 1058 / 2000
2026-03-23 10:06:41.190 | INFO     | __main__:<module>:225 - Training time taken = 194.24 seconds, Evaluation time taken = nan seconds, loss = 0.02962, fid = None
2026-03-23 10:06:41.190 | INFO     | __main__:<module>:162 - Epoch = 1059 / 2000
2026-03-23 10:09:55.283 | INFO     | __main__:<module>:225 - Training time taken = 194.09 seconds, Evaluation time taken = nan seconds, loss = 0.02976, fid = None
2026-03-23 10:09:55.284 | INFO     | __main__:<module>:162 - Epoch = 1060 / 2000
2026-03-23 10:13:09.362 | INFO     | __main__:<module>:225 - Training time taken = 194.08 seconds, Evaluation time taken = nan seconds, loss = 0.02967, fid = None
2026-03-23 10:13:09.362 | INFO     | __main__:<module>:162 - Epoch = 1061 / 2000
2026-03-23 10:16:23.190 | INFO     | __main__:<module>:225 - Training time taken = 193.83 seconds, Evaluation time taken = nan seconds, loss = 0.02955, fid = None
2026-03-23 10:16:23.191 | INFO     | __main__:<module>:162 - Epoch = 1062 / 2000
2026-03-23 10:19:36.894 | INFO     | __main__:<module>:225 - Training time taken = 193.7 seconds, Evaluation time taken = nan seconds, loss = 0.02966, fid = None
2026-03-23 10:19:36.895 | INFO     | __main__:<module>:162 - Epoch = 1063 / 2000
2026-03-23 10:22:50.912 | INFO     | __main__:<module>:225 - Training time taken = 194.02 seconds, Evaluation time taken = nan seconds, loss = 0.02977, fid = None
2026-03-23 10:22:50.912 | INFO     | __main__:<module>:162 - Epoch = 1064 / 2000
2026-03-23 10:26:04.662 | INFO     | __main__:<module>:225 - Training time taken = 193.75 seconds, Evaluation time taken = nan seconds, loss = 0.02943, fid = None
2026-03-23 10:26:04.663 | INFO     | __main__:<module>:162 - Epoch = 1065 / 2000
2026-03-23 10:29:18.427 | INFO     | __main__:<module>:225 - Training time taken = 193.76 seconds, Evaluation time taken = nan seconds, loss = 0.02952, fid = None
2026-03-23 10:29:18.428 | INFO     | __main__:<module>:162 - Epoch = 1066 / 2000
2026-03-23 10:32:32.972 | INFO     | __main__:<module>:225 - Training time taken = 194.54 seconds, Evaluation time taken = nan seconds, loss = 0.02968, fid = None
2026-03-23 10:32:32.972 | INFO     | __main__:<module>:162 - Epoch = 1067 / 2000
2026-03-23 10:35:47.223 | INFO     | __main__:<module>:225 - Training time taken = 194.25 seconds, Evaluation time taken = nan seconds, loss = 0.02982, fid = None
2026-03-23 10:35:47.224 | INFO     | __main__:<module>:162 - Epoch = 1068 / 2000
2026-03-23 10:39:01.036 | INFO     | __main__:<module>:225 - Training time taken = 193.81 seconds, Evaluation time taken = nan seconds, loss = 0.02991, fid = None
2026-03-23 10:39:01.037 | INFO     | __main__:<module>:162 - Epoch = 1069 / 2000
2026-03-23 10:42:14.979 | INFO     | __main__:<module>:225 - Training time taken = 193.94 seconds, Evaluation time taken = nan seconds, loss = 0.02967, fid = None
2026-03-23 10:42:14.980 | INFO     | __main__:<module>:162 - Epoch = 1070 / 2000
2026-03-23 10:45:29.043 | INFO     | __main__:<module>:225 - Training time taken = 194.06 seconds, Evaluation time taken = nan seconds, loss = 0.02963, fid = None
2026-03-23 10:45:29.043 | INFO     | __main__:<module>:162 - Epoch = 1071 / 2000
2026-03-23 10:48:43.606 | INFO     | __main__:<module>:225 - Training time taken = 194.56 seconds, Evaluation time taken = nan seconds, loss = 0.02967, fid = None
2026-03-23 10:48:43.606 | INFO     | __main__:<module>:162 - Epoch = 1072 / 2000
2026-03-23 10:51:57.844 | INFO     | __main__:<module>:225 - Training time taken = 194.24 seconds, Evaluation time taken = nan seconds, loss = 0.0298, fid = None
2026-03-23 10:51:57.844 | INFO     | __main__:<module>:162 - Epoch = 1073 / 2000
2026-03-23 10:55:11.852 | INFO     | __main__:<module>:225 - Training time taken = 194.01 seconds, Evaluation time taken = nan seconds, loss = 0.02995, fid = None
2026-03-23 10:55:11.852 | INFO     | __main__:<module>:162 - Epoch = 1074 / 2000
2026-03-23 10:58:25.620 | INFO     | __main__:<module>:225 - Training time taken = 193.77 seconds, Evaluation time taken = nan seconds, loss = 0.02975, fid = None
2026-03-23 10:58:25.620 | INFO     | __main__:<module>:162 - Epoch = 1075 / 2000
2026-03-23 11:01:39.618 | INFO     | __main__:<module>:225 - Training time taken = 194.0 seconds, Evaluation time taken = nan seconds, loss = 0.02965, fid = None
2026-03-23 11:01:39.618 | INFO     | __main__:<module>:162 - Epoch = 1076 / 2000
2026-03-23 11:04:53.648 | INFO     | __main__:<module>:225 - Training time taken = 194.03 seconds, Evaluation time taken = nan seconds, loss = 0.02944, fid = None
2026-03-23 11:04:53.648 | INFO     | __main__:<module>:162 - Epoch = 1077 / 2000
2026-03-23 11:08:07.257 | INFO     | __main__:<module>:225 - Training time taken = 193.61 seconds, Evaluation time taken = nan seconds, loss = 0.02963, fid = None
2026-03-23 11:08:07.258 | INFO     | __main__:<module>:162 - Epoch = 1078 / 2000
2026-03-23 11:11:20.505 | INFO     | __main__:<module>:225 - Training time taken = 193.25 seconds, Evaluation time taken = nan seconds, loss = 0.02965, fid = None
2026-03-23 11:11:20.506 | INFO     | __main__:<module>:162 - Epoch = 1079 / 2000
2026-03-23 11:14:34.510 | INFO     | __main__:<module>:225 - Training time taken = 194.0 seconds, Evaluation time taken = nan seconds, loss = 0.02955, fid = None
2026-03-23 11:14:34.510 | INFO     | __main__:<module>:162 - Epoch = 1080 / 2000
2026-03-23 11:17:48.995 | INFO     | __main__:<module>:225 - Training time taken = 194.48 seconds, Evaluation time taken = nan seconds, loss = 0.02905, fid = None
2026-03-23 11:17:48.995 | INFO     | __main__:<module>:162 - Epoch = 1081 / 2000
2026-03-23 11:21:02.738 | INFO     | __main__:<module>:225 - Training time taken = 193.74 seconds, Evaluation time taken = nan seconds, loss = 0.02954, fid = None
2026-03-23 11:21:02.739 | INFO     | __main__:<module>:162 - Epoch = 1082 / 2000
2026-03-23 11:24:16.170 | INFO     | __main__:<module>:225 - Training time taken = 193.43 seconds, Evaluation time taken = nan seconds, loss = 0.02975, fid = None
2026-03-23 11:24:16.171 | INFO     | __main__:<module>:162 - Epoch = 1083 / 2000
2026-03-23 11:27:29.886 | INFO     | __main__:<module>:225 - Training time taken = 193.71 seconds, Evaluation time taken = nan seconds, loss = 0.02974, fid = None
2026-03-23 11:27:29.886 | INFO     | __main__:<module>:162 - Epoch = 1084 / 2000
2026-03-23 11:30:43.671 | INFO     | __main__:<module>:225 - Training time taken = 193.78 seconds, Evaluation time taken = nan seconds, loss = 0.02988, fid = None
2026-03-23 11:30:43.672 | INFO     | __main__:<module>:162 - Epoch = 1085 / 2000
2026-03-23 11:33:57.452 | INFO     | __main__:<module>:225 - Training time taken = 193.78 seconds, Evaluation time taken = nan seconds, loss = 0.02948, fid = None
2026-03-23 11:33:57.452 | INFO     | __main__:<module>:162 - Epoch = 1086 / 2000
2026-03-23 11:37:11.356 | INFO     | __main__:<module>:225 - Training time taken = 193.9 seconds, Evaluation time taken = nan seconds, loss = 0.02974, fid = None
2026-03-23 11:37:11.356 | INFO     | __main__:<module>:162 - Epoch = 1087 / 2000
2026-03-23 11:40:25.667 | INFO     | __main__:<module>:225 - Training time taken = 194.31 seconds, Evaluation time taken = nan seconds, loss = 0.02937, fid = None
2026-03-23 11:40:25.668 | INFO     | __main__:<module>:162 - Epoch = 1088 / 2000
2026-03-23 11:43:39.462 | INFO     | __main__:<module>:225 - Training time taken = 193.79 seconds, Evaluation time taken = nan seconds, loss = 0.02928, fid = None
2026-03-23 11:43:39.462 | INFO     | __main__:<module>:162 - Epoch = 1089 / 2000
2026-03-23 11:46:53.563 | INFO     | __main__:<module>:225 - Training time taken = 194.1 seconds, Evaluation time taken = nan seconds, loss = 0.02917, fid = None
2026-03-23 11:46:53.563 | INFO     | __main__:<module>:162 - Epoch = 1090 / 2000
2026-03-23 11:50:07.846 | INFO     | __main__:<module>:225 - Training time taken = 194.28 seconds, Evaluation time taken = nan seconds, loss = 0.02977, fid = None
2026-03-23 11:50:07.847 | INFO     | __main__:<module>:162 - Epoch = 1091 / 2000
2026-03-23 11:53:22.182 | INFO     | __main__:<module>:225 - Training time taken = 194.33 seconds, Evaluation time taken = nan seconds, loss = 0.0302, fid = None
2026-03-23 11:53:22.182 | INFO     | __main__:<module>:162 - Epoch = 1092 / 2000
2026-03-23 11:56:36.568 | INFO     | __main__:<module>:225 - Training time taken = 194.38 seconds, Evaluation time taken = nan seconds, loss = 0.02913, fid = None
2026-03-23 11:56:36.569 | INFO     | __main__:<module>:162 - Epoch = 1093 / 2000
2026-03-23 11:59:51.327 | INFO     | __main__:<module>:225 - Training time taken = 194.76 seconds, Evaluation time taken = nan seconds, loss = 0.03025, fid = None
2026-03-23 11:59:51.328 | INFO     | __main__:<module>:162 - Epoch = 1094 / 2000
2026-03-23 12:03:05.954 | INFO     | __main__:<module>:225 - Training time taken = 194.62 seconds, Evaluation time taken = nan seconds, loss = 0.02998, fid = None
2026-03-23 12:03:05.954 | INFO     | __main__:<module>:162 - Epoch = 1095 / 2000
2026-03-23 12:06:20.246 | INFO     | __main__:<module>:225 - Training time taken = 194.29 seconds, Evaluation time taken = nan seconds, loss = 0.02948, fid = None
2026-03-23 12:06:20.246 | INFO     | __main__:<module>:162 - Epoch = 1096 / 2000
2026-03-23 12:09:34.075 | INFO     | __main__:<module>:225 - Training time taken = 193.83 seconds, Evaluation time taken = nan seconds, loss = 0.02982, fid = None
2026-03-23 12:09:34.075 | INFO     | __main__:<module>:162 - Epoch = 1097 / 2000
2026-03-23 12:12:47.942 | INFO     | __main__:<module>:225 - Training time taken = 193.87 seconds, Evaluation time taken = nan seconds, loss = 0.02955, fid = None
2026-03-23 12:12:47.942 | INFO     | __main__:<module>:162 - Epoch = 1098 / 2000
2026-03-23 12:16:02.155 | INFO     | __main__:<module>:225 - Training time taken = 194.21 seconds, Evaluation time taken = nan seconds, loss = 0.02976, fid = None
2026-03-23 12:16:02.155 | INFO     | __main__:<module>:162 - Epoch = 1099 / 2000
2026-03-23 12:19:17.600 | INFO     | __main__:<module>:225 - Training time taken = 195.44 seconds, Evaluation time taken = nan seconds, loss = 0.02934, fid = None
2026-03-23 12:19:17.601 | INFO     | __main__:<module>:162 - Epoch = 1100 / 2000
2026-03-23 12:22:32.220 | INFO     | __main__:<module>:225 - Training time taken = 194.62 seconds, Evaluation time taken = nan seconds, loss = 0.0298, fid = None
2026-03-23 12:22:32.220 | INFO     | __main__:<module>:162 - Epoch = 1101 / 2000
2026-03-23 12:25:47.439 | INFO     | __main__:<module>:225 - Training time taken = 195.22 seconds, Evaluation time taken = nan seconds, loss = 0.02942, fid = None
2026-03-23 12:25:47.439 | INFO     | __main__:<module>:162 - Epoch = 1102 / 2000
2026-03-23 12:29:01.231 | INFO     | __main__:<module>:225 - Training time taken = 193.79 seconds, Evaluation time taken = nan seconds, loss = 0.03018, fid = None
2026-03-23 12:29:01.232 | INFO     | __main__:<module>:162 - Epoch = 1103 / 2000
2026-03-23 12:32:15.426 | INFO     | __main__:<module>:225 - Training time taken = 194.19 seconds, Evaluation time taken = nan seconds, loss = 0.02973, fid = None
2026-03-23 12:32:15.426 | INFO     | __main__:<module>:162 - Epoch = 1104 / 2000
2026-03-23 12:35:29.508 | INFO     | __main__:<module>:225 - Training time taken = 194.08 seconds, Evaluation time taken = nan seconds, loss = 0.02943, fid = None
2026-03-23 12:35:29.508 | INFO     | __main__:<module>:162 - Epoch = 1105 / 2000
2026-03-23 12:38:43.535 | INFO     | __main__:<module>:225 - Training time taken = 194.03 seconds, Evaluation time taken = nan seconds, loss = 0.03019, fid = None
2026-03-23 12:38:43.536 | INFO     | __main__:<module>:162 - Epoch = 1106 / 2000
2026-03-23 12:41:57.626 | INFO     | __main__:<module>:225 - Training time taken = 194.09 seconds, Evaluation time taken = nan seconds, loss = 0.02908, fid = None
2026-03-23 12:41:57.627 | INFO     | __main__:<module>:162 - Epoch = 1107 / 2000
2026-03-23 12:45:11.809 | INFO     | __main__:<module>:225 - Training time taken = 194.18 seconds, Evaluation time taken = nan seconds, loss = 0.03041, fid = None
2026-03-23 12:45:11.809 | INFO     | __main__:<module>:162 - Epoch = 1108 / 2000
2026-03-23 12:48:26.122 | INFO     | __main__:<module>:225 - Training time taken = 194.31 seconds, Evaluation time taken = nan seconds, loss = 0.02969, fid = None
2026-03-23 12:48:26.122 | INFO     | __main__:<module>:162 - Epoch = 1109 / 2000
2026-03-23 12:51:40.584 | INFO     | __main__:<module>:225 - Training time taken = 194.46 seconds, Evaluation time taken = nan seconds, loss = 0.03001, fid = None
2026-03-23 12:51:40.585 | INFO     | __main__:<module>:162 - Epoch = 1110 / 2000
2026-03-23 12:54:55.483 | INFO     | __main__:<module>:225 - Training time taken = 194.9 seconds, Evaluation time taken = nan seconds, loss = 0.0301, fid = None
2026-03-23 12:54:55.483 | INFO     | __main__:<module>:162 - Epoch = 1111 / 2000
2026-03-23 12:58:09.893 | INFO     | __main__:<module>:225 - Training time taken = 194.41 seconds, Evaluation time taken = nan seconds, loss = 0.02943, fid = None
2026-03-23 12:58:09.893 | INFO     | __main__:<module>:162 - Epoch = 1112 / 2000
2026-03-23 13:01:24.341 | INFO     | __main__:<module>:225 - Training time taken = 194.45 seconds, Evaluation time taken = nan seconds, loss = 0.02959, fid = None
2026-03-23 13:01:24.341 | INFO     | __main__:<module>:162 - Epoch = 1113 / 2000
2026-03-23 13:04:39.631 | INFO     | __main__:<module>:225 - Training time taken = 195.29 seconds, Evaluation time taken = nan seconds, loss = 0.02982, fid = None
2026-03-23 13:04:39.632 | INFO     | __main__:<module>:162 - Epoch = 1114 / 2000
2026-03-23 13:07:55.377 | INFO     | __main__:<module>:225 - Training time taken = 195.74 seconds, Evaluation time taken = nan seconds, loss = 0.0302, fid = None
2026-03-23 13:07:55.377 | INFO     | __main__:<module>:162 - Epoch = 1115 / 2000
2026-03-23 13:11:10.752 | INFO     | __main__:<module>:225 - Training time taken = 195.37 seconds, Evaluation time taken = nan seconds, loss = 0.02979, fid = None
2026-03-23 13:11:10.753 | INFO     | __main__:<module>:162 - Epoch = 1116 / 2000
2026-03-23 13:14:25.722 | INFO     | __main__:<module>:225 - Training time taken = 194.97 seconds, Evaluation time taken = nan seconds, loss = 0.0298, fid = None
2026-03-23 13:14:25.723 | INFO     | __main__:<module>:162 - Epoch = 1117 / 2000
2026-03-23 13:17:41.401 | INFO     | __main__:<module>:225 - Training time taken = 195.68 seconds, Evaluation time taken = nan seconds, loss = 0.02952, fid = None
2026-03-23 13:17:41.402 | INFO     | __main__:<module>:162 - Epoch = 1118 / 2000
2026-03-23 13:20:56.817 | INFO     | __main__:<module>:225 - Training time taken = 195.41 seconds, Evaluation time taken = nan seconds, loss = 0.0297, fid = None
2026-03-23 13:20:56.818 | INFO     | __main__:<module>:162 - Epoch = 1119 / 2000
2026-03-23 13:24:11.899 | INFO     | __main__:<module>:225 - Training time taken = 195.08 seconds, Evaluation time taken = nan seconds, loss = 0.02924, fid = None
2026-03-23 13:24:11.899 | INFO     | __main__:<module>:162 - Epoch = 1120 / 2000
2026-03-23 13:27:27.174 | INFO     | __main__:<module>:225 - Training time taken = 195.27 seconds, Evaluation time taken = nan seconds, loss = 0.0298, fid = None
2026-03-23 13:27:27.175 | INFO     | __main__:<module>:162 - Epoch = 1121 / 2000
2026-03-23 13:30:42.190 | INFO     | __main__:<module>:225 - Training time taken = 195.01 seconds, Evaluation time taken = nan seconds, loss = 0.02988, fid = None
2026-03-23 13:30:42.190 | INFO     | __main__:<module>:162 - Epoch = 1122 / 2000
2026-03-23 13:33:57.035 | INFO     | __main__:<module>:225 - Training time taken = 194.84 seconds, Evaluation time taken = nan seconds, loss = 0.02967, fid = None
2026-03-23 13:33:57.036 | INFO     | __main__:<module>:162 - Epoch = 1123 / 2000
2026-03-23 13:37:12.272 | INFO     | __main__:<module>:225 - Training time taken = 195.23 seconds, Evaluation time taken = nan seconds, loss = 0.02983, fid = None
2026-03-23 13:37:12.272 | INFO     | __main__:<module>:162 - Epoch = 1124 / 2000
2026-03-23 13:40:27.579 | INFO     | __main__:<module>:225 - Training time taken = 195.31 seconds, Evaluation time taken = nan seconds, loss = 0.02961, fid = None
2026-03-23 13:40:27.579 | INFO     | __main__:<module>:162 - Epoch = 1125 / 2000
2026-03-23 13:43:42.538 | INFO     | __main__:<module>:225 - Training time taken = 194.96 seconds, Evaluation time taken = nan seconds, loss = 0.02999, fid = None
2026-03-23 13:43:42.539 | INFO     | __main__:<module>:162 - Epoch = 1126 / 2000
2026-03-23 13:46:57.295 | INFO     | __main__:<module>:225 - Training time taken = 194.76 seconds, Evaluation time taken = nan seconds, loss = 0.03012, fid = None
2026-03-23 13:46:57.296 | INFO     | __main__:<module>:162 - Epoch = 1127 / 2000
2026-03-23 13:50:12.650 | INFO     | __main__:<module>:225 - Training time taken = 195.35 seconds, Evaluation time taken = nan seconds, loss = 0.03024, fid = None
2026-03-23 13:50:12.650 | INFO     | __main__:<module>:162 - Epoch = 1128 / 2000
2026-03-23 13:53:27.605 | INFO     | __main__:<module>:225 - Training time taken = 194.95 seconds, Evaluation time taken = nan seconds, loss = 0.02964, fid = None
2026-03-23 13:53:27.605 | INFO     | __main__:<module>:162 - Epoch = 1129 / 2000
2026-03-23 13:56:42.825 | INFO     | __main__:<module>:225 - Training time taken = 195.22 seconds, Evaluation time taken = nan seconds, loss = 0.02973, fid = None
2026-03-23 13:56:42.825 | INFO     | __main__:<module>:162 - Epoch = 1130 / 2000
2026-03-23 13:59:57.314 | INFO     | __main__:<module>:225 - Training time taken = 194.49 seconds, Evaluation time taken = nan seconds, loss = 0.02948, fid = None
2026-03-23 13:59:57.315 | INFO     | __main__:<module>:162 - Epoch = 1131 / 2000
2026-03-23 14:03:12.444 | INFO     | __main__:<module>:225 - Training time taken = 195.13 seconds, Evaluation time taken = nan seconds, loss = 0.02962, fid = None
2026-03-23 14:03:12.444 | INFO     | __main__:<module>:162 - Epoch = 1132 / 2000
2026-03-23 14:06:27.502 | INFO     | __main__:<module>:225 - Training time taken = 195.06 seconds, Evaluation time taken = nan seconds, loss = 0.02951, fid = None
2026-03-23 14:06:27.503 | INFO     | __main__:<module>:162 - Epoch = 1133 / 2000
2026-03-23 14:09:43.851 | INFO     | __main__:<module>:225 - Training time taken = 196.35 seconds, Evaluation time taken = nan seconds, loss = 0.02974, fid = None
2026-03-23 14:09:43.851 | INFO     | __main__:<module>:162 - Epoch = 1134 / 2000
2026-03-23 14:12:58.467 | INFO     | __main__:<module>:225 - Training time taken = 194.61 seconds, Evaluation time taken = nan seconds, loss = 0.02935, fid = None
2026-03-23 14:12:58.467 | INFO     | __main__:<module>:162 - Epoch = 1135 / 2000
2026-03-23 14:16:13.623 | INFO     | __main__:<module>:225 - Training time taken = 195.15 seconds, Evaluation time taken = nan seconds, loss = 0.02961, fid = None
2026-03-23 14:16:13.623 | INFO     | __main__:<module>:162 - Epoch = 1136 / 2000
2026-03-23 14:19:28.727 | INFO     | __main__:<module>:225 - Training time taken = 195.1 seconds, Evaluation time taken = nan seconds, loss = 0.0295, fid = None
2026-03-23 14:19:28.727 | INFO     | __main__:<module>:162 - Epoch = 1137 / 2000
2026-03-23 14:22:43.410 | INFO     | __main__:<module>:225 - Training time taken = 194.68 seconds, Evaluation time taken = nan seconds, loss = 0.02916, fid = None
2026-03-23 14:22:43.410 | INFO     | __main__:<module>:162 - Epoch = 1138 / 2000
2026-03-23 14:25:58.374 | INFO     | __main__:<module>:225 - Training time taken = 194.96 seconds, Evaluation time taken = nan seconds, loss = 0.02955, fid = None
2026-03-23 14:25:58.374 | INFO     | __main__:<module>:162 - Epoch = 1139 / 2000
2026-03-23 14:29:13.167 | INFO     | __main__:<module>:225 - Training time taken = 194.79 seconds, Evaluation time taken = nan seconds, loss = 0.02903, fid = None
2026-03-23 14:29:13.167 | INFO     | __main__:<module>:162 - Epoch = 1140 / 2000
2026-03-23 14:32:28.460 | INFO     | __main__:<module>:225 - Training time taken = 195.29 seconds, Evaluation time taken = nan seconds, loss = 0.02966, fid = None
2026-03-23 14:32:28.461 | INFO     | __main__:<module>:162 - Epoch = 1141 / 2000
2026-03-23 14:35:43.922 | INFO     | __main__:<module>:225 - Training time taken = 195.46 seconds, Evaluation time taken = nan seconds, loss = 0.02956, fid = None
2026-03-23 14:35:43.922 | INFO     | __main__:<module>:162 - Epoch = 1142 / 2000
2026-03-23 14:38:59.230 | INFO     | __main__:<module>:225 - Training time taken = 195.31 seconds, Evaluation time taken = nan seconds, loss = 0.02948, fid = None
2026-03-23 14:38:59.231 | INFO     | __main__:<module>:162 - Epoch = 1143 / 2000
2026-03-23 14:42:14.280 | INFO     | __main__:<module>:225 - Training time taken = 195.05 seconds, Evaluation time taken = nan seconds, loss = 0.0295, fid = None
2026-03-23 14:42:14.281 | INFO     | __main__:<module>:162 - Epoch = 1144 / 2000
2026-03-23 14:45:29.730 | INFO     | __main__:<module>:225 - Training time taken = 195.45 seconds, Evaluation time taken = nan seconds, loss = 0.02943, fid = None
2026-03-23 14:45:29.730 | INFO     | __main__:<module>:162 - Epoch = 1145 / 2000
2026-03-23 14:48:45.631 | INFO     | __main__:<module>:225 - Training time taken = 195.9 seconds, Evaluation time taken = nan seconds, loss = 0.02908, fid = None
2026-03-23 14:48:45.632 | INFO     | __main__:<module>:162 - Epoch = 1146 / 2000
2026-03-23 14:52:00.726 | INFO     | __main__:<module>:225 - Training time taken = 195.09 seconds, Evaluation time taken = nan seconds, loss = 0.02937, fid = None
2026-03-23 14:52:00.727 | INFO     | __main__:<module>:162 - Epoch = 1147 / 2000
2026-03-23 14:55:16.282 | INFO     | __main__:<module>:225 - Training time taken = 195.55 seconds, Evaluation time taken = nan seconds, loss = 0.02961, fid = None
2026-03-23 14:55:16.282 | INFO     | __main__:<module>:162 - Epoch = 1148 / 2000
2026-03-23 14:58:32.090 | INFO     | __main__:<module>:225 - Training time taken = 195.81 seconds, Evaluation time taken = nan seconds, loss = 0.02898, fid = None
2026-03-23 14:58:32.091 | INFO     | __main__:<module>:162 - Epoch = 1149 / 2000
2026-03-23 15:01:48.210 | INFO     | __main__:<module>:225 - Training time taken = 196.12 seconds, Evaluation time taken = nan seconds, loss = 0.02971, fid = None
2026-03-23 15:01:48.210 | INFO     | __main__:<module>:162 - Epoch = 1150 / 2000
2026-03-23 15:05:03.992 | INFO     | __main__:<module>:225 - Training time taken = 195.78 seconds, Evaluation time taken = nan seconds, loss = 0.02965, fid = None
2026-03-23 15:05:03.992 | INFO     | __main__:<module>:162 - Epoch = 1151 / 2000
2026-03-23 15:08:19.647 | INFO     | __main__:<module>:225 - Training time taken = 195.65 seconds, Evaluation time taken = nan seconds, loss = 0.02976, fid = None
2026-03-23 15:08:19.648 | INFO     | __main__:<module>:162 - Epoch = 1152 / 2000
2026-03-23 15:11:36.688 | INFO     | __main__:<module>:225 - Training time taken = 197.04 seconds, Evaluation time taken = nan seconds, loss = 0.0295, fid = None
2026-03-23 15:11:36.688 | INFO     | __main__:<module>:162 - Epoch = 1153 / 2000
2026-03-23 15:14:53.961 | INFO     | __main__:<module>:225 - Training time taken = 197.27 seconds, Evaluation time taken = nan seconds, loss = 0.02987, fid = None
2026-03-23 15:14:53.962 | INFO     | __main__:<module>:162 - Epoch = 1154 / 2000
2026-03-23 15:18:10.180 | INFO     | __main__:<module>:225 - Training time taken = 196.22 seconds, Evaluation time taken = nan seconds, loss = 0.02979, fid = None
2026-03-23 15:18:10.180 | INFO     | __main__:<module>:162 - Epoch = 1155 / 2000
2026-03-23 15:21:26.105 | INFO     | __main__:<module>:225 - Training time taken = 195.92 seconds, Evaluation time taken = nan seconds, loss = 0.02974, fid = None
2026-03-23 15:21:26.105 | INFO     | __main__:<module>:162 - Epoch = 1156 / 2000
2026-03-23 15:24:41.772 | INFO     | __main__:<module>:225 - Training time taken = 195.67 seconds, Evaluation time taken = nan seconds, loss = 0.02982, fid = None
2026-03-23 15:24:41.773 | INFO     | __main__:<module>:162 - Epoch = 1157 / 2000
2026-03-23 15:27:57.629 | INFO     | __main__:<module>:225 - Training time taken = 195.85 seconds, Evaluation time taken = nan seconds, loss = 0.02963, fid = None
2026-03-23 15:27:57.630 | INFO     | __main__:<module>:162 - Epoch = 1158 / 2000
2026-03-23 15:31:13.726 | INFO     | __main__:<module>:225 - Training time taken = 196.09 seconds, Evaluation time taken = nan seconds, loss = 0.0294, fid = None
2026-03-23 15:31:13.727 | INFO     | __main__:<module>:162 - Epoch = 1159 / 2000
2026-03-23 15:34:29.312 | INFO     | __main__:<module>:225 - Training time taken = 195.58 seconds, Evaluation time taken = nan seconds, loss = 0.02944, fid = None
2026-03-23 15:34:29.313 | INFO     | __main__:<module>:162 - Epoch = 1160 / 2000
2026-03-23 15:37:45.032 | INFO     | __main__:<module>:225 - Training time taken = 195.72 seconds, Evaluation time taken = nan seconds, loss = 0.02933, fid = None
2026-03-23 15:37:45.033 | INFO     | __main__:<module>:162 - Epoch = 1161 / 2000
2026-03-23 15:41:00.772 | INFO     | __main__:<module>:225 - Training time taken = 195.74 seconds, Evaluation time taken = nan seconds, loss = 0.02948, fid = None
2026-03-23 15:41:00.772 | INFO     | __main__:<module>:162 - Epoch = 1162 / 2000
2026-03-23 15:44:16.745 | INFO     | __main__:<module>:225 - Training time taken = 195.97 seconds, Evaluation time taken = nan seconds, loss = 0.03, fid = None
2026-03-23 15:44:16.745 | INFO     | __main__:<module>:162 - Epoch = 1163 / 2000
2026-03-23 15:47:32.326 | INFO     | __main__:<module>:225 - Training time taken = 195.58 seconds, Evaluation time taken = nan seconds, loss = 0.02978, fid = None
2026-03-23 15:47:32.326 | INFO     | __main__:<module>:162 - Epoch = 1164 / 2000
2026-03-23 15:50:48.172 | INFO     | __main__:<module>:225 - Training time taken = 195.84 seconds, Evaluation time taken = nan seconds, loss = 0.02976, fid = None
2026-03-23 15:50:48.172 | INFO     | __main__:<module>:162 - Epoch = 1165 / 2000
2026-03-23 15:54:04.544 | INFO     | __main__:<module>:225 - Training time taken = 196.37 seconds, Evaluation time taken = nan seconds, loss = 0.02987, fid = None
2026-03-23 15:54:04.544 | INFO     | __main__:<module>:162 - Epoch = 1166 / 2000
2026-03-23 15:57:20.640 | INFO     | __main__:<module>:225 - Training time taken = 196.09 seconds, Evaluation time taken = nan seconds, loss = 0.02946, fid = None
2026-03-23 15:57:20.640 | INFO     | __main__:<module>:162 - Epoch = 1167 / 2000
2026-03-23 16:00:36.972 | INFO     | __main__:<module>:225 - Training time taken = 196.33 seconds, Evaluation time taken = nan seconds, loss = 0.02965, fid = None
2026-03-23 16:00:36.972 | INFO     | __main__:<module>:162 - Epoch = 1168 / 2000
2026-03-23 16:03:53.551 | INFO     | __main__:<module>:225 - Training time taken = 196.58 seconds, Evaluation time taken = nan seconds, loss = 0.02984, fid = None
2026-03-23 16:03:53.551 | INFO     | __main__:<module>:162 - Epoch = 1169 / 2000
2026-03-23 16:07:09.997 | INFO     | __main__:<module>:225 - Training time taken = 196.44 seconds, Evaluation time taken = nan seconds, loss = 0.02976, fid = None
2026-03-23 16:07:09.997 | INFO     | __main__:<module>:162 - Epoch = 1170 / 2000
2026-03-23 16:10:28.102 | INFO     | __main__:<module>:225 - Training time taken = 198.1 seconds, Evaluation time taken = nan seconds, loss = 0.02971, fid = None
2026-03-23 16:10:28.102 | INFO     | __main__:<module>:162 - Epoch = 1171 / 2000
2026-03-23 16:13:45.993 | INFO     | __main__:<module>:225 - Training time taken = 197.89 seconds, Evaluation time taken = nan seconds, loss = 0.0297, fid = None
2026-03-23 16:13:45.993 | INFO     | __main__:<module>:162 - Epoch = 1172 / 2000
2026-03-23 16:17:02.847 | INFO     | __main__:<module>:225 - Training time taken = 196.85 seconds, Evaluation time taken = nan seconds, loss = 0.02898, fid = None
2026-03-23 16:17:02.848 | INFO     | __main__:<module>:162 - Epoch = 1173 / 2000
2026-03-23 16:20:19.158 | INFO     | __main__:<module>:225 - Training time taken = 196.31 seconds, Evaluation time taken = nan seconds, loss = 0.02958, fid = None
2026-03-23 16:20:19.158 | INFO     | __main__:<module>:162 - Epoch = 1174 / 2000
2026-03-23 16:23:35.054 | INFO     | __main__:<module>:225 - Training time taken = 195.89 seconds, Evaluation time taken = nan seconds, loss = 0.0297, fid = None
2026-03-23 16:23:35.054 | INFO     | __main__:<module>:162 - Epoch = 1175 / 2000
2026-03-23 16:26:51.738 | INFO     | __main__:<module>:225 - Training time taken = 196.68 seconds, Evaluation time taken = nan seconds, loss = 0.02957, fid = None
2026-03-23 16:26:51.739 | INFO     | __main__:<module>:162 - Epoch = 1176 / 2000
2026-03-23 16:30:07.640 | INFO     | __main__:<module>:225 - Training time taken = 195.9 seconds, Evaluation time taken = nan seconds, loss = 0.02989, fid = None
2026-03-23 16:30:07.640 | INFO     | __main__:<module>:162 - Epoch = 1177 / 2000
2026-03-23 16:33:23.567 | INFO     | __main__:<module>:225 - Training time taken = 195.93 seconds, Evaluation time taken = nan seconds, loss = 0.0296, fid = None
2026-03-23 16:33:23.567 | INFO     | __main__:<module>:162 - Epoch = 1178 / 2000
2026-03-23 16:36:39.779 | INFO     | __main__:<module>:225 - Training time taken = 196.21 seconds, Evaluation time taken = nan seconds, loss = 0.02948, fid = None
2026-03-23 16:36:39.779 | INFO     | __main__:<module>:162 - Epoch = 1179 / 2000
2026-03-23 16:39:56.490 | INFO     | __main__:<module>:225 - Training time taken = 196.71 seconds, Evaluation time taken = nan seconds, loss = 0.02964, fid = None
2026-03-23 16:39:56.490 | INFO     | __main__:<module>:162 - Epoch = 1180 / 2000
2026-03-23 16:43:12.298 | INFO     | __main__:<module>:225 - Training time taken = 195.81 seconds, Evaluation time taken = nan seconds, loss = 0.02978, fid = None
2026-03-23 16:43:12.298 | INFO     | __main__:<module>:162 - Epoch = 1181 / 2000
2026-03-23 16:46:28.346 | INFO     | __main__:<module>:225 - Training time taken = 196.05 seconds, Evaluation time taken = nan seconds, loss = 0.02905, fid = None
2026-03-23 16:46:28.347 | INFO     | __main__:<module>:162 - Epoch = 1182 / 2000
2026-03-23 16:49:44.346 | INFO     | __main__:<module>:225 - Training time taken = 196.0 seconds, Evaluation time taken = nan seconds, loss = 0.02957, fid = None
2026-03-23 16:49:44.347 | INFO     | __main__:<module>:162 - Epoch = 1183 / 2000
2026-03-23 16:53:00.900 | INFO     | __main__:<module>:225 - Training time taken = 196.55 seconds, Evaluation time taken = nan seconds, loss = 0.02931, fid = None
2026-03-23 16:53:00.901 | INFO     | __main__:<module>:162 - Epoch = 1184 / 2000
2026-03-23 16:56:16.978 | INFO     | __main__:<module>:225 - Training time taken = 196.08 seconds, Evaluation time taken = nan seconds, loss = 0.0301, fid = None
2026-03-23 16:56:16.978 | INFO     | __main__:<module>:162 - Epoch = 1185 / 2000
2026-03-23 16:59:33.190 | INFO     | __main__:<module>:225 - Training time taken = 196.21 seconds, Evaluation time taken = nan seconds, loss = 0.03014, fid = None
2026-03-23 16:59:33.190 | INFO     | __main__:<module>:162 - Epoch = 1186 / 2000
2026-03-23 17:02:50.009 | INFO     | __main__:<module>:225 - Training time taken = 196.82 seconds, Evaluation time taken = nan seconds, loss = 0.02927, fid = None
2026-03-23 17:02:50.010 | INFO     | __main__:<module>:162 - Epoch = 1187 / 2000
2026-03-23 17:06:07.012 | INFO     | __main__:<module>:225 - Training time taken = 197.0 seconds, Evaluation time taken = nan seconds, loss = 0.02953, fid = None
2026-03-23 17:06:07.012 | INFO     | __main__:<module>:162 - Epoch = 1188 / 2000
2026-03-23 17:09:23.314 | INFO     | __main__:<module>:225 - Training time taken = 196.3 seconds, Evaluation time taken = nan seconds, loss = 0.02949, fid = None
2026-03-23 17:09:23.314 | INFO     | __main__:<module>:162 - Epoch = 1189 / 2000
2026-03-23 17:12:40.252 | INFO     | __main__:<module>:225 - Training time taken = 196.94 seconds, Evaluation time taken = nan seconds, loss = 0.02973, fid = None
2026-03-23 17:12:40.252 | INFO     | __main__:<module>:162 - Epoch = 1190 / 2000
2026-03-23 17:15:57.297 | INFO     | __main__:<module>:225 - Training time taken = 197.04 seconds, Evaluation time taken = nan seconds, loss = 0.02967, fid = None
2026-03-23 17:15:57.298 | INFO     | __main__:<module>:162 - Epoch = 1191 / 2000
2026-03-23 17:19:14.420 | INFO     | __main__:<module>:225 - Training time taken = 197.12 seconds, Evaluation time taken = nan seconds, loss = 0.02897, fid = None
2026-03-23 17:19:14.420 | INFO     | __main__:<module>:162 - Epoch = 1192 / 2000
2026-03-23 17:22:31.112 | INFO     | __main__:<module>:225 - Training time taken = 196.69 seconds, Evaluation time taken = nan seconds, loss = 0.02899, fid = None
2026-03-23 17:22:31.113 | INFO     | __main__:<module>:162 - Epoch = 1193 / 2000
2026-03-23 17:25:48.009 | INFO     | __main__:<module>:225 - Training time taken = 196.89 seconds, Evaluation time taken = nan seconds, loss = 0.02949, fid = None
2026-03-23 17:25:48.010 | INFO     | __main__:<module>:162 - Epoch = 1194 / 2000
2026-03-23 17:29:04.919 | INFO     | __main__:<module>:225 - Training time taken = 196.91 seconds, Evaluation time taken = nan seconds, loss = 0.02985, fid = None
2026-03-23 17:29:04.920 | INFO     | __main__:<module>:162 - Epoch = 1195 / 2000
2026-03-23 17:32:21.913 | INFO     | __main__:<module>:225 - Training time taken = 196.99 seconds, Evaluation time taken = nan seconds, loss = 0.02997, fid = None
2026-03-23 17:32:21.913 | INFO     | __main__:<module>:162 - Epoch = 1196 / 2000
2026-03-23 17:35:38.720 | INFO     | __main__:<module>:225 - Training time taken = 196.81 seconds, Evaluation time taken = nan seconds, loss = 0.02983, fid = None
2026-03-23 17:35:38.720 | INFO     | __main__:<module>:162 - Epoch = 1197 / 2000
2026-03-23 17:38:55.255 | INFO     | __main__:<module>:225 - Training time taken = 196.53 seconds, Evaluation time taken = nan seconds, loss = 0.0294, fid = None
2026-03-23 17:38:55.255 | INFO     | __main__:<module>:162 - Epoch = 1198 / 2000
2026-03-23 17:42:11.888 | INFO     | __main__:<module>:225 - Training time taken = 196.63 seconds, Evaluation time taken = nan seconds, loss = 0.02962, fid = None
2026-03-23 17:42:11.888 | INFO     | __main__:<module>:162 - Epoch = 1199 / 2000
2026-03-23 17:45:28.122 | INFO     | __main__:<module>:225 - Training time taken = 196.23 seconds, Evaluation time taken = nan seconds, loss = 0.02962, fid = None
2026-03-23 17:45:28.122 | INFO     | __main__:<module>:162 - Epoch = 1200 / 2000
2026-03-23 17:48:45.104 | INFO     | __main__:<module>:225 - Training time taken = 196.98 seconds, Evaluation time taken = nan seconds, loss = 0.02942, fid = None
2026-03-23 17:48:45.104 | INFO     | __main__:<module>:162 - Epoch = 1201 / 2000
2026-03-23 17:52:01.900 | INFO     | __main__:<module>:225 - Training time taken = 196.79 seconds, Evaluation time taken = nan seconds, loss = 0.02946, fid = None
2026-03-23 17:52:01.901 | INFO     | __main__:<module>:162 - Epoch = 1202 / 2000
2026-03-23 17:55:18.644 | INFO     | __main__:<module>:225 - Training time taken = 196.74 seconds, Evaluation time taken = nan seconds, loss = 0.02972, fid = None
2026-03-23 17:55:18.645 | INFO     | __main__:<module>:162 - Epoch = 1203 / 2000
2026-03-23 17:58:35.834 | INFO     | __main__:<module>:225 - Training time taken = 197.19 seconds, Evaluation time taken = nan seconds, loss = 0.02993, fid = None
2026-03-23 17:58:35.834 | INFO     | __main__:<module>:162 - Epoch = 1204 / 2000
2026-03-23 18:01:52.634 | INFO     | __main__:<module>:225 - Training time taken = 196.8 seconds, Evaluation time taken = nan seconds, loss = 0.02981, fid = None
2026-03-23 18:01:52.635 | INFO     | __main__:<module>:162 - Epoch = 1205 / 2000
2026-03-23 18:05:09.762 | INFO     | __main__:<module>:225 - Training time taken = 197.13 seconds, Evaluation time taken = nan seconds, loss = 0.02937, fid = None
2026-03-23 18:05:09.762 | INFO     | __main__:<module>:162 - Epoch = 1206 / 2000
2026-03-23 18:08:26.924 | INFO     | __main__:<module>:225 - Training time taken = 197.16 seconds, Evaluation time taken = nan seconds, loss = 0.0297, fid = None
2026-03-23 18:08:26.924 | INFO     | __main__:<module>:162 - Epoch = 1207 / 2000
2026-03-23 18:11:44.144 | INFO     | __main__:<module>:225 - Training time taken = 197.22 seconds, Evaluation time taken = nan seconds, loss = 0.02983, fid = None
2026-03-23 18:11:44.144 | INFO     | __main__:<module>:162 - Epoch = 1208 / 2000
2026-03-23 18:15:01.437 | INFO     | __main__:<module>:225 - Training time taken = 197.29 seconds, Evaluation time taken = nan seconds, loss = 0.02993, fid = None
2026-03-23 18:15:01.438 | INFO     | __main__:<module>:162 - Epoch = 1209 / 2000
2026-03-23 18:18:18.532 | INFO     | __main__:<module>:225 - Training time taken = 197.09 seconds, Evaluation time taken = nan seconds, loss = 0.02911, fid = None
2026-03-23 18:18:18.532 | INFO     | __main__:<module>:162 - Epoch = 1210 / 2000
2026-03-23 18:21:35.133 | INFO     | __main__:<module>:225 - Training time taken = 196.6 seconds, Evaluation time taken = nan seconds, loss = 0.02996, fid = None
2026-03-23 18:21:35.133 | INFO     | __main__:<module>:162 - Epoch = 1211 / 2000
2026-03-23 18:24:52.256 | INFO     | __main__:<module>:225 - Training time taken = 197.12 seconds, Evaluation time taken = nan seconds, loss = 0.02952, fid = None
2026-03-23 18:24:52.256 | INFO     | __main__:<module>:162 - Epoch = 1212 / 2000
2026-03-23 18:28:08.867 | INFO     | __main__:<module>:225 - Training time taken = 196.61 seconds, Evaluation time taken = nan seconds, loss = 0.02939, fid = None
2026-03-23 18:28:08.867 | INFO     | __main__:<module>:162 - Epoch = 1213 / 2000
2026-03-23 18:31:25.155 | INFO     | __main__:<module>:225 - Training time taken = 196.29 seconds, Evaluation time taken = nan seconds, loss = 0.02918, fid = None
2026-03-23 18:31:25.155 | INFO     | __main__:<module>:162 - Epoch = 1214 / 2000
2026-03-23 18:34:41.663 | INFO     | __main__:<module>:225 - Training time taken = 196.51 seconds, Evaluation time taken = nan seconds, loss = 0.03006, fid = None
2026-03-23 18:34:41.664 | INFO     | __main__:<module>:162 - Epoch = 1215 / 2000
2026-03-23 18:37:58.631 | INFO     | __main__:<module>:225 - Training time taken = 196.97 seconds, Evaluation time taken = nan seconds, loss = 0.0293, fid = None
2026-03-23 18:37:58.631 | INFO     | __main__:<module>:162 - Epoch = 1216 / 2000
2026-03-23 18:41:15.717 | INFO     | __main__:<module>:225 - Training time taken = 197.08 seconds, Evaluation time taken = nan seconds, loss = 0.02932, fid = None
2026-03-23 18:41:15.718 | INFO     | __main__:<module>:162 - Epoch = 1217 / 2000
2026-03-23 18:44:32.815 | INFO     | __main__:<module>:225 - Training time taken = 197.1 seconds, Evaluation time taken = nan seconds, loss = 0.03002, fid = None
2026-03-23 18:44:32.815 | INFO     | __main__:<module>:162 - Epoch = 1218 / 2000
2026-03-23 18:47:49.064 | INFO     | __main__:<module>:225 - Training time taken = 196.25 seconds, Evaluation time taken = nan seconds, loss = 0.02998, fid = None
2026-03-23 18:47:49.064 | INFO     | __main__:<module>:162 - Epoch = 1219 / 2000
2026-03-23 18:51:05.489 | INFO     | __main__:<module>:225 - Training time taken = 196.42 seconds, Evaluation time taken = nan seconds, loss = 0.03003, fid = None
2026-03-23 18:51:05.490 | INFO     | __main__:<module>:162 - Epoch = 1220 / 2000
2026-03-23 18:54:21.973 | INFO     | __main__:<module>:225 - Training time taken = 196.48 seconds, Evaluation time taken = nan seconds, loss = 0.02919, fid = None
2026-03-23 18:54:21.974 | INFO     | __main__:<module>:162 - Epoch = 1221 / 2000
2026-03-23 18:57:38.487 | INFO     | __main__:<module>:225 - Training time taken = 196.51 seconds, Evaluation time taken = nan seconds, loss = 0.0295, fid = None
2026-03-23 18:57:38.488 | INFO     | __main__:<module>:162 - Epoch = 1222 / 2000
2026-03-23 19:00:54.685 | INFO     | __main__:<module>:225 - Training time taken = 196.2 seconds, Evaluation time taken = nan seconds, loss = 0.02973, fid = None
2026-03-23 19:00:54.686 | INFO     | __main__:<module>:162 - Epoch = 1223 / 2000
2026-03-23 19:04:11.150 | INFO     | __main__:<module>:225 - Training time taken = 196.46 seconds, Evaluation time taken = nan seconds, loss = 0.03012, fid = None
2026-03-23 19:04:11.150 | INFO     | __main__:<module>:162 - Epoch = 1224 / 2000
2026-03-23 19:07:27.878 | INFO     | __main__:<module>:225 - Training time taken = 196.73 seconds, Evaluation time taken = nan seconds, loss = 0.02975, fid = None
2026-03-23 19:07:27.879 | INFO     | __main__:<module>:162 - Epoch = 1225 / 2000
2026-03-23 19:10:44.341 | INFO     | __main__:<module>:225 - Training time taken = 196.46 seconds, Evaluation time taken = nan seconds, loss = 0.02985, fid = None
2026-03-23 19:10:44.342 | INFO     | __main__:<module>:162 - Epoch = 1226 / 2000
2026-03-23 19:14:00.793 | INFO     | __main__:<module>:225 - Training time taken = 196.45 seconds, Evaluation time taken = nan seconds, loss = 0.02951, fid = None
2026-03-23 19:14:00.793 | INFO     | __main__:<module>:162 - Epoch = 1227 / 2000
2026-03-23 19:17:17.877 | INFO     | __main__:<module>:225 - Training time taken = 197.08 seconds, Evaluation time taken = nan seconds, loss = 0.02989, fid = None
2026-03-23 19:17:17.877 | INFO     | __main__:<module>:162 - Epoch = 1228 / 2000
2026-03-23 19:20:34.395 | INFO     | __main__:<module>:225 - Training time taken = 196.52 seconds, Evaluation time taken = nan seconds, loss = 0.02933, fid = None
2026-03-23 19:20:34.395 | INFO     | __main__:<module>:162 - Epoch = 1229 / 2000
2026-03-23 19:23:51.134 | INFO     | __main__:<module>:225 - Training time taken = 196.74 seconds, Evaluation time taken = nan seconds, loss = 0.02954, fid = None
2026-03-23 19:23:51.135 | INFO     | __main__:<module>:162 - Epoch = 1230 / 2000
2026-03-23 19:27:07.884 | INFO     | __main__:<module>:225 - Training time taken = 196.75 seconds, Evaluation time taken = nan seconds, loss = 0.02982, fid = None
2026-03-23 19:27:07.884 | INFO     | __main__:<module>:162 - Epoch = 1231 / 2000
2026-03-23 19:30:24.128 | INFO     | __main__:<module>:225 - Training time taken = 196.24 seconds, Evaluation time taken = nan seconds, loss = 0.02964, fid = None
2026-03-23 19:30:24.128 | INFO     | __main__:<module>:162 - Epoch = 1232 / 2000
2026-03-23 19:33:40.544 | INFO     | __main__:<module>:225 - Training time taken = 196.41 seconds, Evaluation time taken = nan seconds, loss = 0.02958, fid = None
2026-03-23 19:33:40.545 | INFO     | __main__:<module>:162 - Epoch = 1233 / 2000
2026-03-23 19:36:56.960 | INFO     | __main__:<module>:225 - Training time taken = 196.41 seconds, Evaluation time taken = nan seconds, loss = 0.02957, fid = None
2026-03-23 19:36:56.960 | INFO     | __main__:<module>:162 - Epoch = 1234 / 2000
2026-03-23 19:40:13.815 | INFO     | __main__:<module>:225 - Training time taken = 196.85 seconds, Evaluation time taken = nan seconds, loss = 0.02956, fid = None
2026-03-23 19:40:13.815 | INFO     | __main__:<module>:162 - Epoch = 1235 / 2000
2026-03-23 19:43:30.106 | INFO     | __main__:<module>:225 - Training time taken = 196.29 seconds, Evaluation time taken = nan seconds, loss = 0.02969, fid = None
2026-03-23 19:43:30.106 | INFO     | __main__:<module>:162 - Epoch = 1236 / 2000
2026-03-23 19:46:46.265 | INFO     | __main__:<module>:225 - Training time taken = 196.16 seconds, Evaluation time taken = nan seconds, loss = 0.02947, fid = None
2026-03-23 19:46:46.266 | INFO     | __main__:<module>:162 - Epoch = 1237 / 2000
2026-03-23 19:50:02.492 | INFO     | __main__:<module>:225 - Training time taken = 196.22 seconds, Evaluation time taken = nan seconds, loss = 0.0298, fid = None
2026-03-23 19:50:02.492 | INFO     | __main__:<module>:162 - Epoch = 1238 / 2000
2026-03-23 19:53:18.693 | INFO     | __main__:<module>:225 - Training time taken = 196.2 seconds, Evaluation time taken = nan seconds, loss = 0.02952, fid = None
2026-03-23 19:53:18.694 | INFO     | __main__:<module>:162 - Epoch = 1239 / 2000
2026-03-23 19:56:34.890 | INFO     | __main__:<module>:225 - Training time taken = 196.2 seconds, Evaluation time taken = nan seconds, loss = 0.02941, fid = None
2026-03-23 19:56:34.891 | INFO     | __main__:<module>:162 - Epoch = 1240 / 2000
2026-03-23 19:59:51.377 | INFO     | __main__:<module>:225 - Training time taken = 196.48 seconds, Evaluation time taken = nan seconds, loss = 0.02923, fid = None
2026-03-23 19:59:51.377 | INFO     | __main__:<module>:162 - Epoch = 1241 / 2000
2026-03-23 20:03:08.160 | INFO     | __main__:<module>:225 - Training time taken = 196.78 seconds, Evaluation time taken = nan seconds, loss = 0.0297, fid = None
2026-03-23 20:03:08.161 | INFO     | __main__:<module>:162 - Epoch = 1242 / 2000
2026-03-23 20:06:25.080 | INFO     | __main__:<module>:225 - Training time taken = 196.92 seconds, Evaluation time taken = nan seconds, loss = 0.0294, fid = None
2026-03-23 20:06:25.081 | INFO     | __main__:<module>:162 - Epoch = 1243 / 2000
2026-03-23 20:09:41.575 | INFO     | __main__:<module>:225 - Training time taken = 196.49 seconds, Evaluation time taken = nan seconds, loss = 0.02931, fid = None
2026-03-23 20:09:41.575 | INFO     | __main__:<module>:162 - Epoch = 1244 / 2000
2026-03-23 20:12:58.249 | INFO     | __main__:<module>:225 - Training time taken = 196.67 seconds, Evaluation time taken = nan seconds, loss = 0.02969, fid = None
2026-03-23 20:12:58.249 | INFO     | __main__:<module>:162 - Epoch = 1245 / 2000
2026-03-23 20:16:15.048 | INFO     | __main__:<module>:225 - Training time taken = 196.8 seconds, Evaluation time taken = nan seconds, loss = 0.02963, fid = None
2026-03-23 20:16:15.048 | INFO     | __main__:<module>:162 - Epoch = 1246 / 2000
2026-03-23 20:19:32.114 | INFO     | __main__:<module>:225 - Training time taken = 197.06 seconds, Evaluation time taken = nan seconds, loss = 0.02994, fid = None
2026-03-23 20:19:32.114 | INFO     | __main__:<module>:162 - Epoch = 1247 / 2000
2026-03-23 20:22:48.447 | INFO     | __main__:<module>:225 - Training time taken = 196.33 seconds, Evaluation time taken = nan seconds, loss = 0.02952, fid = None
2026-03-23 20:22:48.447 | INFO     | __main__:<module>:162 - Epoch = 1248 / 2000
2026-03-23 20:26:04.785 | INFO     | __main__:<module>:225 - Training time taken = 196.34 seconds, Evaluation time taken = nan seconds, loss = 0.02948, fid = None
2026-03-23 20:26:04.785 | INFO     | __main__:<module>:162 - Epoch = 1249 / 2000
2026-03-23 20:29:21.000 | INFO     | __main__:<module>:225 - Training time taken = 196.21 seconds, Evaluation time taken = nan seconds, loss = 0.02941, fid = None
2026-03-23 20:29:21.001 | INFO     | __main__:<module>:162 - Epoch = 1250 / 2000
2026-03-23 20:32:37.166 | INFO     | __main__:<module>:225 - Training time taken = 196.16 seconds, Evaluation time taken = nan seconds, loss = 0.02944, fid = None
2026-03-23 20:32:37.167 | INFO     | __main__:<module>:162 - Epoch = 1251 / 2000
2026-03-23 20:35:53.349 | INFO     | __main__:<module>:225 - Training time taken = 196.18 seconds, Evaluation time taken = nan seconds, loss = 0.02953, fid = None
2026-03-23 20:35:53.349 | INFO     | __main__:<module>:162 - Epoch = 1252 / 2000
2026-03-23 20:39:09.482 | INFO     | __main__:<module>:225 - Training time taken = 196.13 seconds, Evaluation time taken = nan seconds, loss = 0.02981, fid = None
2026-03-23 20:39:09.482 | INFO     | __main__:<module>:162 - Epoch = 1253 / 2000
2026-03-23 20:42:25.877 | INFO     | __main__:<module>:225 - Training time taken = 196.39 seconds, Evaluation time taken = nan seconds, loss = 0.02986, fid = None
2026-03-23 20:42:25.877 | INFO     | __main__:<module>:162 - Epoch = 1254 / 2000
2026-03-23 20:45:42.112 | INFO     | __main__:<module>:225 - Training time taken = 196.23 seconds, Evaluation time taken = nan seconds, loss = 0.0296, fid = None
2026-03-23 20:45:42.112 | INFO     | __main__:<module>:162 - Epoch = 1255 / 2000
2026-03-23 20:48:58.982 | INFO     | __main__:<module>:225 - Training time taken = 196.87 seconds, Evaluation time taken = nan seconds, loss = 0.02931, fid = None
2026-03-23 20:48:58.982 | INFO     | __main__:<module>:162 - Epoch = 1256 / 2000
2026-03-23 20:52:15.210 | INFO     | __main__:<module>:225 - Training time taken = 196.23 seconds, Evaluation time taken = nan seconds, loss = 0.02971, fid = None
2026-03-23 20:52:15.211 | INFO     | __main__:<module>:162 - Epoch = 1257 / 2000
2026-03-23 20:55:31.869 | INFO     | __main__:<module>:225 - Training time taken = 196.66 seconds, Evaluation time taken = nan seconds, loss = 0.02964, fid = None
2026-03-23 20:55:31.870 | INFO     | __main__:<module>:162 - Epoch = 1258 / 2000
2026-03-23 20:58:48.957 | INFO     | __main__:<module>:225 - Training time taken = 197.09 seconds, Evaluation time taken = nan seconds, loss = 0.02992, fid = None
2026-03-23 20:58:48.958 | INFO     | __main__:<module>:162 - Epoch = 1259 / 2000
2026-03-23 21:02:05.577 | INFO     | __main__:<module>:225 - Training time taken = 196.62 seconds, Evaluation time taken = nan seconds, loss = 0.029, fid = None
2026-03-23 21:02:05.577 | INFO     | __main__:<module>:162 - Epoch = 1260 / 2000
2026-03-23 21:05:22.241 | INFO     | __main__:<module>:225 - Training time taken = 196.66 seconds, Evaluation time taken = nan seconds, loss = 0.0298, fid = None
2026-03-23 21:05:22.241 | INFO     | __main__:<module>:162 - Epoch = 1261 / 2000
2026-03-23 21:08:38.629 | INFO     | __main__:<module>:225 - Training time taken = 196.39 seconds, Evaluation time taken = nan seconds, loss = 0.03009, fid = None
2026-03-23 21:08:38.630 | INFO     | __main__:<module>:162 - Epoch = 1262 / 2000
2026-03-23 21:11:54.949 | INFO     | __main__:<module>:225 - Training time taken = 196.32 seconds, Evaluation time taken = nan seconds, loss = 0.02963, fid = None
2026-03-23 21:11:54.949 | INFO     | __main__:<module>:162 - Epoch = 1263 / 2000
2026-03-23 21:15:11.625 | INFO     | __main__:<module>:225 - Training time taken = 196.67 seconds, Evaluation time taken = nan seconds, loss = 0.02939, fid = None
2026-03-23 21:15:11.626 | INFO     | __main__:<module>:162 - Epoch = 1264 / 2000
2026-03-23 21:18:28.759 | INFO     | __main__:<module>:225 - Training time taken = 197.13 seconds, Evaluation time taken = nan seconds, loss = 0.03003, fid = None
2026-03-23 21:18:28.759 | INFO     | __main__:<module>:162 - Epoch = 1265 / 2000
2026-03-23 21:21:46.011 | INFO     | __main__:<module>:225 - Training time taken = 197.25 seconds, Evaluation time taken = nan seconds, loss = 0.02961, fid = None
2026-03-23 21:21:46.012 | INFO     | __main__:<module>:162 - Epoch = 1266 / 2000
2026-03-23 21:25:02.876 | INFO     | __main__:<module>:225 - Training time taken = 196.86 seconds, Evaluation time taken = nan seconds, loss = 0.02962, fid = None
2026-03-23 21:25:02.876 | INFO     | __main__:<module>:162 - Epoch = 1267 / 2000
2026-03-23 21:28:19.467 | INFO     | __main__:<module>:225 - Training time taken = 196.59 seconds, Evaluation time taken = nan seconds, loss = 0.0294, fid = None
2026-03-23 21:28:19.467 | INFO     | __main__:<module>:162 - Epoch = 1268 / 2000
2026-03-23 21:31:36.588 | INFO     | __main__:<module>:225 - Training time taken = 197.12 seconds, Evaluation time taken = nan seconds, loss = 0.02927, fid = None
2026-03-23 21:31:36.589 | INFO     | __main__:<module>:162 - Epoch = 1269 / 2000
2026-03-23 21:34:53.274 | INFO     | __main__:<module>:225 - Training time taken = 196.68 seconds, Evaluation time taken = nan seconds, loss = 0.02977, fid = None
2026-03-23 21:34:53.274 | INFO     | __main__:<module>:162 - Epoch = 1270 / 2000
2026-03-23 21:38:09.741 | INFO     | __main__:<module>:225 - Training time taken = 196.47 seconds, Evaluation time taken = nan seconds, loss = 0.02927, fid = None
2026-03-23 21:38:09.741 | INFO     | __main__:<module>:162 - Epoch = 1271 / 2000
2026-03-23 21:41:26.783 | INFO     | __main__:<module>:225 - Training time taken = 197.04 seconds, Evaluation time taken = nan seconds, loss = 0.0296, fid = None
2026-03-23 21:41:26.783 | INFO     | __main__:<module>:162 - Epoch = 1272 / 2000
2026-03-23 21:44:43.837 | INFO     | __main__:<module>:225 - Training time taken = 197.05 seconds, Evaluation time taken = nan seconds, loss = 0.0295, fid = None
2026-03-23 21:44:43.837 | INFO     | __main__:<module>:162 - Epoch = 1273 / 2000
2026-03-23 21:48:00.562 | INFO     | __main__:<module>:225 - Training time taken = 196.72 seconds, Evaluation time taken = nan seconds, loss = 0.0299, fid = None
2026-03-23 21:48:00.563 | INFO     | __main__:<module>:162 - Epoch = 1274 / 2000
2026-03-23 21:51:17.554 | INFO     | __main__:<module>:225 - Training time taken = 196.99 seconds, Evaluation time taken = nan seconds, loss = 0.0302, fid = None
2026-03-23 21:51:17.554 | INFO     | __main__:<module>:162 - Epoch = 1275 / 2000
2026-03-23 21:54:34.624 | INFO     | __main__:<module>:225 - Training time taken = 197.07 seconds, Evaluation time taken = nan seconds, loss = 0.02923, fid = None
2026-03-23 21:54:34.624 | INFO     | __main__:<module>:162 - Epoch = 1276 / 2000
2026-03-23 21:57:51.621 | INFO     | __main__:<module>:225 - Training time taken = 197.0 seconds, Evaluation time taken = nan seconds, loss = 0.02953, fid = None
2026-03-23 21:57:51.621 | INFO     | __main__:<module>:162 - Epoch = 1277 / 2000
2026-03-23 22:01:08.543 | INFO     | __main__:<module>:225 - Training time taken = 196.92 seconds, Evaluation time taken = nan seconds, loss = 0.02941, fid = None
2026-03-23 22:01:08.544 | INFO     | __main__:<module>:162 - Epoch = 1278 / 2000
2026-03-23 22:04:25.623 | INFO     | __main__:<module>:225 - Training time taken = 197.08 seconds, Evaluation time taken = nan seconds, loss = 0.02946, fid = None
2026-03-23 22:04:25.623 | INFO     | __main__:<module>:162 - Epoch = 1279 / 2000
2026-03-23 22:07:42.290 | INFO     | __main__:<module>:225 - Training time taken = 196.67 seconds, Evaluation time taken = nan seconds, loss = 0.02951, fid = None
2026-03-23 22:07:42.291 | INFO     | __main__:<module>:162 - Epoch = 1280 / 2000
2026-03-23 22:10:59.259 | INFO     | __main__:<module>:225 - Training time taken = 196.97 seconds, Evaluation time taken = nan seconds, loss = 0.02924, fid = None
2026-03-23 22:10:59.259 | INFO     | __main__:<module>:162 - Epoch = 1281 / 2000
2026-03-23 22:14:15.999 | INFO     | __main__:<module>:225 - Training time taken = 196.74 seconds, Evaluation time taken = nan seconds, loss = 0.02937, fid = None
2026-03-23 22:14:15.999 | INFO     | __main__:<module>:162 - Epoch = 1282 / 2000
2026-03-23 22:17:33.120 | INFO     | __main__:<module>:225 - Training time taken = 197.12 seconds, Evaluation time taken = nan seconds, loss = 0.03005, fid = None
2026-03-23 22:17:33.121 | INFO     | __main__:<module>:162 - Epoch = 1283 / 2000
2026-03-23 22:20:50.215 | INFO     | __main__:<module>:225 - Training time taken = 197.09 seconds, Evaluation time taken = nan seconds, loss = 0.02944, fid = None
2026-03-23 22:20:50.215 | INFO     | __main__:<module>:162 - Epoch = 1284 / 2000
2026-03-23 22:24:06.403 | INFO     | __main__:<module>:225 - Training time taken = 196.19 seconds, Evaluation time taken = nan seconds, loss = 0.02984, fid = None
2026-03-23 22:24:06.403 | INFO     | __main__:<module>:162 - Epoch = 1285 / 2000
2026-03-23 22:27:22.454 | INFO     | __main__:<module>:225 - Training time taken = 196.05 seconds, Evaluation time taken = nan seconds, loss = 0.02928, fid = None
2026-03-23 22:27:22.454 | INFO     | __main__:<module>:162 - Epoch = 1286 / 2000
2026-03-23 22:30:39.091 | INFO     | __main__:<module>:225 - Training time taken = 196.64 seconds, Evaluation time taken = nan seconds, loss = 0.02932, fid = None
2026-03-23 22:30:39.092 | INFO     | __main__:<module>:162 - Epoch = 1287 / 2000
2026-03-23 22:33:55.809 | INFO     | __main__:<module>:225 - Training time taken = 196.72 seconds, Evaluation time taken = nan seconds, loss = 0.02968, fid = None
2026-03-23 22:33:55.809 | INFO     | __main__:<module>:162 - Epoch = 1288 / 2000
2026-03-23 22:37:12.326 | INFO     | __main__:<module>:225 - Training time taken = 196.52 seconds, Evaluation time taken = nan seconds, loss = 0.0296, fid = None
2026-03-23 22:37:12.327 | INFO     | __main__:<module>:162 - Epoch = 1289 / 2000
2026-03-23 22:40:29.194 | INFO     | __main__:<module>:225 - Training time taken = 196.87 seconds, Evaluation time taken = nan seconds, loss = 0.02933, fid = None
2026-03-23 22:40:29.194 | INFO     | __main__:<module>:162 - Epoch = 1290 / 2000
2026-03-23 22:43:45.455 | INFO     | __main__:<module>:225 - Training time taken = 196.26 seconds, Evaluation time taken = nan seconds, loss = 0.02938, fid = None
2026-03-23 22:43:45.455 | INFO     | __main__:<module>:162 - Epoch = 1291 / 2000
2026-03-23 22:47:02.653 | INFO     | __main__:<module>:225 - Training time taken = 197.2 seconds, Evaluation time taken = nan seconds, loss = 0.02935, fid = None
2026-03-23 22:47:02.654 | INFO     | __main__:<module>:162 - Epoch = 1292 / 2000
2026-03-23 22:50:19.937 | INFO     | __main__:<module>:225 - Training time taken = 197.28 seconds, Evaluation time taken = nan seconds, loss = 0.02901, fid = None
2026-03-23 22:50:19.938 | INFO     | __main__:<module>:162 - Epoch = 1293 / 2000
2026-03-23 22:53:36.481 | INFO     | __main__:<module>:225 - Training time taken = 196.54 seconds, Evaluation time taken = nan seconds, loss = 0.02951, fid = None
2026-03-23 22:53:36.481 | INFO     | __main__:<module>:162 - Epoch = 1294 / 2000
2026-03-23 22:56:53.751 | INFO     | __main__:<module>:225 - Training time taken = 197.27 seconds, Evaluation time taken = nan seconds, loss = 0.02934, fid = None
2026-03-23 22:56:53.751 | INFO     | __main__:<module>:162 - Epoch = 1295 / 2000
2026-03-23 23:00:11.174 | INFO     | __main__:<module>:225 - Training time taken = 197.42 seconds, Evaluation time taken = nan seconds, loss = 0.0293, fid = None
2026-03-23 23:00:11.174 | INFO     | __main__:<module>:162 - Epoch = 1296 / 2000
2026-03-23 23:03:28.320 | INFO     | __main__:<module>:225 - Training time taken = 197.14 seconds, Evaluation time taken = nan seconds, loss = 0.02985, fid = None
2026-03-23 23:03:28.321 | INFO     | __main__:<module>:162 - Epoch = 1297 / 2000
2026-03-23 23:06:45.079 | INFO     | __main__:<module>:225 - Training time taken = 196.76 seconds, Evaluation time taken = nan seconds, loss = 0.02951, fid = None
2026-03-23 23:06:45.080 | INFO     | __main__:<module>:162 - Epoch = 1298 / 2000
2026-03-23 23:10:01.743 | INFO     | __main__:<module>:225 - Training time taken = 196.66 seconds, Evaluation time taken = nan seconds, loss = 0.02959, fid = None
2026-03-23 23:10:01.743 | INFO     | __main__:<module>:162 - Epoch = 1299 / 2000
2026-03-23 23:13:18.364 | INFO     | __main__:<module>:225 - Training time taken = 196.62 seconds, Evaluation time taken = nan seconds, loss = 0.02948, fid = None
2026-03-23 23:13:18.365 | INFO     | __main__:<module>:162 - Epoch = 1300 / 2000
2026-03-23 23:16:34.992 | INFO     | __main__:<module>:225 - Training time taken = 196.63 seconds, Evaluation time taken = nan seconds, loss = 0.02997, fid = None
2026-03-23 23:16:34.992 | INFO     | __main__:<module>:162 - Epoch = 1301 / 2000
2026-03-23 23:19:51.428 | INFO     | __main__:<module>:225 - Training time taken = 196.43 seconds, Evaluation time taken = nan seconds, loss = 0.02965, fid = None
2026-03-23 23:19:51.428 | INFO     | __main__:<module>:162 - Epoch = 1302 / 2000
2026-03-23 23:23:07.747 | INFO     | __main__:<module>:225 - Training time taken = 196.32 seconds, Evaluation time taken = nan seconds, loss = 0.02923, fid = None
2026-03-23 23:23:07.748 | INFO     | __main__:<module>:162 - Epoch = 1303 / 2000
2026-03-23 23:26:24.305 | INFO     | __main__:<module>:225 - Training time taken = 196.56 seconds, Evaluation time taken = nan seconds, loss = 0.02974, fid = None
2026-03-23 23:26:24.306 | INFO     | __main__:<module>:162 - Epoch = 1304 / 2000
2026-03-23 23:29:40.743 | INFO     | __main__:<module>:225 - Training time taken = 196.44 seconds, Evaluation time taken = nan seconds, loss = 0.02932, fid = None
2026-03-23 23:29:40.744 | INFO     | __main__:<module>:162 - Epoch = 1305 / 2000
2026-03-23 23:32:57.166 | INFO     | __main__:<module>:225 - Training time taken = 196.42 seconds, Evaluation time taken = nan seconds, loss = 0.02902, fid = None
2026-03-23 23:32:57.167 | INFO     | __main__:<module>:162 - Epoch = 1306 / 2000
2026-03-23 23:36:13.215 | INFO     | __main__:<module>:225 - Training time taken = 196.05 seconds, Evaluation time taken = nan seconds, loss = 0.02962, fid = None
2026-03-23 23:36:13.215 | INFO     | __main__:<module>:162 - Epoch = 1307 / 2000
2026-03-23 23:39:29.022 | INFO     | __main__:<module>:225 - Training time taken = 195.81 seconds, Evaluation time taken = nan seconds, loss = 0.02975, fid = None
2026-03-23 23:39:29.023 | INFO     | __main__:<module>:162 - Epoch = 1308 / 2000
2026-03-23 23:42:45.284 | INFO     | __main__:<module>:225 - Training time taken = 196.26 seconds, Evaluation time taken = nan seconds, loss = 0.02935, fid = None
2026-03-23 23:42:45.285 | INFO     | __main__:<module>:162 - Epoch = 1309 / 2000
2026-03-23 23:46:02.034 | INFO     | __main__:<module>:225 - Training time taken = 196.75 seconds, Evaluation time taken = nan seconds, loss = 0.02938, fid = None
2026-03-23 23:46:02.034 | INFO     | __main__:<module>:162 - Epoch = 1310 / 2000
2026-03-23 23:49:17.679 | INFO     | __main__:<module>:225 - Training time taken = 195.64 seconds, Evaluation time taken = nan seconds, loss = 0.02975, fid = None
2026-03-23 23:49:17.680 | INFO     | __main__:<module>:162 - Epoch = 1311 / 2000
2026-03-23 23:52:33.611 | INFO     | __main__:<module>:225 - Training time taken = 195.93 seconds, Evaluation time taken = nan seconds, loss = 0.02951, fid = None
2026-03-23 23:52:33.611 | INFO     | __main__:<module>:162 - Epoch = 1312 / 2000
2026-03-23 23:55:49.443 | INFO     | __main__:<module>:225 - Training time taken = 195.83 seconds, Evaluation time taken = nan seconds, loss = 0.02954, fid = None
2026-03-23 23:55:49.444 | INFO     | __main__:<module>:162 - Epoch = 1313 / 2000
2026-03-23 23:59:04.937 | INFO     | __main__:<module>:225 - Training time taken = 195.49 seconds, Evaluation time taken = nan seconds, loss = 0.0297, fid = None
2026-03-23 23:59:04.938 | INFO     | __main__:<module>:162 - Epoch = 1314 / 2000
2026-03-24 00:02:21.046 | INFO     | __main__:<module>:225 - Training time taken = 196.11 seconds, Evaluation time taken = nan seconds, loss = 0.03017, fid = None
2026-03-24 00:02:21.046 | INFO     | __main__:<module>:162 - Epoch = 1315 / 2000
2026-03-24 00:05:36.957 | INFO     | __main__:<module>:225 - Training time taken = 195.91 seconds, Evaluation time taken = nan seconds, loss = 0.0296, fid = None
2026-03-24 00:05:36.957 | INFO     | __main__:<module>:162 - Epoch = 1316 / 2000
2026-03-24 00:08:53.263 | INFO     | __main__:<module>:225 - Training time taken = 196.3 seconds, Evaluation time taken = nan seconds, loss = 0.0293, fid = None
2026-03-24 00:08:53.264 | INFO     | __main__:<module>:162 - Epoch = 1317 / 2000
2026-03-24 00:12:09.704 | INFO     | __main__:<module>:225 - Training time taken = 196.44 seconds, Evaluation time taken = nan seconds, loss = 0.02973, fid = None
2026-03-24 00:12:09.705 | INFO     | __main__:<module>:162 - Epoch = 1318 / 2000
2026-03-24 00:15:25.866 | INFO     | __main__:<module>:225 - Training time taken = 196.16 seconds, Evaluation time taken = nan seconds, loss = 0.0295, fid = None
2026-03-24 00:15:25.867 | INFO     | __main__:<module>:162 - Epoch = 1319 / 2000
2026-03-24 00:18:42.325 | INFO     | __main__:<module>:225 - Training time taken = 196.46 seconds, Evaluation time taken = nan seconds, loss = 0.02945, fid = None
2026-03-24 00:18:42.325 | INFO     | __main__:<module>:162 - Epoch = 1320 / 2000
2026-03-24 00:21:58.744 | INFO     | __main__:<module>:225 - Training time taken = 196.42 seconds, Evaluation time taken = nan seconds, loss = 0.02926, fid = None
2026-03-24 00:21:58.744 | INFO     | __main__:<module>:162 - Epoch = 1321 / 2000
2026-03-24 00:25:15.395 | INFO     | __main__:<module>:225 - Training time taken = 196.65 seconds, Evaluation time taken = nan seconds, loss = 0.02986, fid = None
2026-03-24 00:25:15.395 | INFO     | __main__:<module>:162 - Epoch = 1322 / 2000
2026-03-24 00:28:31.272 | INFO     | __main__:<module>:225 - Training time taken = 195.88 seconds, Evaluation time taken = nan seconds, loss = 0.02936, fid = None
2026-03-24 00:28:31.273 | INFO     | __main__:<module>:162 - Epoch = 1323 / 2000
2026-03-24 00:31:47.234 | INFO     | __main__:<module>:225 - Training time taken = 195.96 seconds, Evaluation time taken = nan seconds, loss = 0.02952, fid = None
2026-03-24 00:31:47.235 | INFO     | __main__:<module>:162 - Epoch = 1324 / 2000
2026-03-24 00:35:03.600 | INFO     | __main__:<module>:225 - Training time taken = 196.36 seconds, Evaluation time taken = nan seconds, loss = 0.0297, fid = None
2026-03-24 00:35:03.600 | INFO     | __main__:<module>:162 - Epoch = 1325 / 2000
2026-03-24 00:38:20.289 | INFO     | __main__:<module>:225 - Training time taken = 196.69 seconds, Evaluation time taken = nan seconds, loss = 0.02979, fid = None
2026-03-24 00:38:20.289 | INFO     | __main__:<module>:162 - Epoch = 1326 / 2000
2026-03-24 00:41:37.284 | INFO     | __main__:<module>:225 - Training time taken = 196.99 seconds, Evaluation time taken = nan seconds, loss = 0.02975, fid = None
2026-03-24 00:41:37.284 | INFO     | __main__:<module>:162 - Epoch = 1327 / 2000
2026-03-24 00:44:53.535 | INFO     | __main__:<module>:225 - Training time taken = 196.25 seconds, Evaluation time taken = nan seconds, loss = 0.02926, fid = None
2026-03-24 00:44:53.535 | INFO     | __main__:<module>:162 - Epoch = 1328 / 2000
2026-03-24 00:48:10.196 | INFO     | __main__:<module>:225 - Training time taken = 196.66 seconds, Evaluation time taken = nan seconds, loss = 0.03015, fid = None
2026-03-24 00:48:10.197 | INFO     | __main__:<module>:162 - Epoch = 1329 / 2000
2026-03-24 00:51:26.905 | INFO     | __main__:<module>:225 - Training time taken = 196.71 seconds, Evaluation time taken = nan seconds, loss = 0.02989, fid = None
2026-03-24 00:51:26.906 | INFO     | __main__:<module>:162 - Epoch = 1330 / 2000
2026-03-24 00:54:43.887 | INFO     | __main__:<module>:225 - Training time taken = 196.98 seconds, Evaluation time taken = nan seconds, loss = 0.0301, fid = None
2026-03-24 00:54:43.887 | INFO     | __main__:<module>:162 - Epoch = 1331 / 2000
2026-03-24 00:58:00.467 | INFO     | __main__:<module>:225 - Training time taken = 196.58 seconds, Evaluation time taken = nan seconds, loss = 0.02991, fid = None
2026-03-24 00:58:00.467 | INFO     | __main__:<module>:162 - Epoch = 1332 / 2000
2026-03-24 01:01:17.127 | INFO     | __main__:<module>:225 - Training time taken = 196.66 seconds, Evaluation time taken = nan seconds, loss = 0.02937, fid = None
2026-03-24 01:01:17.127 | INFO     | __main__:<module>:162 - Epoch = 1333 / 2000
2026-03-24 01:04:33.624 | INFO     | __main__:<module>:225 - Training time taken = 196.5 seconds, Evaluation time taken = nan seconds, loss = 0.02963, fid = None
2026-03-24 01:04:33.624 | INFO     | __main__:<module>:162 - Epoch = 1334 / 2000
2026-03-24 01:07:56.408 | INFO     | __main__:<module>:225 - Training time taken = 202.78 seconds, Evaluation time taken = nan seconds, loss = 0.02926, fid = None
2026-03-24 01:07:56.409 | INFO     | __main__:<module>:162 - Epoch = 1335 / 2000
2026-03-24 01:11:14.719 | INFO     | __main__:<module>:225 - Training time taken = 198.31 seconds, Evaluation time taken = nan seconds, loss = 0.02978, fid = None
2026-03-24 01:11:14.719 | INFO     | __main__:<module>:162 - Epoch = 1336 / 2000
2026-03-24 01:14:33.520 | INFO     | __main__:<module>:225 - Training time taken = 198.8 seconds, Evaluation time taken = nan seconds, loss = 0.02964, fid = None
2026-03-24 01:14:33.520 | INFO     | __main__:<module>:162 - Epoch = 1337 / 2000
2026-03-24 01:17:51.472 | INFO     | __main__:<module>:225 - Training time taken = 197.95 seconds, Evaluation time taken = nan seconds, loss = 0.02961, fid = None
2026-03-24 01:17:51.473 | INFO     | __main__:<module>:162 - Epoch = 1338 / 2000
2026-03-24 01:21:09.114 | INFO     | __main__:<module>:225 - Training time taken = 197.64 seconds, Evaluation time taken = nan seconds, loss = 0.0295, fid = None
2026-03-24 01:21:09.115 | INFO     | __main__:<module>:162 - Epoch = 1339 / 2000
2026-03-24 01:24:28.057 | INFO     | __main__:<module>:225 - Training time taken = 198.94 seconds, Evaluation time taken = nan seconds, loss = 0.02984, fid = None
2026-03-24 01:24:28.057 | INFO     | __main__:<module>:162 - Epoch = 1340 / 2000
2026-03-24 01:27:47.851 | INFO     | __main__:<module>:225 - Training time taken = 199.79 seconds, Evaluation time taken = nan seconds, loss = 0.02896, fid = None
2026-03-24 01:27:47.852 | INFO     | __main__:<module>:162 - Epoch = 1341 / 2000
2026-03-24 01:31:08.238 | INFO     | __main__:<module>:225 - Training time taken = 200.38 seconds, Evaluation time taken = nan seconds, loss = 0.0298, fid = None
2026-03-24 01:31:08.238 | INFO     | __main__:<module>:162 - Epoch = 1342 / 2000
2026-03-24 01:34:29.950 | INFO     | __main__:<module>:225 - Training time taken = 201.71 seconds, Evaluation time taken = nan seconds, loss = 0.02942, fid = None
2026-03-24 01:34:29.950 | INFO     | __main__:<module>:162 - Epoch = 1343 / 2000
2026-03-24 01:37:50.354 | INFO     | __main__:<module>:225 - Training time taken = 200.4 seconds, Evaluation time taken = nan seconds, loss = 0.02949, fid = None
2026-03-24 01:37:50.354 | INFO     | __main__:<module>:162 - Epoch = 1344 / 2000
2026-03-24 01:41:11.196 | INFO     | __main__:<module>:225 - Training time taken = 200.84 seconds, Evaluation time taken = nan seconds, loss = 0.02983, fid = None
2026-03-24 01:41:11.196 | INFO     | __main__:<module>:162 - Epoch = 1345 / 2000
2026-03-24 01:44:30.951 | INFO     | __main__:<module>:225 - Training time taken = 199.75 seconds, Evaluation time taken = nan seconds, loss = 0.02974, fid = None
2026-03-24 01:44:30.951 | INFO     | __main__:<module>:162 - Epoch = 1346 / 2000
2026-03-24 01:47:51.019 | INFO     | __main__:<module>:225 - Training time taken = 200.07 seconds, Evaluation time taken = nan seconds, loss = 0.02935, fid = None
2026-03-24 01:47:51.019 | INFO     | __main__:<module>:162 - Epoch = 1347 / 2000
2026-03-24 01:51:11.406 | INFO     | __main__:<module>:225 - Training time taken = 200.38 seconds, Evaluation time taken = nan seconds, loss = 0.02969, fid = None
2026-03-24 01:51:11.406 | INFO     | __main__:<module>:162 - Epoch = 1348 / 2000
2026-03-24 01:54:33.194 | INFO     | __main__:<module>:225 - Training time taken = 201.79 seconds, Evaluation time taken = nan seconds, loss = 0.02949, fid = None
2026-03-24 01:54:33.194 | INFO     | __main__:<module>:162 - Epoch = 1349 / 2000
2026-03-24 01:58:00.956 | INFO     | __main__:<module>:225 - Training time taken = 207.76 seconds, Evaluation time taken = nan seconds, loss = 0.02954, fid = None
2026-03-24 01:58:00.957 | INFO     | __main__:<module>:162 - Epoch = 1350 / 2000
2026-03-24 02:01:28.153 | INFO     | __main__:<module>:225 - Training time taken = 207.19 seconds, Evaluation time taken = nan seconds, loss = 0.02948, fid = None
2026-03-24 02:01:28.153 | INFO     | __main__:<module>:162 - Epoch = 1351 / 2000
2026-03-24 02:04:56.201 | INFO     | __main__:<module>:225 - Training time taken = 208.05 seconds, Evaluation time taken = nan seconds, loss = 0.02904, fid = None
2026-03-24 02:04:56.202 | INFO     | __main__:<module>:162 - Epoch = 1352 / 2000
2026-03-24 02:08:23.111 | INFO     | __main__:<module>:225 - Training time taken = 206.91 seconds, Evaluation time taken = nan seconds, loss = 0.02949, fid = None
2026-03-24 02:08:23.111 | INFO     | __main__:<module>:162 - Epoch = 1353 / 2000
2026-03-24 02:11:51.655 | INFO     | __main__:<module>:225 - Training time taken = 208.54 seconds, Evaluation time taken = nan seconds, loss = 0.02952, fid = None
2026-03-24 02:11:51.655 | INFO     | __main__:<module>:162 - Epoch = 1354 / 2000
2026-03-24 02:15:19.744 | INFO     | __main__:<module>:225 - Training time taken = 208.09 seconds, Evaluation time taken = nan seconds, loss = 0.02975, fid = None
2026-03-24 02:15:19.744 | INFO     | __main__:<module>:162 - Epoch = 1355 / 2000
2026-03-24 02:18:47.071 | INFO     | __main__:<module>:225 - Training time taken = 207.33 seconds, Evaluation time taken = nan seconds, loss = 0.02946, fid = None
2026-03-24 02:18:47.071 | INFO     | __main__:<module>:162 - Epoch = 1356 / 2000
2026-03-24 02:22:15.643 | INFO     | __main__:<module>:225 - Training time taken = 208.57 seconds, Evaluation time taken = nan seconds, loss = 0.02983, fid = None
2026-03-24 02:22:15.643 | INFO     | __main__:<module>:162 - Epoch = 1357 / 2000
2026-03-24 02:25:51.171 | INFO     | __main__:<module>:225 - Training time taken = 215.53 seconds, Evaluation time taken = nan seconds, loss = 0.02983, fid = None
2026-03-24 02:25:51.182 | INFO     | __main__:<module>:162 - Epoch = 1358 / 2000
2026-03-24 02:29:24.621 | INFO     | __main__:<module>:225 - Training time taken = 213.44 seconds, Evaluation time taken = nan seconds, loss = 0.02965, fid = None
2026-03-24 02:29:24.622 | INFO     | __main__:<module>:162 - Epoch = 1359 / 2000
2026-03-24 02:32:51.968 | INFO     | __main__:<module>:225 - Training time taken = 207.34 seconds, Evaluation time taken = nan seconds, loss = 0.02939, fid = None
2026-03-24 02:32:51.968 | INFO     | __main__:<module>:162 - Epoch = 1360 / 2000
2026-03-24 02:36:19.952 | INFO     | __main__:<module>:225 - Training time taken = 207.98 seconds, Evaluation time taken = nan seconds, loss = 0.02972, fid = None
2026-03-24 02:36:19.952 | INFO     | __main__:<module>:162 - Epoch = 1361 / 2000
2026-03-24 02:39:49.214 | INFO     | __main__:<module>:225 - Training time taken = 209.26 seconds, Evaluation time taken = nan seconds, loss = 0.02954, fid = None
2026-03-24 02:39:49.214 | INFO     | __main__:<module>:162 - Epoch = 1362 / 2000
2026-03-24 02:43:16.714 | INFO     | __main__:<module>:225 - Training time taken = 207.5 seconds, Evaluation time taken = nan seconds, loss = 0.02962, fid = None
2026-03-24 02:43:16.714 | INFO     | __main__:<module>:162 - Epoch = 1363 / 2000
2026-03-24 02:46:46.027 | INFO     | __main__:<module>:225 - Training time taken = 209.31 seconds, Evaluation time taken = nan seconds, loss = 0.0293, fid = None
2026-03-24 02:46:46.027 | INFO     | __main__:<module>:162 - Epoch = 1364 / 2000
2026-03-24 02:50:14.863 | INFO     | __main__:<module>:225 - Training time taken = 208.83 seconds, Evaluation time taken = nan seconds, loss = 0.02909, fid = None
2026-03-24 02:50:14.864 | INFO     | __main__:<module>:162 - Epoch = 1365 / 2000
2026-03-24 02:53:44.465 | INFO     | __main__:<module>:225 - Training time taken = 209.6 seconds, Evaluation time taken = nan seconds, loss = 0.02947, fid = None
2026-03-24 02:53:44.465 | INFO     | __main__:<module>:162 - Epoch = 1366 / 2000
2026-03-24 02:57:12.719 | INFO     | __main__:<module>:225 - Training time taken = 208.25 seconds, Evaluation time taken = nan seconds, loss = 0.0292, fid = None
2026-03-24 02:57:12.719 | INFO     | __main__:<module>:162 - Epoch = 1367 / 2000
2026-03-24 03:00:42.429 | INFO     | __main__:<module>:225 - Training time taken = 209.71 seconds, Evaluation time taken = nan seconds, loss = 0.0291, fid = None
2026-03-24 03:00:42.429 | INFO     | __main__:<module>:162 - Epoch = 1368 / 2000
2026-03-24 03:04:10.807 | INFO     | __main__:<module>:225 - Training time taken = 208.38 seconds, Evaluation time taken = nan seconds, loss = 0.02975, fid = None
2026-03-24 03:04:10.808 | INFO     | __main__:<module>:162 - Epoch = 1369 / 2000
2026-03-24 03:07:39.565 | INFO     | __main__:<module>:225 - Training time taken = 208.76 seconds, Evaluation time taken = nan seconds, loss = 0.02962, fid = None
2026-03-24 03:07:39.566 | INFO     | __main__:<module>:162 - Epoch = 1370 / 2000
2026-03-24 03:11:07.974 | INFO     | __main__:<module>:225 - Training time taken = 208.41 seconds, Evaluation time taken = nan seconds, loss = 0.02964, fid = None
2026-03-24 03:11:07.975 | INFO     | __main__:<module>:162 - Epoch = 1371 / 2000
2026-03-24 03:14:36.107 | INFO     | __main__:<module>:225 - Training time taken = 208.13 seconds, Evaluation time taken = nan seconds, loss = 0.02927, fid = None
2026-03-24 03:14:36.107 | INFO     | __main__:<module>:162 - Epoch = 1372 / 2000
2026-03-24 03:18:07.520 | INFO     | __main__:<module>:225 - Training time taken = 211.41 seconds, Evaluation time taken = nan seconds, loss = 0.02935, fid = None
2026-03-24 03:18:07.520 | INFO     | __main__:<module>:162 - Epoch = 1373 / 2000
2026-03-24 03:21:36.024 | INFO     | __main__:<module>:225 - Training time taken = 208.5 seconds, Evaluation time taken = nan seconds, loss = 0.02979, fid = None
2026-03-24 03:21:36.024 | INFO     | __main__:<module>:162 - Epoch = 1374 / 2000
2026-03-24 03:25:06.324 | INFO     | __main__:<module>:225 - Training time taken = 210.3 seconds, Evaluation time taken = nan seconds, loss = 0.02904, fid = None
2026-03-24 03:25:06.330 | INFO     | __main__:<module>:162 - Epoch = 1375 / 2000
2026-03-24 03:28:36.067 | INFO     | __main__:<module>:225 - Training time taken = 209.74 seconds, Evaluation time taken = nan seconds, loss = 0.02926, fid = None
2026-03-24 03:28:36.067 | INFO     | __main__:<module>:162 - Epoch = 1376 / 2000
2026-03-24 03:32:10.399 | INFO     | __main__:<module>:225 - Training time taken = 214.33 seconds, Evaluation time taken = nan seconds, loss = 0.02962, fid = None
2026-03-24 03:32:10.400 | INFO     | __main__:<module>:162 - Epoch = 1377 / 2000
2026-03-24 03:35:41.579 | INFO     | __main__:<module>:225 - Training time taken = 211.18 seconds, Evaluation time taken = nan seconds, loss = 0.02956, fid = None
2026-03-24 03:35:41.579 | INFO     | __main__:<module>:162 - Epoch = 1378 / 2000
2026-03-24 03:39:12.241 | INFO     | __main__:<module>:225 - Training time taken = 210.66 seconds, Evaluation time taken = nan seconds, loss = 0.02928, fid = None
2026-03-24 03:39:12.242 | INFO     | __main__:<module>:162 - Epoch = 1379 / 2000
2026-03-24 03:42:47.179 | INFO     | __main__:<module>:225 - Training time taken = 214.93 seconds, Evaluation time taken = nan seconds, loss = 0.02946, fid = None
2026-03-24 03:42:47.179 | INFO     | __main__:<module>:162 - Epoch = 1380 / 2000
2026-03-24 03:46:19.203 | INFO     | __main__:<module>:225 - Training time taken = 212.02 seconds, Evaluation time taken = nan seconds, loss = 0.02953, fid = None
2026-03-24 03:46:19.204 | INFO     | __main__:<module>:162 - Epoch = 1381 / 2000
2026-03-24 03:49:51.180 | INFO     | __main__:<module>:225 - Training time taken = 211.97 seconds, Evaluation time taken = nan seconds, loss = 0.02984, fid = None
2026-03-24 03:49:51.181 | INFO     | __main__:<module>:162 - Epoch = 1382 / 2000
2026-03-24 03:53:18.915 | INFO     | __main__:<module>:225 - Training time taken = 207.73 seconds, Evaluation time taken = nan seconds, loss = 0.02902, fid = None
2026-03-24 03:53:18.915 | INFO     | __main__:<module>:162 - Epoch = 1383 / 2000
2026-03-24 03:56:46.055 | INFO     | __main__:<module>:225 - Training time taken = 207.14 seconds, Evaluation time taken = nan seconds, loss = 0.0291, fid = None
2026-03-24 03:56:46.055 | INFO     | __main__:<module>:162 - Epoch = 1384 / 2000
2026-03-24 04:00:09.682 | INFO     | __main__:<module>:225 - Training time taken = 203.62 seconds, Evaluation time taken = nan seconds, loss = 0.02926, fid = None
2026-03-24 04:00:09.683 | INFO     | __main__:<module>:162 - Epoch = 1385 / 2000
2026-03-24 04:03:32.787 | INFO     | __main__:<module>:225 - Training time taken = 203.1 seconds, Evaluation time taken = nan seconds, loss = 0.02922, fid = None
2026-03-24 04:03:32.788 | INFO     | __main__:<module>:162 - Epoch = 1386 / 2000
2026-03-24 04:06:53.892 | INFO     | __main__:<module>:225 - Training time taken = 201.1 seconds, Evaluation time taken = nan seconds, loss = 0.0291, fid = None
2026-03-24 04:06:53.892 | INFO     | __main__:<module>:162 - Epoch = 1387 / 2000
2026-03-24 04:10:17.145 | INFO     | __main__:<module>:225 - Training time taken = 203.25 seconds, Evaluation time taken = nan seconds, loss = 0.02953, fid = None
2026-03-24 04:10:17.146 | INFO     | __main__:<module>:162 - Epoch = 1388 / 2000
2026-03-24 04:13:46.129 | INFO     | __main__:<module>:225 - Training time taken = 208.98 seconds, Evaluation time taken = nan seconds, loss = 0.02936, fid = None
2026-03-24 04:13:46.130 | INFO     | __main__:<module>:162 - Epoch = 1389 / 2000
2026-03-24 04:17:08.921 | INFO     | __main__:<module>:225 - Training time taken = 202.79 seconds, Evaluation time taken = nan seconds, loss = 0.02946, fid = None
2026-03-24 04:17:08.921 | INFO     | __main__:<module>:162 - Epoch = 1390 / 2000
2026-03-24 04:20:29.741 | INFO     | __main__:<module>:225 - Training time taken = 200.82 seconds, Evaluation time taken = nan seconds, loss = 0.02928, fid = None
2026-03-24 04:20:29.742 | INFO     | __main__:<module>:162 - Epoch = 1391 / 2000
2026-03-24 04:23:52.424 | INFO     | __main__:<module>:225 - Training time taken = 202.68 seconds, Evaluation time taken = nan seconds, loss = 0.0293, fid = None
2026-03-24 04:23:52.426 | INFO     | __main__:<module>:162 - Epoch = 1392 / 2000
2026-03-24 04:27:14.402 | INFO     | __main__:<module>:225 - Training time taken = 201.97 seconds, Evaluation time taken = nan seconds, loss = 0.02925, fid = None
2026-03-24 04:27:14.403 | INFO     | __main__:<module>:162 - Epoch = 1393 / 2000
2026-03-24 04:30:35.650 | INFO     | __main__:<module>:225 - Training time taken = 201.25 seconds, Evaluation time taken = nan seconds, loss = 0.03004, fid = None
2026-03-24 04:30:35.650 | INFO     | __main__:<module>:162 - Epoch = 1394 / 2000
2026-03-24 04:33:56.375 | INFO     | __main__:<module>:225 - Training time taken = 200.72 seconds, Evaluation time taken = nan seconds, loss = 0.02945, fid = None
2026-03-24 04:33:56.376 | INFO     | __main__:<module>:162 - Epoch = 1395 / 2000
2026-03-24 04:37:18.592 | INFO     | __main__:<module>:225 - Training time taken = 202.21 seconds, Evaluation time taken = nan seconds, loss = 0.02901, fid = None
2026-03-24 04:37:18.592 | INFO     | __main__:<module>:162 - Epoch = 1396 / 2000
2026-03-24 04:40:39.711 | INFO     | __main__:<module>:225 - Training time taken = 201.12 seconds, Evaluation time taken = nan seconds, loss = 0.02963, fid = None
2026-03-24 04:40:39.712 | INFO     | __main__:<module>:162 - Epoch = 1397 / 2000
2026-03-24 04:44:01.439 | INFO     | __main__:<module>:225 - Training time taken = 201.73 seconds, Evaluation time taken = nan seconds, loss = 0.02958, fid = None
2026-03-24 04:44:01.440 | INFO     | __main__:<module>:162 - Epoch = 1398 / 2000
2026-03-24 04:47:29.010 | INFO     | __main__:<module>:225 - Training time taken = 207.57 seconds, Evaluation time taken = nan seconds, loss = 0.02933, fid = None
2026-03-24 04:47:29.011 | INFO     | __main__:<module>:162 - Epoch = 1399 / 2000
2026-03-24 04:50:57.419 | INFO     | __main__:<module>:225 - Training time taken = 208.41 seconds, Evaluation time taken = nan seconds, loss = 0.02905, fid = None
2026-03-24 04:50:57.420 | INFO     | __main__:<module>:162 - Epoch = 1400 / 2000
2026-03-24 04:54:26.322 | INFO     | __main__:<module>:225 - Training time taken = 208.9 seconds, Evaluation time taken = nan seconds, loss = 0.02921, fid = None
2026-03-24 04:54:26.323 | INFO     | __main__:<module>:162 - Epoch = 1401 / 2000
2026-03-24 04:57:53.174 | INFO     | __main__:<module>:225 - Training time taken = 206.85 seconds, Evaluation time taken = nan seconds, loss = 0.02984, fid = None
2026-03-24 04:57:53.174 | INFO     | __main__:<module>:162 - Epoch = 1402 / 2000
2026-03-24 05:01:22.299 | INFO     | __main__:<module>:225 - Training time taken = 209.12 seconds, Evaluation time taken = nan seconds, loss = 0.02933, fid = None
2026-03-24 05:01:22.300 | INFO     | __main__:<module>:162 - Epoch = 1403 / 2000
2026-03-24 05:04:52.679 | INFO     | __main__:<module>:225 - Training time taken = 210.38 seconds, Evaluation time taken = nan seconds, loss = 0.02948, fid = None
2026-03-24 05:04:52.680 | INFO     | __main__:<module>:162 - Epoch = 1404 / 2000
2026-03-24 05:08:21.322 | INFO     | __main__:<module>:225 - Training time taken = 208.64 seconds, Evaluation time taken = nan seconds, loss = 0.02887, fid = None
2026-03-24 05:08:21.323 | INFO     | __main__:<module>:162 - Epoch = 1405 / 2000
2026-03-24 05:11:49.619 | INFO     | __main__:<module>:225 - Training time taken = 208.3 seconds, Evaluation time taken = nan seconds, loss = 0.02929, fid = None
2026-03-24 05:11:49.620 | INFO     | __main__:<module>:162 - Epoch = 1406 / 2000
2026-03-24 05:15:20.104 | INFO     | __main__:<module>:225 - Training time taken = 210.48 seconds, Evaluation time taken = nan seconds, loss = 0.02989, fid = None
2026-03-24 05:15:20.104 | INFO     | __main__:<module>:162 - Epoch = 1407 / 2000
2026-03-24 05:18:48.913 | INFO     | __main__:<module>:225 - Training time taken = 208.81 seconds, Evaluation time taken = nan seconds, loss = 0.02973, fid = None
2026-03-24 05:18:48.913 | INFO     | __main__:<module>:162 - Epoch = 1408 / 2000
2026-03-24 05:22:18.096 | INFO     | __main__:<module>:225 - Training time taken = 209.18 seconds, Evaluation time taken = nan seconds, loss = 0.02933, fid = None
2026-03-24 05:22:18.096 | INFO     | __main__:<module>:162 - Epoch = 1409 / 2000
2026-03-24 05:25:47.075 | INFO     | __main__:<module>:225 - Training time taken = 208.98 seconds, Evaluation time taken = nan seconds, loss = 0.02978, fid = None
2026-03-24 05:25:47.076 | INFO     | __main__:<module>:162 - Epoch = 1410 / 2000
2026-03-24 05:29:15.028 | INFO     | __main__:<module>:225 - Training time taken = 207.95 seconds, Evaluation time taken = nan seconds, loss = 0.02869, fid = None
2026-03-24 05:29:15.028 | INFO     | __main__:<module>:162 - Epoch = 1411 / 2000
2026-03-24 05:32:50.483 | INFO     | __main__:<module>:225 - Training time taken = 215.45 seconds, Evaluation time taken = nan seconds, loss = 0.02955, fid = None
2026-03-24 05:32:50.483 | INFO     | __main__:<module>:162 - Epoch = 1412 / 2000
2026-03-24 05:36:23.715 | INFO     | __main__:<module>:225 - Training time taken = 213.23 seconds, Evaluation time taken = nan seconds, loss = 0.02912, fid = None
2026-03-24 05:36:23.715 | INFO     | __main__:<module>:162 - Epoch = 1413 / 2000
2026-03-24 05:39:54.534 | INFO     | __main__:<module>:225 - Training time taken = 210.82 seconds, Evaluation time taken = nan seconds, loss = 0.02948, fid = None
2026-03-24 05:39:54.535 | INFO     | __main__:<module>:162 - Epoch = 1414 / 2000
2026-03-24 05:43:24.128 | INFO     | __main__:<module>:225 - Training time taken = 209.59 seconds, Evaluation time taken = nan seconds, loss = 0.02916, fid = None
2026-03-24 05:43:24.129 | INFO     | __main__:<module>:162 - Epoch = 1415 / 2000
2026-03-24 05:46:57.709 | INFO     | __main__:<module>:225 - Training time taken = 213.58 seconds, Evaluation time taken = nan seconds, loss = 0.02929, fid = None
2026-03-24 05:46:57.710 | INFO     | __main__:<module>:162 - Epoch = 1416 / 2000
2026-03-24 05:50:30.350 | INFO     | __main__:<module>:225 - Training time taken = 212.64 seconds, Evaluation time taken = nan seconds, loss = 0.02958, fid = None
2026-03-24 05:50:30.351 | INFO     | __main__:<module>:162 - Epoch = 1417 / 2000
2026-03-24 05:53:59.715 | INFO     | __main__:<module>:225 - Training time taken = 209.36 seconds, Evaluation time taken = nan seconds, loss = 0.02983, fid = None
2026-03-24 05:53:59.715 | INFO     | __main__:<module>:162 - Epoch = 1418 / 2000
2026-03-24 05:57:34.055 | INFO     | __main__:<module>:225 - Training time taken = 214.34 seconds, Evaluation time taken = nan seconds, loss = 0.02911, fid = None
2026-03-24 05:57:34.056 | INFO     | __main__:<module>:162 - Epoch = 1419 / 2000
2026-03-24 06:01:08.036 | INFO     | __main__:<module>:225 - Training time taken = 213.98 seconds, Evaluation time taken = nan seconds, loss = 0.0294, fid = None
2026-03-24 06:01:08.036 | INFO     | __main__:<module>:162 - Epoch = 1420 / 2000
2026-03-24 06:04:40.681 | INFO     | __main__:<module>:225 - Training time taken = 212.64 seconds, Evaluation time taken = nan seconds, loss = 0.0296, fid = None
2026-03-24 06:04:40.681 | INFO     | __main__:<module>:162 - Epoch = 1421 / 2000
2026-03-24 06:08:12.611 | INFO     | __main__:<module>:225 - Training time taken = 211.93 seconds, Evaluation time taken = nan seconds, loss = 0.03004, fid = None
2026-03-24 06:08:12.611 | INFO     | __main__:<module>:162 - Epoch = 1422 / 2000
2026-03-24 06:11:45.590 | INFO     | __main__:<module>:225 - Training time taken = 212.98 seconds, Evaluation time taken = nan seconds, loss = 0.02976, fid = None
2026-03-24 06:11:45.590 | INFO     | __main__:<module>:162 - Epoch = 1423 / 2000
2026-03-24 06:15:18.199 | INFO     | __main__:<module>:225 - Training time taken = 212.61 seconds, Evaluation time taken = nan seconds, loss = 0.02964, fid = None
2026-03-24 06:15:18.199 | INFO     | __main__:<module>:162 - Epoch = 1424 / 2000
2026-03-24 06:18:50.208 | INFO     | __main__:<module>:225 - Training time taken = 212.01 seconds, Evaluation time taken = nan seconds, loss = 0.02909, fid = None
2026-03-24 06:18:50.208 | INFO     | __main__:<module>:162 - Epoch = 1425 / 2000
2026-03-24 06:22:24.165 | INFO     | __main__:<module>:225 - Training time taken = 213.94 seconds, Evaluation time taken = nan seconds, loss = 0.02943, fid = None
2026-03-24 06:22:24.166 | INFO     | __main__:<module>:162 - Epoch = 1426 / 2000
2026-03-24 06:25:57.695 | INFO     | __main__:<module>:225 - Training time taken = 213.53 seconds, Evaluation time taken = nan seconds, loss = 0.02967, fid = None
2026-03-24 06:25:57.695 | INFO     | __main__:<module>:162 - Epoch = 1427 / 2000
2026-03-24 06:29:30.041 | INFO     | __main__:<module>:225 - Training time taken = 212.34 seconds, Evaluation time taken = nan seconds, loss = 0.02906, fid = None
2026-03-24 06:29:30.041 | INFO     | __main__:<module>:162 - Epoch = 1428 / 2000
2026-03-24 06:33:03.722 | INFO     | __main__:<module>:225 - Training time taken = 213.68 seconds, Evaluation time taken = nan seconds, loss = 0.02933, fid = None
2026-03-24 06:33:03.722 | INFO     | __main__:<module>:162 - Epoch = 1429 / 2000
2026-03-24 06:36:37.239 | INFO     | __main__:<module>:225 - Training time taken = 213.52 seconds, Evaluation time taken = nan seconds, loss = 0.0299, fid = None
2026-03-24 06:36:37.240 | INFO     | __main__:<module>:162 - Epoch = 1430 / 2000
2026-03-24 06:40:05.134 | INFO     | __main__:<module>:225 - Training time taken = 207.89 seconds, Evaluation time taken = nan seconds, loss = 0.02969, fid = None
2026-03-24 06:40:05.135 | INFO     | __main__:<module>:162 - Epoch = 1431 / 2000
2026-03-24 06:43:35.629 | INFO     | __main__:<module>:225 - Training time taken = 210.49 seconds, Evaluation time taken = nan seconds, loss = 0.02932, fid = None
2026-03-24 06:43:35.646 | INFO     | __main__:<module>:162 - Epoch = 1432 / 2000
2026-03-24 06:47:05.800 | INFO     | __main__:<module>:225 - Training time taken = 210.15 seconds, Evaluation time taken = nan seconds, loss = 0.02926, fid = None
2026-03-24 06:47:05.801 | INFO     | __main__:<module>:162 - Epoch = 1433 / 2000
2026-03-24 06:50:39.623 | INFO     | __main__:<module>:225 - Training time taken = 213.82 seconds, Evaluation time taken = nan seconds, loss = 0.02957, fid = None
2026-03-24 06:50:39.623 | INFO     | __main__:<module>:162 - Epoch = 1434 / 2000
2026-03-24 06:54:11.703 | INFO     | __main__:<module>:225 - Training time taken = 212.08 seconds, Evaluation time taken = nan seconds, loss = 0.02951, fid = None
2026-03-24 06:54:11.703 | INFO     | __main__:<module>:162 - Epoch = 1435 / 2000
2026-03-24 06:57:45.098 | INFO     | __main__:<module>:225 - Training time taken = 213.39 seconds, Evaluation time taken = nan seconds, loss = 0.02944, fid = None
2026-03-24 06:57:45.098 | INFO     | __main__:<module>:162 - Epoch = 1436 / 2000
2026-03-24 07:01:17.650 | INFO     | __main__:<module>:225 - Training time taken = 212.55 seconds, Evaluation time taken = nan seconds, loss = 0.02952, fid = None
2026-03-24 07:01:17.651 | INFO     | __main__:<module>:162 - Epoch = 1437 / 2000
2026-03-24 07:04:49.003 | INFO     | __main__:<module>:225 - Training time taken = 211.35 seconds, Evaluation time taken = nan seconds, loss = 0.02937, fid = None
2026-03-24 07:04:49.003 | INFO     | __main__:<module>:162 - Epoch = 1438 / 2000
2026-03-24 07:08:24.047 | INFO     | __main__:<module>:225 - Training time taken = 215.04 seconds, Evaluation time taken = nan seconds, loss = 0.02958, fid = None
2026-03-24 07:08:24.047 | INFO     | __main__:<module>:162 - Epoch = 1439 / 2000
2026-03-24 07:11:57.775 | INFO     | __main__:<module>:225 - Training time taken = 213.72 seconds, Evaluation time taken = nan seconds, loss = 0.0296, fid = None
2026-03-24 07:11:57.775 | INFO     | __main__:<module>:162 - Epoch = 1440 / 2000
2026-03-24 07:15:32.001 | INFO     | __main__:<module>:225 - Training time taken = 214.22 seconds, Evaluation time taken = nan seconds, loss = 0.02906, fid = None
2026-03-24 07:15:32.001 | INFO     | __main__:<module>:162 - Epoch = 1441 / 2000
2026-03-24 07:19:03.439 | INFO     | __main__:<module>:225 - Training time taken = 211.44 seconds, Evaluation time taken = nan seconds, loss = 0.02948, fid = None
2026-03-24 07:19:03.439 | INFO     | __main__:<module>:162 - Epoch = 1442 / 2000
2026-03-24 07:22:31.783 | INFO     | __main__:<module>:225 - Training time taken = 208.34 seconds, Evaluation time taken = nan seconds, loss = 0.0294, fid = None
2026-03-24 07:22:31.783 | INFO     | __main__:<module>:162 - Epoch = 1443 / 2000
2026-03-24 07:26:05.663 | INFO     | __main__:<module>:225 - Training time taken = 213.88 seconds, Evaluation time taken = nan seconds, loss = 0.02958, fid = None
2026-03-24 07:26:05.663 | INFO     | __main__:<module>:162 - Epoch = 1444 / 2000
2026-03-24 07:29:39.187 | INFO     | __main__:<module>:225 - Training time taken = 213.52 seconds, Evaluation time taken = nan seconds, loss = 0.02922, fid = None
2026-03-24 07:29:39.187 | INFO     | __main__:<module>:162 - Epoch = 1445 / 2000
2026-03-24 07:33:11.316 | INFO     | __main__:<module>:225 - Training time taken = 212.13 seconds, Evaluation time taken = nan seconds, loss = 0.02947, fid = None
2026-03-24 07:33:11.317 | INFO     | __main__:<module>:162 - Epoch = 1446 / 2000
2026-03-24 07:36:44.059 | INFO     | __main__:<module>:225 - Training time taken = 212.74 seconds, Evaluation time taken = nan seconds, loss = 0.02967, fid = None
2026-03-24 07:36:44.059 | INFO     | __main__:<module>:162 - Epoch = 1447 / 2000
2026-03-24 07:40:15.727 | INFO     | __main__:<module>:225 - Training time taken = 211.67 seconds, Evaluation time taken = nan seconds, loss = 0.0292, fid = None
2026-03-24 07:40:15.727 | INFO     | __main__:<module>:162 - Epoch = 1448 / 2000
2026-03-24 07:43:47.358 | INFO     | __main__:<module>:225 - Training time taken = 211.63 seconds, Evaluation time taken = nan seconds, loss = 0.02952, fid = None
2026-03-24 07:43:47.358 | INFO     | __main__:<module>:162 - Epoch = 1449 / 2000
2026-03-24 07:47:15.605 | INFO     | __main__:<module>:225 - Training time taken = 208.25 seconds, Evaluation time taken = nan seconds, loss = 0.02951, fid = None
2026-03-24 07:47:15.605 | INFO     | __main__:<module>:162 - Epoch = 1450 / 2000
2026-03-24 07:50:37.956 | INFO     | __main__:<module>:225 - Training time taken = 202.35 seconds, Evaluation time taken = nan seconds, loss = 0.02954, fid = None
2026-03-24 07:50:37.956 | INFO     | __main__:<module>:162 - Epoch = 1451 / 2000
2026-03-24 07:54:01.116 | INFO     | __main__:<module>:225 - Training time taken = 203.16 seconds, Evaluation time taken = nan seconds, loss = 0.02914, fid = None
2026-03-24 07:54:01.116 | INFO     | __main__:<module>:162 - Epoch = 1452 / 2000
2026-03-24 07:57:24.791 | INFO     | __main__:<module>:225 - Training time taken = 203.67 seconds, Evaluation time taken = nan seconds, loss = 0.02972, fid = None
2026-03-24 07:57:24.791 | INFO     | __main__:<module>:162 - Epoch = 1453 / 2000
2026-03-24 08:00:48.451 | INFO     | __main__:<module>:225 - Training time taken = 203.66 seconds, Evaluation time taken = nan seconds, loss = 0.02939, fid = None
2026-03-24 08:00:48.452 | INFO     | __main__:<module>:162 - Epoch = 1454 / 2000
2026-03-24 08:04:16.087 | INFO     | __main__:<module>:225 - Training time taken = 207.63 seconds, Evaluation time taken = nan seconds, loss = 0.02933, fid = None
2026-03-24 08:04:16.087 | INFO     | __main__:<module>:162 - Epoch = 1455 / 2000
2026-03-24 08:07:40.455 | INFO     | __main__:<module>:225 - Training time taken = 204.37 seconds, Evaluation time taken = nan seconds, loss = 0.0294, fid = None
2026-03-24 08:07:40.455 | INFO     | __main__:<module>:162 - Epoch = 1456 / 2000
2026-03-24 08:11:04.209 | INFO     | __main__:<module>:225 - Training time taken = 203.75 seconds, Evaluation time taken = nan seconds, loss = 0.02915, fid = None
2026-03-24 08:11:04.209 | INFO     | __main__:<module>:162 - Epoch = 1457 / 2000
2026-03-24 08:14:26.746 | INFO     | __main__:<module>:225 - Training time taken = 202.54 seconds, Evaluation time taken = nan seconds, loss = 0.02969, fid = None
2026-03-24 08:14:26.747 | INFO     | __main__:<module>:162 - Epoch = 1458 / 2000
2026-03-24 08:17:50.464 | INFO     | __main__:<module>:225 - Training time taken = 203.72 seconds, Evaluation time taken = nan seconds, loss = 0.02964, fid = None
2026-03-24 08:17:50.464 | INFO     | __main__:<module>:162 - Epoch = 1459 / 2000
2026-03-24 08:21:13.318 | INFO     | __main__:<module>:225 - Training time taken = 202.85 seconds, Evaluation time taken = nan seconds, loss = 0.02935, fid = None
2026-03-24 08:21:13.319 | INFO     | __main__:<module>:162 - Epoch = 1460 / 2000
2026-03-24 08:24:35.351 | INFO     | __main__:<module>:225 - Training time taken = 202.03 seconds, Evaluation time taken = nan seconds, loss = 0.02945, fid = None
2026-03-24 08:24:35.351 | INFO     | __main__:<module>:162 - Epoch = 1461 / 2000
2026-03-24 08:27:58.760 | INFO     | __main__:<module>:225 - Training time taken = 203.41 seconds, Evaluation time taken = nan seconds, loss = 0.02896, fid = None
2026-03-24 08:27:58.760 | INFO     | __main__:<module>:162 - Epoch = 1462 / 2000
2026-03-24 08:31:19.919 | INFO     | __main__:<module>:225 - Training time taken = 201.16 seconds, Evaluation time taken = nan seconds, loss = 0.02951, fid = None
2026-03-24 08:31:19.919 | INFO     | __main__:<module>:162 - Epoch = 1463 / 2000
2026-03-24 08:34:44.907 | INFO     | __main__:<module>:225 - Training time taken = 204.99 seconds, Evaluation time taken = nan seconds, loss = 0.02923, fid = None
2026-03-24 08:34:44.907 | INFO     | __main__:<module>:162 - Epoch = 1464 / 2000
2026-03-24 08:38:16.102 | INFO     | __main__:<module>:225 - Training time taken = 211.19 seconds, Evaluation time taken = nan seconds, loss = 0.02966, fid = None
2026-03-24 08:38:16.118 | INFO     | __main__:<module>:162 - Epoch = 1465 / 2000
2026-03-24 08:41:45.083 | INFO     | __main__:<module>:225 - Training time taken = 208.96 seconds, Evaluation time taken = nan seconds, loss = 0.0291, fid = None
2026-03-24 08:41:45.084 | INFO     | __main__:<module>:162 - Epoch = 1466 / 2000
2026-03-24 08:45:08.931 | INFO     | __main__:<module>:225 - Training time taken = 203.85 seconds, Evaluation time taken = nan seconds, loss = 0.02948, fid = None
2026-03-24 08:45:08.931 | INFO     | __main__:<module>:162 - Epoch = 1467 / 2000
2026-03-24 08:48:31.795 | INFO     | __main__:<module>:225 - Training time taken = 202.86 seconds, Evaluation time taken = nan seconds, loss = 0.02965, fid = None
2026-03-24 08:48:31.795 | INFO     | __main__:<module>:162 - Epoch = 1468 / 2000
2026-03-24 08:51:55.424 | INFO     | __main__:<module>:225 - Training time taken = 203.63 seconds, Evaluation time taken = nan seconds, loss = 0.02941, fid = None
2026-03-24 08:51:55.424 | INFO     | __main__:<module>:162 - Epoch = 1469 / 2000
2026-03-24 08:55:18.506 | INFO     | __main__:<module>:225 - Training time taken = 203.08 seconds, Evaluation time taken = nan seconds, loss = 0.02937, fid = None
2026-03-24 08:55:18.506 | INFO     | __main__:<module>:162 - Epoch = 1470 / 2000
2026-03-24 08:58:40.330 | INFO     | __main__:<module>:225 - Training time taken = 201.82 seconds, Evaluation time taken = nan seconds, loss = 0.02962, fid = None
2026-03-24 08:58:40.330 | INFO     | __main__:<module>:162 - Epoch = 1471 / 2000
2026-03-24 09:02:03.142 | INFO     | __main__:<module>:225 - Training time taken = 202.81 seconds, Evaluation time taken = nan seconds, loss = 0.02948, fid = None
2026-03-24 09:02:03.143 | INFO     | __main__:<module>:162 - Epoch = 1472 / 2000
2026-03-24 09:05:28.331 | INFO     | __main__:<module>:225 - Training time taken = 205.19 seconds, Evaluation time taken = nan seconds, loss = 0.02979, fid = None
2026-03-24 09:05:28.331 | INFO     | __main__:<module>:162 - Epoch = 1473 / 2000
2026-03-24 09:08:51.313 | INFO     | __main__:<module>:225 - Training time taken = 202.98 seconds, Evaluation time taken = nan seconds, loss = 0.02967, fid = None
2026-03-24 09:08:51.330 | INFO     | __main__:<module>:162 - Epoch = 1474 / 2000
2026-03-24 09:12:14.738 | INFO     | __main__:<module>:225 - Training time taken = 203.41 seconds, Evaluation time taken = nan seconds, loss = 0.02887, fid = None
2026-03-24 09:12:14.739 | INFO     | __main__:<module>:162 - Epoch = 1475 / 2000
2026-03-24 09:15:37.797 | INFO     | __main__:<module>:225 - Training time taken = 203.06 seconds, Evaluation time taken = nan seconds, loss = 0.02904, fid = None
2026-03-24 09:15:37.797 | INFO     | __main__:<module>:162 - Epoch = 1476 / 2000
2026-03-24 09:18:58.427 | INFO     | __main__:<module>:225 - Training time taken = 200.63 seconds, Evaluation time taken = nan seconds, loss = 0.02895, fid = None
2026-03-24 09:18:58.427 | INFO     | __main__:<module>:162 - Epoch = 1477 / 2000
2026-03-24 09:22:21.033 | INFO     | __main__:<module>:225 - Training time taken = 202.6 seconds, Evaluation time taken = nan seconds, loss = 0.02943, fid = None
2026-03-24 09:22:21.033 | INFO     | __main__:<module>:162 - Epoch = 1478 / 2000
2026-03-24 09:25:45.779 | INFO     | __main__:<module>:225 - Training time taken = 204.74 seconds, Evaluation time taken = nan seconds, loss = 0.02967, fid = None
2026-03-24 09:25:45.779 | INFO     | __main__:<module>:162 - Epoch = 1479 / 2000
2026-03-24 09:29:16.184 | INFO     | __main__:<module>:225 - Training time taken = 210.4 seconds, Evaluation time taken = nan seconds, loss = 0.02967, fid = None
2026-03-24 09:29:16.184 | INFO     | __main__:<module>:162 - Epoch = 1480 / 2000
2026-03-24 09:32:41.937 | INFO     | __main__:<module>:225 - Training time taken = 205.75 seconds, Evaluation time taken = nan seconds, loss = 0.02972, fid = None
2026-03-24 09:32:41.937 | INFO     | __main__:<module>:162 - Epoch = 1481 / 2000
2026-03-24 09:36:03.836 | INFO     | __main__:<module>:225 - Training time taken = 201.9 seconds, Evaluation time taken = nan seconds, loss = 0.02922, fid = None
2026-03-24 09:36:03.837 | INFO     | __main__:<module>:162 - Epoch = 1482 / 2000
2026-03-24 09:39:24.758 | INFO     | __main__:<module>:225 - Training time taken = 200.92 seconds, Evaluation time taken = nan seconds, loss = 0.02962, fid = None
2026-03-24 09:39:24.758 | INFO     | __main__:<module>:162 - Epoch = 1483 / 2000
2026-03-24 09:42:51.151 | INFO     | __main__:<module>:225 - Training time taken = 206.39 seconds, Evaluation time taken = nan seconds, loss = 0.02935, fid = None
2026-03-24 09:42:51.151 | INFO     | __main__:<module>:162 - Epoch = 1484 / 2000
2026-03-24 09:46:17.039 | INFO     | __main__:<module>:225 - Training time taken = 205.89 seconds, Evaluation time taken = nan seconds, loss = 0.02942, fid = None
2026-03-24 09:46:17.039 | INFO     | __main__:<module>:162 - Epoch = 1485 / 2000
2026-03-24 09:49:39.100 | INFO     | __main__:<module>:225 - Training time taken = 202.06 seconds, Evaluation time taken = nan seconds, loss = 0.02938, fid = None
2026-03-24 09:49:39.100 | INFO     | __main__:<module>:162 - Epoch = 1486 / 2000
2026-03-24 09:53:02.571 | INFO     | __main__:<module>:225 - Training time taken = 203.47 seconds, Evaluation time taken = nan seconds, loss = 0.02903, fid = None
2026-03-24 09:53:02.571 | INFO     | __main__:<module>:162 - Epoch = 1487 / 2000
2026-03-24 09:56:27.856 | INFO     | __main__:<module>:225 - Training time taken = 205.28 seconds, Evaluation time taken = nan seconds, loss = 0.02893, fid = None
2026-03-24 09:56:27.856 | INFO     | __main__:<module>:162 - Epoch = 1488 / 2000
2026-03-24 09:59:51.625 | INFO     | __main__:<module>:225 - Training time taken = 203.77 seconds, Evaluation time taken = nan seconds, loss = 0.02942, fid = None
2026-03-24 09:59:51.625 | INFO     | __main__:<module>:162 - Epoch = 1489 / 2000
2026-03-24 10:03:13.095 | INFO     | __main__:<module>:225 - Training time taken = 201.47 seconds, Evaluation time taken = nan seconds, loss = 0.02937, fid = None
2026-03-24 10:03:13.095 | INFO     | __main__:<module>:162 - Epoch = 1490 / 2000
2026-03-24 10:06:37.937 | INFO     | __main__:<module>:225 - Training time taken = 204.84 seconds, Evaluation time taken = nan seconds, loss = 0.03, fid = None
2026-03-24 10:06:37.937 | INFO     | __main__:<module>:162 - Epoch = 1491 / 2000
2026-03-24 10:09:59.470 | INFO     | __main__:<module>:225 - Training time taken = 201.53 seconds, Evaluation time taken = nan seconds, loss = 0.02931, fid = None
2026-03-24 10:09:59.470 | INFO     | __main__:<module>:162 - Epoch = 1492 / 2000
2026-03-24 10:13:21.137 | INFO     | __main__:<module>:225 - Training time taken = 201.67 seconds, Evaluation time taken = nan seconds, loss = 0.02952, fid = None
2026-03-24 10:13:21.138 | INFO     | __main__:<module>:162 - Epoch = 1493 / 2000
2026-03-24 10:16:45.633 | INFO     | __main__:<module>:225 - Training time taken = 204.49 seconds, Evaluation time taken = nan seconds, loss = 0.02946, fid = None
2026-03-24 10:16:45.634 | INFO     | __main__:<module>:162 - Epoch = 1494 / 2000
2026-03-24 10:20:09.455 | INFO     | __main__:<module>:225 - Training time taken = 203.82 seconds, Evaluation time taken = nan seconds, loss = 0.02897, fid = None
2026-03-24 10:20:09.456 | INFO     | __main__:<module>:162 - Epoch = 1495 / 2000
2026-03-24 10:23:37.111 | INFO     | __main__:<module>:225 - Training time taken = 207.65 seconds, Evaluation time taken = nan seconds, loss = 0.02977, fid = None
2026-03-24 10:23:37.111 | INFO     | __main__:<module>:162 - Epoch = 1496 / 2000
2026-03-24 10:27:00.084 | INFO     | __main__:<module>:225 - Training time taken = 202.97 seconds, Evaluation time taken = nan seconds, loss = 0.02906, fid = None
2026-03-24 10:27:00.084 | INFO     | __main__:<module>:162 - Epoch = 1497 / 2000
2026-03-24 10:30:22.797 | INFO     | __main__:<module>:225 - Training time taken = 202.71 seconds, Evaluation time taken = nan seconds, loss = 0.02978, fid = None
2026-03-24 10:30:22.798 | INFO     | __main__:<module>:162 - Epoch = 1498 / 2000
2026-03-24 10:33:44.951 | INFO     | __main__:<module>:225 - Training time taken = 202.15 seconds, Evaluation time taken = nan seconds, loss = 0.02973, fid = None
2026-03-24 10:33:44.952 | INFO     | __main__:<module>:162 - Epoch = 1499 / 2000
2026-03-24 10:37:09.775 | INFO     | __main__:<module>:225 - Training time taken = 204.82 seconds, Evaluation time taken = nan seconds, loss = 0.02944, fid = None
2026-03-24 10:37:09.775 | INFO     | __main__:<module>:162 - Epoch = 1500 / 2000
2026-03-24 10:40:33.852 | INFO     | __main__:<module>:225 - Training time taken = 204.07 seconds, Evaluation time taken = nan seconds, loss = 0.02944, fid = None
2026-03-24 10:40:33.852 | INFO     | __main__:<module>:162 - Epoch = 1501 / 2000
2026-03-24 10:43:56.815 | INFO     | __main__:<module>:225 - Training time taken = 202.96 seconds, Evaluation time taken = nan seconds, loss = 0.02944, fid = None
2026-03-24 10:43:56.816 | INFO     | __main__:<module>:162 - Epoch = 1502 / 2000
2026-03-24 10:47:20.065 | INFO     | __main__:<module>:225 - Training time taken = 203.25 seconds, Evaluation time taken = nan seconds, loss = 0.02914, fid = None
2026-03-24 10:47:20.066 | INFO     | __main__:<module>:162 - Epoch = 1503 / 2000
2026-03-24 10:50:42.651 | INFO     | __main__:<module>:225 - Training time taken = 202.58 seconds, Evaluation time taken = nan seconds, loss = 0.02873, fid = None
2026-03-24 10:50:42.651 | INFO     | __main__:<module>:162 - Epoch = 1504 / 2000
2026-03-24 10:54:05.260 | INFO     | __main__:<module>:225 - Training time taken = 202.61 seconds, Evaluation time taken = nan seconds, loss = 0.02953, fid = None
2026-03-24 10:54:05.261 | INFO     | __main__:<module>:162 - Epoch = 1505 / 2000
2026-03-24 10:57:26.135 | INFO     | __main__:<module>:225 - Training time taken = 200.87 seconds, Evaluation time taken = nan seconds, loss = 0.02973, fid = None
2026-03-24 10:57:26.135 | INFO     | __main__:<module>:162 - Epoch = 1506 / 2000
2026-03-24 11:00:49.869 | INFO     | __main__:<module>:225 - Training time taken = 203.73 seconds, Evaluation time taken = nan seconds, loss = 0.02947, fid = None
2026-03-24 11:00:49.870 | INFO     | __main__:<module>:162 - Epoch = 1507 / 2000
2026-03-24 11:04:19.034 | INFO     | __main__:<module>:225 - Training time taken = 209.16 seconds, Evaluation time taken = nan seconds, loss = 0.02937, fid = None
2026-03-24 11:04:19.035 | INFO     | __main__:<module>:162 - Epoch = 1508 / 2000
2026-03-24 11:07:41.247 | INFO     | __main__:<module>:225 - Training time taken = 202.21 seconds, Evaluation time taken = nan seconds, loss = 0.02942, fid = None
2026-03-24 11:07:41.248 | INFO     | __main__:<module>:162 - Epoch = 1509 / 2000
2026-03-24 11:11:03.438 | INFO     | __main__:<module>:225 - Training time taken = 202.19 seconds, Evaluation time taken = nan seconds, loss = 0.02968, fid = None
2026-03-24 11:11:03.438 | INFO     | __main__:<module>:162 - Epoch = 1510 / 2000
2026-03-24 11:14:27.837 | INFO     | __main__:<module>:225 - Training time taken = 204.4 seconds, Evaluation time taken = nan seconds, loss = 0.02975, fid = None
2026-03-24 11:14:27.838 | INFO     | __main__:<module>:162 - Epoch = 1511 / 2000
2026-03-24 11:17:50.519 | INFO     | __main__:<module>:225 - Training time taken = 202.68 seconds, Evaluation time taken = nan seconds, loss = 0.02941, fid = None
2026-03-24 11:17:50.520 | INFO     | __main__:<module>:162 - Epoch = 1512 / 2000
2026-03-24 11:21:14.393 | INFO     | __main__:<module>:225 - Training time taken = 203.87 seconds, Evaluation time taken = nan seconds, loss = 0.02952, fid = None
2026-03-24 11:21:14.393 | INFO     | __main__:<module>:162 - Epoch = 1513 / 2000
2026-03-24 11:24:39.729 | INFO     | __main__:<module>:225 - Training time taken = 205.33 seconds, Evaluation time taken = nan seconds, loss = 0.02933, fid = None
2026-03-24 11:24:39.729 | INFO     | __main__:<module>:162 - Epoch = 1514 / 2000
2026-03-24 11:28:03.405 | INFO     | __main__:<module>:225 - Training time taken = 203.67 seconds, Evaluation time taken = nan seconds, loss = 0.02922, fid = None
2026-03-24 11:28:03.406 | INFO     | __main__:<module>:162 - Epoch = 1515 / 2000
2026-03-24 11:31:28.776 | INFO     | __main__:<module>:225 - Training time taken = 205.37 seconds, Evaluation time taken = nan seconds, loss = 0.02927, fid = None
2026-03-24 11:31:28.778 | INFO     | __main__:<module>:162 - Epoch = 1516 / 2000
2026-03-24 11:34:55.623 | INFO     | __main__:<module>:225 - Training time taken = 206.84 seconds, Evaluation time taken = nan seconds, loss = 0.03, fid = None
2026-03-24 11:34:55.623 | INFO     | __main__:<module>:162 - Epoch = 1517 / 2000
2026-03-24 11:38:19.745 | INFO     | __main__:<module>:225 - Training time taken = 204.12 seconds, Evaluation time taken = nan seconds, loss = 0.02953, fid = None
2026-03-24 11:38:19.746 | INFO     | __main__:<module>:162 - Epoch = 1518 / 2000
2026-03-24 11:41:44.602 | INFO     | __main__:<module>:225 - Training time taken = 204.85 seconds, Evaluation time taken = nan seconds, loss = 0.02935, fid = None
2026-03-24 11:41:44.602 | INFO     | __main__:<module>:162 - Epoch = 1519 / 2000
2026-03-24 11:45:05.427 | INFO     | __main__:<module>:225 - Training time taken = 200.82 seconds, Evaluation time taken = nan seconds, loss = 0.02923, fid = None
2026-03-24 11:45:05.428 | INFO     | __main__:<module>:162 - Epoch = 1520 / 2000
2026-03-24 11:48:30.141 | INFO     | __main__:<module>:225 - Training time taken = 204.71 seconds, Evaluation time taken = nan seconds, loss = 0.02926, fid = None
2026-03-24 11:48:30.142 | INFO     | __main__:<module>:162 - Epoch = 1521 / 2000
2026-03-24 11:52:02.364 | INFO     | __main__:<module>:225 - Training time taken = 212.2 seconds, Evaluation time taken = nan seconds, loss = 0.02942, fid = None
2026-03-24 11:52:02.365 | INFO     | __main__:<module>:162 - Epoch = 1522 / 2000
2026-03-24 11:55:36.895 | INFO     | __main__:<module>:225 - Training time taken = 214.36 seconds, Evaluation time taken = nan seconds, loss = 0.02982, fid = None
2026-03-24 11:55:36.895 | INFO     | __main__:<module>:162 - Epoch = 1523 / 2000
2026-03-24 11:59:09.294 | INFO     | __main__:<module>:225 - Training time taken = 212.4 seconds, Evaluation time taken = nan seconds, loss = 0.02952, fid = None
2026-03-24 11:59:09.295 | INFO     | __main__:<module>:162 - Epoch = 1524 / 2000
2026-03-24 12:02:40.703 | INFO     | __main__:<module>:225 - Training time taken = 211.41 seconds, Evaluation time taken = nan seconds, loss = 0.02961, fid = None
2026-03-24 12:02:40.703 | INFO     | __main__:<module>:162 - Epoch = 1525 / 2000
2026-03-24 12:06:12.503 | INFO     | __main__:<module>:225 - Training time taken = 211.8 seconds, Evaluation time taken = nan seconds, loss = 0.02918, fid = None
2026-03-24 12:06:12.503 | INFO     | __main__:<module>:162 - Epoch = 1526 / 2000
2026-03-24 12:09:42.255 | INFO     | __main__:<module>:225 - Training time taken = 209.75 seconds, Evaluation time taken = nan seconds, loss = 0.02916, fid = None
2026-03-24 12:09:42.255 | INFO     | __main__:<module>:162 - Epoch = 1527 / 2000
2026-03-24 12:13:11.947 | INFO     | __main__:<module>:225 - Training time taken = 209.69 seconds, Evaluation time taken = nan seconds, loss = 0.0298, fid = None
2026-03-24 12:13:11.947 | INFO     | __main__:<module>:162 - Epoch = 1528 / 2000
2026-03-24 12:16:43.459 | INFO     | __main__:<module>:225 - Training time taken = 211.51 seconds, Evaluation time taken = nan seconds, loss = 0.02892, fid = None
2026-03-24 12:16:43.459 | INFO     | __main__:<module>:162 - Epoch = 1529 / 2000
2026-03-24 12:20:10.288 | INFO     | __main__:<module>:225 - Training time taken = 206.83 seconds, Evaluation time taken = nan seconds, loss = 0.02977, fid = None
2026-03-24 12:20:10.288 | INFO     | __main__:<module>:162 - Epoch = 1530 / 2000
2026-03-24 12:23:40.696 | INFO     | __main__:<module>:225 - Training time taken = 210.41 seconds, Evaluation time taken = nan seconds, loss = 0.03002, fid = None
2026-03-24 12:23:40.697 | INFO     | __main__:<module>:162 - Epoch = 1531 / 2000
2026-03-24 12:27:09.516 | INFO     | __main__:<module>:225 - Training time taken = 208.8 seconds, Evaluation time taken = nan seconds, loss = 0.02942, fid = None
2026-03-24 12:27:09.516 | INFO     | __main__:<module>:162 - Epoch = 1532 / 2000
2026-03-24 12:30:38.374 | INFO     | __main__:<module>:225 - Training time taken = 208.86 seconds, Evaluation time taken = nan seconds, loss = 0.02969, fid = None
2026-03-24 12:30:38.375 | INFO     | __main__:<module>:162 - Epoch = 1533 / 2000
2026-03-24 12:34:04.262 | INFO     | __main__:<module>:225 - Training time taken = 205.89 seconds, Evaluation time taken = nan seconds, loss = 0.03025, fid = None
2026-03-24 12:34:04.262 | INFO     | __main__:<module>:162 - Epoch = 1534 / 2000
2026-03-24 12:37:34.390 | INFO     | __main__:<module>:225 - Training time taken = 210.13 seconds, Evaluation time taken = nan seconds, loss = 0.02957, fid = None
2026-03-24 12:37:34.391 | INFO     | __main__:<module>:162 - Epoch = 1535 / 2000
2026-03-24 12:41:02.342 | INFO     | __main__:<module>:225 - Training time taken = 207.95 seconds, Evaluation time taken = nan seconds, loss = 0.02943, fid = None
2026-03-24 12:41:02.342 | INFO     | __main__:<module>:162 - Epoch = 1536 / 2000
2026-03-24 12:44:27.227 | INFO     | __main__:<module>:225 - Training time taken = 204.88 seconds, Evaluation time taken = nan seconds, loss = 0.02911, fid = None
2026-03-24 12:44:27.227 | INFO     | __main__:<module>:162 - Epoch = 1537 / 2000
2026-03-24 12:47:55.863 | INFO     | __main__:<module>:225 - Training time taken = 208.63 seconds, Evaluation time taken = nan seconds, loss = 0.02949, fid = None
2026-03-24 12:47:55.863 | INFO     | __main__:<module>:162 - Epoch = 1538 / 2000
2026-03-24 12:51:24.637 | INFO     | __main__:<module>:225 - Training time taken = 208.77 seconds, Evaluation time taken = nan seconds, loss = 0.02932, fid = None
2026-03-24 12:51:24.638 | INFO     | __main__:<module>:162 - Epoch = 1539 / 2000
2026-03-24 12:54:46.178 | INFO     | __main__:<module>:225 - Training time taken = 201.54 seconds, Evaluation time taken = nan seconds, loss = 0.02915, fid = None
2026-03-24 12:54:46.178 | INFO     | __main__:<module>:162 - Epoch = 1540 / 2000
2026-03-24 12:58:12.975 | INFO     | __main__:<module>:225 - Training time taken = 206.8 seconds, Evaluation time taken = nan seconds, loss = 0.02891, fid = None
2026-03-24 12:58:12.975 | INFO     | __main__:<module>:162 - Epoch = 1541 / 2000
2026-03-24 13:01:42.594 | INFO     | __main__:<module>:225 - Training time taken = 209.62 seconds, Evaluation time taken = nan seconds, loss = 0.0298, fid = None
2026-03-24 13:01:42.595 | INFO     | __main__:<module>:162 - Epoch = 1542 / 2000
2026-03-24 13:05:11.470 | INFO     | __main__:<module>:225 - Training time taken = 208.87 seconds, Evaluation time taken = nan seconds, loss = 0.02959, fid = None
2026-03-24 13:05:11.470 | INFO     | __main__:<module>:162 - Epoch = 1543 / 2000
2026-03-24 13:08:40.303 | INFO     | __main__:<module>:225 - Training time taken = 208.83 seconds, Evaluation time taken = nan seconds, loss = 0.02939, fid = None
2026-03-24 13:08:40.303 | INFO     | __main__:<module>:162 - Epoch = 1544 / 2000
2026-03-24 13:12:11.479 | INFO     | __main__:<module>:225 - Training time taken = 211.17 seconds, Evaluation time taken = nan seconds, loss = 0.02955, fid = None
2026-03-24 13:12:11.479 | INFO     | __main__:<module>:162 - Epoch = 1545 / 2000
2026-03-24 13:15:36.983 | INFO     | __main__:<module>:225 - Training time taken = 205.5 seconds, Evaluation time taken = nan seconds, loss = 0.02924, fid = None
2026-03-24 13:15:36.983 | INFO     | __main__:<module>:162 - Epoch = 1546 / 2000
2026-03-24 13:19:04.539 | INFO     | __main__:<module>:225 - Training time taken = 207.55 seconds, Evaluation time taken = nan seconds, loss = 0.02943, fid = None
2026-03-24 13:19:04.540 | INFO     | __main__:<module>:162 - Epoch = 1547 / 2000
2026-03-24 13:22:34.992 | INFO     | __main__:<module>:225 - Training time taken = 210.45 seconds, Evaluation time taken = nan seconds, loss = 0.02942, fid = None
2026-03-24 13:22:34.993 | INFO     | __main__:<module>:162 - Epoch = 1548 / 2000
2026-03-24 13:25:59.818 | INFO     | __main__:<module>:225 - Training time taken = 204.82 seconds, Evaluation time taken = nan seconds, loss = 0.02947, fid = None
2026-03-24 13:25:59.818 | INFO     | __main__:<module>:162 - Epoch = 1549 / 2000
2026-03-24 13:29:27.878 | INFO     | __main__:<module>:225 - Training time taken = 208.06 seconds, Evaluation time taken = nan seconds, loss = 0.02894, fid = None
2026-03-24 13:29:27.879 | INFO     | __main__:<module>:162 - Epoch = 1550 / 2000
2026-03-24 13:33:00.795 | INFO     | __main__:<module>:225 - Training time taken = 212.91 seconds, Evaluation time taken = nan seconds, loss = 0.02934, fid = None
2026-03-24 13:33:00.796 | INFO     | __main__:<module>:162 - Epoch = 1551 / 2000
2026-03-24 13:36:32.115 | INFO     | __main__:<module>:225 - Training time taken = 211.32 seconds, Evaluation time taken = nan seconds, loss = 0.02946, fid = None
2026-03-24 13:36:32.115 | INFO     | __main__:<module>:162 - Epoch = 1552 / 2000
2026-03-24 13:40:01.103 | INFO     | __main__:<module>:225 - Training time taken = 208.99 seconds, Evaluation time taken = nan seconds, loss = 0.02954, fid = None
2026-03-24 13:40:01.103 | INFO     | __main__:<module>:162 - Epoch = 1553 / 2000
2026-03-24 13:43:30.345 | INFO     | __main__:<module>:225 - Training time taken = 209.24 seconds, Evaluation time taken = nan seconds, loss = 0.02995, fid = None
2026-03-24 13:43:30.346 | INFO     | __main__:<module>:162 - Epoch = 1554 / 2000
2026-03-24 13:46:59.761 | INFO     | __main__:<module>:225 - Training time taken = 209.41 seconds, Evaluation time taken = nan seconds, loss = 0.02939, fid = None
2026-03-24 13:46:59.761 | INFO     | __main__:<module>:162 - Epoch = 1555 / 2000
2026-03-24 13:50:26.095 | INFO     | __main__:<module>:225 - Training time taken = 206.33 seconds, Evaluation time taken = nan seconds, loss = 0.02906, fid = None
2026-03-24 13:50:26.095 | INFO     | __main__:<module>:162 - Epoch = 1556 / 2000
2026-03-24 13:53:53.763 | INFO     | __main__:<module>:225 - Training time taken = 207.67 seconds, Evaluation time taken = nan seconds, loss = 0.02925, fid = None
2026-03-24 13:53:53.764 | INFO     | __main__:<module>:162 - Epoch = 1557 / 2000
2026-03-24 13:57:21.515 | INFO     | __main__:<module>:225 - Training time taken = 207.75 seconds, Evaluation time taken = nan seconds, loss = 0.0295, fid = None
2026-03-24 13:57:21.515 | INFO     | __main__:<module>:162 - Epoch = 1558 / 2000
2026-03-24 14:00:52.871 | INFO     | __main__:<module>:225 - Training time taken = 211.35 seconds, Evaluation time taken = nan seconds, loss = 0.02927, fid = None
2026-03-24 14:00:52.871 | INFO     | __main__:<module>:162 - Epoch = 1559 / 2000
2026-03-24 14:04:22.493 | INFO     | __main__:<module>:225 - Training time taken = 209.62 seconds, Evaluation time taken = nan seconds, loss = 0.02904, fid = None
2026-03-24 14:04:22.493 | INFO     | __main__:<module>:162 - Epoch = 1560 / 2000
2026-03-24 14:07:50.209 | INFO     | __main__:<module>:225 - Training time taken = 207.71 seconds, Evaluation time taken = nan seconds, loss = 0.02926, fid = None
2026-03-24 14:07:50.210 | INFO     | __main__:<module>:162 - Epoch = 1561 / 2000
2026-03-24 14:11:15.647 | INFO     | __main__:<module>:225 - Training time taken = 205.44 seconds, Evaluation time taken = nan seconds, loss = 0.02889, fid = None
2026-03-24 14:11:15.647 | INFO     | __main__:<module>:162 - Epoch = 1562 / 2000
2026-03-24 14:14:44.607 | INFO     | __main__:<module>:225 - Training time taken = 208.96 seconds, Evaluation time taken = nan seconds, loss = 0.02936, fid = None
2026-03-24 14:14:44.607 | INFO     | __main__:<module>:162 - Epoch = 1563 / 2000
2026-03-24 14:18:11.459 | INFO     | __main__:<module>:225 - Training time taken = 206.85 seconds, Evaluation time taken = nan seconds, loss = 0.0297, fid = None
2026-03-24 14:18:11.460 | INFO     | __main__:<module>:162 - Epoch = 1564 / 2000
2026-03-24 14:21:47.991 | INFO     | __main__:<module>:225 - Training time taken = 216.53 seconds, Evaluation time taken = nan seconds, loss = 0.02907, fid = None
2026-03-24 14:21:47.991 | INFO     | __main__:<module>:162 - Epoch = 1565 / 2000
2026-03-24 14:25:17.716 | INFO     | __main__:<module>:225 - Training time taken = 209.72 seconds, Evaluation time taken = nan seconds, loss = 0.02918, fid = None
2026-03-24 14:25:17.717 | INFO     | __main__:<module>:162 - Epoch = 1566 / 2000
2026-03-24 14:28:51.662 | INFO     | __main__:<module>:225 - Training time taken = 213.94 seconds, Evaluation time taken = nan seconds, loss = 0.02922, fid = None
2026-03-24 14:28:51.678 | INFO     | __main__:<module>:162 - Epoch = 1567 / 2000
2026-03-24 14:32:25.653 | INFO     | __main__:<module>:225 - Training time taken = 213.97 seconds, Evaluation time taken = nan seconds, loss = 0.02892, fid = None
2026-03-24 14:32:25.653 | INFO     | __main__:<module>:162 - Epoch = 1568 / 2000
2026-03-24 14:35:57.862 | INFO     | __main__:<module>:225 - Training time taken = 212.21 seconds, Evaluation time taken = nan seconds, loss = 0.02981, fid = None
2026-03-24 14:35:57.862 | INFO     | __main__:<module>:162 - Epoch = 1569 / 2000
2026-03-24 14:39:32.286 | INFO     | __main__:<module>:225 - Training time taken = 214.42 seconds, Evaluation time taken = nan seconds, loss = 0.02927, fid = None
2026-03-24 14:39:32.287 | INFO     | __main__:<module>:162 - Epoch = 1570 / 2000
2026-03-24 14:43:04.237 | INFO     | __main__:<module>:225 - Training time taken = 211.95 seconds, Evaluation time taken = nan seconds, loss = 0.02946, fid = None
2026-03-24 14:43:04.237 | INFO     | __main__:<module>:162 - Epoch = 1571 / 2000
2026-03-24 14:46:36.611 | INFO     | __main__:<module>:225 - Training time taken = 212.37 seconds, Evaluation time taken = nan seconds, loss = 0.02943, fid = None
2026-03-24 14:46:36.611 | INFO     | __main__:<module>:162 - Epoch = 1572 / 2000
2026-03-24 14:50:08.833 | INFO     | __main__:<module>:225 - Training time taken = 212.22 seconds, Evaluation time taken = nan seconds, loss = 0.02942, fid = None
2026-03-24 14:50:08.833 | INFO     | __main__:<module>:162 - Epoch = 1573 / 2000
2026-03-24 14:53:39.949 | INFO     | __main__:<module>:225 - Training time taken = 211.1 seconds, Evaluation time taken = nan seconds, loss = 0.0294, fid = None
2026-03-24 14:53:39.949 | INFO     | __main__:<module>:162 - Epoch = 1574 / 2000
2026-03-24 14:57:07.112 | INFO     | __main__:<module>:225 - Training time taken = 207.16 seconds, Evaluation time taken = nan seconds, loss = 0.02905, fid = None
2026-03-24 14:57:07.113 | INFO     | __main__:<module>:162 - Epoch = 1575 / 2000
2026-03-24 15:00:33.885 | INFO     | __main__:<module>:225 - Training time taken = 206.77 seconds, Evaluation time taken = nan seconds, loss = 0.02925, fid = None
2026-03-24 15:00:33.886 | INFO     | __main__:<module>:162 - Epoch = 1576 / 2000
2026-03-24 15:04:05.571 | INFO     | __main__:<module>:225 - Training time taken = 211.68 seconds, Evaluation time taken = nan seconds, loss = 0.02965, fid = None
2026-03-24 15:04:05.571 | INFO     | __main__:<module>:162 - Epoch = 1577 / 2000
2026-03-24 15:07:33.187 | INFO     | __main__:<module>:225 - Training time taken = 207.61 seconds, Evaluation time taken = nan seconds, loss = 0.02918, fid = None
2026-03-24 15:07:33.188 | INFO     | __main__:<module>:162 - Epoch = 1578 / 2000
2026-03-24 15:11:06.060 | INFO     | __main__:<module>:225 - Training time taken = 212.87 seconds, Evaluation time taken = nan seconds, loss = 0.02932, fid = None
2026-03-24 15:11:06.060 | INFO     | __main__:<module>:162 - Epoch = 1579 / 2000
2026-03-24 15:14:36.675 | INFO     | __main__:<module>:225 - Training time taken = 210.61 seconds, Evaluation time taken = nan seconds, loss = 0.0297, fid = None
2026-03-24 15:14:36.675 | INFO     | __main__:<module>:162 - Epoch = 1580 / 2000
2026-03-24 15:18:04.863 | INFO     | __main__:<module>:225 - Training time taken = 208.19 seconds, Evaluation time taken = nan seconds, loss = 0.02898, fid = None
2026-03-24 15:18:04.864 | INFO     | __main__:<module>:162 - Epoch = 1581 / 2000
2026-03-24 15:21:33.125 | INFO     | __main__:<module>:225 - Training time taken = 208.26 seconds, Evaluation time taken = nan seconds, loss = 0.02861, fid = None
2026-03-24 15:21:33.125 | INFO     | __main__:<module>:162 - Epoch = 1582 / 2000
2026-03-24 15:25:04.248 | INFO     | __main__:<module>:225 - Training time taken = 211.1 seconds, Evaluation time taken = nan seconds, loss = 0.02924, fid = None
2026-03-24 15:25:04.248 | INFO     | __main__:<module>:162 - Epoch = 1583 / 2000
2026-03-24 15:28:37.415 | INFO     | __main__:<module>:225 - Training time taken = 213.16 seconds, Evaluation time taken = nan seconds, loss = 0.02908, fid = None
2026-03-24 15:28:37.415 | INFO     | __main__:<module>:162 - Epoch = 1584 / 2000
2026-03-24 15:32:10.733 | INFO     | __main__:<module>:225 - Training time taken = 213.32 seconds, Evaluation time taken = nan seconds, loss = 0.02956, fid = None
2026-03-24 15:32:10.733 | INFO     | __main__:<module>:162 - Epoch = 1585 / 2000
2026-03-24 15:35:41.007 | INFO     | __main__:<module>:225 - Training time taken = 210.27 seconds, Evaluation time taken = nan seconds, loss = 0.02932, fid = None
2026-03-24 15:35:41.007 | INFO     | __main__:<module>:162 - Epoch = 1586 / 2000
2026-03-24 15:39:15.031 | INFO     | __main__:<module>:225 - Training time taken = 214.02 seconds, Evaluation time taken = nan seconds, loss = 0.02967, fid = None
2026-03-24 15:39:15.032 | INFO     | __main__:<module>:162 - Epoch = 1587 / 2000
2026-03-24 15:42:43.913 | INFO     | __main__:<module>:225 - Training time taken = 208.88 seconds, Evaluation time taken = nan seconds, loss = 0.02958, fid = None
2026-03-24 15:42:43.914 | INFO     | __main__:<module>:162 - Epoch = 1588 / 2000
2026-03-24 15:46:13.322 | INFO     | __main__:<module>:225 - Training time taken = 209.41 seconds, Evaluation time taken = nan seconds, loss = 0.02946, fid = None
2026-03-24 15:46:13.322 | INFO     | __main__:<module>:162 - Epoch = 1589 / 2000
2026-03-24 15:49:46.107 | INFO     | __main__:<module>:225 - Training time taken = 212.78 seconds, Evaluation time taken = nan seconds, loss = 0.02934, fid = None
2026-03-24 15:49:46.108 | INFO     | __main__:<module>:162 - Epoch = 1590 / 2000
2026-03-24 15:53:15.189 | INFO     | __main__:<module>:225 - Training time taken = 209.08 seconds, Evaluation time taken = nan seconds, loss = 0.02894, fid = None
2026-03-24 15:53:15.190 | INFO     | __main__:<module>:162 - Epoch = 1591 / 2000
2026-03-24 15:56:49.842 | INFO     | __main__:<module>:225 - Training time taken = 214.65 seconds, Evaluation time taken = nan seconds, loss = 0.0293, fid = None
2026-03-24 15:56:49.842 | INFO     | __main__:<module>:162 - Epoch = 1592 / 2000
2026-03-24 16:00:24.255 | INFO     | __main__:<module>:225 - Training time taken = 214.41 seconds, Evaluation time taken = nan seconds, loss = 0.02908, fid = None
2026-03-24 16:00:24.256 | INFO     | __main__:<module>:162 - Epoch = 1593 / 2000
2026-03-24 16:03:54.781 | INFO     | __main__:<module>:225 - Training time taken = 210.52 seconds, Evaluation time taken = nan seconds, loss = 0.02974, fid = None
2026-03-24 16:03:54.781 | INFO     | __main__:<module>:162 - Epoch = 1594 / 2000
2026-03-24 16:07:27.286 | INFO     | __main__:<module>:225 - Training time taken = 212.5 seconds, Evaluation time taken = nan seconds, loss = 0.0295, fid = None
2026-03-24 16:07:27.287 | INFO     | __main__:<module>:162 - Epoch = 1595 / 2000
2026-03-24 16:10:53.303 | INFO     | __main__:<module>:225 - Training time taken = 206.01 seconds, Evaluation time taken = nan seconds, loss = 0.02935, fid = None
2026-03-24 16:10:53.303 | INFO     | __main__:<module>:162 - Epoch = 1596 / 2000
2026-03-24 16:14:24.296 | INFO     | __main__:<module>:225 - Training time taken = 210.99 seconds, Evaluation time taken = nan seconds, loss = 0.02905, fid = None
2026-03-24 16:14:24.296 | INFO     | __main__:<module>:162 - Epoch = 1597 / 2000
2026-03-24 16:17:58.467 | INFO     | __main__:<module>:225 - Training time taken = 214.17 seconds, Evaluation time taken = nan seconds, loss = 0.02966, fid = None
2026-03-24 16:17:58.467 | INFO     | __main__:<module>:162 - Epoch = 1598 / 2000
2026-03-24 16:21:29.307 | INFO     | __main__:<module>:225 - Training time taken = 210.84 seconds, Evaluation time taken = nan seconds, loss = 0.02929, fid = None
2026-03-24 16:21:29.307 | INFO     | __main__:<module>:162 - Epoch = 1599 / 2000
2026-03-24 16:24:56.945 | INFO     | __main__:<module>:225 - Training time taken = 207.64 seconds, Evaluation time taken = nan seconds, loss = 0.02945, fid = None
2026-03-24 16:24:56.945 | INFO     | __main__:<module>:162 - Epoch = 1600 / 2000
2026-03-24 16:28:29.600 | INFO     | __main__:<module>:225 - Training time taken = 212.65 seconds, Evaluation time taken = nan seconds, loss = 0.02955, fid = None
2026-03-24 16:28:29.600 | INFO     | __main__:<module>:162 - Epoch = 1601 / 2000
2026-03-24 16:32:00.986 | INFO     | __main__:<module>:225 - Training time taken = 211.38 seconds, Evaluation time taken = nan seconds, loss = 0.02927, fid = None
2026-03-24 16:32:00.989 | INFO     | __main__:<module>:162 - Epoch = 1602 / 2000
2026-03-24 16:35:31.094 | INFO     | __main__:<module>:225 - Training time taken = 210.1 seconds, Evaluation time taken = nan seconds, loss = 0.0293, fid = None
2026-03-24 16:35:31.095 | INFO     | __main__:<module>:162 - Epoch = 1603 / 2000
2026-03-24 16:39:07.047 | INFO     | __main__:<module>:225 - Training time taken = 215.95 seconds, Evaluation time taken = nan seconds, loss = 0.02893, fid = None
2026-03-24 16:39:07.048 | INFO     | __main__:<module>:162 - Epoch = 1604 / 2000
2026-03-24 16:42:31.379 | INFO     | __main__:<module>:225 - Training time taken = 204.33 seconds, Evaluation time taken = nan seconds, loss = 0.02896, fid = None
2026-03-24 16:42:31.380 | INFO     | __main__:<module>:162 - Epoch = 1605 / 2000
2026-03-24 16:45:54.629 | INFO     | __main__:<module>:225 - Training time taken = 203.25 seconds, Evaluation time taken = nan seconds, loss = 0.02907, fid = None
2026-03-24 16:45:54.630 | INFO     | __main__:<module>:162 - Epoch = 1606 / 2000
2026-03-24 16:49:18.575 | INFO     | __main__:<module>:225 - Training time taken = 203.94 seconds, Evaluation time taken = nan seconds, loss = 0.02889, fid = None
2026-03-24 16:49:18.575 | INFO     | __main__:<module>:162 - Epoch = 1607 / 2000
2026-03-24 16:52:40.139 | INFO     | __main__:<module>:225 - Training time taken = 201.56 seconds, Evaluation time taken = nan seconds, loss = 0.02881, fid = None
2026-03-24 16:52:40.139 | INFO     | __main__:<module>:162 - Epoch = 1608 / 2000
2026-03-24 16:56:03.604 | INFO     | __main__:<module>:225 - Training time taken = 203.46 seconds, Evaluation time taken = nan seconds, loss = 0.0292, fid = None
2026-03-24 16:56:03.604 | INFO     | __main__:<module>:162 - Epoch = 1609 / 2000
2026-03-24 16:59:30.988 | INFO     | __main__:<module>:225 - Training time taken = 207.38 seconds, Evaluation time taken = nan seconds, loss = 0.0291, fid = None
2026-03-24 16:59:30.989 | INFO     | __main__:<module>:162 - Epoch = 1610 / 2000
2026-03-24 17:02:59.551 | INFO     | __main__:<module>:225 - Training time taken = 208.56 seconds, Evaluation time taken = nan seconds, loss = 0.02959, fid = None
2026-03-24 17:02:59.552 | INFO     | __main__:<module>:162 - Epoch = 1611 / 2000
2026-03-24 17:06:25.999 | INFO     | __main__:<module>:225 - Training time taken = 206.45 seconds, Evaluation time taken = nan seconds, loss = 0.02982, fid = None
2026-03-24 17:06:25.999 | INFO     | __main__:<module>:162 - Epoch = 1612 / 2000
2026-03-24 17:09:54.152 | INFO     | __main__:<module>:225 - Training time taken = 208.15 seconds, Evaluation time taken = nan seconds, loss = 0.02964, fid = None
2026-03-24 17:09:54.152 | INFO     | __main__:<module>:162 - Epoch = 1613 / 2000
2026-03-24 17:13:25.839 | INFO     | __main__:<module>:225 - Training time taken = 211.69 seconds, Evaluation time taken = nan seconds, loss = 0.02901, fid = None
2026-03-24 17:13:25.840 | INFO     | __main__:<module>:162 - Epoch = 1614 / 2000
2026-03-24 17:16:55.477 | INFO     | __main__:<module>:225 - Training time taken = 209.62 seconds, Evaluation time taken = nan seconds, loss = 0.02968, fid = None
2026-03-24 17:16:55.477 | INFO     | __main__:<module>:162 - Epoch = 1615 / 2000
2026-03-24 17:20:25.055 | INFO     | __main__:<module>:225 - Training time taken = 209.58 seconds, Evaluation time taken = nan seconds, loss = 0.02894, fid = None
2026-03-24 17:20:25.056 | INFO     | __main__:<module>:162 - Epoch = 1616 / 2000
2026-03-24 17:23:51.780 | INFO     | __main__:<module>:225 - Training time taken = 206.72 seconds, Evaluation time taken = nan seconds, loss = 0.02891, fid = None
2026-03-24 17:23:51.780 | INFO     | __main__:<module>:162 - Epoch = 1617 / 2000
2026-03-24 17:27:15.088 | INFO     | __main__:<module>:225 - Training time taken = 203.31 seconds, Evaluation time taken = nan seconds, loss = 0.02961, fid = None
2026-03-24 17:27:15.089 | INFO     | __main__:<module>:162 - Epoch = 1618 / 2000
2026-03-24 17:30:39.579 | INFO     | __main__:<module>:225 - Training time taken = 204.49 seconds, Evaluation time taken = nan seconds, loss = 0.0298, fid = None
2026-03-24 17:30:39.580 | INFO     | __main__:<module>:162 - Epoch = 1619 / 2000
2026-03-24 17:34:00.793 | INFO     | __main__:<module>:225 - Training time taken = 201.21 seconds, Evaluation time taken = nan seconds, loss = 0.02935, fid = None
2026-03-24 17:34:00.794 | INFO     | __main__:<module>:162 - Epoch = 1620 / 2000
2026-03-24 17:37:22.511 | INFO     | __main__:<module>:225 - Training time taken = 201.72 seconds, Evaluation time taken = nan seconds, loss = 0.02924, fid = None
2026-03-24 17:37:22.512 | INFO     | __main__:<module>:162 - Epoch = 1621 / 2000
2026-03-24 17:40:45.647 | INFO     | __main__:<module>:225 - Training time taken = 203.13 seconds, Evaluation time taken = nan seconds, loss = 0.02938, fid = None
2026-03-24 17:40:45.648 | INFO     | __main__:<module>:162 - Epoch = 1622 / 2000
2026-03-24 17:44:07.581 | INFO     | __main__:<module>:225 - Training time taken = 201.93 seconds, Evaluation time taken = nan seconds, loss = 0.02959, fid = None
2026-03-24 17:44:07.582 | INFO     | __main__:<module>:162 - Epoch = 1623 / 2000
2026-03-24 17:47:30.833 | INFO     | __main__:<module>:225 - Training time taken = 203.25 seconds, Evaluation time taken = nan seconds, loss = 0.02957, fid = None
2026-03-24 17:47:30.833 | INFO     | __main__:<module>:162 - Epoch = 1624 / 2000
2026-03-24 17:50:54.667 | INFO     | __main__:<module>:225 - Training time taken = 203.83 seconds, Evaluation time taken = nan seconds, loss = 0.02945, fid = None
2026-03-24 17:50:54.667 | INFO     | __main__:<module>:162 - Epoch = 1625 / 2000
2026-03-24 17:54:18.263 | INFO     | __main__:<module>:225 - Training time taken = 203.59 seconds, Evaluation time taken = nan seconds, loss = 0.02927, fid = None
2026-03-24 17:54:18.264 | INFO     | __main__:<module>:162 - Epoch = 1626 / 2000
2026-03-24 17:57:45.124 | INFO     | __main__:<module>:225 - Training time taken = 206.86 seconds, Evaluation time taken = nan seconds, loss = 0.02954, fid = None
2026-03-24 17:57:45.124 | INFO     | __main__:<module>:162 - Epoch = 1627 / 2000
2026-03-24 18:01:07.774 | INFO     | __main__:<module>:225 - Training time taken = 202.65 seconds, Evaluation time taken = nan seconds, loss = 0.02966, fid = None
2026-03-24 18:01:07.775 | INFO     | __main__:<module>:162 - Epoch = 1628 / 2000
2026-03-24 18:04:30.435 | INFO     | __main__:<module>:225 - Training time taken = 202.66 seconds, Evaluation time taken = nan seconds, loss = 0.02948, fid = None
2026-03-24 18:04:30.436 | INFO     | __main__:<module>:162 - Epoch = 1629 / 2000
2026-03-24 18:07:55.002 | INFO     | __main__:<module>:225 - Training time taken = 204.56 seconds, Evaluation time taken = nan seconds, loss = 0.02955, fid = None
2026-03-24 18:07:55.002 | INFO     | __main__:<module>:162 - Epoch = 1630 / 2000
2026-03-24 18:11:17.964 | INFO     | __main__:<module>:225 - Training time taken = 202.96 seconds, Evaluation time taken = nan seconds, loss = 0.02933, fid = None
2026-03-24 18:11:17.964 | INFO     | __main__:<module>:162 - Epoch = 1631 / 2000
2026-03-24 18:14:42.735 | INFO     | __main__:<module>:225 - Training time taken = 204.77 seconds, Evaluation time taken = nan seconds, loss = 0.02934, fid = None
2026-03-24 18:14:42.735 | INFO     | __main__:<module>:162 - Epoch = 1632 / 2000
2026-03-24 18:18:06.336 | INFO     | __main__:<module>:225 - Training time taken = 203.6 seconds, Evaluation time taken = nan seconds, loss = 0.02936, fid = None
2026-03-24 18:18:06.336 | INFO     | __main__:<module>:162 - Epoch = 1633 / 2000
2026-03-24 18:21:29.664 | INFO     | __main__:<module>:225 - Training time taken = 203.33 seconds, Evaluation time taken = nan seconds, loss = 0.02958, fid = None
2026-03-24 18:21:29.664 | INFO     | __main__:<module>:162 - Epoch = 1634 / 2000
2026-03-24 18:24:52.340 | INFO     | __main__:<module>:225 - Training time taken = 202.67 seconds, Evaluation time taken = nan seconds, loss = 0.02921, fid = None
2026-03-24 18:24:52.344 | INFO     | __main__:<module>:162 - Epoch = 1635 / 2000
2026-03-24 18:28:14.389 | INFO     | __main__:<module>:225 - Training time taken = 202.04 seconds, Evaluation time taken = nan seconds, loss = 0.02929, fid = None
2026-03-24 18:28:14.389 | INFO     | __main__:<module>:162 - Epoch = 1636 / 2000
2026-03-24 18:31:36.366 | INFO     | __main__:<module>:225 - Training time taken = 201.97 seconds, Evaluation time taken = nan seconds, loss = 0.03007, fid = None
2026-03-24 18:31:36.366 | INFO     | __main__:<module>:162 - Epoch = 1637 / 2000
2026-03-24 18:34:57.976 | INFO     | __main__:<module>:225 - Training time taken = 201.61 seconds, Evaluation time taken = nan seconds, loss = 0.02988, fid = None
2026-03-24 18:34:57.977 | INFO     | __main__:<module>:162 - Epoch = 1638 / 2000
2026-03-24 18:38:18.843 | INFO     | __main__:<module>:225 - Training time taken = 200.86 seconds, Evaluation time taken = nan seconds, loss = 0.02935, fid = None
2026-03-24 18:38:18.843 | INFO     | __main__:<module>:162 - Epoch = 1639 / 2000
2026-03-24 18:41:41.155 | INFO     | __main__:<module>:225 - Training time taken = 202.31 seconds, Evaluation time taken = nan seconds, loss = 0.02929, fid = None
2026-03-24 18:41:41.155 | INFO     | __main__:<module>:162 - Epoch = 1640 / 2000
2026-03-24 18:45:01.633 | INFO     | __main__:<module>:225 - Training time taken = 200.48 seconds, Evaluation time taken = nan seconds, loss = 0.02984, fid = None
2026-03-24 18:45:01.633 | INFO     | __main__:<module>:162 - Epoch = 1641 / 2000
2026-03-24 18:48:22.725 | INFO     | __main__:<module>:225 - Training time taken = 201.09 seconds, Evaluation time taken = nan seconds, loss = 0.02934, fid = None
2026-03-24 18:48:22.726 | INFO     | __main__:<module>:162 - Epoch = 1642 / 2000
2026-03-24 18:51:43.328 | INFO     | __main__:<module>:225 - Training time taken = 200.6 seconds, Evaluation time taken = nan seconds, loss = 0.02885, fid = None
2026-03-24 18:51:43.329 | INFO     | __main__:<module>:162 - Epoch = 1643 / 2000
2026-03-24 18:55:04.563 | INFO     | __main__:<module>:225 - Training time taken = 201.23 seconds, Evaluation time taken = nan seconds, loss = 0.02924, fid = None
2026-03-24 18:55:04.563 | INFO     | __main__:<module>:162 - Epoch = 1644 / 2000
2026-03-24 18:58:25.586 | INFO     | __main__:<module>:225 - Training time taken = 201.02 seconds, Evaluation time taken = nan seconds, loss = 0.02934, fid = None
2026-03-24 18:58:25.586 | INFO     | __main__:<module>:162 - Epoch = 1645 / 2000
2026-03-24 19:01:45.419 | INFO     | __main__:<module>:225 - Training time taken = 199.83 seconds, Evaluation time taken = nan seconds, loss = 0.02994, fid = None
2026-03-24 19:01:45.420 | INFO     | __main__:<module>:162 - Epoch = 1646 / 2000
2026-03-24 19:05:07.013 | INFO     | __main__:<module>:225 - Training time taken = 201.59 seconds, Evaluation time taken = nan seconds, loss = 0.02899, fid = None
2026-03-24 19:05:07.013 | INFO     | __main__:<module>:162 - Epoch = 1647 / 2000
2026-03-24 19:08:29.239 | INFO     | __main__:<module>:225 - Training time taken = 202.22 seconds, Evaluation time taken = nan seconds, loss = 0.02916, fid = None
2026-03-24 19:08:29.240 | INFO     | __main__:<module>:162 - Epoch = 1648 / 2000
2026-03-24 19:11:46.448 | INFO     | __main__:<module>:225 - Training time taken = 197.21 seconds, Evaluation time taken = nan seconds, loss = 0.0293, fid = None
2026-03-24 19:11:46.448 | INFO     | __main__:<module>:162 - Epoch = 1649 / 2000
2026-03-24 19:15:01.661 | INFO     | __main__:<module>:225 - Training time taken = 195.21 seconds, Evaluation time taken = nan seconds, loss = 0.02942, fid = None
2026-03-24 19:15:01.661 | INFO     | __main__:<module>:162 - Epoch = 1650 / 2000
2026-03-24 19:18:17.045 | INFO     | __main__:<module>:225 - Training time taken = 195.38 seconds, Evaluation time taken = nan seconds, loss = 0.02941, fid = None
2026-03-24 19:18:17.045 | INFO     | __main__:<module>:162 - Epoch = 1651 / 2000
2026-03-24 19:21:32.593 | INFO     | __main__:<module>:225 - Training time taken = 195.55 seconds, Evaluation time taken = nan seconds, loss = 0.0294, fid = None
2026-03-24 19:21:32.594 | INFO     | __main__:<module>:162 - Epoch = 1652 / 2000
2026-03-24 19:24:47.615 | INFO     | __main__:<module>:225 - Training time taken = 195.02 seconds, Evaluation time taken = nan seconds, loss = 0.02909, fid = None
2026-03-24 19:24:47.615 | INFO     | __main__:<module>:162 - Epoch = 1653 / 2000
2026-03-24 19:28:02.459 | INFO     | __main__:<module>:225 - Training time taken = 194.84 seconds, Evaluation time taken = nan seconds, loss = 0.02891, fid = None
2026-03-24 19:28:02.460 | INFO     | __main__:<module>:162 - Epoch = 1654 / 2000
2026-03-24 19:31:17.802 | INFO     | __main__:<module>:225 - Training time taken = 195.34 seconds, Evaluation time taken = nan seconds, loss = 0.02942, fid = None
2026-03-24 19:31:17.802 | INFO     | __main__:<module>:162 - Epoch = 1655 / 2000
2026-03-24 19:34:32.934 | INFO     | __main__:<module>:225 - Training time taken = 195.13 seconds, Evaluation time taken = nan seconds, loss = 0.02873, fid = None
2026-03-24 19:34:32.935 | INFO     | __main__:<module>:162 - Epoch = 1656 / 2000
2026-03-24 19:37:48.928 | INFO     | __main__:<module>:225 - Training time taken = 195.99 seconds, Evaluation time taken = nan seconds, loss = 0.02965, fid = None
2026-03-24 19:37:48.929 | INFO     | __main__:<module>:162 - Epoch = 1657 / 2000
2026-03-24 19:41:05.171 | INFO     | __main__:<module>:225 - Training time taken = 196.24 seconds, Evaluation time taken = nan seconds, loss = 0.0291, fid = None
2026-03-24 19:41:05.172 | INFO     | __main__:<module>:162 - Epoch = 1658 / 2000
2026-03-24 19:44:20.919 | INFO     | __main__:<module>:225 - Training time taken = 195.75 seconds, Evaluation time taken = nan seconds, loss = 0.0296, fid = None
2026-03-24 19:44:20.919 | INFO     | __main__:<module>:162 - Epoch = 1659 / 2000
2026-03-24 19:47:36.157 | INFO     | __main__:<module>:225 - Training time taken = 195.24 seconds, Evaluation time taken = nan seconds, loss = 0.02903, fid = None
2026-03-24 19:47:36.157 | INFO     | __main__:<module>:162 - Epoch = 1660 / 2000
2026-03-24 19:50:50.244 | INFO     | __main__:<module>:225 - Training time taken = 194.09 seconds, Evaluation time taken = nan seconds, loss = 0.02911, fid = None
2026-03-24 19:50:50.245 | INFO     | __main__:<module>:162 - Epoch = 1661 / 2000
2026-03-24 19:54:04.408 | INFO     | __main__:<module>:225 - Training time taken = 194.16 seconds, Evaluation time taken = nan seconds, loss = 0.02988, fid = None
2026-03-24 19:54:04.409 | INFO     | __main__:<module>:162 - Epoch = 1662 / 2000
2026-03-24 19:57:18.104 | INFO     | __main__:<module>:225 - Training time taken = 193.69 seconds, Evaluation time taken = nan seconds, loss = 0.02917, fid = None
2026-03-24 19:57:18.105 | INFO     | __main__:<module>:162 - Epoch = 1663 / 2000
2026-03-24 20:00:32.182 | INFO     | __main__:<module>:225 - Training time taken = 194.08 seconds, Evaluation time taken = nan seconds, loss = 0.02948, fid = None
2026-03-24 20:00:32.182 | INFO     | __main__:<module>:162 - Epoch = 1664 / 2000
2026-03-24 20:03:46.695 | INFO     | __main__:<module>:225 - Training time taken = 194.51 seconds, Evaluation time taken = nan seconds, loss = 0.02938, fid = None
2026-03-24 20:03:46.695 | INFO     | __main__:<module>:162 - Epoch = 1665 / 2000
2026-03-24 20:07:01.257 | INFO     | __main__:<module>:225 - Training time taken = 194.56 seconds, Evaluation time taken = nan seconds, loss = 0.02944, fid = None
2026-03-24 20:07:01.258 | INFO     | __main__:<module>:162 - Epoch = 1666 / 2000
2026-03-24 20:10:16.129 | INFO     | __main__:<module>:225 - Training time taken = 194.87 seconds, Evaluation time taken = nan seconds, loss = 0.02944, fid = None
2026-03-24 20:10:16.129 | INFO     | __main__:<module>:162 - Epoch = 1667 / 2000
2026-03-24 20:13:30.572 | INFO     | __main__:<module>:225 - Training time taken = 194.44 seconds, Evaluation time taken = nan seconds, loss = 0.02922, fid = None
2026-03-24 20:13:30.572 | INFO     | __main__:<module>:162 - Epoch = 1668 / 2000
2026-03-24 20:16:45.174 | INFO     | __main__:<module>:225 - Training time taken = 194.6 seconds, Evaluation time taken = nan seconds, loss = 0.02953, fid = None
2026-03-24 20:16:45.175 | INFO     | __main__:<module>:162 - Epoch = 1669 / 2000
2026-03-24 20:19:59.549 | INFO     | __main__:<module>:225 - Training time taken = 194.37 seconds, Evaluation time taken = nan seconds, loss = 0.02996, fid = None
2026-03-24 20:19:59.549 | INFO     | __main__:<module>:162 - Epoch = 1670 / 2000
2026-03-24 20:23:14.077 | INFO     | __main__:<module>:225 - Training time taken = 194.53 seconds, Evaluation time taken = nan seconds, loss = 0.029, fid = None
2026-03-24 20:23:14.077 | INFO     | __main__:<module>:162 - Epoch = 1671 / 2000
2026-03-24 20:26:28.690 | INFO     | __main__:<module>:225 - Training time taken = 194.61 seconds, Evaluation time taken = nan seconds, loss = 0.0288, fid = None
2026-03-24 20:26:28.690 | INFO     | __main__:<module>:162 - Epoch = 1672 / 2000
2026-03-24 20:29:44.008 | INFO     | __main__:<module>:225 - Training time taken = 195.32 seconds, Evaluation time taken = nan seconds, loss = 0.02923, fid = None
2026-03-24 20:29:44.009 | INFO     | __main__:<module>:162 - Epoch = 1673 / 2000
2026-03-24 20:32:59.251 | INFO     | __main__:<module>:225 - Training time taken = 195.24 seconds, Evaluation time taken = nan seconds, loss = 0.02958, fid = None
2026-03-24 20:32:59.251 | INFO     | __main__:<module>:162 - Epoch = 1674 / 2000
2026-03-24 20:36:14.218 | INFO     | __main__:<module>:225 - Training time taken = 194.97 seconds, Evaluation time taken = nan seconds, loss = 0.02934, fid = None
2026-03-24 20:36:14.218 | INFO     | __main__:<module>:162 - Epoch = 1675 / 2000
2026-03-24 20:39:29.201 | INFO     | __main__:<module>:225 - Training time taken = 194.98 seconds, Evaluation time taken = nan seconds, loss = 0.02949, fid = None
2026-03-24 20:39:29.201 | INFO     | __main__:<module>:162 - Epoch = 1676 / 2000
2026-03-24 20:42:45.121 | INFO     | __main__:<module>:225 - Training time taken = 195.92 seconds, Evaluation time taken = nan seconds, loss = 0.02942, fid = None
2026-03-24 20:42:45.122 | INFO     | __main__:<module>:162 - Epoch = 1677 / 2000
2026-03-24 20:46:00.159 | INFO     | __main__:<module>:225 - Training time taken = 195.04 seconds, Evaluation time taken = nan seconds, loss = 0.02922, fid = None
2026-03-24 20:46:00.159 | INFO     | __main__:<module>:162 - Epoch = 1678 / 2000
2026-03-24 20:49:15.076 | INFO     | __main__:<module>:225 - Training time taken = 194.92 seconds, Evaluation time taken = nan seconds, loss = 0.02958, fid = None
2026-03-24 20:49:15.076 | INFO     | __main__:<module>:162 - Epoch = 1679 / 2000
2026-03-24 20:52:30.431 | INFO     | __main__:<module>:225 - Training time taken = 195.35 seconds, Evaluation time taken = nan seconds, loss = 0.02928, fid = None
2026-03-24 20:52:30.431 | INFO     | __main__:<module>:162 - Epoch = 1680 / 2000
2026-03-24 20:55:45.798 | INFO     | __main__:<module>:225 - Training time taken = 195.37 seconds, Evaluation time taken = nan seconds, loss = 0.0292, fid = None
2026-03-24 20:55:45.799 | INFO     | __main__:<module>:162 - Epoch = 1681 / 2000
2026-03-24 20:59:01.191 | INFO     | __main__:<module>:225 - Training time taken = 195.39 seconds, Evaluation time taken = nan seconds, loss = 0.0293, fid = None
2026-03-24 20:59:01.191 | INFO     | __main__:<module>:162 - Epoch = 1682 / 2000
2026-03-24 21:02:17.157 | INFO     | __main__:<module>:225 - Training time taken = 195.96 seconds, Evaluation time taken = nan seconds, loss = 0.0287, fid = None
2026-03-24 21:02:17.157 | INFO     | __main__:<module>:162 - Epoch = 1683 / 2000
2026-03-24 21:05:33.927 | INFO     | __main__:<module>:225 - Training time taken = 196.77 seconds, Evaluation time taken = nan seconds, loss = 0.02975, fid = None
2026-03-24 21:05:33.927 | INFO     | __main__:<module>:162 - Epoch = 1684 / 2000
2026-03-24 21:08:50.753 | INFO     | __main__:<module>:225 - Training time taken = 196.82 seconds, Evaluation time taken = nan seconds, loss = 0.02991, fid = None
2026-03-24 21:08:50.754 | INFO     | __main__:<module>:162 - Epoch = 1685 / 2000
2026-03-24 21:12:07.027 | INFO     | __main__:<module>:225 - Training time taken = 196.27 seconds, Evaluation time taken = nan seconds, loss = 0.02944, fid = None
2026-03-24 21:12:07.027 | INFO     | __main__:<module>:162 - Epoch = 1686 / 2000
2026-03-24 21:15:22.730 | INFO     | __main__:<module>:225 - Training time taken = 195.7 seconds, Evaluation time taken = nan seconds, loss = 0.02881, fid = None
2026-03-24 21:15:22.731 | INFO     | __main__:<module>:162 - Epoch = 1687 / 2000
2026-03-24 21:18:37.578 | INFO     | __main__:<module>:225 - Training time taken = 194.85 seconds, Evaluation time taken = nan seconds, loss = 0.0292, fid = None
2026-03-24 21:18:37.579 | INFO     | __main__:<module>:162 - Epoch = 1688 / 2000
2026-03-24 21:21:51.716 | INFO     | __main__:<module>:225 - Training time taken = 194.14 seconds, Evaluation time taken = nan seconds, loss = 0.02903, fid = None
2026-03-24 21:21:51.717 | INFO     | __main__:<module>:162 - Epoch = 1689 / 2000
2026-03-24 21:25:06.167 | INFO     | __main__:<module>:225 - Training time taken = 194.45 seconds, Evaluation time taken = nan seconds, loss = 0.02885, fid = None
2026-03-24 21:25:06.168 | INFO     | __main__:<module>:162 - Epoch = 1690 / 2000
2026-03-24 21:28:20.207 | INFO     | __main__:<module>:225 - Training time taken = 194.04 seconds, Evaluation time taken = nan seconds, loss = 0.02907, fid = None
2026-03-24 21:28:20.207 | INFO     | __main__:<module>:162 - Epoch = 1691 / 2000
2026-03-24 21:31:34.345 | INFO     | __main__:<module>:225 - Training time taken = 194.14 seconds, Evaluation time taken = nan seconds, loss = 0.02882, fid = None
2026-03-24 21:31:34.347 | INFO     | __main__:<module>:162 - Epoch = 1692 / 2000
2026-03-24 21:34:48.784 | INFO     | __main__:<module>:225 - Training time taken = 194.44 seconds, Evaluation time taken = nan seconds, loss = 0.02929, fid = None
2026-03-24 21:34:48.785 | INFO     | __main__:<module>:162 - Epoch = 1693 / 2000
2026-03-24 21:38:02.619 | INFO     | __main__:<module>:225 - Training time taken = 193.83 seconds, Evaluation time taken = nan seconds, loss = 0.02923, fid = None
2026-03-24 21:38:02.619 | INFO     | __main__:<module>:162 - Epoch = 1694 / 2000
2026-03-24 21:41:16.442 | INFO     | __main__:<module>:225 - Training time taken = 193.82 seconds, Evaluation time taken = nan seconds, loss = 0.02959, fid = None
2026-03-24 21:41:16.443 | INFO     | __main__:<module>:162 - Epoch = 1695 / 2000
2026-03-24 21:44:30.639 | INFO     | __main__:<module>:225 - Training time taken = 194.19 seconds, Evaluation time taken = nan seconds, loss = 0.02933, fid = None
2026-03-24 21:44:30.639 | INFO     | __main__:<module>:162 - Epoch = 1696 / 2000
2026-03-24 21:47:44.490 | INFO     | __main__:<module>:225 - Training time taken = 193.85 seconds, Evaluation time taken = nan seconds, loss = 0.02965, fid = None
2026-03-24 21:47:44.490 | INFO     | __main__:<module>:162 - Epoch = 1697 / 2000
2026-03-24 21:50:58.966 | INFO     | __main__:<module>:225 - Training time taken = 194.47 seconds, Evaluation time taken = nan seconds, loss = 0.02959, fid = None
2026-03-24 21:50:58.966 | INFO     | __main__:<module>:162 - Epoch = 1698 / 2000
2026-03-24 21:54:13.404 | INFO     | __main__:<module>:225 - Training time taken = 194.44 seconds, Evaluation time taken = nan seconds, loss = 0.02967, fid = None
2026-03-24 21:54:13.404 | INFO     | __main__:<module>:162 - Epoch = 1699 / 2000
2026-03-24 21:57:26.845 | INFO     | __main__:<module>:225 - Training time taken = 193.44 seconds, Evaluation time taken = nan seconds, loss = 0.02895, fid = None
2026-03-24 21:57:26.845 | INFO     | __main__:<module>:162 - Epoch = 1700 / 2000
2026-03-24 22:00:41.047 | INFO     | __main__:<module>:225 - Training time taken = 194.2 seconds, Evaluation time taken = nan seconds, loss = 0.02992, fid = None
2026-03-24 22:00:41.048 | INFO     | __main__:<module>:162 - Epoch = 1701 / 2000
2026-03-24 22:03:54.795 | INFO     | __main__:<module>:225 - Training time taken = 193.75 seconds, Evaluation time taken = nan seconds, loss = 0.02913, fid = None
2026-03-24 22:03:54.795 | INFO     | __main__:<module>:162 - Epoch = 1702 / 2000
2026-03-24 22:07:09.078 | INFO     | __main__:<module>:225 - Training time taken = 194.28 seconds, Evaluation time taken = nan seconds, loss = 0.02946, fid = None
2026-03-24 22:07:09.078 | INFO     | __main__:<module>:162 - Epoch = 1703 / 2000
2026-03-24 22:10:23.107 | INFO     | __main__:<module>:225 - Training time taken = 194.03 seconds, Evaluation time taken = nan seconds, loss = 0.02869, fid = None
2026-03-24 22:10:23.107 | INFO     | __main__:<module>:162 - Epoch = 1704 / 2000
2026-03-24 22:13:37.288 | INFO     | __main__:<module>:225 - Training time taken = 194.18 seconds, Evaluation time taken = nan seconds, loss = 0.02912, fid = None
2026-03-24 22:13:37.288 | INFO     | __main__:<module>:162 - Epoch = 1705 / 2000
2026-03-24 22:16:51.753 | INFO     | __main__:<module>:225 - Training time taken = 194.46 seconds, Evaluation time taken = nan seconds, loss = 0.0291, fid = None
2026-03-24 22:16:51.754 | INFO     | __main__:<module>:162 - Epoch = 1706 / 2000
2026-03-24 22:20:05.356 | INFO     | __main__:<module>:225 - Training time taken = 193.6 seconds, Evaluation time taken = nan seconds, loss = 0.02951, fid = None
2026-03-24 22:20:05.356 | INFO     | __main__:<module>:162 - Epoch = 1707 / 2000
2026-03-24 22:23:19.906 | INFO     | __main__:<module>:225 - Training time taken = 194.55 seconds, Evaluation time taken = nan seconds, loss = 0.02918, fid = None
2026-03-24 22:23:19.906 | INFO     | __main__:<module>:162 - Epoch = 1708 / 2000
2026-03-24 22:26:33.537 | INFO     | __main__:<module>:225 - Training time taken = 193.63 seconds, Evaluation time taken = nan seconds, loss = 0.02918, fid = None
2026-03-24 22:26:33.537 | INFO     | __main__:<module>:162 - Epoch = 1709 / 2000
2026-03-24 22:29:47.311 | INFO     | __main__:<module>:225 - Training time taken = 193.77 seconds, Evaluation time taken = nan seconds, loss = 0.02933, fid = None
2026-03-24 22:29:47.312 | INFO     | __main__:<module>:162 - Epoch = 1710 / 2000
2026-03-24 22:33:02.329 | INFO     | __main__:<module>:225 - Training time taken = 195.02 seconds, Evaluation time taken = nan seconds, loss = 0.02915, fid = None
2026-03-24 22:33:02.329 | INFO     | __main__:<module>:162 - Epoch = 1711 / 2000
2026-03-24 22:36:16.499 | INFO     | __main__:<module>:225 - Training time taken = 194.17 seconds, Evaluation time taken = nan seconds, loss = 0.02933, fid = None
2026-03-24 22:36:16.499 | INFO     | __main__:<module>:162 - Epoch = 1712 / 2000
2026-03-24 22:39:30.835 | INFO     | __main__:<module>:225 - Training time taken = 194.33 seconds, Evaluation time taken = nan seconds, loss = 0.02941, fid = None
2026-03-24 22:39:30.836 | INFO     | __main__:<module>:162 - Epoch = 1713 / 2000
2026-03-24 22:42:45.100 | INFO     | __main__:<module>:225 - Training time taken = 194.26 seconds, Evaluation time taken = nan seconds, loss = 0.02928, fid = None
2026-03-24 22:42:45.100 | INFO     | __main__:<module>:162 - Epoch = 1714 / 2000
2026-03-24 22:45:59.245 | INFO     | __main__:<module>:225 - Training time taken = 194.14 seconds, Evaluation time taken = nan seconds, loss = 0.02918, fid = None
2026-03-24 22:45:59.245 | INFO     | __main__:<module>:162 - Epoch = 1715 / 2000
2026-03-24 22:49:13.864 | INFO     | __main__:<module>:225 - Training time taken = 194.62 seconds, Evaluation time taken = nan seconds, loss = 0.0293, fid = None
2026-03-24 22:49:13.864 | INFO     | __main__:<module>:162 - Epoch = 1716 / 2000
2026-03-24 22:52:28.497 | INFO     | __main__:<module>:225 - Training time taken = 194.63 seconds, Evaluation time taken = nan seconds, loss = 0.0288, fid = None
2026-03-24 22:52:28.498 | INFO     | __main__:<module>:162 - Epoch = 1717 / 2000
2026-03-24 22:55:47.015 | INFO     | __main__:<module>:225 - Training time taken = 198.52 seconds, Evaluation time taken = nan seconds, loss = 0.02978, fid = None
2026-03-24 22:55:47.016 | INFO     | __main__:<module>:162 - Epoch = 1718 / 2000
2026-03-24 22:59:10.787 | INFO     | __main__:<module>:225 - Training time taken = 203.77 seconds, Evaluation time taken = nan seconds, loss = 0.02956, fid = None
2026-03-24 22:59:10.788 | INFO     | __main__:<module>:162 - Epoch = 1719 / 2000
2026-03-24 23:02:25.466 | INFO     | __main__:<module>:225 - Training time taken = 194.68 seconds, Evaluation time taken = nan seconds, loss = 0.02927, fid = None
2026-03-24 23:02:25.467 | INFO     | __main__:<module>:162 - Epoch = 1720 / 2000
2026-03-24 23:05:40.597 | INFO     | __main__:<module>:225 - Training time taken = 195.13 seconds, Evaluation time taken = nan seconds, loss = 0.02915, fid = None
2026-03-24 23:05:40.597 | INFO     | __main__:<module>:162 - Epoch = 1721 / 2000
2026-03-24 23:08:55.069 | INFO     | __main__:<module>:225 - Training time taken = 194.47 seconds, Evaluation time taken = nan seconds, loss = 0.02965, fid = None
2026-03-24 23:08:55.070 | INFO     | __main__:<module>:162 - Epoch = 1722 / 2000
2026-03-24 23:12:09.703 | INFO     | __main__:<module>:225 - Training time taken = 194.63 seconds, Evaluation time taken = nan seconds, loss = 0.02902, fid = None
2026-03-24 23:12:09.704 | INFO     | __main__:<module>:162 - Epoch = 1723 / 2000
2026-03-24 23:15:23.635 | INFO     | __main__:<module>:225 - Training time taken = 193.93 seconds, Evaluation time taken = nan seconds, loss = 0.02913, fid = None
2026-03-24 23:15:23.635 | INFO     | __main__:<module>:162 - Epoch = 1724 / 2000
2026-03-24 23:18:37.468 | INFO     | __main__:<module>:225 - Training time taken = 193.83 seconds, Evaluation time taken = nan seconds, loss = 0.02917, fid = None
2026-03-24 23:18:37.469 | INFO     | __main__:<module>:162 - Epoch = 1725 / 2000
2026-03-24 23:21:51.435 | INFO     | __main__:<module>:225 - Training time taken = 193.96 seconds, Evaluation time taken = nan seconds, loss = 0.02986, fid = None
2026-03-24 23:21:51.435 | INFO     | __main__:<module>:162 - Epoch = 1726 / 2000
2026-03-24 23:25:06.347 | INFO     | __main__:<module>:225 - Training time taken = 194.91 seconds, Evaluation time taken = nan seconds, loss = 0.02893, fid = None
2026-03-24 23:25:06.348 | INFO     | __main__:<module>:162 - Epoch = 1727 / 2000
2026-03-24 23:28:21.325 | INFO     | __main__:<module>:225 - Training time taken = 194.98 seconds, Evaluation time taken = nan seconds, loss = 0.02946, fid = None
2026-03-24 23:28:21.325 | INFO     | __main__:<module>:162 - Epoch = 1728 / 2000
2026-03-24 23:31:36.723 | INFO     | __main__:<module>:225 - Training time taken = 195.4 seconds, Evaluation time taken = nan seconds, loss = 0.02985, fid = None
2026-03-24 23:31:36.723 | INFO     | __main__:<module>:162 - Epoch = 1729 / 2000
2026-03-24 23:34:52.867 | INFO     | __main__:<module>:225 - Training time taken = 196.14 seconds, Evaluation time taken = nan seconds, loss = 0.02902, fid = None
2026-03-24 23:34:52.867 | INFO     | __main__:<module>:162 - Epoch = 1730 / 2000
2026-03-24 23:38:10.468 | INFO     | __main__:<module>:225 - Training time taken = 197.6 seconds, Evaluation time taken = nan seconds, loss = 0.02934, fid = None
2026-03-24 23:38:10.468 | INFO     | __main__:<module>:162 - Epoch = 1731 / 2000
2026-03-24 23:41:28.371 | INFO     | __main__:<module>:225 - Training time taken = 197.9 seconds, Evaluation time taken = nan seconds, loss = 0.02977, fid = None
2026-03-24 23:41:28.371 | INFO     | __main__:<module>:162 - Epoch = 1732 / 2000
2026-03-24 23:44:42.820 | INFO     | __main__:<module>:225 - Training time taken = 194.45 seconds, Evaluation time taken = nan seconds, loss = 0.02913, fid = None
2026-03-24 23:44:42.820 | INFO     | __main__:<module>:162 - Epoch = 1733 / 2000
2026-03-24 23:47:58.972 | INFO     | __main__:<module>:225 - Training time taken = 196.15 seconds, Evaluation time taken = nan seconds, loss = 0.02978, fid = None
2026-03-24 23:47:58.972 | INFO     | __main__:<module>:162 - Epoch = 1734 / 2000
2026-03-24 23:51:13.823 | INFO     | __main__:<module>:225 - Training time taken = 194.85 seconds, Evaluation time taken = nan seconds, loss = 0.02922, fid = None
2026-03-24 23:51:13.823 | INFO     | __main__:<module>:162 - Epoch = 1735 / 2000
2026-03-24 23:54:28.318 | INFO     | __main__:<module>:225 - Training time taken = 194.49 seconds, Evaluation time taken = nan seconds, loss = 0.02935, fid = None
2026-03-24 23:54:28.319 | INFO     | __main__:<module>:162 - Epoch = 1736 / 2000
2026-03-24 23:57:42.732 | INFO     | __main__:<module>:225 - Training time taken = 194.41 seconds, Evaluation time taken = nan seconds, loss = 0.02882, fid = None
2026-03-24 23:57:42.732 | INFO     | __main__:<module>:162 - Epoch = 1737 / 2000
2026-03-25 00:00:57.758 | INFO     | __main__:<module>:225 - Training time taken = 195.02 seconds, Evaluation time taken = nan seconds, loss = 0.02933, fid = None
2026-03-25 00:00:57.759 | INFO     | __main__:<module>:162 - Epoch = 1738 / 2000
2026-03-25 00:04:12.627 | INFO     | __main__:<module>:225 - Training time taken = 194.87 seconds, Evaluation time taken = nan seconds, loss = 0.02927, fid = None
2026-03-25 00:04:12.627 | INFO     | __main__:<module>:162 - Epoch = 1739 / 2000
2026-03-25 00:07:27.121 | INFO     | __main__:<module>:225 - Training time taken = 194.49 seconds, Evaluation time taken = nan seconds, loss = 0.02967, fid = None
2026-03-25 00:07:27.121 | INFO     | __main__:<module>:162 - Epoch = 1740 / 2000
2026-03-25 00:10:42.031 | INFO     | __main__:<module>:225 - Training time taken = 194.91 seconds, Evaluation time taken = nan seconds, loss = 0.02937, fid = None
2026-03-25 00:10:42.031 | INFO     | __main__:<module>:162 - Epoch = 1741 / 2000
2026-03-25 00:13:56.365 | INFO     | __main__:<module>:225 - Training time taken = 194.33 seconds, Evaluation time taken = nan seconds, loss = 0.02967, fid = None
2026-03-25 00:13:56.365 | INFO     | __main__:<module>:162 - Epoch = 1742 / 2000
2026-03-25 00:17:11.119 | INFO     | __main__:<module>:225 - Training time taken = 194.75 seconds, Evaluation time taken = nan seconds, loss = 0.02944, fid = None
2026-03-25 00:17:11.119 | INFO     | __main__:<module>:162 - Epoch = 1743 / 2000
2026-03-25 00:20:26.069 | INFO     | __main__:<module>:225 - Training time taken = 194.95 seconds, Evaluation time taken = nan seconds, loss = 0.02897, fid = None
2026-03-25 00:20:26.070 | INFO     | __main__:<module>:162 - Epoch = 1744 / 2000
2026-03-25 00:23:40.294 | INFO     | __main__:<module>:225 - Training time taken = 194.22 seconds, Evaluation time taken = nan seconds, loss = 0.02958, fid = None
2026-03-25 00:23:40.294 | INFO     | __main__:<module>:162 - Epoch = 1745 / 2000
2026-03-25 00:26:54.563 | INFO     | __main__:<module>:225 - Training time taken = 194.27 seconds, Evaluation time taken = nan seconds, loss = 0.02963, fid = None
2026-03-25 00:26:54.564 | INFO     | __main__:<module>:162 - Epoch = 1746 / 2000
2026-03-25 00:30:09.771 | INFO     | __main__:<module>:225 - Training time taken = 195.21 seconds, Evaluation time taken = nan seconds, loss = 0.02952, fid = None
2026-03-25 00:30:09.771 | INFO     | __main__:<module>:162 - Epoch = 1747 / 2000
2026-03-25 00:33:23.969 | INFO     | __main__:<module>:225 - Training time taken = 194.2 seconds, Evaluation time taken = nan seconds, loss = 0.02903, fid = None
2026-03-25 00:33:23.969 | INFO     | __main__:<module>:162 - Epoch = 1748 / 2000
2026-03-25 00:36:39.060 | INFO     | __main__:<module>:225 - Training time taken = 195.09 seconds, Evaluation time taken = nan seconds, loss = 0.02926, fid = None
2026-03-25 00:36:39.060 | INFO     | __main__:<module>:162 - Epoch = 1749 / 2000
2026-03-25 00:39:53.742 | INFO     | __main__:<module>:225 - Training time taken = 194.68 seconds, Evaluation time taken = nan seconds, loss = 0.02992, fid = None
2026-03-25 00:39:53.743 | INFO     | __main__:<module>:162 - Epoch = 1750 / 2000
2026-03-25 00:43:07.975 | INFO     | __main__:<module>:225 - Training time taken = 194.23 seconds, Evaluation time taken = nan seconds, loss = 0.02903, fid = None
2026-03-25 00:43:07.975 | INFO     | __main__:<module>:162 - Epoch = 1751 / 2000
2026-03-25 00:46:22.248 | INFO     | __main__:<module>:225 - Training time taken = 194.27 seconds, Evaluation time taken = nan seconds, loss = 0.02895, fid = None
2026-03-25 00:46:22.248 | INFO     | __main__:<module>:162 - Epoch = 1752 / 2000
2026-03-25 00:49:37.201 | INFO     | __main__:<module>:225 - Training time taken = 194.95 seconds, Evaluation time taken = nan seconds, loss = 0.02984, fid = None
2026-03-25 00:49:37.202 | INFO     | __main__:<module>:162 - Epoch = 1753 / 2000
2026-03-25 00:52:52.084 | INFO     | __main__:<module>:225 - Training time taken = 194.88 seconds, Evaluation time taken = nan seconds, loss = 0.0292, fid = None
2026-03-25 00:52:52.085 | INFO     | __main__:<module>:162 - Epoch = 1754 / 2000
2026-03-25 00:56:06.660 | INFO     | __main__:<module>:225 - Training time taken = 194.57 seconds, Evaluation time taken = nan seconds, loss = 0.02948, fid = None
2026-03-25 00:56:06.660 | INFO     | __main__:<module>:162 - Epoch = 1755 / 2000
2026-03-25 00:59:21.027 | INFO     | __main__:<module>:225 - Training time taken = 194.37 seconds, Evaluation time taken = nan seconds, loss = 0.02939, fid = None
2026-03-25 00:59:21.027 | INFO     | __main__:<module>:162 - Epoch = 1756 / 2000
2026-03-25 01:02:35.217 | INFO     | __main__:<module>:225 - Training time taken = 194.19 seconds, Evaluation time taken = nan seconds, loss = 0.02937, fid = None
2026-03-25 01:02:35.217 | INFO     | __main__:<module>:162 - Epoch = 1757 / 2000
2026-03-25 01:05:49.662 | INFO     | __main__:<module>:225 - Training time taken = 194.44 seconds, Evaluation time taken = nan seconds, loss = 0.02921, fid = None
2026-03-25 01:05:49.662 | INFO     | __main__:<module>:162 - Epoch = 1758 / 2000
2026-03-25 01:09:04.066 | INFO     | __main__:<module>:225 - Training time taken = 194.4 seconds, Evaluation time taken = nan seconds, loss = 0.02901, fid = None
2026-03-25 01:09:04.067 | INFO     | __main__:<module>:162 - Epoch = 1759 / 2000
2026-03-25 01:12:18.403 | INFO     | __main__:<module>:225 - Training time taken = 194.33 seconds, Evaluation time taken = nan seconds, loss = 0.0291, fid = None
2026-03-25 01:12:18.403 | INFO     | __main__:<module>:162 - Epoch = 1760 / 2000
2026-03-25 01:15:32.686 | INFO     | __main__:<module>:225 - Training time taken = 194.28 seconds, Evaluation time taken = nan seconds, loss = 0.02937, fid = None
2026-03-25 01:15:32.686 | INFO     | __main__:<module>:162 - Epoch = 1761 / 2000
2026-03-25 01:18:46.724 | INFO     | __main__:<module>:225 - Training time taken = 194.04 seconds, Evaluation time taken = nan seconds, loss = 0.02949, fid = None
2026-03-25 01:18:46.725 | INFO     | __main__:<module>:162 - Epoch = 1762 / 2000
2026-03-25 01:22:00.579 | INFO     | __main__:<module>:225 - Training time taken = 193.85 seconds, Evaluation time taken = nan seconds, loss = 0.02983, fid = None
2026-03-25 01:22:00.580 | INFO     | __main__:<module>:162 - Epoch = 1763 / 2000
2026-03-25 01:25:14.518 | INFO     | __main__:<module>:225 - Training time taken = 193.94 seconds, Evaluation time taken = nan seconds, loss = 0.02913, fid = None
2026-03-25 01:25:14.518 | INFO     | __main__:<module>:162 - Epoch = 1764 / 2000
2026-03-25 01:28:28.495 | INFO     | __main__:<module>:225 - Training time taken = 193.98 seconds, Evaluation time taken = nan seconds, loss = 0.02878, fid = None
2026-03-25 01:28:28.495 | INFO     | __main__:<module>:162 - Epoch = 1765 / 2000
2026-03-25 01:31:42.506 | INFO     | __main__:<module>:225 - Training time taken = 194.01 seconds, Evaluation time taken = nan seconds, loss = 0.02917, fid = None
2026-03-25 01:31:42.506 | INFO     | __main__:<module>:162 - Epoch = 1766 / 2000
2026-03-25 01:34:56.219 | INFO     | __main__:<module>:225 - Training time taken = 193.71 seconds, Evaluation time taken = nan seconds, loss = 0.02904, fid = None
2026-03-25 01:34:56.219 | INFO     | __main__:<module>:162 - Epoch = 1767 / 2000
2026-03-25 01:38:09.986 | INFO     | __main__:<module>:225 - Training time taken = 193.76 seconds, Evaluation time taken = nan seconds, loss = 0.02943, fid = None
2026-03-25 01:38:09.986 | INFO     | __main__:<module>:162 - Epoch = 1768 / 2000
2026-03-25 01:41:23.645 | INFO     | __main__:<module>:225 - Training time taken = 193.66 seconds, Evaluation time taken = nan seconds, loss = 0.02878, fid = None
2026-03-25 01:41:23.646 | INFO     | __main__:<module>:162 - Epoch = 1769 / 2000
2026-03-25 01:44:37.323 | INFO     | __main__:<module>:225 - Training time taken = 193.68 seconds, Evaluation time taken = nan seconds, loss = 0.0293, fid = None
2026-03-25 01:44:37.324 | INFO     | __main__:<module>:162 - Epoch = 1770 / 2000
2026-03-25 01:47:51.003 | INFO     | __main__:<module>:225 - Training time taken = 193.68 seconds, Evaluation time taken = nan seconds, loss = 0.02927, fid = None
2026-03-25 01:47:51.003 | INFO     | __main__:<module>:162 - Epoch = 1771 / 2000
2026-03-25 01:51:04.729 | INFO     | __main__:<module>:225 - Training time taken = 193.72 seconds, Evaluation time taken = nan seconds, loss = 0.02935, fid = None
2026-03-25 01:51:04.729 | INFO     | __main__:<module>:162 - Epoch = 1772 / 2000
2026-03-25 01:54:18.623 | INFO     | __main__:<module>:225 - Training time taken = 193.89 seconds, Evaluation time taken = nan seconds, loss = 0.0291, fid = None
2026-03-25 01:54:18.624 | INFO     | __main__:<module>:162 - Epoch = 1773 / 2000
2026-03-25 01:57:32.694 | INFO     | __main__:<module>:225 - Training time taken = 194.07 seconds, Evaluation time taken = nan seconds, loss = 0.02918, fid = None
2026-03-25 01:57:32.695 | INFO     | __main__:<module>:162 - Epoch = 1774 / 2000
2026-03-25 02:00:46.287 | INFO     | __main__:<module>:225 - Training time taken = 193.59 seconds, Evaluation time taken = nan seconds, loss = 0.02937, fid = None
2026-03-25 02:00:46.288 | INFO     | __main__:<module>:162 - Epoch = 1775 / 2000
2026-03-25 02:04:00.060 | INFO     | __main__:<module>:225 - Training time taken = 193.77 seconds, Evaluation time taken = nan seconds, loss = 0.0291, fid = None
2026-03-25 02:04:00.060 | INFO     | __main__:<module>:162 - Epoch = 1776 / 2000
2026-03-25 02:07:15.298 | INFO     | __main__:<module>:225 - Training time taken = 195.24 seconds, Evaluation time taken = nan seconds, loss = 0.0293, fid = None
2026-03-25 02:07:15.298 | INFO     | __main__:<module>:162 - Epoch = 1777 / 2000
2026-03-25 02:10:30.429 | INFO     | __main__:<module>:225 - Training time taken = 195.13 seconds, Evaluation time taken = nan seconds, loss = 0.02925, fid = None
2026-03-25 02:10:30.429 | INFO     | __main__:<module>:162 - Epoch = 1778 / 2000
2026-03-25 02:13:45.750 | INFO     | __main__:<module>:225 - Training time taken = 195.32 seconds, Evaluation time taken = nan seconds, loss = 0.02909, fid = None
2026-03-25 02:13:45.750 | INFO     | __main__:<module>:162 - Epoch = 1779 / 2000
2026-03-25 02:17:00.922 | INFO     | __main__:<module>:225 - Training time taken = 195.17 seconds, Evaluation time taken = nan seconds, loss = 0.02874, fid = None
2026-03-25 02:17:00.922 | INFO     | __main__:<module>:162 - Epoch = 1780 / 2000
2026-03-25 02:20:16.004 | INFO     | __main__:<module>:225 - Training time taken = 195.08 seconds, Evaluation time taken = nan seconds, loss = 0.02925, fid = None
2026-03-25 02:20:16.004 | INFO     | __main__:<module>:162 - Epoch = 1781 / 2000
2026-03-25 02:23:30.309 | INFO     | __main__:<module>:225 - Training time taken = 194.3 seconds, Evaluation time taken = nan seconds, loss = 0.02912, fid = None
2026-03-25 02:23:30.309 | INFO     | __main__:<module>:162 - Epoch = 1782 / 2000
2026-03-25 02:26:44.410 | INFO     | __main__:<module>:225 - Training time taken = 194.1 seconds, Evaluation time taken = nan seconds, loss = 0.02931, fid = None
2026-03-25 02:26:44.411 | INFO     | __main__:<module>:162 - Epoch = 1783 / 2000
2026-03-25 02:29:58.731 | INFO     | __main__:<module>:225 - Training time taken = 194.32 seconds, Evaluation time taken = nan seconds, loss = 0.02926, fid = None
2026-03-25 02:29:58.732 | INFO     | __main__:<module>:162 - Epoch = 1784 / 2000
2026-03-25 02:33:12.925 | INFO     | __main__:<module>:225 - Training time taken = 194.19 seconds, Evaluation time taken = nan seconds, loss = 0.02904, fid = None
2026-03-25 02:33:12.925 | INFO     | __main__:<module>:162 - Epoch = 1785 / 2000
2026-03-25 02:36:28.080 | INFO     | __main__:<module>:225 - Training time taken = 195.15 seconds, Evaluation time taken = nan seconds, loss = 0.02915, fid = None
2026-03-25 02:36:28.080 | INFO     | __main__:<module>:162 - Epoch = 1786 / 2000
2026-03-25 02:39:42.342 | INFO     | __main__:<module>:225 - Training time taken = 194.26 seconds, Evaluation time taken = nan seconds, loss = 0.02985, fid = None
2026-03-25 02:39:42.343 | INFO     | __main__:<module>:162 - Epoch = 1787 / 2000
2026-03-25 02:42:56.668 | INFO     | __main__:<module>:225 - Training time taken = 194.32 seconds, Evaluation time taken = nan seconds, loss = 0.02923, fid = None
2026-03-25 02:42:56.668 | INFO     | __main__:<module>:162 - Epoch = 1788 / 2000
2026-03-25 02:46:11.560 | INFO     | __main__:<module>:225 - Training time taken = 194.89 seconds, Evaluation time taken = nan seconds, loss = 0.0288, fid = None
2026-03-25 02:46:11.561 | INFO     | __main__:<module>:162 - Epoch = 1789 / 2000
2026-03-25 02:49:26.716 | INFO     | __main__:<module>:225 - Training time taken = 195.15 seconds, Evaluation time taken = nan seconds, loss = 0.02906, fid = None
2026-03-25 02:49:26.716 | INFO     | __main__:<module>:162 - Epoch = 1790 / 2000
2026-03-25 02:52:41.590 | INFO     | __main__:<module>:225 - Training time taken = 194.87 seconds, Evaluation time taken = nan seconds, loss = 0.02931, fid = None
2026-03-25 02:52:41.591 | INFO     | __main__:<module>:162 - Epoch = 1791 / 2000
2026-03-25 02:55:56.453 | INFO     | __main__:<module>:225 - Training time taken = 194.86 seconds, Evaluation time taken = nan seconds, loss = 0.02949, fid = None
2026-03-25 02:55:56.454 | INFO     | __main__:<module>:162 - Epoch = 1792 / 2000
2026-03-25 02:59:11.618 | INFO     | __main__:<module>:225 - Training time taken = 195.16 seconds, Evaluation time taken = nan seconds, loss = 0.02905, fid = None
2026-03-25 02:59:11.618 | INFO     | __main__:<module>:162 - Epoch = 1793 / 2000
2026-03-25 03:02:26.627 | INFO     | __main__:<module>:225 - Training time taken = 195.01 seconds, Evaluation time taken = nan seconds, loss = 0.02892, fid = None
2026-03-25 03:02:26.628 | INFO     | __main__:<module>:162 - Epoch = 1794 / 2000
2026-03-25 03:05:41.579 | INFO     | __main__:<module>:225 - Training time taken = 194.95 seconds, Evaluation time taken = nan seconds, loss = 0.02899, fid = None
2026-03-25 03:05:41.579 | INFO     | __main__:<module>:162 - Epoch = 1795 / 2000
2026-03-25 03:08:56.454 | INFO     | __main__:<module>:225 - Training time taken = 194.87 seconds, Evaluation time taken = nan seconds, loss = 0.02947, fid = None
2026-03-25 03:08:56.454 | INFO     | __main__:<module>:162 - Epoch = 1796 / 2000
2026-03-25 03:12:11.539 | INFO     | __main__:<module>:225 - Training time taken = 195.08 seconds, Evaluation time taken = nan seconds, loss = 0.029, fid = None
2026-03-25 03:12:11.539 | INFO     | __main__:<module>:162 - Epoch = 1797 / 2000
2026-03-25 03:15:26.154 | INFO     | __main__:<module>:225 - Training time taken = 194.61 seconds, Evaluation time taken = nan seconds, loss = 0.02964, fid = None
2026-03-25 03:15:26.154 | INFO     | __main__:<module>:162 - Epoch = 1798 / 2000
2026-03-25 03:18:41.079 | INFO     | __main__:<module>:225 - Training time taken = 194.92 seconds, Evaluation time taken = nan seconds, loss = 0.02939, fid = None
2026-03-25 03:18:41.080 | INFO     | __main__:<module>:162 - Epoch = 1799 / 2000
2026-03-25 03:21:56.116 | INFO     | __main__:<module>:225 - Training time taken = 195.03 seconds, Evaluation time taken = nan seconds, loss = 0.02925, fid = None
2026-03-25 03:21:56.116 | INFO     | __main__:<module>:162 - Epoch = 1800 / 2000
2026-03-25 03:25:10.991 | INFO     | __main__:<module>:225 - Training time taken = 194.87 seconds, Evaluation time taken = nan seconds, loss = 0.02945, fid = None
2026-03-25 03:25:10.991 | INFO     | __main__:<module>:162 - Epoch = 1801 / 2000
2026-03-25 03:28:25.724 | INFO     | __main__:<module>:225 - Training time taken = 194.73 seconds, Evaluation time taken = nan seconds, loss = 0.02967, fid = None
2026-03-25 03:28:25.724 | INFO     | __main__:<module>:162 - Epoch = 1802 / 2000
2026-03-25 03:31:40.853 | INFO     | __main__:<module>:225 - Training time taken = 195.13 seconds, Evaluation time taken = nan seconds, loss = 0.02937, fid = None
2026-03-25 03:31:40.854 | INFO     | __main__:<module>:162 - Epoch = 1803 / 2000
2026-03-25 03:34:56.233 | INFO     | __main__:<module>:225 - Training time taken = 195.38 seconds, Evaluation time taken = nan seconds, loss = 0.02876, fid = None
2026-03-25 03:34:56.234 | INFO     | __main__:<module>:162 - Epoch = 1804 / 2000
2026-03-25 03:38:11.093 | INFO     | __main__:<module>:225 - Training time taken = 194.86 seconds, Evaluation time taken = nan seconds, loss = 0.02895, fid = None
2026-03-25 03:38:11.093 | INFO     | __main__:<module>:162 - Epoch = 1805 / 2000
2026-03-25 03:41:26.380 | INFO     | __main__:<module>:225 - Training time taken = 195.29 seconds, Evaluation time taken = nan seconds, loss = 0.02997, fid = None
2026-03-25 03:41:26.380 | INFO     | __main__:<module>:162 - Epoch = 1806 / 2000
2026-03-25 03:44:41.451 | INFO     | __main__:<module>:225 - Training time taken = 195.07 seconds, Evaluation time taken = nan seconds, loss = 0.02969, fid = None
2026-03-25 03:44:41.451 | INFO     | __main__:<module>:162 - Epoch = 1807 / 2000
2026-03-25 03:47:56.098 | INFO     | __main__:<module>:225 - Training time taken = 194.65 seconds, Evaluation time taken = nan seconds, loss = 0.02937, fid = None
2026-03-25 03:47:56.098 | INFO     | __main__:<module>:162 - Epoch = 1808 / 2000
2026-03-25 03:51:10.687 | INFO     | __main__:<module>:225 - Training time taken = 194.59 seconds, Evaluation time taken = nan seconds, loss = 0.02908, fid = None
2026-03-25 03:51:10.687 | INFO     | __main__:<module>:162 - Epoch = 1809 / 2000
2026-03-25 03:54:25.238 | INFO     | __main__:<module>:225 - Training time taken = 194.55 seconds, Evaluation time taken = nan seconds, loss = 0.02904, fid = None
2026-03-25 03:54:25.238 | INFO     | __main__:<module>:162 - Epoch = 1810 / 2000
2026-03-25 03:57:40.173 | INFO     | __main__:<module>:225 - Training time taken = 194.93 seconds, Evaluation time taken = nan seconds, loss = 0.02905, fid = None
2026-03-25 03:57:40.174 | INFO     | __main__:<module>:162 - Epoch = 1811 / 2000
2026-03-25 04:00:55.424 | INFO     | __main__:<module>:225 - Training time taken = 195.25 seconds, Evaluation time taken = nan seconds, loss = 0.02889, fid = None
2026-03-25 04:00:55.424 | INFO     | __main__:<module>:162 - Epoch = 1812 / 2000
2026-03-25 04:04:09.726 | INFO     | __main__:<module>:225 - Training time taken = 194.3 seconds, Evaluation time taken = nan seconds, loss = 0.02923, fid = None
2026-03-25 04:04:09.726 | INFO     | __main__:<module>:162 - Epoch = 1813 / 2000
2026-03-25 04:07:24.984 | INFO     | __main__:<module>:225 - Training time taken = 195.26 seconds, Evaluation time taken = nan seconds, loss = 0.02921, fid = None
2026-03-25 04:07:24.984 | INFO     | __main__:<module>:162 - Epoch = 1814 / 2000
2026-03-25 04:10:40.001 | INFO     | __main__:<module>:225 - Training time taken = 195.02 seconds, Evaluation time taken = nan seconds, loss = 0.02985, fid = None
2026-03-25 04:10:40.001 | INFO     | __main__:<module>:162 - Epoch = 1815 / 2000
2026-03-25 04:13:54.844 | INFO     | __main__:<module>:225 - Training time taken = 194.84 seconds, Evaluation time taken = nan seconds, loss = 0.02991, fid = None
2026-03-25 04:13:54.845 | INFO     | __main__:<module>:162 - Epoch = 1816 / 2000
2026-03-25 04:17:10.464 | INFO     | __main__:<module>:225 - Training time taken = 195.62 seconds, Evaluation time taken = nan seconds, loss = 0.03004, fid = None
2026-03-25 04:17:10.464 | INFO     | __main__:<module>:162 - Epoch = 1817 / 2000
2026-03-25 04:20:24.670 | INFO     | __main__:<module>:225 - Training time taken = 194.2 seconds, Evaluation time taken = nan seconds, loss = 0.02898, fid = None
2026-03-25 04:20:24.671 | INFO     | __main__:<module>:162 - Epoch = 1818 / 2000
2026-03-25 04:23:39.444 | INFO     | __main__:<module>:225 - Training time taken = 194.77 seconds, Evaluation time taken = nan seconds, loss = 0.02918, fid = None
2026-03-25 04:23:39.445 | INFO     | __main__:<module>:162 - Epoch = 1819 / 2000
2026-03-25 04:26:54.885 | INFO     | __main__:<module>:225 - Training time taken = 195.44 seconds, Evaluation time taken = nan seconds, loss = 0.02905, fid = None
2026-03-25 04:26:54.885 | INFO     | __main__:<module>:162 - Epoch = 1820 / 2000
2026-03-25 04:30:09.834 | INFO     | __main__:<module>:225 - Training time taken = 194.95 seconds, Evaluation time taken = nan seconds, loss = 0.02899, fid = None
2026-03-25 04:30:09.834 | INFO     | __main__:<module>:162 - Epoch = 1821 / 2000
2026-03-25 04:33:24.627 | INFO     | __main__:<module>:225 - Training time taken = 194.79 seconds, Evaluation time taken = nan seconds, loss = 0.02885, fid = None
2026-03-25 04:33:24.627 | INFO     | __main__:<module>:162 - Epoch = 1822 / 2000
2026-03-25 04:36:39.243 | INFO     | __main__:<module>:225 - Training time taken = 194.61 seconds, Evaluation time taken = nan seconds, loss = 0.02894, fid = None
2026-03-25 04:36:39.243 | INFO     | __main__:<module>:162 - Epoch = 1823 / 2000
2026-03-25 04:39:54.267 | INFO     | __main__:<module>:225 - Training time taken = 195.02 seconds, Evaluation time taken = nan seconds, loss = 0.02969, fid = None
2026-03-25 04:39:54.267 | INFO     | __main__:<module>:162 - Epoch = 1824 / 2000
2026-03-25 04:43:09.395 | INFO     | __main__:<module>:225 - Training time taken = 195.13 seconds, Evaluation time taken = nan seconds, loss = 0.02983, fid = None
2026-03-25 04:43:09.395 | INFO     | __main__:<module>:162 - Epoch = 1825 / 2000
2026-03-25 04:46:24.377 | INFO     | __main__:<module>:225 - Training time taken = 194.98 seconds, Evaluation time taken = nan seconds, loss = 0.02922, fid = None
2026-03-25 04:46:24.377 | INFO     | __main__:<module>:162 - Epoch = 1826 / 2000
2026-03-25 04:49:39.812 | INFO     | __main__:<module>:225 - Training time taken = 195.43 seconds, Evaluation time taken = nan seconds, loss = 0.02982, fid = None
2026-03-25 04:49:39.812 | INFO     | __main__:<module>:162 - Epoch = 1827 / 2000
2026-03-25 04:52:55.478 | INFO     | __main__:<module>:225 - Training time taken = 195.67 seconds, Evaluation time taken = nan seconds, loss = 0.02929, fid = None
2026-03-25 04:52:55.479 | INFO     | __main__:<module>:162 - Epoch = 1828 / 2000
2026-03-25 04:56:10.440 | INFO     | __main__:<module>:225 - Training time taken = 194.96 seconds, Evaluation time taken = nan seconds, loss = 0.02959, fid = None
2026-03-25 04:56:10.440 | INFO     | __main__:<module>:162 - Epoch = 1829 / 2000
2026-03-25 04:59:25.440 | INFO     | __main__:<module>:225 - Training time taken = 195.0 seconds, Evaluation time taken = nan seconds, loss = 0.02944, fid = None
2026-03-25 04:59:25.440 | INFO     | __main__:<module>:162 - Epoch = 1830 / 2000
2026-03-25 05:02:39.961 | INFO     | __main__:<module>:225 - Training time taken = 194.52 seconds, Evaluation time taken = nan seconds, loss = 0.02918, fid = None
2026-03-25 05:02:39.962 | INFO     | __main__:<module>:162 - Epoch = 1831 / 2000
2026-03-25 05:05:54.137 | INFO     | __main__:<module>:225 - Training time taken = 194.17 seconds, Evaluation time taken = nan seconds, loss = 0.02922, fid = None
2026-03-25 05:05:54.137 | INFO     | __main__:<module>:162 - Epoch = 1832 / 2000
2026-03-25 05:09:08.305 | INFO     | __main__:<module>:225 - Training time taken = 194.17 seconds, Evaluation time taken = nan seconds, loss = 0.02929, fid = None
2026-03-25 05:09:08.305 | INFO     | __main__:<module>:162 - Epoch = 1833 / 2000
2026-03-25 05:12:22.469 | INFO     | __main__:<module>:225 - Training time taken = 194.16 seconds, Evaluation time taken = nan seconds, loss = 0.029, fid = None
2026-03-25 05:12:22.469 | INFO     | __main__:<module>:162 - Epoch = 1834 / 2000
2026-03-25 05:15:36.588 | INFO     | __main__:<module>:225 - Training time taken = 194.12 seconds, Evaluation time taken = nan seconds, loss = 0.02929, fid = None
2026-03-25 05:15:36.588 | INFO     | __main__:<module>:162 - Epoch = 1835 / 2000
2026-03-25 05:18:50.952 | INFO     | __main__:<module>:225 - Training time taken = 194.36 seconds, Evaluation time taken = nan seconds, loss = 0.02981, fid = None
2026-03-25 05:18:50.953 | INFO     | __main__:<module>:162 - Epoch = 1836 / 2000
2026-03-25 05:22:05.876 | INFO     | __main__:<module>:225 - Training time taken = 194.92 seconds, Evaluation time taken = nan seconds, loss = 0.02916, fid = None
2026-03-25 05:22:05.877 | INFO     | __main__:<module>:162 - Epoch = 1837 / 2000
2026-03-25 05:25:20.271 | INFO     | __main__:<module>:225 - Training time taken = 194.39 seconds, Evaluation time taken = nan seconds, loss = 0.02919, fid = None
2026-03-25 05:25:20.271 | INFO     | __main__:<module>:162 - Epoch = 1838 / 2000
2026-03-25 05:28:35.071 | INFO     | __main__:<module>:225 - Training time taken = 194.8 seconds, Evaluation time taken = nan seconds, loss = 0.02889, fid = None
2026-03-25 05:28:35.071 | INFO     | __main__:<module>:162 - Epoch = 1839 / 2000
2026-03-25 05:31:49.964 | INFO     | __main__:<module>:225 - Training time taken = 194.89 seconds, Evaluation time taken = nan seconds, loss = 0.02912, fid = None
2026-03-25 05:31:49.964 | INFO     | __main__:<module>:162 - Epoch = 1840 / 2000
2026-03-25 05:35:04.289 | INFO     | __main__:<module>:225 - Training time taken = 194.32 seconds, Evaluation time taken = nan seconds, loss = 0.02933, fid = None
2026-03-25 05:35:04.289 | INFO     | __main__:<module>:162 - Epoch = 1841 / 2000
2026-03-25 05:38:18.985 | INFO     | __main__:<module>:225 - Training time taken = 194.69 seconds, Evaluation time taken = nan seconds, loss = 0.02931, fid = None
2026-03-25 05:38:18.986 | INFO     | __main__:<module>:162 - Epoch = 1842 / 2000
2026-03-25 05:41:33.715 | INFO     | __main__:<module>:225 - Training time taken = 194.73 seconds, Evaluation time taken = nan seconds, loss = 0.02867, fid = None
2026-03-25 05:41:33.716 | INFO     | __main__:<module>:162 - Epoch = 1843 / 2000
2026-03-25 05:44:48.592 | INFO     | __main__:<module>:225 - Training time taken = 194.87 seconds, Evaluation time taken = nan seconds, loss = 0.02923, fid = None
2026-03-25 05:44:48.592 | INFO     | __main__:<module>:162 - Epoch = 1844 / 2000
2026-03-25 05:48:03.144 | INFO     | __main__:<module>:225 - Training time taken = 194.55 seconds, Evaluation time taken = nan seconds, loss = 0.02924, fid = None
2026-03-25 05:48:03.145 | INFO     | __main__:<module>:162 - Epoch = 1845 / 2000
2026-03-25 05:51:17.331 | INFO     | __main__:<module>:225 - Training time taken = 194.18 seconds, Evaluation time taken = nan seconds, loss = 0.02928, fid = None
2026-03-25 05:51:17.331 | INFO     | __main__:<module>:162 - Epoch = 1846 / 2000
2026-03-25 05:54:31.604 | INFO     | __main__:<module>:225 - Training time taken = 194.27 seconds, Evaluation time taken = nan seconds, loss = 0.0296, fid = None
2026-03-25 05:54:31.604 | INFO     | __main__:<module>:162 - Epoch = 1847 / 2000
2026-03-25 05:57:46.138 | INFO     | __main__:<module>:225 - Training time taken = 194.53 seconds, Evaluation time taken = nan seconds, loss = 0.02922, fid = None
2026-03-25 05:57:46.138 | INFO     | __main__:<module>:162 - Epoch = 1848 / 2000
2026-03-25 06:01:00.425 | INFO     | __main__:<module>:225 - Training time taken = 194.29 seconds, Evaluation time taken = nan seconds, loss = 0.02945, fid = None
2026-03-25 06:01:00.425 | INFO     | __main__:<module>:162 - Epoch = 1849 / 2000
2026-03-25 06:04:14.429 | INFO     | __main__:<module>:225 - Training time taken = 194.0 seconds, Evaluation time taken = nan seconds, loss = 0.02954, fid = None
2026-03-25 06:04:14.429 | INFO     | __main__:<module>:162 - Epoch = 1850 / 2000
2026-03-25 06:07:28.639 | INFO     | __main__:<module>:225 - Training time taken = 194.21 seconds, Evaluation time taken = nan seconds, loss = 0.02925, fid = None
2026-03-25 06:07:28.639 | INFO     | __main__:<module>:162 - Epoch = 1851 / 2000
2026-03-25 06:10:43.193 | INFO     | __main__:<module>:225 - Training time taken = 194.55 seconds, Evaluation time taken = nan seconds, loss = 0.02917, fid = None
2026-03-25 06:10:43.193 | INFO     | __main__:<module>:162 - Epoch = 1852 / 2000
2026-03-25 06:13:57.522 | INFO     | __main__:<module>:225 - Training time taken = 194.33 seconds, Evaluation time taken = nan seconds, loss = 0.02893, fid = None
2026-03-25 06:13:57.522 | INFO     | __main__:<module>:162 - Epoch = 1853 / 2000
2026-03-25 06:17:11.677 | INFO     | __main__:<module>:225 - Training time taken = 194.15 seconds, Evaluation time taken = nan seconds, loss = 0.02888, fid = None
2026-03-25 06:17:11.677 | INFO     | __main__:<module>:162 - Epoch = 1854 / 2000
2026-03-25 06:20:25.937 | INFO     | __main__:<module>:225 - Training time taken = 194.26 seconds, Evaluation time taken = nan seconds, loss = 0.02955, fid = None
2026-03-25 06:20:25.937 | INFO     | __main__:<module>:162 - Epoch = 1855 / 2000
2026-03-25 06:23:40.098 | INFO     | __main__:<module>:225 - Training time taken = 194.16 seconds, Evaluation time taken = nan seconds, loss = 0.02942, fid = None
2026-03-25 06:23:40.099 | INFO     | __main__:<module>:162 - Epoch = 1856 / 2000
2026-03-25 06:26:53.933 | INFO     | __main__:<module>:225 - Training time taken = 193.83 seconds, Evaluation time taken = nan seconds, loss = 0.02922, fid = None
2026-03-25 06:26:53.933 | INFO     | __main__:<module>:162 - Epoch = 1857 / 2000
2026-03-25 06:30:07.808 | INFO     | __main__:<module>:225 - Training time taken = 193.87 seconds, Evaluation time taken = nan seconds, loss = 0.02928, fid = None
2026-03-25 06:30:07.808 | INFO     | __main__:<module>:162 - Epoch = 1858 / 2000
2026-03-25 06:33:22.111 | INFO     | __main__:<module>:225 - Training time taken = 194.3 seconds, Evaluation time taken = nan seconds, loss = 0.02949, fid = None
2026-03-25 06:33:22.112 | INFO     | __main__:<module>:162 - Epoch = 1859 / 2000
2026-03-25 06:36:35.593 | INFO     | __main__:<module>:225 - Training time taken = 193.48 seconds, Evaluation time taken = nan seconds, loss = 0.02883, fid = None
2026-03-25 06:36:35.593 | INFO     | __main__:<module>:162 - Epoch = 1860 / 2000
2026-03-25 06:39:49.303 | INFO     | __main__:<module>:225 - Training time taken = 193.71 seconds, Evaluation time taken = nan seconds, loss = 0.02845, fid = None
2026-03-25 06:39:49.303 | INFO     | __main__:<module>:162 - Epoch = 1861 / 2000
2026-03-25 06:43:02.576 | INFO     | __main__:<module>:225 - Training time taken = 193.27 seconds, Evaluation time taken = nan seconds, loss = 0.02886, fid = None
2026-03-25 06:43:02.576 | INFO     | __main__:<module>:162 - Epoch = 1862 / 2000
2026-03-25 06:46:15.717 | INFO     | __main__:<module>:225 - Training time taken = 193.14 seconds, Evaluation time taken = nan seconds, loss = 0.02943, fid = None
2026-03-25 06:46:15.717 | INFO     | __main__:<module>:162 - Epoch = 1863 / 2000
2026-03-25 06:49:28.564 | INFO     | __main__:<module>:225 - Training time taken = 192.85 seconds, Evaluation time taken = nan seconds, loss = 0.02957, fid = None
2026-03-25 06:49:28.564 | INFO     | __main__:<module>:162 - Epoch = 1864 / 2000
2026-03-25 06:52:42.188 | INFO     | __main__:<module>:225 - Training time taken = 193.62 seconds, Evaluation time taken = nan seconds, loss = 0.0293, fid = None
2026-03-25 06:52:42.188 | INFO     | __main__:<module>:162 - Epoch = 1865 / 2000
2026-03-25 06:55:55.022 | INFO     | __main__:<module>:225 - Training time taken = 192.83 seconds, Evaluation time taken = nan seconds, loss = 0.02971, fid = None
2026-03-25 06:55:55.022 | INFO     | __main__:<module>:162 - Epoch = 1866 / 2000
2026-03-25 06:59:07.355 | INFO     | __main__:<module>:225 - Training time taken = 192.33 seconds, Evaluation time taken = nan seconds, loss = 0.02961, fid = None
2026-03-25 06:59:07.355 | INFO     | __main__:<module>:162 - Epoch = 1867 / 2000
2026-03-25 07:02:20.044 | INFO     | __main__:<module>:225 - Training time taken = 192.69 seconds, Evaluation time taken = nan seconds, loss = 0.02945, fid = None
2026-03-25 07:02:20.044 | INFO     | __main__:<module>:162 - Epoch = 1868 / 2000
2026-03-25 07:05:32.888 | INFO     | __main__:<module>:225 - Training time taken = 192.84 seconds, Evaluation time taken = nan seconds, loss = 0.02881, fid = None
2026-03-25 07:05:32.888 | INFO     | __main__:<module>:162 - Epoch = 1869 / 2000
2026-03-25 07:08:46.265 | INFO     | __main__:<module>:225 - Training time taken = 193.38 seconds, Evaluation time taken = nan seconds, loss = 0.02995, fid = None
2026-03-25 07:08:46.265 | INFO     | __main__:<module>:162 - Epoch = 1870 / 2000
2026-03-25 07:12:00.374 | INFO     | __main__:<module>:225 - Training time taken = 194.11 seconds, Evaluation time taken = nan seconds, loss = 0.0293, fid = None
2026-03-25 07:12:00.374 | INFO     | __main__:<module>:162 - Epoch = 1871 / 2000
2026-03-25 07:15:12.723 | INFO     | __main__:<module>:225 - Training time taken = 192.35 seconds, Evaluation time taken = nan seconds, loss = 0.02886, fid = None
2026-03-25 07:15:12.723 | INFO     | __main__:<module>:162 - Epoch = 1872 / 2000
2026-03-25 07:18:25.114 | INFO     | __main__:<module>:225 - Training time taken = 192.39 seconds, Evaluation time taken = nan seconds, loss = 0.02977, fid = None
2026-03-25 07:18:25.114 | INFO     | __main__:<module>:162 - Epoch = 1873 / 2000
2026-03-25 07:21:37.734 | INFO     | __main__:<module>:225 - Training time taken = 192.62 seconds, Evaluation time taken = nan seconds, loss = 0.02915, fid = None
2026-03-25 07:21:37.735 | INFO     | __main__:<module>:162 - Epoch = 1874 / 2000
2026-03-25 07:24:50.857 | INFO     | __main__:<module>:225 - Training time taken = 193.12 seconds, Evaluation time taken = nan seconds, loss = 0.02924, fid = None
2026-03-25 07:24:50.858 | INFO     | __main__:<module>:162 - Epoch = 1875 / 2000
2026-03-25 07:28:02.957 | INFO     | __main__:<module>:225 - Training time taken = 192.1 seconds, Evaluation time taken = nan seconds, loss = 0.0294, fid = None
2026-03-25 07:28:02.958 | INFO     | __main__:<module>:162 - Epoch = 1876 / 2000
2026-03-25 07:31:15.299 | INFO     | __main__:<module>:225 - Training time taken = 192.34 seconds, Evaluation time taken = nan seconds, loss = 0.02894, fid = None
2026-03-25 07:31:15.300 | INFO     | __main__:<module>:162 - Epoch = 1877 / 2000
2026-03-25 07:34:27.487 | INFO     | __main__:<module>:225 - Training time taken = 192.19 seconds, Evaluation time taken = nan seconds, loss = 0.02931, fid = None
2026-03-25 07:34:27.487 | INFO     | __main__:<module>:162 - Epoch = 1878 / 2000
2026-03-25 07:37:40.414 | INFO     | __main__:<module>:225 - Training time taken = 192.93 seconds, Evaluation time taken = nan seconds, loss = 0.02929, fid = None
2026-03-25 07:37:40.414 | INFO     | __main__:<module>:162 - Epoch = 1879 / 2000
2026-03-25 07:40:53.244 | INFO     | __main__:<module>:225 - Training time taken = 192.83 seconds, Evaluation time taken = nan seconds, loss = 0.02927, fid = None
2026-03-25 07:40:53.244 | INFO     | __main__:<module>:162 - Epoch = 1880 / 2000
2026-03-25 07:44:05.998 | INFO     | __main__:<module>:225 - Training time taken = 192.75 seconds, Evaluation time taken = nan seconds, loss = 0.02911, fid = None
2026-03-25 07:44:05.999 | INFO     | __main__:<module>:162 - Epoch = 1881 / 2000
2026-03-25 07:47:18.185 | INFO     | __main__:<module>:225 - Training time taken = 192.18 seconds, Evaluation time taken = nan seconds, loss = 0.02926, fid = None
2026-03-25 07:47:18.185 | INFO     | __main__:<module>:162 - Epoch = 1882 / 2000
2026-03-25 07:50:30.965 | INFO     | __main__:<module>:225 - Training time taken = 192.78 seconds, Evaluation time taken = nan seconds, loss = 0.02905, fid = None
2026-03-25 07:50:30.966 | INFO     | __main__:<module>:162 - Epoch = 1883 / 2000
2026-03-25 07:53:43.677 | INFO     | __main__:<module>:225 - Training time taken = 192.71 seconds, Evaluation time taken = nan seconds, loss = 0.02952, fid = None
2026-03-25 07:53:43.677 | INFO     | __main__:<module>:162 - Epoch = 1884 / 2000
2026-03-25 07:56:56.504 | INFO     | __main__:<module>:225 - Training time taken = 192.83 seconds, Evaluation time taken = nan seconds, loss = 0.02905, fid = None
2026-03-25 07:56:56.504 | INFO     | __main__:<module>:162 - Epoch = 1885 / 2000
2026-03-25 08:00:09.745 | INFO     | __main__:<module>:225 - Training time taken = 193.24 seconds, Evaluation time taken = nan seconds, loss = 0.02909, fid = None
2026-03-25 08:00:09.745 | INFO     | __main__:<module>:162 - Epoch = 1886 / 2000
2026-03-25 08:03:22.194 | INFO     | __main__:<module>:225 - Training time taken = 192.45 seconds, Evaluation time taken = nan seconds, loss = 0.02915, fid = None
2026-03-25 08:03:22.194 | INFO     | __main__:<module>:162 - Epoch = 1887 / 2000
2026-03-25 08:06:34.280 | INFO     | __main__:<module>:225 - Training time taken = 192.08 seconds, Evaluation time taken = nan seconds, loss = 0.02928, fid = None
2026-03-25 08:06:34.280 | INFO     | __main__:<module>:162 - Epoch = 1888 / 2000
2026-03-25 08:09:46.457 | INFO     | __main__:<module>:225 - Training time taken = 192.18 seconds, Evaluation time taken = nan seconds, loss = 0.02936, fid = None
2026-03-25 08:09:46.457 | INFO     | __main__:<module>:162 - Epoch = 1889 / 2000
2026-03-25 08:12:59.403 | INFO     | __main__:<module>:225 - Training time taken = 192.94 seconds, Evaluation time taken = nan seconds, loss = 0.02852, fid = None
2026-03-25 08:12:59.404 | INFO     | __main__:<module>:162 - Epoch = 1890 / 2000
2026-03-25 08:16:11.607 | INFO     | __main__:<module>:225 - Training time taken = 192.2 seconds, Evaluation time taken = nan seconds, loss = 0.0289, fid = None
2026-03-25 08:16:11.607 | INFO     | __main__:<module>:162 - Epoch = 1891 / 2000
2026-03-25 08:19:23.802 | INFO     | __main__:<module>:225 - Training time taken = 192.19 seconds, Evaluation time taken = nan seconds, loss = 0.02929, fid = None
2026-03-25 08:19:23.803 | INFO     | __main__:<module>:162 - Epoch = 1892 / 2000
2026-03-25 08:22:36.914 | INFO     | __main__:<module>:225 - Training time taken = 193.11 seconds, Evaluation time taken = nan seconds, loss = 0.02912, fid = None
2026-03-25 08:22:36.915 | INFO     | __main__:<module>:162 - Epoch = 1893 / 2000
2026-03-25 08:25:50.020 | INFO     | __main__:<module>:225 - Training time taken = 193.1 seconds, Evaluation time taken = nan seconds, loss = 0.02893, fid = None
2026-03-25 08:25:50.020 | INFO     | __main__:<module>:162 - Epoch = 1894 / 2000
2026-03-25 08:29:03.101 | INFO     | __main__:<module>:225 - Training time taken = 193.08 seconds, Evaluation time taken = nan seconds, loss = 0.02923, fid = None
2026-03-25 08:29:03.101 | INFO     | __main__:<module>:162 - Epoch = 1895 / 2000
2026-03-25 08:32:15.878 | INFO     | __main__:<module>:225 - Training time taken = 192.78 seconds, Evaluation time taken = nan seconds, loss = 0.02937, fid = None
2026-03-25 08:32:15.878 | INFO     | __main__:<module>:162 - Epoch = 1896 / 2000
2026-03-25 08:35:28.840 | INFO     | __main__:<module>:225 - Training time taken = 192.96 seconds, Evaluation time taken = nan seconds, loss = 0.02905, fid = None
2026-03-25 08:35:28.840 | INFO     | __main__:<module>:162 - Epoch = 1897 / 2000
2026-03-25 08:38:41.972 | INFO     | __main__:<module>:225 - Training time taken = 193.13 seconds, Evaluation time taken = nan seconds, loss = 0.02874, fid = None
2026-03-25 08:38:41.972 | INFO     | __main__:<module>:162 - Epoch = 1898 / 2000
2026-03-25 08:41:54.902 | INFO     | __main__:<module>:225 - Training time taken = 192.93 seconds, Evaluation time taken = nan seconds, loss = 0.0295, fid = None
2026-03-25 08:41:54.903 | INFO     | __main__:<module>:162 - Epoch = 1899 / 2000
2026-03-25 08:45:07.058 | INFO     | __main__:<module>:225 - Training time taken = 192.15 seconds, Evaluation time taken = nan seconds, loss = 0.02919, fid = None
2026-03-25 08:45:07.058 | INFO     | __main__:<module>:162 - Epoch = 1900 / 2000
2026-03-25 08:48:19.336 | INFO     | __main__:<module>:225 - Training time taken = 192.28 seconds, Evaluation time taken = nan seconds, loss = 0.0296, fid = None
2026-03-25 08:48:19.336 | INFO     | __main__:<module>:162 - Epoch = 1901 / 2000
2026-03-25 08:51:32.319 | INFO     | __main__:<module>:225 - Training time taken = 192.98 seconds, Evaluation time taken = nan seconds, loss = 0.02963, fid = None
2026-03-25 08:51:32.320 | INFO     | __main__:<module>:162 - Epoch = 1902 / 2000
2026-03-25 08:54:45.246 | INFO     | __main__:<module>:225 - Training time taken = 192.93 seconds, Evaluation time taken = nan seconds, loss = 0.02915, fid = None
2026-03-25 08:54:45.246 | INFO     | __main__:<module>:162 - Epoch = 1903 / 2000
2026-03-25 08:57:58.053 | INFO     | __main__:<module>:225 - Training time taken = 192.81 seconds, Evaluation time taken = nan seconds, loss = 0.02959, fid = None
2026-03-25 08:57:58.053 | INFO     | __main__:<module>:162 - Epoch = 1904 / 2000
2026-03-25 09:01:11.254 | INFO     | __main__:<module>:225 - Training time taken = 193.2 seconds, Evaluation time taken = nan seconds, loss = 0.02925, fid = None
2026-03-25 09:01:11.255 | INFO     | __main__:<module>:162 - Epoch = 1905 / 2000
2026-03-25 09:04:23.779 | INFO     | __main__:<module>:225 - Training time taken = 192.52 seconds, Evaluation time taken = nan seconds, loss = 0.02942, fid = None
2026-03-25 09:04:23.779 | INFO     | __main__:<module>:162 - Epoch = 1906 / 2000
2026-03-25 09:07:36.031 | INFO     | __main__:<module>:225 - Training time taken = 192.25 seconds, Evaluation time taken = nan seconds, loss = 0.02942, fid = None
2026-03-25 09:07:36.031 | INFO     | __main__:<module>:162 - Epoch = 1907 / 2000
2026-03-25 09:10:48.392 | INFO     | __main__:<module>:225 - Training time taken = 192.36 seconds, Evaluation time taken = nan seconds, loss = 0.02925, fid = None
2026-03-25 09:10:48.392 | INFO     | __main__:<module>:162 - Epoch = 1908 / 2000
2026-03-25 09:14:01.280 | INFO     | __main__:<module>:225 - Training time taken = 192.89 seconds, Evaluation time taken = nan seconds, loss = 0.02923, fid = None
2026-03-25 09:14:01.281 | INFO     | __main__:<module>:162 - Epoch = 1909 / 2000
2026-03-25 09:17:13.697 | INFO     | __main__:<module>:225 - Training time taken = 192.41 seconds, Evaluation time taken = nan seconds, loss = 0.02926, fid = None
2026-03-25 09:17:13.697 | INFO     | __main__:<module>:162 - Epoch = 1910 / 2000
2026-03-25 09:20:26.015 | INFO     | __main__:<module>:225 - Training time taken = 192.32 seconds, Evaluation time taken = nan seconds, loss = 0.02929, fid = None
2026-03-25 09:20:26.015 | INFO     | __main__:<module>:162 - Epoch = 1911 / 2000
2026-03-25 09:23:38.302 | INFO     | __main__:<module>:225 - Training time taken = 192.29 seconds, Evaluation time taken = nan seconds, loss = 0.02924, fid = None
2026-03-25 09:23:38.303 | INFO     | __main__:<module>:162 - Epoch = 1912 / 2000
2026-03-25 09:26:51.117 | INFO     | __main__:<module>:225 - Training time taken = 192.81 seconds, Evaluation time taken = nan seconds, loss = 0.02964, fid = None
2026-03-25 09:26:51.118 | INFO     | __main__:<module>:162 - Epoch = 1913 / 2000
2026-03-25 09:30:03.714 | INFO     | __main__:<module>:225 - Training time taken = 192.6 seconds, Evaluation time taken = nan seconds, loss = 0.02958, fid = None
2026-03-25 09:30:03.715 | INFO     | __main__:<module>:162 - Epoch = 1914 / 2000
2026-03-25 09:33:16.489 | INFO     | __main__:<module>:225 - Training time taken = 192.77 seconds, Evaluation time taken = nan seconds, loss = 0.02917, fid = None
2026-03-25 09:33:16.489 | INFO     | __main__:<module>:162 - Epoch = 1915 / 2000
2026-03-25 09:36:29.525 | INFO     | __main__:<module>:225 - Training time taken = 193.03 seconds, Evaluation time taken = nan seconds, loss = 0.02936, fid = None
2026-03-25 09:36:29.525 | INFO     | __main__:<module>:162 - Epoch = 1916 / 2000
2026-03-25 09:39:42.479 | INFO     | __main__:<module>:225 - Training time taken = 192.95 seconds, Evaluation time taken = nan seconds, loss = 0.02925, fid = None
2026-03-25 09:39:42.479 | INFO     | __main__:<module>:162 - Epoch = 1917 / 2000
2026-03-25 09:42:55.408 | INFO     | __main__:<module>:225 - Training time taken = 192.93 seconds, Evaluation time taken = nan seconds, loss = 0.02944, fid = None
2026-03-25 09:42:55.409 | INFO     | __main__:<module>:162 - Epoch = 1918 / 2000
2026-03-25 09:46:08.230 | INFO     | __main__:<module>:225 - Training time taken = 192.82 seconds, Evaluation time taken = nan seconds, loss = 0.02906, fid = None
2026-03-25 09:46:08.231 | INFO     | __main__:<module>:162 - Epoch = 1919 / 2000
2026-03-25 09:49:21.020 | INFO     | __main__:<module>:225 - Training time taken = 192.79 seconds, Evaluation time taken = nan seconds, loss = 0.02914, fid = None
2026-03-25 09:49:21.020 | INFO     | __main__:<module>:162 - Epoch = 1920 / 2000
2026-03-25 09:52:33.770 | INFO     | __main__:<module>:225 - Training time taken = 192.75 seconds, Evaluation time taken = nan seconds, loss = 0.02938, fid = None
2026-03-25 09:52:33.770 | INFO     | __main__:<module>:162 - Epoch = 1921 / 2000
2026-03-25 09:55:46.101 | INFO     | __main__:<module>:225 - Training time taken = 192.33 seconds, Evaluation time taken = nan seconds, loss = 0.02883, fid = None
2026-03-25 09:55:46.102 | INFO     | __main__:<module>:162 - Epoch = 1922 / 2000
2026-03-25 09:58:59.929 | INFO     | __main__:<module>:225 - Training time taken = 193.83 seconds, Evaluation time taken = nan seconds, loss = 0.02895, fid = None
2026-03-25 09:58:59.929 | INFO     | __main__:<module>:162 - Epoch = 1923 / 2000
2026-03-25 10:02:14.763 | INFO     | __main__:<module>:225 - Training time taken = 194.83 seconds, Evaluation time taken = nan seconds, loss = 0.02944, fid = None
2026-03-25 10:02:14.763 | INFO     | __main__:<module>:162 - Epoch = 1924 / 2000
2026-03-25 10:05:29.350 | INFO     | __main__:<module>:225 - Training time taken = 194.58 seconds, Evaluation time taken = nan seconds, loss = 0.02945, fid = None
2026-03-25 10:05:29.350 | INFO     | __main__:<module>:162 - Epoch = 1925 / 2000
2026-03-25 10:08:43.111 | INFO     | __main__:<module>:225 - Training time taken = 193.76 seconds, Evaluation time taken = nan seconds, loss = 0.02924, fid = None
2026-03-25 10:08:43.111 | INFO     | __main__:<module>:162 - Epoch = 1926 / 2000
2026-03-25 10:11:57.069 | INFO     | __main__:<module>:225 - Training time taken = 193.96 seconds, Evaluation time taken = nan seconds, loss = 0.02938, fid = None
2026-03-25 10:11:57.070 | INFO     | __main__:<module>:162 - Epoch = 1927 / 2000
2026-03-25 10:15:10.144 | INFO     | __main__:<module>:225 - Training time taken = 193.07 seconds, Evaluation time taken = nan seconds, loss = 0.02916, fid = None
2026-03-25 10:15:10.144 | INFO     | __main__:<module>:162 - Epoch = 1928 / 2000
2026-03-25 10:18:24.793 | INFO     | __main__:<module>:225 - Training time taken = 194.65 seconds, Evaluation time taken = nan seconds, loss = 0.02931, fid = None
2026-03-25 10:18:24.794 | INFO     | __main__:<module>:162 - Epoch = 1929 / 2000
2026-03-25 10:21:38.931 | INFO     | __main__:<module>:225 - Training time taken = 194.14 seconds, Evaluation time taken = nan seconds, loss = 0.02938, fid = None
2026-03-25 10:21:38.932 | INFO     | __main__:<module>:162 - Epoch = 1930 / 2000
2026-03-25 10:24:53.051 | INFO     | __main__:<module>:225 - Training time taken = 194.12 seconds, Evaluation time taken = nan seconds, loss = 0.02967, fid = None
2026-03-25 10:24:53.052 | INFO     | __main__:<module>:162 - Epoch = 1931 / 2000
2026-03-25 10:28:06.503 | INFO     | __main__:<module>:225 - Training time taken = 193.45 seconds, Evaluation time taken = nan seconds, loss = 0.02899, fid = None
2026-03-25 10:28:06.503 | INFO     | __main__:<module>:162 - Epoch = 1932 / 2000
2026-03-25 10:31:19.597 | INFO     | __main__:<module>:225 - Training time taken = 193.09 seconds, Evaluation time taken = nan seconds, loss = 0.02929, fid = None
2026-03-25 10:31:19.597 | INFO     | __main__:<module>:162 - Epoch = 1933 / 2000
2026-03-25 10:34:33.273 | INFO     | __main__:<module>:225 - Training time taken = 193.67 seconds, Evaluation time taken = nan seconds, loss = 0.02933, fid = None
2026-03-25 10:34:33.273 | INFO     | __main__:<module>:162 - Epoch = 1934 / 2000
2026-03-25 10:37:46.739 | INFO     | __main__:<module>:225 - Training time taken = 193.46 seconds, Evaluation time taken = nan seconds, loss = 0.02922, fid = None
2026-03-25 10:37:46.739 | INFO     | __main__:<module>:162 - Epoch = 1935 / 2000
2026-03-25 10:41:00.312 | INFO     | __main__:<module>:225 - Training time taken = 193.57 seconds, Evaluation time taken = nan seconds, loss = 0.02893, fid = None
2026-03-25 10:41:00.313 | INFO     | __main__:<module>:162 - Epoch = 1936 / 2000
2026-03-25 10:44:15.191 | INFO     | __main__:<module>:225 - Training time taken = 194.88 seconds, Evaluation time taken = nan seconds, loss = 0.02944, fid = None
2026-03-25 10:44:15.191 | INFO     | __main__:<module>:162 - Epoch = 1937 / 2000
2026-03-25 10:47:30.115 | INFO     | __main__:<module>:225 - Training time taken = 194.92 seconds, Evaluation time taken = nan seconds, loss = 0.02871, fid = None
2026-03-25 10:47:30.115 | INFO     | __main__:<module>:162 - Epoch = 1938 / 2000
2026-03-25 10:50:44.455 | INFO     | __main__:<module>:225 - Training time taken = 194.34 seconds, Evaluation time taken = nan seconds, loss = 0.02915, fid = None
2026-03-25 10:50:44.455 | INFO     | __main__:<module>:162 - Epoch = 1939 / 2000
2026-03-25 10:53:58.709 | INFO     | __main__:<module>:225 - Training time taken = 194.25 seconds, Evaluation time taken = nan seconds, loss = 0.02865, fid = None
2026-03-25 10:53:58.710 | INFO     | __main__:<module>:162 - Epoch = 1940 / 2000
2026-03-25 10:57:12.907 | INFO     | __main__:<module>:225 - Training time taken = 194.2 seconds, Evaluation time taken = nan seconds, loss = 0.02934, fid = None
2026-03-25 10:57:12.908 | INFO     | __main__:<module>:162 - Epoch = 1941 / 2000
2026-03-25 11:00:26.983 | INFO     | __main__:<module>:225 - Training time taken = 194.07 seconds, Evaluation time taken = nan seconds, loss = 0.02943, fid = None
2026-03-25 11:00:26.983 | INFO     | __main__:<module>:162 - Epoch = 1942 / 2000
2026-03-25 11:03:41.551 | INFO     | __main__:<module>:225 - Training time taken = 194.57 seconds, Evaluation time taken = nan seconds, loss = 0.02931, fid = None
2026-03-25 11:03:41.552 | INFO     | __main__:<module>:162 - Epoch = 1943 / 2000
2026-03-25 11:06:56.681 | INFO     | __main__:<module>:225 - Training time taken = 195.13 seconds, Evaluation time taken = nan seconds, loss = 0.02888, fid = None
2026-03-25 11:06:56.682 | INFO     | __main__:<module>:162 - Epoch = 1944 / 2000
2026-03-25 11:10:12.201 | INFO     | __main__:<module>:225 - Training time taken = 195.52 seconds, Evaluation time taken = nan seconds, loss = 0.02925, fid = None
2026-03-25 11:10:12.202 | INFO     | __main__:<module>:162 - Epoch = 1945 / 2000
2026-03-25 11:13:26.935 | INFO     | __main__:<module>:225 - Training time taken = 194.73 seconds, Evaluation time taken = nan seconds, loss = 0.02951, fid = None
2026-03-25 11:13:26.935 | INFO     | __main__:<module>:162 - Epoch = 1946 / 2000
2026-03-25 11:16:41.359 | INFO     | __main__:<module>:225 - Training time taken = 194.42 seconds, Evaluation time taken = nan seconds, loss = 0.02939, fid = None
2026-03-25 11:16:41.359 | INFO     | __main__:<module>:162 - Epoch = 1947 / 2000
2026-03-25 11:19:56.765 | INFO     | __main__:<module>:225 - Training time taken = 195.4 seconds, Evaluation time taken = nan seconds, loss = 0.02914, fid = None
2026-03-25 11:19:56.765 | INFO     | __main__:<module>:162 - Epoch = 1948 / 2000
2026-03-25 11:23:11.866 | INFO     | __main__:<module>:225 - Training time taken = 195.1 seconds, Evaluation time taken = nan seconds, loss = 0.02897, fid = None
2026-03-25 11:23:11.866 | INFO     | __main__:<module>:162 - Epoch = 1949 / 2000
2026-03-25 11:26:27.590 | INFO     | __main__:<module>:225 - Training time taken = 195.72 seconds, Evaluation time taken = nan seconds, loss = 0.0292, fid = None
2026-03-25 11:26:27.590 | INFO     | __main__:<module>:162 - Epoch = 1950 / 2000
2026-03-25 11:29:42.944 | INFO     | __main__:<module>:225 - Training time taken = 195.35 seconds, Evaluation time taken = nan seconds, loss = 0.02893, fid = None
2026-03-25 11:29:42.944 | INFO     | __main__:<module>:162 - Epoch = 1951 / 2000
2026-03-25 11:32:59.585 | INFO     | __main__:<module>:225 - Training time taken = 196.64 seconds, Evaluation time taken = nan seconds, loss = 0.02922, fid = None
2026-03-25 11:32:59.585 | INFO     | __main__:<module>:162 - Epoch = 1952 / 2000
2026-03-25 11:36:16.199 | INFO     | __main__:<module>:225 - Training time taken = 196.61 seconds, Evaluation time taken = nan seconds, loss = 0.02904, fid = None
2026-03-25 11:36:16.200 | INFO     | __main__:<module>:162 - Epoch = 1953 / 2000
2026-03-25 11:39:31.709 | INFO     | __main__:<module>:225 - Training time taken = 195.51 seconds, Evaluation time taken = nan seconds, loss = 0.02954, fid = None
2026-03-25 11:39:31.709 | INFO     | __main__:<module>:162 - Epoch = 1954 / 2000
2026-03-25 11:42:46.899 | INFO     | __main__:<module>:225 - Training time taken = 195.19 seconds, Evaluation time taken = nan seconds, loss = 0.02947, fid = None
2026-03-25 11:42:46.899 | INFO     | __main__:<module>:162 - Epoch = 1955 / 2000
2026-03-25 11:46:02.071 | INFO     | __main__:<module>:225 - Training time taken = 195.17 seconds, Evaluation time taken = nan seconds, loss = 0.02912, fid = None
2026-03-25 11:46:02.071 | INFO     | __main__:<module>:162 - Epoch = 1956 / 2000
2026-03-25 11:49:17.471 | INFO     | __main__:<module>:225 - Training time taken = 195.4 seconds, Evaluation time taken = nan seconds, loss = 0.02942, fid = None
2026-03-25 11:49:17.471 | INFO     | __main__:<module>:162 - Epoch = 1957 / 2000
2026-03-25 11:52:32.868 | INFO     | __main__:<module>:225 - Training time taken = 195.4 seconds, Evaluation time taken = nan seconds, loss = 0.02927, fid = None
2026-03-25 11:52:32.869 | INFO     | __main__:<module>:162 - Epoch = 1958 / 2000
2026-03-25 11:55:48.296 | INFO     | __main__:<module>:225 - Training time taken = 195.43 seconds, Evaluation time taken = nan seconds, loss = 0.02907, fid = None
2026-03-25 11:55:48.297 | INFO     | __main__:<module>:162 - Epoch = 1959 / 2000
2026-03-25 11:59:04.189 | INFO     | __main__:<module>:225 - Training time taken = 195.89 seconds, Evaluation time taken = nan seconds, loss = 0.02936, fid = None
2026-03-25 11:59:04.189 | INFO     | __main__:<module>:162 - Epoch = 1960 / 2000
2026-03-25 12:02:19.720 | INFO     | __main__:<module>:225 - Training time taken = 195.53 seconds, Evaluation time taken = nan seconds, loss = 0.02847, fid = None
2026-03-25 12:02:19.720 | INFO     | __main__:<module>:162 - Epoch = 1961 / 2000
2026-03-25 12:05:35.608 | INFO     | __main__:<module>:225 - Training time taken = 195.89 seconds, Evaluation time taken = nan seconds, loss = 0.02913, fid = None
2026-03-25 12:05:35.609 | INFO     | __main__:<module>:162 - Epoch = 1962 / 2000
2026-03-25 12:08:50.485 | INFO     | __main__:<module>:225 - Training time taken = 194.88 seconds, Evaluation time taken = nan seconds, loss = 0.0292, fid = None
2026-03-25 12:08:50.486 | INFO     | __main__:<module>:162 - Epoch = 1963 / 2000
2026-03-25 12:12:05.216 | INFO     | __main__:<module>:225 - Training time taken = 194.73 seconds, Evaluation time taken = nan seconds, loss = 0.02898, fid = None
2026-03-25 12:12:05.216 | INFO     | __main__:<module>:162 - Epoch = 1964 / 2000
2026-03-25 12:15:20.101 | INFO     | __main__:<module>:225 - Training time taken = 194.88 seconds, Evaluation time taken = nan seconds, loss = 0.02911, fid = None
2026-03-25 12:15:20.101 | INFO     | __main__:<module>:162 - Epoch = 1965 / 2000
2026-03-25 12:18:35.385 | INFO     | __main__:<module>:225 - Training time taken = 195.28 seconds, Evaluation time taken = nan seconds, loss = 0.02945, fid = None
2026-03-25 12:18:35.385 | INFO     | __main__:<module>:162 - Epoch = 1966 / 2000
2026-03-25 12:21:50.171 | INFO     | __main__:<module>:225 - Training time taken = 194.78 seconds, Evaluation time taken = nan seconds, loss = 0.02919, fid = None
2026-03-25 12:21:50.171 | INFO     | __main__:<module>:162 - Epoch = 1967 / 2000
2026-03-25 12:25:04.687 | INFO     | __main__:<module>:225 - Training time taken = 194.51 seconds, Evaluation time taken = nan seconds, loss = 0.02902, fid = None
2026-03-25 12:25:04.687 | INFO     | __main__:<module>:162 - Epoch = 1968 / 2000
2026-03-25 12:28:19.570 | INFO     | __main__:<module>:225 - Training time taken = 194.88 seconds, Evaluation time taken = nan seconds, loss = 0.0291, fid = None
2026-03-25 12:28:19.570 | INFO     | __main__:<module>:162 - Epoch = 1969 / 2000
2026-03-25 12:31:34.340 | INFO     | __main__:<module>:225 - Training time taken = 194.77 seconds, Evaluation time taken = nan seconds, loss = 0.02899, fid = None
2026-03-25 12:31:34.340 | INFO     | __main__:<module>:162 - Epoch = 1970 / 2000
2026-03-25 12:34:49.412 | INFO     | __main__:<module>:225 - Training time taken = 195.07 seconds, Evaluation time taken = nan seconds, loss = 0.02928, fid = None
2026-03-25 12:34:49.412 | INFO     | __main__:<module>:162 - Epoch = 1971 / 2000
2026-03-25 12:38:03.891 | INFO     | __main__:<module>:225 - Training time taken = 194.48 seconds, Evaluation time taken = nan seconds, loss = 0.02963, fid = None
2026-03-25 12:38:03.891 | INFO     | __main__:<module>:162 - Epoch = 1972 / 2000
2026-03-25 12:41:18.555 | INFO     | __main__:<module>:225 - Training time taken = 194.66 seconds, Evaluation time taken = nan seconds, loss = 0.02898, fid = None
2026-03-25 12:41:18.555 | INFO     | __main__:<module>:162 - Epoch = 1973 / 2000
2026-03-25 12:44:32.978 | INFO     | __main__:<module>:225 - Training time taken = 194.42 seconds, Evaluation time taken = nan seconds, loss = 0.02955, fid = None
2026-03-25 12:44:32.979 | INFO     | __main__:<module>:162 - Epoch = 1974 / 2000
2026-03-25 12:47:47.161 | INFO     | __main__:<module>:225 - Training time taken = 194.18 seconds, Evaluation time taken = nan seconds, loss = 0.02927, fid = None
2026-03-25 12:47:47.161 | INFO     | __main__:<module>:162 - Epoch = 1975 / 2000
2026-03-25 12:51:01.468 | INFO     | __main__:<module>:225 - Training time taken = 194.31 seconds, Evaluation time taken = nan seconds, loss = 0.02902, fid = None
2026-03-25 12:51:01.469 | INFO     | __main__:<module>:162 - Epoch = 1976 / 2000
2026-03-25 12:54:16.428 | INFO     | __main__:<module>:225 - Training time taken = 194.96 seconds, Evaluation time taken = nan seconds, loss = 0.02942, fid = None
2026-03-25 12:54:16.428 | INFO     | __main__:<module>:162 - Epoch = 1977 / 2000
2026-03-25 12:57:31.342 | INFO     | __main__:<module>:225 - Training time taken = 194.91 seconds, Evaluation time taken = nan seconds, loss = 0.02935, fid = None
2026-03-25 12:57:31.342 | INFO     | __main__:<module>:162 - Epoch = 1978 / 2000
2026-03-25 13:00:46.074 | INFO     | __main__:<module>:225 - Training time taken = 194.73 seconds, Evaluation time taken = nan seconds, loss = 0.0292, fid = None
2026-03-25 13:00:46.074 | INFO     | __main__:<module>:162 - Epoch = 1979 / 2000
2026-03-25 13:04:00.796 | INFO     | __main__:<module>:225 - Training time taken = 194.72 seconds, Evaluation time taken = nan seconds, loss = 0.02944, fid = None
2026-03-25 13:04:00.796 | INFO     | __main__:<module>:162 - Epoch = 1980 / 2000
2026-03-25 13:07:14.843 | INFO     | __main__:<module>:225 - Training time taken = 194.05 seconds, Evaluation time taken = nan seconds, loss = 0.02897, fid = None
2026-03-25 13:07:14.843 | INFO     | __main__:<module>:162 - Epoch = 1981 / 2000
2026-03-25 13:10:29.188 | INFO     | __main__:<module>:225 - Training time taken = 194.34 seconds, Evaluation time taken = nan seconds, loss = 0.02906, fid = None
2026-03-25 13:10:29.189 | INFO     | __main__:<module>:162 - Epoch = 1982 / 2000
2026-03-25 13:13:43.759 | INFO     | __main__:<module>:225 - Training time taken = 194.57 seconds, Evaluation time taken = nan seconds, loss = 0.02971, fid = None
2026-03-25 13:13:43.759 | INFO     | __main__:<module>:162 - Epoch = 1983 / 2000
2026-03-25 13:16:58.154 | INFO     | __main__:<module>:225 - Training time taken = 194.39 seconds, Evaluation time taken = nan seconds, loss = 0.02918, fid = None
2026-03-25 13:16:58.154 | INFO     | __main__:<module>:162 - Epoch = 1984 / 2000
2026-03-25 13:20:12.350 | INFO     | __main__:<module>:225 - Training time taken = 194.19 seconds, Evaluation time taken = nan seconds, loss = 0.02901, fid = None
2026-03-25 13:20:12.350 | INFO     | __main__:<module>:162 - Epoch = 1985 / 2000
2026-03-25 13:23:26.706 | INFO     | __main__:<module>:225 - Training time taken = 194.35 seconds, Evaluation time taken = nan seconds, loss = 0.0291, fid = None
2026-03-25 13:23:26.707 | INFO     | __main__:<module>:162 - Epoch = 1986 / 2000
2026-03-25 13:26:40.727 | INFO     | __main__:<module>:225 - Training time taken = 194.02 seconds, Evaluation time taken = nan seconds, loss = 0.02892, fid = None
2026-03-25 13:26:40.727 | INFO     | __main__:<module>:162 - Epoch = 1987 / 2000
2026-03-25 13:29:55.246 | INFO     | __main__:<module>:225 - Training time taken = 194.52 seconds, Evaluation time taken = nan seconds, loss = 0.02947, fid = None
2026-03-25 13:29:55.247 | INFO     | __main__:<module>:162 - Epoch = 1988 / 2000
2026-03-25 13:33:10.142 | INFO     | __main__:<module>:225 - Training time taken = 194.89 seconds, Evaluation time taken = nan seconds, loss = 0.02902, fid = None
2026-03-25 13:33:10.143 | INFO     | __main__:<module>:162 - Epoch = 1989 / 2000
2026-03-25 13:36:24.839 | INFO     | __main__:<module>:225 - Training time taken = 194.69 seconds, Evaluation time taken = nan seconds, loss = 0.02928, fid = None
2026-03-25 13:36:24.839 | INFO     | __main__:<module>:162 - Epoch = 1990 / 2000
2026-03-25 13:39:39.389 | INFO     | __main__:<module>:225 - Training time taken = 194.55 seconds, Evaluation time taken = nan seconds, loss = 0.02885, fid = None
2026-03-25 13:39:39.390 | INFO     | __main__:<module>:162 - Epoch = 1991 / 2000
2026-03-25 13:42:54.355 | INFO     | __main__:<module>:225 - Training time taken = 194.96 seconds, Evaluation time taken = nan seconds, loss = 0.02929, fid = None
2026-03-25 13:42:54.355 | INFO     | __main__:<module>:162 - Epoch = 1992 / 2000
2026-03-25 13:46:09.668 | INFO     | __main__:<module>:225 - Training time taken = 195.31 seconds, Evaluation time taken = nan seconds, loss = 0.02919, fid = None
2026-03-25 13:46:09.668 | INFO     | __main__:<module>:162 - Epoch = 1993 / 2000
2026-03-25 13:49:25.475 | INFO     | __main__:<module>:225 - Training time taken = 195.81 seconds, Evaluation time taken = nan seconds, loss = 0.02968, fid = None
2026-03-25 13:49:25.476 | INFO     | __main__:<module>:162 - Epoch = 1994 / 2000
2026-03-25 13:52:40.463 | INFO     | __main__:<module>:225 - Training time taken = 194.99 seconds, Evaluation time taken = nan seconds, loss = 0.02968, fid = None
2026-03-25 13:52:40.463 | INFO     | __main__:<module>:162 - Epoch = 1995 / 2000
2026-03-25 13:55:55.789 | INFO     | __main__:<module>:225 - Training time taken = 195.32 seconds, Evaluation time taken = nan seconds, loss = 0.02874, fid = None
2026-03-25 13:55:55.789 | INFO     | __main__:<module>:162 - Epoch = 1996 / 2000
2026-03-25 13:59:10.618 | INFO     | __main__:<module>:225 - Training time taken = 194.83 seconds, Evaluation time taken = nan seconds, loss = 0.02941, fid = None
2026-03-25 13:59:10.619 | INFO     | __main__:<module>:162 - Epoch = 1997 / 2000
2026-03-25 14:02:25.757 | INFO     | __main__:<module>:225 - Training time taken = 195.14 seconds, Evaluation time taken = nan seconds, loss = 0.02897, fid = None
2026-03-25 14:02:25.757 | INFO     | __main__:<module>:162 - Epoch = 1998 / 2000
2026-03-25 14:05:41.267 | INFO     | __main__:<module>:225 - Training time taken = 195.51 seconds, Evaluation time taken = nan seconds, loss = 0.02914, fid = None
2026-03-25 14:05:41.268 | INFO     | __main__:<module>:162 - Epoch = 1999 / 2000
2026-03-25 14:08:56.573 | INFO     | __main__:<module>:225 - Training time taken = 195.3 seconds, Evaluation time taken = nan seconds, loss = 0.02954, fid = None
2026-03-25 14:08:56.573 | INFO     | __main__:<module>:162 - Epoch = 2000 / 2000
2026-03-25 14:12:12.043 | INFO     | __main__:<module>:189 - Running evaluation
2026-03-25 14:12:12.044 | INFO     | eval_utils:eval:157 - Computing activations on real dataset
2026-03-25 16:21:56.658 | INFO     | eval_utils:eval:160 - real activations shape = (50000, 2048). Computing statistics on real dataset
2026-03-25 16:21:58.483 | INFO     | eval_utils:eval:164 - Generating samples and computing activations
2026-03-26 10:50:01.249 | INFO     | eval_utils:eval:166 - fake activations shape = (50176, 2048). Computing statistics on generated sample activations
2026-03-26 10:50:13.301 | INFO     | eval_utils:eval:169 - real activation mean = (2048,), cov = (2048, 2048)
2026-03-26 10:50:13.302 | INFO     | eval_utils:eval:170 - fake activation mean = (2048,), cov = (2048, 2048)
2026-03-26 10:55:52.294 | INFO     | __main__:<module>:200 - Generating 100 samples
2026-03-26 10:58:11.715 | INFO     | __main__:<module>:211 - Generation completed in 139.42 seconds
2026-03-26 10:58:11.715 | INFO     | __main__:<module>:215 - Saving the model at path = runs/cifar10/v10/model-epoch-2000.bin
2026-03-26 10:58:12.496 | INFO     | __main__:<module>:225 - Training time taken = 195.46 seconds, Evaluation time taken = 74620.25 seconds, loss = 0.02939, fid = 11.927484957067918
