2026-03-02 10:43:29.903 | INFO     | __main__:<module>:60 - Using seed = 42, device = cuda:7 and output dir = runs/cifar10/v8/
2026-03-02 10:43:29.904 | INFO     | __main__:<module>:64 - Saving the config json at path = runs/cifar10/v8/run_config.json
2026-03-02 10:43:31.021 | INFO     | __main__:<module>:73 - length of the dataset = 50000
2026-03-02 10:43:32.270 | INFO     | __main__:<module>:79 - Computing betas, alphas with timesteps = 1000
2026-03-02 10:43:32.655 | INFO     | __main__:<module>:89 - Using variance type = fixed_small for sampling
2026-03-02 10:43:33.024 | INFO     | __main__:<module>:111 - Initializing the model
2026-03-02 10:43:33.599 | INFO     | __main__:<module>:129 - Initializaing EMA with decay = 0.999
2026-03-02 10:43:33.614 | INFO     | __main__:<module>:135 - Initializing the Adam optimizer with learning rate = 5e-05
2026-03-02 10:43:34.347 | INFO     | __main__:<module>:155 - Running for epochs = 2000
2026-03-02 10:43:34.347 | INFO     | __main__:<module>:157 - Epoch = 1 / 2000
2026-03-02 10:46:52.116 | INFO     | __main__:<module>:220 - Training time taken = 197.77 seconds, Evaluation time taken = nan seconds, loss = 0.84794, fid = None
2026-03-02 10:46:52.116 | INFO     | __main__:<module>:157 - Epoch = 2 / 2000
2026-03-02 10:50:09.448 | INFO     | __main__:<module>:220 - Training time taken = 197.33 seconds, Evaluation time taken = nan seconds, loss = 0.30728, fid = None
2026-03-02 10:50:09.448 | INFO     | __main__:<module>:157 - Epoch = 3 / 2000
2026-03-02 10:53:26.761 | INFO     | __main__:<module>:220 - Training time taken = 197.31 seconds, Evaluation time taken = nan seconds, loss = 0.0762, fid = None
2026-03-02 10:53:26.762 | INFO     | __main__:<module>:157 - Epoch = 4 / 2000
2026-03-02 10:56:46.672 | INFO     | __main__:<module>:220 - Training time taken = 199.91 seconds, Evaluation time taken = nan seconds, loss = 0.06016, fid = None
2026-03-02 10:56:46.672 | INFO     | __main__:<module>:157 - Epoch = 5 / 2000
2026-03-02 11:00:06.473 | INFO     | __main__:<module>:220 - Training time taken = 199.8 seconds, Evaluation time taken = nan seconds, loss = 0.05573, fid = None
2026-03-02 11:00:06.474 | INFO     | __main__:<module>:157 - Epoch = 6 / 2000
2026-03-02 11:03:26.013 | INFO     | __main__:<module>:220 - Training time taken = 199.54 seconds, Evaluation time taken = nan seconds, loss = 0.05214, fid = None
2026-03-02 11:03:26.013 | INFO     | __main__:<module>:157 - Epoch = 7 / 2000
2026-03-02 11:06:44.355 | INFO     | __main__:<module>:220 - Training time taken = 198.34 seconds, Evaluation time taken = nan seconds, loss = 0.05096, fid = None
2026-03-02 11:06:44.356 | INFO     | __main__:<module>:157 - Epoch = 8 / 2000
2026-03-02 11:10:04.033 | INFO     | __main__:<module>:220 - Training time taken = 199.68 seconds, Evaluation time taken = nan seconds, loss = 0.04848, fid = None
2026-03-02 11:10:04.033 | INFO     | __main__:<module>:157 - Epoch = 9 / 2000
2026-03-02 11:13:23.322 | INFO     | __main__:<module>:220 - Training time taken = 199.29 seconds, Evaluation time taken = nan seconds, loss = 0.04695, fid = None
2026-03-02 11:13:23.323 | INFO     | __main__:<module>:157 - Epoch = 10 / 2000
2026-03-02 11:16:41.779 | INFO     | __main__:<module>:220 - Training time taken = 198.46 seconds, Evaluation time taken = nan seconds, loss = 0.04675, fid = None
2026-03-02 11:16:41.780 | INFO     | __main__:<module>:157 - Epoch = 11 / 2000
2026-03-02 11:19:59.728 | INFO     | __main__:<module>:220 - Training time taken = 197.95 seconds, Evaluation time taken = nan seconds, loss = 0.04485, fid = None
2026-03-02 11:19:59.728 | INFO     | __main__:<module>:157 - Epoch = 12 / 2000
2026-03-02 11:23:18.061 | INFO     | __main__:<module>:220 - Training time taken = 198.33 seconds, Evaluation time taken = nan seconds, loss = 0.04418, fid = None
2026-03-02 11:23:18.061 | INFO     | __main__:<module>:157 - Epoch = 13 / 2000
2026-03-02 11:26:36.559 | INFO     | __main__:<module>:220 - Training time taken = 198.5 seconds, Evaluation time taken = nan seconds, loss = 0.04376, fid = None
2026-03-02 11:26:36.560 | INFO     | __main__:<module>:157 - Epoch = 14 / 2000
2026-03-02 11:29:54.236 | INFO     | __main__:<module>:220 - Training time taken = 197.67 seconds, Evaluation time taken = nan seconds, loss = 0.04243, fid = None
2026-03-02 11:29:54.236 | INFO     | __main__:<module>:157 - Epoch = 15 / 2000
2026-03-02 11:33:12.402 | INFO     | __main__:<module>:220 - Training time taken = 198.16 seconds, Evaluation time taken = nan seconds, loss = 0.04185, fid = None
2026-03-02 11:33:12.402 | INFO     | __main__:<module>:157 - Epoch = 16 / 2000
2026-03-02 11:36:30.896 | INFO     | __main__:<module>:220 - Training time taken = 198.49 seconds, Evaluation time taken = nan seconds, loss = 0.04147, fid = None
2026-03-02 11:36:30.896 | INFO     | __main__:<module>:157 - Epoch = 17 / 2000
2026-03-02 11:39:48.526 | INFO     | __main__:<module>:220 - Training time taken = 197.63 seconds, Evaluation time taken = nan seconds, loss = 0.04124, fid = None
2026-03-02 11:39:48.526 | INFO     | __main__:<module>:157 - Epoch = 18 / 2000
2026-03-02 11:43:06.854 | INFO     | __main__:<module>:220 - Training time taken = 198.33 seconds, Evaluation time taken = nan seconds, loss = 0.04096, fid = None
2026-03-02 11:43:06.854 | INFO     | __main__:<module>:157 - Epoch = 19 / 2000
2026-03-02 11:46:24.873 | INFO     | __main__:<module>:220 - Training time taken = 198.02 seconds, Evaluation time taken = nan seconds, loss = 0.04039, fid = None
2026-03-02 11:46:24.874 | INFO     | __main__:<module>:157 - Epoch = 20 / 2000
2026-03-02 11:49:43.370 | INFO     | __main__:<module>:220 - Training time taken = 198.5 seconds, Evaluation time taken = nan seconds, loss = 0.03968, fid = None
2026-03-02 11:49:43.371 | INFO     | __main__:<module>:157 - Epoch = 21 / 2000
2026-03-02 11:53:01.590 | INFO     | __main__:<module>:220 - Training time taken = 198.22 seconds, Evaluation time taken = nan seconds, loss = 0.03926, fid = None
2026-03-02 11:53:01.591 | INFO     | __main__:<module>:157 - Epoch = 22 / 2000
2026-03-02 11:56:19.462 | INFO     | __main__:<module>:220 - Training time taken = 197.87 seconds, Evaluation time taken = nan seconds, loss = 0.03894, fid = None
2026-03-02 11:56:19.463 | INFO     | __main__:<module>:157 - Epoch = 23 / 2000
2026-03-02 11:59:37.457 | INFO     | __main__:<module>:220 - Training time taken = 197.99 seconds, Evaluation time taken = nan seconds, loss = 0.03825, fid = None
2026-03-02 11:59:37.458 | INFO     | __main__:<module>:157 - Epoch = 24 / 2000
2026-03-02 12:02:56.028 | INFO     | __main__:<module>:220 - Training time taken = 198.57 seconds, Evaluation time taken = nan seconds, loss = 0.03868, fid = None
2026-03-02 12:02:56.029 | INFO     | __main__:<module>:157 - Epoch = 25 / 2000
2026-03-02 12:06:14.142 | INFO     | __main__:<module>:220 - Training time taken = 198.11 seconds, Evaluation time taken = nan seconds, loss = 0.03796, fid = None
2026-03-02 12:06:14.142 | INFO     | __main__:<module>:157 - Epoch = 26 / 2000
2026-03-02 12:09:33.616 | INFO     | __main__:<module>:220 - Training time taken = 199.47 seconds, Evaluation time taken = nan seconds, loss = 0.03793, fid = None
2026-03-02 12:09:33.616 | INFO     | __main__:<module>:157 - Epoch = 27 / 2000
2026-03-02 12:12:52.733 | INFO     | __main__:<module>:220 - Training time taken = 199.12 seconds, Evaluation time taken = nan seconds, loss = 0.03768, fid = None
2026-03-02 12:12:52.733 | INFO     | __main__:<module>:157 - Epoch = 28 / 2000
2026-03-02 12:16:11.803 | INFO     | __main__:<module>:220 - Training time taken = 199.07 seconds, Evaluation time taken = nan seconds, loss = 0.0378, fid = None
2026-03-02 12:16:11.804 | INFO     | __main__:<module>:157 - Epoch = 29 / 2000
2026-03-02 12:19:30.210 | INFO     | __main__:<module>:220 - Training time taken = 198.41 seconds, Evaluation time taken = nan seconds, loss = 0.03712, fid = None
2026-03-02 12:19:30.211 | INFO     | __main__:<module>:157 - Epoch = 30 / 2000
2026-03-02 12:22:48.088 | INFO     | __main__:<module>:220 - Training time taken = 197.88 seconds, Evaluation time taken = nan seconds, loss = 0.03677, fid = None
2026-03-02 12:22:48.088 | INFO     | __main__:<module>:157 - Epoch = 31 / 2000
2026-03-02 12:26:06.220 | INFO     | __main__:<module>:220 - Training time taken = 198.13 seconds, Evaluation time taken = nan seconds, loss = 0.03718, fid = None
2026-03-02 12:26:06.220 | INFO     | __main__:<module>:157 - Epoch = 32 / 2000
2026-03-02 12:29:23.999 | INFO     | __main__:<module>:220 - Training time taken = 197.78 seconds, Evaluation time taken = nan seconds, loss = 0.03619, fid = None
2026-03-02 12:29:24.000 | INFO     | __main__:<module>:157 - Epoch = 33 / 2000
2026-03-02 12:32:41.294 | INFO     | __main__:<module>:220 - Training time taken = 197.29 seconds, Evaluation time taken = nan seconds, loss = 0.03696, fid = None
2026-03-02 12:32:41.295 | INFO     | __main__:<module>:157 - Epoch = 34 / 2000
2026-03-02 12:35:58.225 | INFO     | __main__:<module>:220 - Training time taken = 196.93 seconds, Evaluation time taken = nan seconds, loss = 0.03691, fid = None
2026-03-02 12:35:58.225 | INFO     | __main__:<module>:157 - Epoch = 35 / 2000
2026-03-02 12:39:15.355 | INFO     | __main__:<module>:220 - Training time taken = 197.13 seconds, Evaluation time taken = nan seconds, loss = 0.03668, fid = None
2026-03-02 12:39:15.356 | INFO     | __main__:<module>:157 - Epoch = 36 / 2000
2026-03-02 12:42:32.482 | INFO     | __main__:<module>:220 - Training time taken = 197.13 seconds, Evaluation time taken = nan seconds, loss = 0.03611, fid = None
2026-03-02 12:42:32.482 | INFO     | __main__:<module>:157 - Epoch = 37 / 2000
2026-03-02 12:45:49.357 | INFO     | __main__:<module>:220 - Training time taken = 196.87 seconds, Evaluation time taken = nan seconds, loss = 0.03558, fid = None
2026-03-02 12:45:49.357 | INFO     | __main__:<module>:157 - Epoch = 38 / 2000
2026-03-02 12:49:06.729 | INFO     | __main__:<module>:220 - Training time taken = 197.37 seconds, Evaluation time taken = nan seconds, loss = 0.03529, fid = None
2026-03-02 12:49:06.730 | INFO     | __main__:<module>:157 - Epoch = 39 / 2000
2026-03-02 12:52:23.661 | INFO     | __main__:<module>:220 - Training time taken = 196.93 seconds, Evaluation time taken = nan seconds, loss = 0.03547, fid = None
2026-03-02 12:52:23.661 | INFO     | __main__:<module>:157 - Epoch = 40 / 2000
2026-03-02 12:55:42.651 | INFO     | __main__:<module>:220 - Training time taken = 198.99 seconds, Evaluation time taken = nan seconds, loss = 0.03563, fid = None
2026-03-02 12:55:42.652 | INFO     | __main__:<module>:157 - Epoch = 41 / 2000
2026-03-02 12:58:59.875 | INFO     | __main__:<module>:220 - Training time taken = 197.22 seconds, Evaluation time taken = nan seconds, loss = 0.03555, fid = None
2026-03-02 12:58:59.875 | INFO     | __main__:<module>:157 - Epoch = 42 / 2000
2026-03-02 13:02:17.085 | INFO     | __main__:<module>:220 - Training time taken = 197.21 seconds, Evaluation time taken = nan seconds, loss = 0.03533, fid = None
2026-03-02 13:02:17.086 | INFO     | __main__:<module>:157 - Epoch = 43 / 2000
2026-03-02 13:05:34.094 | INFO     | __main__:<module>:220 - Training time taken = 197.01 seconds, Evaluation time taken = nan seconds, loss = 0.03548, fid = None
2026-03-02 13:05:34.094 | INFO     | __main__:<module>:157 - Epoch = 44 / 2000
2026-03-02 13:08:51.066 | INFO     | __main__:<module>:220 - Training time taken = 196.97 seconds, Evaluation time taken = nan seconds, loss = 0.03517, fid = None
2026-03-02 13:08:51.066 | INFO     | __main__:<module>:157 - Epoch = 45 / 2000
2026-03-02 13:12:08.897 | INFO     | __main__:<module>:220 - Training time taken = 197.83 seconds, Evaluation time taken = nan seconds, loss = 0.03528, fid = None
2026-03-02 13:12:08.898 | INFO     | __main__:<module>:157 - Epoch = 46 / 2000
2026-03-02 13:15:26.363 | INFO     | __main__:<module>:220 - Training time taken = 197.46 seconds, Evaluation time taken = nan seconds, loss = 0.0352, fid = None
2026-03-02 13:15:26.363 | INFO     | __main__:<module>:157 - Epoch = 47 / 2000
2026-03-02 13:18:45.066 | INFO     | __main__:<module>:220 - Training time taken = 198.7 seconds, Evaluation time taken = nan seconds, loss = 0.03496, fid = None
2026-03-02 13:18:45.066 | INFO     | __main__:<module>:157 - Epoch = 48 / 2000
2026-03-02 13:22:05.128 | INFO     | __main__:<module>:220 - Training time taken = 200.06 seconds, Evaluation time taken = nan seconds, loss = 0.03488, fid = None
2026-03-02 13:22:05.129 | INFO     | __main__:<module>:157 - Epoch = 49 / 2000
2026-03-02 13:25:23.000 | INFO     | __main__:<module>:220 - Training time taken = 197.87 seconds, Evaluation time taken = nan seconds, loss = 0.03456, fid = None
2026-03-02 13:25:23.000 | INFO     | __main__:<module>:157 - Epoch = 50 / 2000
2026-03-02 13:28:42.003 | INFO     | __main__:<module>:220 - Training time taken = 199.0 seconds, Evaluation time taken = nan seconds, loss = 0.03468, fid = None
2026-03-02 13:28:42.003 | INFO     | __main__:<module>:157 - Epoch = 51 / 2000
2026-03-02 13:31:59.462 | INFO     | __main__:<module>:220 - Training time taken = 197.46 seconds, Evaluation time taken = nan seconds, loss = 0.03452, fid = None
2026-03-02 13:31:59.462 | INFO     | __main__:<module>:157 - Epoch = 52 / 2000
2026-03-02 13:35:17.233 | INFO     | __main__:<module>:220 - Training time taken = 197.77 seconds, Evaluation time taken = nan seconds, loss = 0.03421, fid = None
2026-03-02 13:35:17.233 | INFO     | __main__:<module>:157 - Epoch = 53 / 2000
2026-03-02 13:38:35.341 | INFO     | __main__:<module>:220 - Training time taken = 198.11 seconds, Evaluation time taken = nan seconds, loss = 0.03448, fid = None
2026-03-02 13:38:35.342 | INFO     | __main__:<module>:157 - Epoch = 54 / 2000
2026-03-02 13:41:52.635 | INFO     | __main__:<module>:220 - Training time taken = 197.29 seconds, Evaluation time taken = nan seconds, loss = 0.0347, fid = None
2026-03-02 13:41:52.635 | INFO     | __main__:<module>:157 - Epoch = 55 / 2000
2026-03-02 13:45:10.560 | INFO     | __main__:<module>:220 - Training time taken = 197.92 seconds, Evaluation time taken = nan seconds, loss = 0.0345, fid = None
2026-03-02 13:45:10.560 | INFO     | __main__:<module>:157 - Epoch = 56 / 2000
2026-03-02 13:48:27.818 | INFO     | __main__:<module>:220 - Training time taken = 197.26 seconds, Evaluation time taken = nan seconds, loss = 0.03414, fid = None
2026-03-02 13:48:27.819 | INFO     | __main__:<module>:157 - Epoch = 57 / 2000
2026-03-02 13:51:46.665 | INFO     | __main__:<module>:220 - Training time taken = 198.85 seconds, Evaluation time taken = nan seconds, loss = 0.03416, fid = None
2026-03-02 13:51:46.666 | INFO     | __main__:<module>:157 - Epoch = 58 / 2000
2026-03-02 13:55:05.155 | INFO     | __main__:<module>:220 - Training time taken = 198.49 seconds, Evaluation time taken = nan seconds, loss = 0.03328, fid = None
2026-03-02 13:55:05.156 | INFO     | __main__:<module>:157 - Epoch = 59 / 2000
2026-03-02 13:58:22.961 | INFO     | __main__:<module>:220 - Training time taken = 197.8 seconds, Evaluation time taken = nan seconds, loss = 0.03376, fid = None
2026-03-02 13:58:22.962 | INFO     | __main__:<module>:157 - Epoch = 60 / 2000
2026-03-02 14:01:40.135 | INFO     | __main__:<module>:220 - Training time taken = 197.17 seconds, Evaluation time taken = nan seconds, loss = 0.03376, fid = None
2026-03-02 14:01:40.135 | INFO     | __main__:<module>:157 - Epoch = 61 / 2000
2026-03-02 14:04:57.705 | INFO     | __main__:<module>:220 - Training time taken = 197.57 seconds, Evaluation time taken = nan seconds, loss = 0.03315, fid = None
2026-03-02 14:04:57.706 | INFO     | __main__:<module>:157 - Epoch = 62 / 2000
2026-03-02 14:08:15.921 | INFO     | __main__:<module>:220 - Training time taken = 198.21 seconds, Evaluation time taken = nan seconds, loss = 0.03377, fid = None
2026-03-02 14:08:15.921 | INFO     | __main__:<module>:157 - Epoch = 63 / 2000
2026-03-02 14:11:33.721 | INFO     | __main__:<module>:220 - Training time taken = 197.8 seconds, Evaluation time taken = nan seconds, loss = 0.034, fid = None
2026-03-02 14:11:33.721 | INFO     | __main__:<module>:157 - Epoch = 64 / 2000
2026-03-02 14:14:52.675 | INFO     | __main__:<module>:220 - Training time taken = 198.95 seconds, Evaluation time taken = nan seconds, loss = 0.03312, fid = None
2026-03-02 14:14:52.675 | INFO     | __main__:<module>:157 - Epoch = 65 / 2000
2026-03-02 14:18:09.840 | INFO     | __main__:<module>:220 - Training time taken = 197.16 seconds, Evaluation time taken = nan seconds, loss = 0.0338, fid = None
2026-03-02 14:18:09.841 | INFO     | __main__:<module>:157 - Epoch = 66 / 2000
2026-03-02 14:21:27.117 | INFO     | __main__:<module>:220 - Training time taken = 197.28 seconds, Evaluation time taken = nan seconds, loss = 0.03356, fid = None
2026-03-02 14:21:27.117 | INFO     | __main__:<module>:157 - Epoch = 67 / 2000
2026-03-02 14:24:44.531 | INFO     | __main__:<module>:220 - Training time taken = 197.41 seconds, Evaluation time taken = nan seconds, loss = 0.03403, fid = None
2026-03-02 14:24:44.531 | INFO     | __main__:<module>:157 - Epoch = 68 / 2000
2026-03-02 14:28:02.179 | INFO     | __main__:<module>:220 - Training time taken = 197.65 seconds, Evaluation time taken = nan seconds, loss = 0.0341, fid = None
2026-03-02 14:28:02.180 | INFO     | __main__:<module>:157 - Epoch = 69 / 2000
2026-03-02 14:31:20.724 | INFO     | __main__:<module>:220 - Training time taken = 198.54 seconds, Evaluation time taken = nan seconds, loss = 0.03385, fid = None
2026-03-02 14:31:20.725 | INFO     | __main__:<module>:157 - Epoch = 70 / 2000
2026-03-02 14:34:39.783 | INFO     | __main__:<module>:220 - Training time taken = 199.06 seconds, Evaluation time taken = nan seconds, loss = 0.03362, fid = None
2026-03-02 14:34:39.783 | INFO     | __main__:<module>:157 - Epoch = 71 / 2000
2026-03-02 14:37:57.739 | INFO     | __main__:<module>:220 - Training time taken = 197.95 seconds, Evaluation time taken = nan seconds, loss = 0.03351, fid = None
2026-03-02 14:37:57.739 | INFO     | __main__:<module>:157 - Epoch = 72 / 2000
2026-03-02 14:41:15.359 | INFO     | __main__:<module>:220 - Training time taken = 197.62 seconds, Evaluation time taken = nan seconds, loss = 0.03376, fid = None
2026-03-02 14:41:15.359 | INFO     | __main__:<module>:157 - Epoch = 73 / 2000
2026-03-02 14:44:33.060 | INFO     | __main__:<module>:220 - Training time taken = 197.7 seconds, Evaluation time taken = nan seconds, loss = 0.03334, fid = None
2026-03-02 14:44:33.060 | INFO     | __main__:<module>:157 - Epoch = 74 / 2000
2026-03-02 14:47:50.521 | INFO     | __main__:<module>:220 - Training time taken = 197.46 seconds, Evaluation time taken = nan seconds, loss = 0.03348, fid = None
2026-03-02 14:47:50.522 | INFO     | __main__:<module>:157 - Epoch = 75 / 2000
2026-03-02 14:51:08.176 | INFO     | __main__:<module>:220 - Training time taken = 197.65 seconds, Evaluation time taken = nan seconds, loss = 0.03383, fid = None
2026-03-02 14:51:08.176 | INFO     | __main__:<module>:157 - Epoch = 76 / 2000
2026-03-02 14:54:26.557 | INFO     | __main__:<module>:220 - Training time taken = 198.38 seconds, Evaluation time taken = nan seconds, loss = 0.03315, fid = None
2026-03-02 14:54:26.558 | INFO     | __main__:<module>:157 - Epoch = 77 / 2000
2026-03-02 14:57:45.225 | INFO     | __main__:<module>:220 - Training time taken = 198.67 seconds, Evaluation time taken = nan seconds, loss = 0.0331, fid = None
2026-03-02 14:57:45.225 | INFO     | __main__:<module>:157 - Epoch = 78 / 2000
2026-03-02 15:01:03.142 | INFO     | __main__:<module>:220 - Training time taken = 197.92 seconds, Evaluation time taken = nan seconds, loss = 0.03355, fid = None
2026-03-02 15:01:03.142 | INFO     | __main__:<module>:157 - Epoch = 79 / 2000
2026-03-02 15:04:21.404 | INFO     | __main__:<module>:220 - Training time taken = 198.26 seconds, Evaluation time taken = nan seconds, loss = 0.03356, fid = None
2026-03-02 15:04:21.404 | INFO     | __main__:<module>:157 - Epoch = 80 / 2000
2026-03-02 15:07:39.475 | INFO     | __main__:<module>:220 - Training time taken = 198.07 seconds, Evaluation time taken = nan seconds, loss = 0.03331, fid = None
2026-03-02 15:07:39.475 | INFO     | __main__:<module>:157 - Epoch = 81 / 2000
2026-03-02 15:10:57.140 | INFO     | __main__:<module>:220 - Training time taken = 197.66 seconds, Evaluation time taken = nan seconds, loss = 0.03326, fid = None
2026-03-02 15:10:57.140 | INFO     | __main__:<module>:157 - Epoch = 82 / 2000
2026-03-02 15:14:14.618 | INFO     | __main__:<module>:220 - Training time taken = 197.48 seconds, Evaluation time taken = nan seconds, loss = 0.0327, fid = None
2026-03-02 15:14:14.618 | INFO     | __main__:<module>:157 - Epoch = 83 / 2000
2026-03-02 15:17:33.473 | INFO     | __main__:<module>:220 - Training time taken = 198.85 seconds, Evaluation time taken = nan seconds, loss = 0.03336, fid = None
2026-03-02 15:17:33.474 | INFO     | __main__:<module>:157 - Epoch = 84 / 2000
2026-03-02 15:20:51.258 | INFO     | __main__:<module>:220 - Training time taken = 197.78 seconds, Evaluation time taken = nan seconds, loss = 0.03288, fid = None
2026-03-02 15:20:51.258 | INFO     | __main__:<module>:157 - Epoch = 85 / 2000
2026-03-02 15:24:09.432 | INFO     | __main__:<module>:220 - Training time taken = 198.17 seconds, Evaluation time taken = nan seconds, loss = 0.03314, fid = None
2026-03-02 15:24:09.433 | INFO     | __main__:<module>:157 - Epoch = 86 / 2000
2026-03-02 15:27:27.753 | INFO     | __main__:<module>:220 - Training time taken = 198.32 seconds, Evaluation time taken = nan seconds, loss = 0.03413, fid = None
2026-03-02 15:27:27.754 | INFO     | __main__:<module>:157 - Epoch = 87 / 2000
2026-03-02 15:30:45.978 | INFO     | __main__:<module>:220 - Training time taken = 198.22 seconds, Evaluation time taken = nan seconds, loss = 0.03297, fid = None
2026-03-02 15:30:45.979 | INFO     | __main__:<module>:157 - Epoch = 88 / 2000
2026-03-02 15:34:05.195 | INFO     | __main__:<module>:220 - Training time taken = 199.22 seconds, Evaluation time taken = nan seconds, loss = 0.03343, fid = None
2026-03-02 15:34:05.196 | INFO     | __main__:<module>:157 - Epoch = 89 / 2000
2026-03-02 15:37:23.156 | INFO     | __main__:<module>:220 - Training time taken = 197.96 seconds, Evaluation time taken = nan seconds, loss = 0.03279, fid = None
2026-03-02 15:37:23.156 | INFO     | __main__:<module>:157 - Epoch = 90 / 2000
2026-03-02 15:40:41.455 | INFO     | __main__:<module>:220 - Training time taken = 198.3 seconds, Evaluation time taken = nan seconds, loss = 0.03257, fid = None
2026-03-02 15:40:41.456 | INFO     | __main__:<module>:157 - Epoch = 91 / 2000
2026-03-02 15:43:59.223 | INFO     | __main__:<module>:220 - Training time taken = 197.77 seconds, Evaluation time taken = nan seconds, loss = 0.03291, fid = None
2026-03-02 15:43:59.224 | INFO     | __main__:<module>:157 - Epoch = 92 / 2000
2026-03-02 15:47:18.538 | INFO     | __main__:<module>:220 - Training time taken = 199.31 seconds, Evaluation time taken = nan seconds, loss = 0.03223, fid = None
2026-03-02 15:47:18.538 | INFO     | __main__:<module>:157 - Epoch = 93 / 2000
2026-03-02 15:50:38.500 | INFO     | __main__:<module>:220 - Training time taken = 199.96 seconds, Evaluation time taken = nan seconds, loss = 0.03304, fid = None
2026-03-02 15:50:38.500 | INFO     | __main__:<module>:157 - Epoch = 94 / 2000
2026-03-02 15:53:56.915 | INFO     | __main__:<module>:220 - Training time taken = 198.41 seconds, Evaluation time taken = nan seconds, loss = 0.03288, fid = None
2026-03-02 15:53:56.915 | INFO     | __main__:<module>:157 - Epoch = 95 / 2000
2026-03-02 15:57:14.784 | INFO     | __main__:<module>:220 - Training time taken = 197.87 seconds, Evaluation time taken = nan seconds, loss = 0.03307, fid = None
2026-03-02 15:57:14.784 | INFO     | __main__:<module>:157 - Epoch = 96 / 2000
2026-03-02 16:00:33.431 | INFO     | __main__:<module>:220 - Training time taken = 198.65 seconds, Evaluation time taken = nan seconds, loss = 0.03261, fid = None
2026-03-02 16:00:33.431 | INFO     | __main__:<module>:157 - Epoch = 97 / 2000
2026-03-02 16:03:53.804 | INFO     | __main__:<module>:220 - Training time taken = 200.37 seconds, Evaluation time taken = nan seconds, loss = 0.03272, fid = None
2026-03-02 16:03:53.804 | INFO     | __main__:<module>:157 - Epoch = 98 / 2000
2026-03-02 16:07:13.563 | INFO     | __main__:<module>:220 - Training time taken = 199.76 seconds, Evaluation time taken = nan seconds, loss = 0.03253, fid = None
2026-03-02 16:07:13.564 | INFO     | __main__:<module>:157 - Epoch = 99 / 2000
2026-03-02 16:10:32.954 | INFO     | __main__:<module>:220 - Training time taken = 199.39 seconds, Evaluation time taken = nan seconds, loss = 0.03252, fid = None
2026-03-02 16:10:32.955 | INFO     | __main__:<module>:157 - Epoch = 100 / 2000
2026-03-02 16:13:54.016 | INFO     | __main__:<module>:220 - Training time taken = 201.06 seconds, Evaluation time taken = nan seconds, loss = 0.03299, fid = None
2026-03-02 16:13:54.017 | INFO     | __main__:<module>:157 - Epoch = 101 / 2000
2026-03-02 16:17:15.884 | INFO     | __main__:<module>:220 - Training time taken = 201.87 seconds, Evaluation time taken = nan seconds, loss = 0.03241, fid = None
2026-03-02 16:17:15.885 | INFO     | __main__:<module>:157 - Epoch = 102 / 2000
2026-03-02 16:20:36.634 | INFO     | __main__:<module>:220 - Training time taken = 200.75 seconds, Evaluation time taken = nan seconds, loss = 0.03221, fid = None
2026-03-02 16:20:36.634 | INFO     | __main__:<module>:157 - Epoch = 103 / 2000
2026-03-02 16:23:57.401 | INFO     | __main__:<module>:220 - Training time taken = 200.77 seconds, Evaluation time taken = nan seconds, loss = 0.03281, fid = None
2026-03-02 16:23:57.402 | INFO     | __main__:<module>:157 - Epoch = 104 / 2000
2026-03-02 16:27:17.847 | INFO     | __main__:<module>:220 - Training time taken = 200.44 seconds, Evaluation time taken = nan seconds, loss = 0.03238, fid = None
2026-03-02 16:27:17.847 | INFO     | __main__:<module>:157 - Epoch = 105 / 2000
2026-03-02 16:30:38.595 | INFO     | __main__:<module>:220 - Training time taken = 200.75 seconds, Evaluation time taken = nan seconds, loss = 0.03246, fid = None
2026-03-02 16:30:38.596 | INFO     | __main__:<module>:157 - Epoch = 106 / 2000
2026-03-02 16:33:59.576 | INFO     | __main__:<module>:220 - Training time taken = 200.98 seconds, Evaluation time taken = nan seconds, loss = 0.03235, fid = None
2026-03-02 16:33:59.577 | INFO     | __main__:<module>:157 - Epoch = 107 / 2000
2026-03-02 16:37:20.666 | INFO     | __main__:<module>:220 - Training time taken = 201.09 seconds, Evaluation time taken = nan seconds, loss = 0.0319, fid = None
2026-03-02 16:37:20.667 | INFO     | __main__:<module>:157 - Epoch = 108 / 2000
2026-03-02 16:40:41.922 | INFO     | __main__:<module>:220 - Training time taken = 201.25 seconds, Evaluation time taken = nan seconds, loss = 0.03307, fid = None
2026-03-02 16:40:41.922 | INFO     | __main__:<module>:157 - Epoch = 109 / 2000
2026-03-02 16:44:02.556 | INFO     | __main__:<module>:220 - Training time taken = 200.63 seconds, Evaluation time taken = nan seconds, loss = 0.03209, fid = None
2026-03-02 16:44:02.557 | INFO     | __main__:<module>:157 - Epoch = 110 / 2000
2026-03-02 16:47:21.848 | INFO     | __main__:<module>:220 - Training time taken = 199.29 seconds, Evaluation time taken = nan seconds, loss = 0.03247, fid = None
2026-03-02 16:47:21.848 | INFO     | __main__:<module>:157 - Epoch = 111 / 2000
2026-03-02 16:50:41.027 | INFO     | __main__:<module>:220 - Training time taken = 199.18 seconds, Evaluation time taken = nan seconds, loss = 0.03273, fid = None
2026-03-02 16:50:41.027 | INFO     | __main__:<module>:157 - Epoch = 112 / 2000
2026-03-02 16:54:00.428 | INFO     | __main__:<module>:220 - Training time taken = 199.4 seconds, Evaluation time taken = nan seconds, loss = 0.03231, fid = None
2026-03-02 16:54:00.429 | INFO     | __main__:<module>:157 - Epoch = 113 / 2000
2026-03-02 16:57:19.445 | INFO     | __main__:<module>:220 - Training time taken = 199.01 seconds, Evaluation time taken = nan seconds, loss = 0.0325, fid = None
2026-03-02 16:57:19.445 | INFO     | __main__:<module>:157 - Epoch = 114 / 2000
2026-03-02 17:00:38.539 | INFO     | __main__:<module>:220 - Training time taken = 199.09 seconds, Evaluation time taken = nan seconds, loss = 0.03217, fid = None
2026-03-02 17:00:38.539 | INFO     | __main__:<module>:157 - Epoch = 115 / 2000
2026-03-02 17:03:58.078 | INFO     | __main__:<module>:220 - Training time taken = 199.54 seconds, Evaluation time taken = nan seconds, loss = 0.03254, fid = None
2026-03-02 17:03:58.078 | INFO     | __main__:<module>:157 - Epoch = 116 / 2000
2026-03-02 17:07:17.195 | INFO     | __main__:<module>:220 - Training time taken = 199.12 seconds, Evaluation time taken = nan seconds, loss = 0.03241, fid = None
2026-03-02 17:07:17.196 | INFO     | __main__:<module>:157 - Epoch = 117 / 2000
2026-03-02 17:10:36.292 | INFO     | __main__:<module>:220 - Training time taken = 199.1 seconds, Evaluation time taken = nan seconds, loss = 0.0324, fid = None
2026-03-02 17:10:36.292 | INFO     | __main__:<module>:157 - Epoch = 118 / 2000
2026-03-02 17:13:56.041 | INFO     | __main__:<module>:220 - Training time taken = 199.75 seconds, Evaluation time taken = nan seconds, loss = 0.03274, fid = None
2026-03-02 17:13:56.041 | INFO     | __main__:<module>:157 - Epoch = 119 / 2000
2026-03-02 17:17:15.962 | INFO     | __main__:<module>:220 - Training time taken = 199.92 seconds, Evaluation time taken = nan seconds, loss = 0.03258, fid = None
2026-03-02 17:17:15.962 | INFO     | __main__:<module>:157 - Epoch = 120 / 2000
2026-03-02 17:20:36.171 | INFO     | __main__:<module>:220 - Training time taken = 200.21 seconds, Evaluation time taken = nan seconds, loss = 0.03245, fid = None
2026-03-02 17:20:36.172 | INFO     | __main__:<module>:157 - Epoch = 121 / 2000
2026-03-02 17:23:56.816 | INFO     | __main__:<module>:220 - Training time taken = 200.64 seconds, Evaluation time taken = nan seconds, loss = 0.0326, fid = None
2026-03-02 17:23:56.817 | INFO     | __main__:<module>:157 - Epoch = 122 / 2000
2026-03-02 17:27:17.533 | INFO     | __main__:<module>:220 - Training time taken = 200.72 seconds, Evaluation time taken = nan seconds, loss = 0.03222, fid = None
2026-03-02 17:27:17.534 | INFO     | __main__:<module>:157 - Epoch = 123 / 2000
2026-03-02 17:30:37.953 | INFO     | __main__:<module>:220 - Training time taken = 200.42 seconds, Evaluation time taken = nan seconds, loss = 0.03256, fid = None
2026-03-02 17:30:37.954 | INFO     | __main__:<module>:157 - Epoch = 124 / 2000
2026-03-02 17:33:59.316 | INFO     | __main__:<module>:220 - Training time taken = 201.36 seconds, Evaluation time taken = nan seconds, loss = 0.03255, fid = None
2026-03-02 17:33:59.317 | INFO     | __main__:<module>:157 - Epoch = 125 / 2000
2026-03-02 17:37:20.475 | INFO     | __main__:<module>:220 - Training time taken = 201.16 seconds, Evaluation time taken = nan seconds, loss = 0.03242, fid = None
2026-03-02 17:37:20.475 | INFO     | __main__:<module>:157 - Epoch = 126 / 2000
2026-03-02 17:40:41.536 | INFO     | __main__:<module>:220 - Training time taken = 201.06 seconds, Evaluation time taken = nan seconds, loss = 0.03234, fid = None
2026-03-02 17:40:41.537 | INFO     | __main__:<module>:157 - Epoch = 127 / 2000
2026-03-02 17:44:02.452 | INFO     | __main__:<module>:220 - Training time taken = 200.91 seconds, Evaluation time taken = nan seconds, loss = 0.03246, fid = None
2026-03-02 17:44:02.452 | INFO     | __main__:<module>:157 - Epoch = 128 / 2000
2026-03-02 17:47:23.241 | INFO     | __main__:<module>:220 - Training time taken = 200.79 seconds, Evaluation time taken = nan seconds, loss = 0.03231, fid = None
2026-03-02 17:47:23.242 | INFO     | __main__:<module>:157 - Epoch = 129 / 2000
2026-03-02 17:50:44.146 | INFO     | __main__:<module>:220 - Training time taken = 200.9 seconds, Evaluation time taken = nan seconds, loss = 0.0322, fid = None
2026-03-02 17:50:44.146 | INFO     | __main__:<module>:157 - Epoch = 130 / 2000
2026-03-02 17:54:05.446 | INFO     | __main__:<module>:220 - Training time taken = 201.3 seconds, Evaluation time taken = nan seconds, loss = 0.03187, fid = None
2026-03-02 17:54:05.447 | INFO     | __main__:<module>:157 - Epoch = 131 / 2000
2026-03-02 17:57:25.711 | INFO     | __main__:<module>:220 - Training time taken = 200.26 seconds, Evaluation time taken = nan seconds, loss = 0.03252, fid = None
2026-03-02 17:57:25.711 | INFO     | __main__:<module>:157 - Epoch = 132 / 2000
2026-03-02 18:00:46.436 | INFO     | __main__:<module>:220 - Training time taken = 200.72 seconds, Evaluation time taken = nan seconds, loss = 0.03207, fid = None
2026-03-02 18:00:46.436 | INFO     | __main__:<module>:157 - Epoch = 133 / 2000
2026-03-02 18:04:07.263 | INFO     | __main__:<module>:220 - Training time taken = 200.83 seconds, Evaluation time taken = nan seconds, loss = 0.03197, fid = None
2026-03-02 18:04:07.264 | INFO     | __main__:<module>:157 - Epoch = 134 / 2000
2026-03-02 18:07:27.596 | INFO     | __main__:<module>:220 - Training time taken = 200.33 seconds, Evaluation time taken = nan seconds, loss = 0.03263, fid = None
2026-03-02 18:07:27.596 | INFO     | __main__:<module>:157 - Epoch = 135 / 2000
2026-03-02 18:10:48.182 | INFO     | __main__:<module>:220 - Training time taken = 200.58 seconds, Evaluation time taken = nan seconds, loss = 0.0328, fid = None
2026-03-02 18:10:48.182 | INFO     | __main__:<module>:157 - Epoch = 136 / 2000
2026-03-02 18:14:08.540 | INFO     | __main__:<module>:220 - Training time taken = 200.36 seconds, Evaluation time taken = nan seconds, loss = 0.03204, fid = None
2026-03-02 18:14:08.541 | INFO     | __main__:<module>:157 - Epoch = 137 / 2000
2026-03-02 18:17:29.654 | INFO     | __main__:<module>:220 - Training time taken = 201.11 seconds, Evaluation time taken = nan seconds, loss = 0.03219, fid = None
2026-03-02 18:17:29.655 | INFO     | __main__:<module>:157 - Epoch = 138 / 2000
2026-03-02 18:20:50.816 | INFO     | __main__:<module>:220 - Training time taken = 201.16 seconds, Evaluation time taken = nan seconds, loss = 0.03238, fid = None
2026-03-02 18:20:50.816 | INFO     | __main__:<module>:157 - Epoch = 139 / 2000
2026-03-02 18:24:11.330 | INFO     | __main__:<module>:220 - Training time taken = 200.51 seconds, Evaluation time taken = nan seconds, loss = 0.03241, fid = None
2026-03-02 18:24:11.330 | INFO     | __main__:<module>:157 - Epoch = 140 / 2000
2026-03-02 18:27:31.568 | INFO     | __main__:<module>:220 - Training time taken = 200.24 seconds, Evaluation time taken = nan seconds, loss = 0.0324, fid = None
2026-03-02 18:27:31.568 | INFO     | __main__:<module>:157 - Epoch = 141 / 2000
2026-03-02 18:30:51.942 | INFO     | __main__:<module>:220 - Training time taken = 200.37 seconds, Evaluation time taken = nan seconds, loss = 0.03264, fid = None
2026-03-02 18:30:51.943 | INFO     | __main__:<module>:157 - Epoch = 142 / 2000
2026-03-02 18:34:12.902 | INFO     | __main__:<module>:220 - Training time taken = 200.96 seconds, Evaluation time taken = nan seconds, loss = 0.03179, fid = None
2026-03-02 18:34:12.902 | INFO     | __main__:<module>:157 - Epoch = 143 / 2000
2026-03-02 18:37:33.410 | INFO     | __main__:<module>:220 - Training time taken = 200.51 seconds, Evaluation time taken = nan seconds, loss = 0.03284, fid = None
2026-03-02 18:37:33.410 | INFO     | __main__:<module>:157 - Epoch = 144 / 2000
2026-03-02 18:40:53.899 | INFO     | __main__:<module>:220 - Training time taken = 200.49 seconds, Evaluation time taken = nan seconds, loss = 0.03136, fid = None
2026-03-02 18:40:53.899 | INFO     | __main__:<module>:157 - Epoch = 145 / 2000
2026-03-02 18:44:14.569 | INFO     | __main__:<module>:220 - Training time taken = 200.67 seconds, Evaluation time taken = nan seconds, loss = 0.0321, fid = None
2026-03-02 18:44:14.570 | INFO     | __main__:<module>:157 - Epoch = 146 / 2000
2026-03-02 18:47:35.775 | INFO     | __main__:<module>:220 - Training time taken = 201.2 seconds, Evaluation time taken = nan seconds, loss = 0.03195, fid = None
2026-03-02 18:47:35.775 | INFO     | __main__:<module>:157 - Epoch = 147 / 2000
2026-03-02 18:50:56.684 | INFO     | __main__:<module>:220 - Training time taken = 200.91 seconds, Evaluation time taken = nan seconds, loss = 0.03255, fid = None
2026-03-02 18:50:56.685 | INFO     | __main__:<module>:157 - Epoch = 148 / 2000
2026-03-02 18:54:17.694 | INFO     | __main__:<module>:220 - Training time taken = 201.01 seconds, Evaluation time taken = nan seconds, loss = 0.03237, fid = None
2026-03-02 18:54:17.695 | INFO     | __main__:<module>:157 - Epoch = 149 / 2000
2026-03-02 18:57:38.452 | INFO     | __main__:<module>:220 - Training time taken = 200.76 seconds, Evaluation time taken = nan seconds, loss = 0.03177, fid = None
2026-03-02 18:57:38.452 | INFO     | __main__:<module>:157 - Epoch = 150 / 2000
2026-03-02 19:00:59.142 | INFO     | __main__:<module>:220 - Training time taken = 200.69 seconds, Evaluation time taken = nan seconds, loss = 0.03207, fid = None
2026-03-02 19:00:59.142 | INFO     | __main__:<module>:157 - Epoch = 151 / 2000
2026-03-02 19:04:19.948 | INFO     | __main__:<module>:220 - Training time taken = 200.8 seconds, Evaluation time taken = nan seconds, loss = 0.03169, fid = None
2026-03-02 19:04:19.949 | INFO     | __main__:<module>:157 - Epoch = 152 / 2000
2026-03-02 19:07:41.474 | INFO     | __main__:<module>:220 - Training time taken = 201.52 seconds, Evaluation time taken = nan seconds, loss = 0.03173, fid = None
2026-03-02 19:07:41.474 | INFO     | __main__:<module>:157 - Epoch = 153 / 2000
2026-03-02 19:11:03.030 | INFO     | __main__:<module>:220 - Training time taken = 201.55 seconds, Evaluation time taken = nan seconds, loss = 0.03196, fid = None
2026-03-02 19:11:03.031 | INFO     | __main__:<module>:157 - Epoch = 154 / 2000
2026-03-02 19:14:23.838 | INFO     | __main__:<module>:220 - Training time taken = 200.81 seconds, Evaluation time taken = nan seconds, loss = 0.03143, fid = None
2026-03-02 19:14:23.838 | INFO     | __main__:<module>:157 - Epoch = 155 / 2000
2026-03-02 19:17:44.710 | INFO     | __main__:<module>:220 - Training time taken = 200.87 seconds, Evaluation time taken = nan seconds, loss = 0.03171, fid = None
2026-03-02 19:17:44.711 | INFO     | __main__:<module>:157 - Epoch = 156 / 2000
2026-03-02 19:21:06.793 | INFO     | __main__:<module>:220 - Training time taken = 202.08 seconds, Evaluation time taken = nan seconds, loss = 0.03191, fid = None
2026-03-02 19:21:06.794 | INFO     | __main__:<module>:157 - Epoch = 157 / 2000
2026-03-02 19:24:28.576 | INFO     | __main__:<module>:220 - Training time taken = 201.78 seconds, Evaluation time taken = nan seconds, loss = 0.03151, fid = None
2026-03-02 19:24:28.576 | INFO     | __main__:<module>:157 - Epoch = 158 / 2000
2026-03-02 19:27:50.257 | INFO     | __main__:<module>:220 - Training time taken = 201.68 seconds, Evaluation time taken = nan seconds, loss = 0.0318, fid = None
2026-03-02 19:27:50.258 | INFO     | __main__:<module>:157 - Epoch = 159 / 2000
2026-03-02 19:31:11.936 | INFO     | __main__:<module>:220 - Training time taken = 201.68 seconds, Evaluation time taken = nan seconds, loss = 0.03215, fid = None
2026-03-02 19:31:11.936 | INFO     | __main__:<module>:157 - Epoch = 160 / 2000
2026-03-02 19:34:33.454 | INFO     | __main__:<module>:220 - Training time taken = 201.52 seconds, Evaluation time taken = nan seconds, loss = 0.03138, fid = None
2026-03-02 19:34:33.454 | INFO     | __main__:<module>:157 - Epoch = 161 / 2000
2026-03-02 19:37:55.531 | INFO     | __main__:<module>:220 - Training time taken = 202.08 seconds, Evaluation time taken = nan seconds, loss = 0.03224, fid = None
2026-03-02 19:37:55.532 | INFO     | __main__:<module>:157 - Epoch = 162 / 2000
2026-03-02 19:41:17.103 | INFO     | __main__:<module>:220 - Training time taken = 201.57 seconds, Evaluation time taken = nan seconds, loss = 0.03178, fid = None
2026-03-02 19:41:17.104 | INFO     | __main__:<module>:157 - Epoch = 163 / 2000
2026-03-02 19:44:39.937 | INFO     | __main__:<module>:220 - Training time taken = 202.83 seconds, Evaluation time taken = nan seconds, loss = 0.03184, fid = None
2026-03-02 19:44:39.938 | INFO     | __main__:<module>:157 - Epoch = 164 / 2000
2026-03-02 19:50:54.408 | INFO     | __main__:<module>:220 - Training time taken = 374.47 seconds, Evaluation time taken = nan seconds, loss = 0.03149, fid = None
2026-03-02 19:50:54.409 | INFO     | __main__:<module>:157 - Epoch = 165 / 2000
2026-03-02 19:57:07.424 | INFO     | __main__:<module>:220 - Training time taken = 373.01 seconds, Evaluation time taken = nan seconds, loss = 0.03248, fid = None
2026-03-02 19:57:07.424 | INFO     | __main__:<module>:157 - Epoch = 166 / 2000
2026-03-02 20:03:19.294 | INFO     | __main__:<module>:220 - Training time taken = 371.87 seconds, Evaluation time taken = nan seconds, loss = 0.03167, fid = None
2026-03-02 20:03:19.295 | INFO     | __main__:<module>:157 - Epoch = 167 / 2000
2026-03-02 20:09:31.238 | INFO     | __main__:<module>:220 - Training time taken = 371.94 seconds, Evaluation time taken = nan seconds, loss = 0.03176, fid = None
2026-03-02 20:09:31.238 | INFO     | __main__:<module>:157 - Epoch = 168 / 2000
2026-03-02 20:15:43.592 | INFO     | __main__:<module>:220 - Training time taken = 372.35 seconds, Evaluation time taken = nan seconds, loss = 0.0315, fid = None
2026-03-02 20:15:43.592 | INFO     | __main__:<module>:157 - Epoch = 169 / 2000
2026-03-02 20:21:56.187 | INFO     | __main__:<module>:220 - Training time taken = 372.59 seconds, Evaluation time taken = nan seconds, loss = 0.03185, fid = None
2026-03-02 20:21:56.187 | INFO     | __main__:<module>:157 - Epoch = 170 / 2000
2026-03-02 20:28:08.851 | INFO     | __main__:<module>:220 - Training time taken = 372.66 seconds, Evaluation time taken = nan seconds, loss = 0.03172, fid = None
2026-03-02 20:28:08.851 | INFO     | __main__:<module>:157 - Epoch = 171 / 2000
2026-03-02 20:32:53.672 | INFO     | __main__:<module>:220 - Training time taken = 284.82 seconds, Evaluation time taken = nan seconds, loss = 0.03212, fid = None
2026-03-02 20:32:53.672 | INFO     | __main__:<module>:157 - Epoch = 172 / 2000
2026-03-02 20:36:12.846 | INFO     | __main__:<module>:220 - Training time taken = 199.17 seconds, Evaluation time taken = nan seconds, loss = 0.03191, fid = None
2026-03-02 20:36:12.846 | INFO     | __main__:<module>:157 - Epoch = 173 / 2000
2026-03-02 20:39:32.036 | INFO     | __main__:<module>:220 - Training time taken = 199.19 seconds, Evaluation time taken = nan seconds, loss = 0.03192, fid = None
2026-03-02 20:39:32.036 | INFO     | __main__:<module>:157 - Epoch = 174 / 2000
2026-03-02 20:42:52.006 | INFO     | __main__:<module>:220 - Training time taken = 199.97 seconds, Evaluation time taken = nan seconds, loss = 0.03166, fid = None
2026-03-02 20:42:52.007 | INFO     | __main__:<module>:157 - Epoch = 175 / 2000
2026-03-02 20:46:11.693 | INFO     | __main__:<module>:220 - Training time taken = 199.68 seconds, Evaluation time taken = nan seconds, loss = 0.03129, fid = None
2026-03-02 20:46:11.693 | INFO     | __main__:<module>:157 - Epoch = 176 / 2000
2026-03-02 20:49:31.980 | INFO     | __main__:<module>:220 - Training time taken = 200.29 seconds, Evaluation time taken = nan seconds, loss = 0.03214, fid = None
2026-03-02 20:49:31.981 | INFO     | __main__:<module>:157 - Epoch = 177 / 2000
2026-03-02 20:52:51.182 | INFO     | __main__:<module>:220 - Training time taken = 199.2 seconds, Evaluation time taken = nan seconds, loss = 0.03196, fid = None
2026-03-02 20:52:51.182 | INFO     | __main__:<module>:157 - Epoch = 178 / 2000
2026-03-02 20:56:11.201 | INFO     | __main__:<module>:220 - Training time taken = 200.02 seconds, Evaluation time taken = nan seconds, loss = 0.03168, fid = None
2026-03-02 20:56:11.201 | INFO     | __main__:<module>:157 - Epoch = 179 / 2000
2026-03-02 20:59:30.449 | INFO     | __main__:<module>:220 - Training time taken = 199.25 seconds, Evaluation time taken = nan seconds, loss = 0.03151, fid = None
2026-03-02 20:59:30.449 | INFO     | __main__:<module>:157 - Epoch = 180 / 2000
2026-03-02 21:02:49.573 | INFO     | __main__:<module>:220 - Training time taken = 199.12 seconds, Evaluation time taken = nan seconds, loss = 0.0316, fid = None
2026-03-02 21:02:49.573 | INFO     | __main__:<module>:157 - Epoch = 181 / 2000
2026-03-02 21:06:08.542 | INFO     | __main__:<module>:220 - Training time taken = 198.97 seconds, Evaluation time taken = nan seconds, loss = 0.03166, fid = None
2026-03-02 21:06:08.542 | INFO     | __main__:<module>:157 - Epoch = 182 / 2000
2026-03-02 21:09:27.918 | INFO     | __main__:<module>:220 - Training time taken = 199.37 seconds, Evaluation time taken = nan seconds, loss = 0.03197, fid = None
2026-03-02 21:09:27.919 | INFO     | __main__:<module>:157 - Epoch = 183 / 2000
2026-03-02 21:12:46.878 | INFO     | __main__:<module>:220 - Training time taken = 198.96 seconds, Evaluation time taken = nan seconds, loss = 0.03142, fid = None
2026-03-02 21:12:46.879 | INFO     | __main__:<module>:157 - Epoch = 184 / 2000
2026-03-02 21:16:06.424 | INFO     | __main__:<module>:220 - Training time taken = 199.54 seconds, Evaluation time taken = nan seconds, loss = 0.03082, fid = None
2026-03-02 21:16:06.424 | INFO     | __main__:<module>:157 - Epoch = 185 / 2000
2026-03-02 21:19:27.067 | INFO     | __main__:<module>:220 - Training time taken = 200.64 seconds, Evaluation time taken = nan seconds, loss = 0.03148, fid = None
2026-03-02 21:19:27.067 | INFO     | __main__:<module>:157 - Epoch = 186 / 2000
2026-03-02 21:22:48.740 | INFO     | __main__:<module>:220 - Training time taken = 201.67 seconds, Evaluation time taken = nan seconds, loss = 0.03142, fid = None
2026-03-02 21:22:48.740 | INFO     | __main__:<module>:157 - Epoch = 187 / 2000
2026-03-02 21:26:09.321 | INFO     | __main__:<module>:220 - Training time taken = 200.58 seconds, Evaluation time taken = nan seconds, loss = 0.03159, fid = None
2026-03-02 21:26:09.321 | INFO     | __main__:<module>:157 - Epoch = 188 / 2000
2026-03-02 21:29:29.399 | INFO     | __main__:<module>:220 - Training time taken = 200.08 seconds, Evaluation time taken = nan seconds, loss = 0.03184, fid = None
2026-03-02 21:29:29.400 | INFO     | __main__:<module>:157 - Epoch = 189 / 2000
2026-03-02 21:32:49.837 | INFO     | __main__:<module>:220 - Training time taken = 200.44 seconds, Evaluation time taken = nan seconds, loss = 0.03201, fid = None
2026-03-02 21:32:49.838 | INFO     | __main__:<module>:157 - Epoch = 190 / 2000
2026-03-02 21:36:10.975 | INFO     | __main__:<module>:220 - Training time taken = 201.14 seconds, Evaluation time taken = nan seconds, loss = 0.03176, fid = None
2026-03-02 21:36:10.975 | INFO     | __main__:<module>:157 - Epoch = 191 / 2000
2026-03-02 21:39:32.400 | INFO     | __main__:<module>:220 - Training time taken = 201.42 seconds, Evaluation time taken = nan seconds, loss = 0.03213, fid = None
2026-03-02 21:39:32.401 | INFO     | __main__:<module>:157 - Epoch = 192 / 2000
2026-03-02 21:42:53.887 | INFO     | __main__:<module>:220 - Training time taken = 201.49 seconds, Evaluation time taken = nan seconds, loss = 0.03163, fid = None
2026-03-02 21:42:53.888 | INFO     | __main__:<module>:157 - Epoch = 193 / 2000
2026-03-02 21:46:15.055 | INFO     | __main__:<module>:220 - Training time taken = 201.17 seconds, Evaluation time taken = nan seconds, loss = 0.03155, fid = None
2026-03-02 21:46:15.055 | INFO     | __main__:<module>:157 - Epoch = 194 / 2000
2026-03-02 21:49:36.234 | INFO     | __main__:<module>:220 - Training time taken = 201.18 seconds, Evaluation time taken = nan seconds, loss = 0.03172, fid = None
2026-03-02 21:49:36.234 | INFO     | __main__:<module>:157 - Epoch = 195 / 2000
2026-03-02 21:52:57.105 | INFO     | __main__:<module>:220 - Training time taken = 200.87 seconds, Evaluation time taken = nan seconds, loss = 0.03122, fid = None
2026-03-02 21:52:57.105 | INFO     | __main__:<module>:157 - Epoch = 196 / 2000
2026-03-02 21:56:17.623 | INFO     | __main__:<module>:220 - Training time taken = 200.52 seconds, Evaluation time taken = nan seconds, loss = 0.03171, fid = None
2026-03-02 21:56:17.624 | INFO     | __main__:<module>:157 - Epoch = 197 / 2000
2026-03-02 21:59:38.638 | INFO     | __main__:<module>:220 - Training time taken = 201.01 seconds, Evaluation time taken = nan seconds, loss = 0.03161, fid = None
2026-03-02 21:59:38.638 | INFO     | __main__:<module>:157 - Epoch = 198 / 2000
2026-03-02 22:02:59.935 | INFO     | __main__:<module>:220 - Training time taken = 201.3 seconds, Evaluation time taken = nan seconds, loss = 0.03151, fid = None
2026-03-02 22:02:59.935 | INFO     | __main__:<module>:157 - Epoch = 199 / 2000
2026-03-02 22:06:20.380 | INFO     | __main__:<module>:220 - Training time taken = 200.44 seconds, Evaluation time taken = nan seconds, loss = 0.032, fid = None
2026-03-02 22:06:20.381 | INFO     | __main__:<module>:157 - Epoch = 200 / 2000
2026-03-02 22:09:41.223 | INFO     | __main__:<module>:220 - Training time taken = 200.84 seconds, Evaluation time taken = nan seconds, loss = 0.03117, fid = None
2026-03-02 22:09:41.224 | INFO     | __main__:<module>:157 - Epoch = 201 / 2000
2026-03-02 22:13:02.277 | INFO     | __main__:<module>:220 - Training time taken = 201.05 seconds, Evaluation time taken = nan seconds, loss = 0.03156, fid = None
2026-03-02 22:13:02.277 | INFO     | __main__:<module>:157 - Epoch = 202 / 2000
2026-03-02 22:16:23.506 | INFO     | __main__:<module>:220 - Training time taken = 201.23 seconds, Evaluation time taken = nan seconds, loss = 0.03157, fid = None
2026-03-02 22:16:23.506 | INFO     | __main__:<module>:157 - Epoch = 203 / 2000
2026-03-02 22:19:44.966 | INFO     | __main__:<module>:220 - Training time taken = 201.46 seconds, Evaluation time taken = nan seconds, loss = 0.0314, fid = None
2026-03-02 22:19:44.966 | INFO     | __main__:<module>:157 - Epoch = 204 / 2000
2026-03-02 22:23:06.868 | INFO     | __main__:<module>:220 - Training time taken = 201.9 seconds, Evaluation time taken = nan seconds, loss = 0.03163, fid = None
2026-03-02 22:23:06.869 | INFO     | __main__:<module>:157 - Epoch = 205 / 2000
2026-03-02 22:26:27.889 | INFO     | __main__:<module>:220 - Training time taken = 201.02 seconds, Evaluation time taken = nan seconds, loss = 0.03121, fid = None
2026-03-02 22:26:27.890 | INFO     | __main__:<module>:157 - Epoch = 206 / 2000
2026-03-02 22:29:49.160 | INFO     | __main__:<module>:220 - Training time taken = 201.27 seconds, Evaluation time taken = nan seconds, loss = 0.03135, fid = None
2026-03-02 22:29:49.160 | INFO     | __main__:<module>:157 - Epoch = 207 / 2000
2026-03-02 22:33:10.280 | INFO     | __main__:<module>:220 - Training time taken = 201.12 seconds, Evaluation time taken = nan seconds, loss = 0.03163, fid = None
2026-03-02 22:33:10.281 | INFO     | __main__:<module>:157 - Epoch = 208 / 2000
2026-03-02 22:36:31.407 | INFO     | __main__:<module>:220 - Training time taken = 201.12 seconds, Evaluation time taken = nan seconds, loss = 0.03183, fid = None
2026-03-02 22:36:31.408 | INFO     | __main__:<module>:157 - Epoch = 209 / 2000
2026-03-02 22:39:53.091 | INFO     | __main__:<module>:220 - Training time taken = 201.68 seconds, Evaluation time taken = nan seconds, loss = 0.03142, fid = None
2026-03-02 22:39:53.091 | INFO     | __main__:<module>:157 - Epoch = 210 / 2000
2026-03-02 22:43:13.827 | INFO     | __main__:<module>:220 - Training time taken = 200.73 seconds, Evaluation time taken = nan seconds, loss = 0.03159, fid = None
2026-03-02 22:43:13.828 | INFO     | __main__:<module>:157 - Epoch = 211 / 2000
2026-03-02 22:46:34.655 | INFO     | __main__:<module>:220 - Training time taken = 200.83 seconds, Evaluation time taken = nan seconds, loss = 0.03169, fid = None
2026-03-02 22:46:34.655 | INFO     | __main__:<module>:157 - Epoch = 212 / 2000
2026-03-02 22:49:55.578 | INFO     | __main__:<module>:220 - Training time taken = 200.92 seconds, Evaluation time taken = nan seconds, loss = 0.03135, fid = None
2026-03-02 22:49:55.579 | INFO     | __main__:<module>:157 - Epoch = 213 / 2000
2026-03-02 22:53:16.521 | INFO     | __main__:<module>:220 - Training time taken = 200.94 seconds, Evaluation time taken = nan seconds, loss = 0.03139, fid = None
2026-03-02 22:53:16.521 | INFO     | __main__:<module>:157 - Epoch = 214 / 2000
2026-03-02 22:56:36.889 | INFO     | __main__:<module>:220 - Training time taken = 200.37 seconds, Evaluation time taken = nan seconds, loss = 0.03073, fid = None
2026-03-02 22:56:36.890 | INFO     | __main__:<module>:157 - Epoch = 215 / 2000
2026-03-02 22:59:57.160 | INFO     | __main__:<module>:220 - Training time taken = 200.27 seconds, Evaluation time taken = nan seconds, loss = 0.03163, fid = None
2026-03-02 22:59:57.161 | INFO     | __main__:<module>:157 - Epoch = 216 / 2000
2026-03-02 23:03:17.504 | INFO     | __main__:<module>:220 - Training time taken = 200.34 seconds, Evaluation time taken = nan seconds, loss = 0.03128, fid = None
2026-03-02 23:03:17.504 | INFO     | __main__:<module>:157 - Epoch = 217 / 2000
2026-03-02 23:06:38.270 | INFO     | __main__:<module>:220 - Training time taken = 200.76 seconds, Evaluation time taken = nan seconds, loss = 0.03178, fid = None
2026-03-02 23:06:38.271 | INFO     | __main__:<module>:157 - Epoch = 218 / 2000
2026-03-02 23:09:59.407 | INFO     | __main__:<module>:220 - Training time taken = 201.14 seconds, Evaluation time taken = nan seconds, loss = 0.0315, fid = None
2026-03-02 23:09:59.408 | INFO     | __main__:<module>:157 - Epoch = 219 / 2000
2026-03-02 23:13:20.326 | INFO     | __main__:<module>:220 - Training time taken = 200.92 seconds, Evaluation time taken = nan seconds, loss = 0.03122, fid = None
2026-03-02 23:13:20.327 | INFO     | __main__:<module>:157 - Epoch = 220 / 2000
2026-03-02 23:16:41.786 | INFO     | __main__:<module>:220 - Training time taken = 201.46 seconds, Evaluation time taken = nan seconds, loss = 0.03243, fid = None
2026-03-02 23:16:41.787 | INFO     | __main__:<module>:157 - Epoch = 221 / 2000
2026-03-02 23:20:03.157 | INFO     | __main__:<module>:220 - Training time taken = 201.37 seconds, Evaluation time taken = nan seconds, loss = 0.03113, fid = None
2026-03-02 23:20:03.158 | INFO     | __main__:<module>:157 - Epoch = 222 / 2000
2026-03-02 23:23:25.513 | INFO     | __main__:<module>:220 - Training time taken = 202.35 seconds, Evaluation time taken = nan seconds, loss = 0.03135, fid = None
2026-03-02 23:23:25.513 | INFO     | __main__:<module>:157 - Epoch = 223 / 2000
2026-03-02 23:26:48.165 | INFO     | __main__:<module>:220 - Training time taken = 202.65 seconds, Evaluation time taken = nan seconds, loss = 0.0311, fid = None
2026-03-02 23:26:48.166 | INFO     | __main__:<module>:157 - Epoch = 224 / 2000
2026-03-02 23:30:11.626 | INFO     | __main__:<module>:220 - Training time taken = 203.46 seconds, Evaluation time taken = nan seconds, loss = 0.03205, fid = None
2026-03-02 23:30:11.627 | INFO     | __main__:<module>:157 - Epoch = 225 / 2000
2026-03-02 23:33:35.105 | INFO     | __main__:<module>:220 - Training time taken = 203.48 seconds, Evaluation time taken = nan seconds, loss = 0.03149, fid = None
2026-03-02 23:33:35.106 | INFO     | __main__:<module>:157 - Epoch = 226 / 2000
2026-03-02 23:36:58.287 | INFO     | __main__:<module>:220 - Training time taken = 203.18 seconds, Evaluation time taken = nan seconds, loss = 0.0311, fid = None
2026-03-02 23:36:58.288 | INFO     | __main__:<module>:157 - Epoch = 227 / 2000
2026-03-02 23:40:21.660 | INFO     | __main__:<module>:220 - Training time taken = 203.37 seconds, Evaluation time taken = nan seconds, loss = 0.03125, fid = None
2026-03-02 23:40:21.660 | INFO     | __main__:<module>:157 - Epoch = 228 / 2000
2026-03-02 23:43:44.552 | INFO     | __main__:<module>:220 - Training time taken = 202.89 seconds, Evaluation time taken = nan seconds, loss = 0.03163, fid = None
2026-03-02 23:43:44.553 | INFO     | __main__:<module>:157 - Epoch = 229 / 2000
2026-03-02 23:47:07.693 | INFO     | __main__:<module>:220 - Training time taken = 203.14 seconds, Evaluation time taken = nan seconds, loss = 0.03219, fid = None
2026-03-02 23:47:07.694 | INFO     | __main__:<module>:157 - Epoch = 230 / 2000
2026-03-02 23:50:30.649 | INFO     | __main__:<module>:220 - Training time taken = 202.95 seconds, Evaluation time taken = nan seconds, loss = 0.03162, fid = None
2026-03-02 23:50:30.649 | INFO     | __main__:<module>:157 - Epoch = 231 / 2000
2026-03-02 23:53:52.489 | INFO     | __main__:<module>:220 - Training time taken = 201.84 seconds, Evaluation time taken = nan seconds, loss = 0.03151, fid = None
2026-03-02 23:53:52.490 | INFO     | __main__:<module>:157 - Epoch = 232 / 2000
2026-03-02 23:57:14.499 | INFO     | __main__:<module>:220 - Training time taken = 202.01 seconds, Evaluation time taken = nan seconds, loss = 0.03159, fid = None
2026-03-02 23:57:14.500 | INFO     | __main__:<module>:157 - Epoch = 233 / 2000
2026-03-03 00:00:36.633 | INFO     | __main__:<module>:220 - Training time taken = 202.13 seconds, Evaluation time taken = nan seconds, loss = 0.03155, fid = None
2026-03-03 00:00:36.634 | INFO     | __main__:<module>:157 - Epoch = 234 / 2000
2026-03-03 00:03:57.329 | INFO     | __main__:<module>:220 - Training time taken = 200.69 seconds, Evaluation time taken = nan seconds, loss = 0.03118, fid = None
2026-03-03 00:03:57.329 | INFO     | __main__:<module>:157 - Epoch = 235 / 2000
2026-03-03 00:07:19.358 | INFO     | __main__:<module>:220 - Training time taken = 202.03 seconds, Evaluation time taken = nan seconds, loss = 0.03124, fid = None
2026-03-03 00:07:19.359 | INFO     | __main__:<module>:157 - Epoch = 236 / 2000
2026-03-03 00:10:41.572 | INFO     | __main__:<module>:220 - Training time taken = 202.21 seconds, Evaluation time taken = nan seconds, loss = 0.03108, fid = None
2026-03-03 00:10:41.572 | INFO     | __main__:<module>:157 - Epoch = 237 / 2000
2026-03-03 00:14:03.650 | INFO     | __main__:<module>:220 - Training time taken = 202.08 seconds, Evaluation time taken = nan seconds, loss = 0.03124, fid = None
2026-03-03 00:14:03.650 | INFO     | __main__:<module>:157 - Epoch = 238 / 2000
2026-03-03 00:17:25.619 | INFO     | __main__:<module>:220 - Training time taken = 201.97 seconds, Evaluation time taken = nan seconds, loss = 0.03154, fid = None
2026-03-03 00:17:25.620 | INFO     | __main__:<module>:157 - Epoch = 239 / 2000
2026-03-03 00:20:47.297 | INFO     | __main__:<module>:220 - Training time taken = 201.68 seconds, Evaluation time taken = nan seconds, loss = 0.03171, fid = None
2026-03-03 00:20:47.297 | INFO     | __main__:<module>:157 - Epoch = 240 / 2000
2026-03-03 00:24:09.417 | INFO     | __main__:<module>:220 - Training time taken = 202.12 seconds, Evaluation time taken = nan seconds, loss = 0.03134, fid = None
2026-03-03 00:24:09.417 | INFO     | __main__:<module>:157 - Epoch = 241 / 2000
2026-03-03 00:27:30.931 | INFO     | __main__:<module>:220 - Training time taken = 201.51 seconds, Evaluation time taken = nan seconds, loss = 0.03091, fid = None
2026-03-03 00:27:30.931 | INFO     | __main__:<module>:157 - Epoch = 242 / 2000
2026-03-03 00:30:52.117 | INFO     | __main__:<module>:220 - Training time taken = 201.18 seconds, Evaluation time taken = nan seconds, loss = 0.03116, fid = None
2026-03-03 00:30:52.117 | INFO     | __main__:<module>:157 - Epoch = 243 / 2000
2026-03-03 00:34:13.533 | INFO     | __main__:<module>:220 - Training time taken = 201.41 seconds, Evaluation time taken = nan seconds, loss = 0.0315, fid = None
2026-03-03 00:34:13.536 | INFO     | __main__:<module>:157 - Epoch = 244 / 2000
2026-03-03 00:37:34.791 | INFO     | __main__:<module>:220 - Training time taken = 201.25 seconds, Evaluation time taken = nan seconds, loss = 0.03104, fid = None
2026-03-03 00:37:34.792 | INFO     | __main__:<module>:157 - Epoch = 245 / 2000
2026-03-03 00:40:55.937 | INFO     | __main__:<module>:220 - Training time taken = 201.14 seconds, Evaluation time taken = nan seconds, loss = 0.03162, fid = None
2026-03-03 00:40:55.937 | INFO     | __main__:<module>:157 - Epoch = 246 / 2000
2026-03-03 00:44:17.487 | INFO     | __main__:<module>:220 - Training time taken = 201.55 seconds, Evaluation time taken = nan seconds, loss = 0.03096, fid = None
2026-03-03 00:44:17.487 | INFO     | __main__:<module>:157 - Epoch = 247 / 2000
2026-03-03 00:47:39.157 | INFO     | __main__:<module>:220 - Training time taken = 201.67 seconds, Evaluation time taken = nan seconds, loss = 0.03106, fid = None
2026-03-03 00:47:39.157 | INFO     | __main__:<module>:157 - Epoch = 248 / 2000
2026-03-03 00:51:00.847 | INFO     | __main__:<module>:220 - Training time taken = 201.69 seconds, Evaluation time taken = nan seconds, loss = 0.03128, fid = None
2026-03-03 00:51:00.847 | INFO     | __main__:<module>:157 - Epoch = 249 / 2000
2026-03-03 00:54:21.776 | INFO     | __main__:<module>:220 - Training time taken = 200.93 seconds, Evaluation time taken = nan seconds, loss = 0.03171, fid = None
2026-03-03 00:54:21.777 | INFO     | __main__:<module>:157 - Epoch = 250 / 2000
2026-03-03 00:57:43.127 | INFO     | __main__:<module>:220 - Training time taken = 201.35 seconds, Evaluation time taken = nan seconds, loss = 0.03187, fid = None
2026-03-03 00:57:43.127 | INFO     | __main__:<module>:157 - Epoch = 251 / 2000
2026-03-03 01:01:04.960 | INFO     | __main__:<module>:220 - Training time taken = 201.83 seconds, Evaluation time taken = nan seconds, loss = 0.03137, fid = None
2026-03-03 01:01:04.960 | INFO     | __main__:<module>:157 - Epoch = 252 / 2000
2026-03-03 01:04:26.836 | INFO     | __main__:<module>:220 - Training time taken = 201.87 seconds, Evaluation time taken = nan seconds, loss = 0.03059, fid = None
2026-03-03 01:04:26.836 | INFO     | __main__:<module>:157 - Epoch = 253 / 2000
2026-03-03 01:07:47.538 | INFO     | __main__:<module>:220 - Training time taken = 200.7 seconds, Evaluation time taken = nan seconds, loss = 0.03105, fid = None
2026-03-03 01:07:47.539 | INFO     | __main__:<module>:157 - Epoch = 254 / 2000
2026-03-03 01:11:08.350 | INFO     | __main__:<module>:220 - Training time taken = 200.81 seconds, Evaluation time taken = nan seconds, loss = 0.0314, fid = None
2026-03-03 01:11:08.350 | INFO     | __main__:<module>:157 - Epoch = 255 / 2000
2026-03-03 01:14:29.817 | INFO     | __main__:<module>:220 - Training time taken = 201.46 seconds, Evaluation time taken = nan seconds, loss = 0.03091, fid = None
2026-03-03 01:14:29.817 | INFO     | __main__:<module>:157 - Epoch = 256 / 2000
2026-03-03 01:17:51.377 | INFO     | __main__:<module>:220 - Training time taken = 201.56 seconds, Evaluation time taken = nan seconds, loss = 0.03134, fid = None
2026-03-03 01:17:51.378 | INFO     | __main__:<module>:157 - Epoch = 257 / 2000
2026-03-03 01:21:12.662 | INFO     | __main__:<module>:220 - Training time taken = 201.28 seconds, Evaluation time taken = nan seconds, loss = 0.03081, fid = None
2026-03-03 01:21:12.662 | INFO     | __main__:<module>:157 - Epoch = 258 / 2000
2026-03-03 01:24:34.259 | INFO     | __main__:<module>:220 - Training time taken = 201.6 seconds, Evaluation time taken = nan seconds, loss = 0.03104, fid = None
2026-03-03 01:24:34.260 | INFO     | __main__:<module>:157 - Epoch = 259 / 2000
2026-03-03 01:27:55.613 | INFO     | __main__:<module>:220 - Training time taken = 201.35 seconds, Evaluation time taken = nan seconds, loss = 0.03129, fid = None
2026-03-03 01:27:55.614 | INFO     | __main__:<module>:157 - Epoch = 260 / 2000
2026-03-03 01:31:16.865 | INFO     | __main__:<module>:220 - Training time taken = 201.25 seconds, Evaluation time taken = nan seconds, loss = 0.03098, fid = None
2026-03-03 01:31:16.865 | INFO     | __main__:<module>:157 - Epoch = 261 / 2000
2026-03-03 01:34:38.444 | INFO     | __main__:<module>:220 - Training time taken = 201.58 seconds, Evaluation time taken = nan seconds, loss = 0.03081, fid = None
2026-03-03 01:34:38.444 | INFO     | __main__:<module>:157 - Epoch = 262 / 2000
2026-03-03 01:37:59.730 | INFO     | __main__:<module>:220 - Training time taken = 201.28 seconds, Evaluation time taken = nan seconds, loss = 0.03095, fid = None
2026-03-03 01:37:59.730 | INFO     | __main__:<module>:157 - Epoch = 263 / 2000
2026-03-03 01:42:37.311 | INFO     | __main__:<module>:220 - Training time taken = 277.58 seconds, Evaluation time taken = nan seconds, loss = 0.03154, fid = None
2026-03-03 01:42:37.311 | INFO     | __main__:<module>:157 - Epoch = 264 / 2000
2026-03-03 01:48:59.739 | INFO     | __main__:<module>:220 - Training time taken = 382.43 seconds, Evaluation time taken = nan seconds, loss = 0.03131, fid = None
2026-03-03 01:48:59.740 | INFO     | __main__:<module>:157 - Epoch = 265 / 2000
2026-03-03 01:55:20.031 | INFO     | __main__:<module>:220 - Training time taken = 380.29 seconds, Evaluation time taken = nan seconds, loss = 0.03099, fid = None
2026-03-03 01:55:20.032 | INFO     | __main__:<module>:157 - Epoch = 266 / 2000
2026-03-03 02:01:42.155 | INFO     | __main__:<module>:220 - Training time taken = 382.12 seconds, Evaluation time taken = nan seconds, loss = 0.03092, fid = None
2026-03-03 02:01:42.156 | INFO     | __main__:<module>:157 - Epoch = 267 / 2000
2026-03-03 02:08:05.041 | INFO     | __main__:<module>:220 - Training time taken = 382.88 seconds, Evaluation time taken = nan seconds, loss = 0.03062, fid = None
2026-03-03 02:08:05.041 | INFO     | __main__:<module>:157 - Epoch = 268 / 2000
2026-03-03 02:14:29.111 | INFO     | __main__:<module>:220 - Training time taken = 384.07 seconds, Evaluation time taken = nan seconds, loss = 0.03088, fid = None
2026-03-03 02:14:29.112 | INFO     | __main__:<module>:157 - Epoch = 269 / 2000
2026-03-03 02:20:50.928 | INFO     | __main__:<module>:220 - Training time taken = 381.81 seconds, Evaluation time taken = nan seconds, loss = 0.03116, fid = None
2026-03-03 02:20:50.929 | INFO     | __main__:<module>:157 - Epoch = 270 / 2000
2026-03-03 02:27:14.225 | INFO     | __main__:<module>:220 - Training time taken = 383.3 seconds, Evaluation time taken = nan seconds, loss = 0.0311, fid = None
2026-03-03 02:27:14.226 | INFO     | __main__:<module>:157 - Epoch = 271 / 2000
2026-03-03 02:33:37.214 | INFO     | __main__:<module>:220 - Training time taken = 382.99 seconds, Evaluation time taken = nan seconds, loss = 0.03066, fid = None
2026-03-03 02:33:37.215 | INFO     | __main__:<module>:157 - Epoch = 272 / 2000
2026-03-03 02:39:57.798 | INFO     | __main__:<module>:220 - Training time taken = 380.58 seconds, Evaluation time taken = nan seconds, loss = 0.03122, fid = None
2026-03-03 02:39:57.799 | INFO     | __main__:<module>:157 - Epoch = 273 / 2000
2026-03-03 02:46:22.321 | INFO     | __main__:<module>:220 - Training time taken = 384.52 seconds, Evaluation time taken = nan seconds, loss = 0.03109, fid = None
2026-03-03 02:46:22.322 | INFO     | __main__:<module>:157 - Epoch = 274 / 2000
2026-03-03 02:52:48.575 | INFO     | __main__:<module>:220 - Training time taken = 386.25 seconds, Evaluation time taken = nan seconds, loss = 0.03109, fid = None
2026-03-03 02:52:48.576 | INFO     | __main__:<module>:157 - Epoch = 275 / 2000
2026-03-03 02:59:11.975 | INFO     | __main__:<module>:220 - Training time taken = 383.4 seconds, Evaluation time taken = nan seconds, loss = 0.03138, fid = None
2026-03-03 02:59:11.976 | INFO     | __main__:<module>:157 - Epoch = 276 / 2000
2026-03-03 03:05:30.299 | INFO     | __main__:<module>:220 - Training time taken = 378.32 seconds, Evaluation time taken = nan seconds, loss = 0.03109, fid = None
2026-03-03 03:05:30.299 | INFO     | __main__:<module>:157 - Epoch = 277 / 2000
2026-03-03 03:11:42.027 | INFO     | __main__:<module>:220 - Training time taken = 371.73 seconds, Evaluation time taken = nan seconds, loss = 0.03111, fid = None
2026-03-03 03:11:42.027 | INFO     | __main__:<module>:157 - Epoch = 278 / 2000
2026-03-03 03:18:03.212 | INFO     | __main__:<module>:220 - Training time taken = 381.18 seconds, Evaluation time taken = nan seconds, loss = 0.03111, fid = None
2026-03-03 03:18:03.212 | INFO     | __main__:<module>:157 - Epoch = 279 / 2000
2026-03-03 03:24:23.550 | INFO     | __main__:<module>:220 - Training time taken = 380.34 seconds, Evaluation time taken = nan seconds, loss = 0.03136, fid = None
2026-03-03 03:24:23.550 | INFO     | __main__:<module>:157 - Epoch = 280 / 2000
2026-03-03 03:27:47.773 | INFO     | __main__:<module>:220 - Training time taken = 204.22 seconds, Evaluation time taken = nan seconds, loss = 0.03081, fid = None
2026-03-03 03:27:47.773 | INFO     | __main__:<module>:157 - Epoch = 281 / 2000
2026-03-03 03:31:07.836 | INFO     | __main__:<module>:220 - Training time taken = 200.06 seconds, Evaluation time taken = nan seconds, loss = 0.0313, fid = None
2026-03-03 03:31:07.836 | INFO     | __main__:<module>:157 - Epoch = 282 / 2000
2026-03-03 03:34:27.641 | INFO     | __main__:<module>:220 - Training time taken = 199.8 seconds, Evaluation time taken = nan seconds, loss = 0.03139, fid = None
2026-03-03 03:34:27.641 | INFO     | __main__:<module>:157 - Epoch = 283 / 2000
2026-03-03 03:37:47.248 | INFO     | __main__:<module>:220 - Training time taken = 199.61 seconds, Evaluation time taken = nan seconds, loss = 0.0313, fid = None
2026-03-03 03:37:47.248 | INFO     | __main__:<module>:157 - Epoch = 284 / 2000
2026-03-03 03:41:06.737 | INFO     | __main__:<module>:220 - Training time taken = 199.49 seconds, Evaluation time taken = nan seconds, loss = 0.03089, fid = None
2026-03-03 03:41:06.737 | INFO     | __main__:<module>:157 - Epoch = 285 / 2000
2026-03-03 03:44:26.202 | INFO     | __main__:<module>:220 - Training time taken = 199.46 seconds, Evaluation time taken = nan seconds, loss = 0.03082, fid = None
2026-03-03 03:44:26.202 | INFO     | __main__:<module>:157 - Epoch = 286 / 2000
2026-03-03 03:47:45.465 | INFO     | __main__:<module>:220 - Training time taken = 199.26 seconds, Evaluation time taken = nan seconds, loss = 0.03133, fid = None
2026-03-03 03:47:45.465 | INFO     | __main__:<module>:157 - Epoch = 287 / 2000
2026-03-03 03:51:04.696 | INFO     | __main__:<module>:220 - Training time taken = 199.23 seconds, Evaluation time taken = nan seconds, loss = 0.03112, fid = None
2026-03-03 03:51:04.697 | INFO     | __main__:<module>:157 - Epoch = 288 / 2000
2026-03-03 03:54:24.099 | INFO     | __main__:<module>:220 - Training time taken = 199.4 seconds, Evaluation time taken = nan seconds, loss = 0.03119, fid = None
2026-03-03 03:54:24.099 | INFO     | __main__:<module>:157 - Epoch = 289 / 2000
2026-03-03 03:57:43.600 | INFO     | __main__:<module>:220 - Training time taken = 199.5 seconds, Evaluation time taken = nan seconds, loss = 0.03117, fid = None
2026-03-03 03:57:43.600 | INFO     | __main__:<module>:157 - Epoch = 290 / 2000
2026-03-03 04:01:03.109 | INFO     | __main__:<module>:220 - Training time taken = 199.51 seconds, Evaluation time taken = nan seconds, loss = 0.03087, fid = None
2026-03-03 04:01:03.109 | INFO     | __main__:<module>:157 - Epoch = 291 / 2000
2026-03-03 04:04:22.851 | INFO     | __main__:<module>:220 - Training time taken = 199.74 seconds, Evaluation time taken = nan seconds, loss = 0.03054, fid = None
2026-03-03 04:04:22.851 | INFO     | __main__:<module>:157 - Epoch = 292 / 2000
2026-03-03 04:07:42.518 | INFO     | __main__:<module>:220 - Training time taken = 199.67 seconds, Evaluation time taken = nan seconds, loss = 0.03099, fid = None
2026-03-03 04:07:42.519 | INFO     | __main__:<module>:157 - Epoch = 293 / 2000
2026-03-03 04:11:02.112 | INFO     | __main__:<module>:220 - Training time taken = 199.59 seconds, Evaluation time taken = nan seconds, loss = 0.03104, fid = None
2026-03-03 04:11:02.112 | INFO     | __main__:<module>:157 - Epoch = 294 / 2000
2026-03-03 04:14:22.133 | INFO     | __main__:<module>:220 - Training time taken = 200.02 seconds, Evaluation time taken = nan seconds, loss = 0.03118, fid = None
2026-03-03 04:14:22.133 | INFO     | __main__:<module>:157 - Epoch = 295 / 2000
2026-03-03 04:17:41.753 | INFO     | __main__:<module>:220 - Training time taken = 199.62 seconds, Evaluation time taken = nan seconds, loss = 0.03114, fid = None
2026-03-03 04:17:41.754 | INFO     | __main__:<module>:157 - Epoch = 296 / 2000
2026-03-03 04:21:01.365 | INFO     | __main__:<module>:220 - Training time taken = 199.61 seconds, Evaluation time taken = nan seconds, loss = 0.03105, fid = None
2026-03-03 04:21:01.366 | INFO     | __main__:<module>:157 - Epoch = 297 / 2000
2026-03-03 04:24:21.056 | INFO     | __main__:<module>:220 - Training time taken = 199.69 seconds, Evaluation time taken = nan seconds, loss = 0.03118, fid = None
2026-03-03 04:24:21.057 | INFO     | __main__:<module>:157 - Epoch = 298 / 2000
2026-03-03 04:27:40.642 | INFO     | __main__:<module>:220 - Training time taken = 199.58 seconds, Evaluation time taken = nan seconds, loss = 0.03107, fid = None
2026-03-03 04:27:40.642 | INFO     | __main__:<module>:157 - Epoch = 299 / 2000
2026-03-03 04:30:59.573 | INFO     | __main__:<module>:220 - Training time taken = 198.93 seconds, Evaluation time taken = nan seconds, loss = 0.03059, fid = None
2026-03-03 04:30:59.573 | INFO     | __main__:<module>:157 - Epoch = 300 / 2000
2026-03-03 04:34:18.736 | INFO     | __main__:<module>:220 - Training time taken = 199.16 seconds, Evaluation time taken = nan seconds, loss = 0.03088, fid = None
2026-03-03 04:34:18.736 | INFO     | __main__:<module>:157 - Epoch = 301 / 2000
2026-03-03 04:37:37.691 | INFO     | __main__:<module>:220 - Training time taken = 198.95 seconds, Evaluation time taken = nan seconds, loss = 0.03119, fid = None
2026-03-03 04:37:37.692 | INFO     | __main__:<module>:157 - Epoch = 302 / 2000
2026-03-03 04:40:56.804 | INFO     | __main__:<module>:220 - Training time taken = 199.11 seconds, Evaluation time taken = nan seconds, loss = 0.03073, fid = None
2026-03-03 04:40:56.804 | INFO     | __main__:<module>:157 - Epoch = 303 / 2000
2026-03-03 04:44:15.808 | INFO     | __main__:<module>:220 - Training time taken = 199.0 seconds, Evaluation time taken = nan seconds, loss = 0.03101, fid = None
2026-03-03 04:44:15.808 | INFO     | __main__:<module>:157 - Epoch = 304 / 2000
2026-03-03 04:47:34.555 | INFO     | __main__:<module>:220 - Training time taken = 198.75 seconds, Evaluation time taken = nan seconds, loss = 0.03118, fid = None
2026-03-03 04:47:34.555 | INFO     | __main__:<module>:157 - Epoch = 305 / 2000
2026-03-03 04:50:53.709 | INFO     | __main__:<module>:220 - Training time taken = 199.15 seconds, Evaluation time taken = nan seconds, loss = 0.03127, fid = None
2026-03-03 04:50:53.710 | INFO     | __main__:<module>:157 - Epoch = 306 / 2000
2026-03-03 04:54:13.166 | INFO     | __main__:<module>:220 - Training time taken = 199.46 seconds, Evaluation time taken = nan seconds, loss = 0.03146, fid = None
2026-03-03 04:54:13.167 | INFO     | __main__:<module>:157 - Epoch = 307 / 2000
2026-03-03 04:57:32.543 | INFO     | __main__:<module>:220 - Training time taken = 199.37 seconds, Evaluation time taken = nan seconds, loss = 0.03078, fid = None
2026-03-03 04:57:32.543 | INFO     | __main__:<module>:157 - Epoch = 308 / 2000
2026-03-03 05:00:51.742 | INFO     | __main__:<module>:220 - Training time taken = 199.2 seconds, Evaluation time taken = nan seconds, loss = 0.03124, fid = None
2026-03-03 05:00:51.743 | INFO     | __main__:<module>:157 - Epoch = 309 / 2000
2026-03-03 05:04:10.998 | INFO     | __main__:<module>:220 - Training time taken = 199.25 seconds, Evaluation time taken = nan seconds, loss = 0.03033, fid = None
2026-03-03 05:04:10.999 | INFO     | __main__:<module>:157 - Epoch = 310 / 2000
2026-03-03 05:07:30.047 | INFO     | __main__:<module>:220 - Training time taken = 199.05 seconds, Evaluation time taken = nan seconds, loss = 0.03102, fid = None
2026-03-03 05:07:30.047 | INFO     | __main__:<module>:157 - Epoch = 311 / 2000
2026-03-03 05:10:49.321 | INFO     | __main__:<module>:220 - Training time taken = 199.27 seconds, Evaluation time taken = nan seconds, loss = 0.03061, fid = None
2026-03-03 05:10:49.322 | INFO     | __main__:<module>:157 - Epoch = 312 / 2000
2026-03-03 05:14:08.264 | INFO     | __main__:<module>:220 - Training time taken = 198.94 seconds, Evaluation time taken = nan seconds, loss = 0.03116, fid = None
2026-03-03 05:14:08.265 | INFO     | __main__:<module>:157 - Epoch = 313 / 2000
2026-03-03 05:17:27.021 | INFO     | __main__:<module>:220 - Training time taken = 198.75 seconds, Evaluation time taken = nan seconds, loss = 0.03092, fid = None
2026-03-03 05:17:27.021 | INFO     | __main__:<module>:157 - Epoch = 314 / 2000
2026-03-03 05:20:46.156 | INFO     | __main__:<module>:220 - Training time taken = 199.13 seconds, Evaluation time taken = nan seconds, loss = 0.03131, fid = None
2026-03-03 05:20:46.156 | INFO     | __main__:<module>:157 - Epoch = 315 / 2000
2026-03-03 05:24:05.297 | INFO     | __main__:<module>:220 - Training time taken = 199.14 seconds, Evaluation time taken = nan seconds, loss = 0.0311, fid = None
2026-03-03 05:24:05.297 | INFO     | __main__:<module>:157 - Epoch = 316 / 2000
2026-03-03 05:27:24.151 | INFO     | __main__:<module>:220 - Training time taken = 198.85 seconds, Evaluation time taken = nan seconds, loss = 0.03114, fid = None
2026-03-03 05:27:24.152 | INFO     | __main__:<module>:157 - Epoch = 317 / 2000
2026-03-03 05:30:43.247 | INFO     | __main__:<module>:220 - Training time taken = 199.09 seconds, Evaluation time taken = nan seconds, loss = 0.03078, fid = None
2026-03-03 05:30:43.247 | INFO     | __main__:<module>:157 - Epoch = 318 / 2000
2026-03-03 05:34:02.105 | INFO     | __main__:<module>:220 - Training time taken = 198.86 seconds, Evaluation time taken = nan seconds, loss = 0.03058, fid = None
2026-03-03 05:34:02.106 | INFO     | __main__:<module>:157 - Epoch = 319 / 2000
2026-03-03 05:37:20.667 | INFO     | __main__:<module>:220 - Training time taken = 198.56 seconds, Evaluation time taken = nan seconds, loss = 0.03096, fid = None
2026-03-03 05:37:20.667 | INFO     | __main__:<module>:157 - Epoch = 320 / 2000
2026-03-03 05:40:39.588 | INFO     | __main__:<module>:220 - Training time taken = 198.92 seconds, Evaluation time taken = nan seconds, loss = 0.03062, fid = None
2026-03-03 05:40:39.588 | INFO     | __main__:<module>:157 - Epoch = 321 / 2000
2026-03-03 05:43:58.703 | INFO     | __main__:<module>:220 - Training time taken = 199.11 seconds, Evaluation time taken = nan seconds, loss = 0.03062, fid = None
2026-03-03 05:43:58.704 | INFO     | __main__:<module>:157 - Epoch = 322 / 2000
2026-03-03 05:47:17.753 | INFO     | __main__:<module>:220 - Training time taken = 199.05 seconds, Evaluation time taken = nan seconds, loss = 0.03045, fid = None
2026-03-03 05:47:17.754 | INFO     | __main__:<module>:157 - Epoch = 323 / 2000
2026-03-03 05:50:36.947 | INFO     | __main__:<module>:220 - Training time taken = 199.19 seconds, Evaluation time taken = nan seconds, loss = 0.03145, fid = None
2026-03-03 05:50:36.948 | INFO     | __main__:<module>:157 - Epoch = 324 / 2000
2026-03-03 05:53:55.873 | INFO     | __main__:<module>:220 - Training time taken = 198.92 seconds, Evaluation time taken = nan seconds, loss = 0.03113, fid = None
2026-03-03 05:53:55.873 | INFO     | __main__:<module>:157 - Epoch = 325 / 2000
2026-03-03 05:57:14.650 | INFO     | __main__:<module>:220 - Training time taken = 198.78 seconds, Evaluation time taken = nan seconds, loss = 0.03074, fid = None
2026-03-03 05:57:14.651 | INFO     | __main__:<module>:157 - Epoch = 326 / 2000
2026-03-03 06:00:33.701 | INFO     | __main__:<module>:220 - Training time taken = 199.05 seconds, Evaluation time taken = nan seconds, loss = 0.03148, fid = None
2026-03-03 06:00:33.702 | INFO     | __main__:<module>:157 - Epoch = 327 / 2000
2026-03-03 06:03:52.467 | INFO     | __main__:<module>:220 - Training time taken = 198.76 seconds, Evaluation time taken = nan seconds, loss = 0.03083, fid = None
2026-03-03 06:03:52.467 | INFO     | __main__:<module>:157 - Epoch = 328 / 2000
2026-03-03 06:07:10.857 | INFO     | __main__:<module>:220 - Training time taken = 198.39 seconds, Evaluation time taken = nan seconds, loss = 0.03051, fid = None
2026-03-03 06:07:10.858 | INFO     | __main__:<module>:157 - Epoch = 329 / 2000
2026-03-03 06:10:29.274 | INFO     | __main__:<module>:220 - Training time taken = 198.41 seconds, Evaluation time taken = nan seconds, loss = 0.03069, fid = None
2026-03-03 06:10:29.274 | INFO     | __main__:<module>:157 - Epoch = 330 / 2000
2026-03-03 06:13:47.703 | INFO     | __main__:<module>:220 - Training time taken = 198.43 seconds, Evaluation time taken = nan seconds, loss = 0.03101, fid = None
2026-03-03 06:13:47.703 | INFO     | __main__:<module>:157 - Epoch = 331 / 2000
2026-03-03 06:17:06.056 | INFO     | __main__:<module>:220 - Training time taken = 198.35 seconds, Evaluation time taken = nan seconds, loss = 0.0307, fid = None
2026-03-03 06:17:06.056 | INFO     | __main__:<module>:157 - Epoch = 332 / 2000
2026-03-03 06:20:24.904 | INFO     | __main__:<module>:220 - Training time taken = 198.85 seconds, Evaluation time taken = nan seconds, loss = 0.03083, fid = None
2026-03-03 06:20:24.905 | INFO     | __main__:<module>:157 - Epoch = 333 / 2000
2026-03-03 06:23:43.535 | INFO     | __main__:<module>:220 - Training time taken = 198.63 seconds, Evaluation time taken = nan seconds, loss = 0.0305, fid = None
2026-03-03 06:23:43.536 | INFO     | __main__:<module>:157 - Epoch = 334 / 2000
2026-03-03 06:27:02.091 | INFO     | __main__:<module>:220 - Training time taken = 198.55 seconds, Evaluation time taken = nan seconds, loss = 0.03119, fid = None
2026-03-03 06:27:02.091 | INFO     | __main__:<module>:157 - Epoch = 335 / 2000
2026-03-03 06:30:21.218 | INFO     | __main__:<module>:220 - Training time taken = 199.13 seconds, Evaluation time taken = nan seconds, loss = 0.03096, fid = None
2026-03-03 06:30:21.219 | INFO     | __main__:<module>:157 - Epoch = 336 / 2000
2026-03-03 06:33:40.239 | INFO     | __main__:<module>:220 - Training time taken = 199.02 seconds, Evaluation time taken = nan seconds, loss = 0.03095, fid = None
2026-03-03 06:33:40.239 | INFO     | __main__:<module>:157 - Epoch = 337 / 2000
2026-03-03 06:36:59.081 | INFO     | __main__:<module>:220 - Training time taken = 198.84 seconds, Evaluation time taken = nan seconds, loss = 0.03047, fid = None
2026-03-03 06:36:59.082 | INFO     | __main__:<module>:157 - Epoch = 338 / 2000
2026-03-03 06:40:18.181 | INFO     | __main__:<module>:220 - Training time taken = 199.1 seconds, Evaluation time taken = nan seconds, loss = 0.03063, fid = None
2026-03-03 06:40:18.181 | INFO     | __main__:<module>:157 - Epoch = 339 / 2000
2026-03-03 06:43:37.093 | INFO     | __main__:<module>:220 - Training time taken = 198.91 seconds, Evaluation time taken = nan seconds, loss = 0.03118, fid = None
2026-03-03 06:43:37.093 | INFO     | __main__:<module>:157 - Epoch = 340 / 2000
2026-03-03 06:46:56.401 | INFO     | __main__:<module>:220 - Training time taken = 199.31 seconds, Evaluation time taken = nan seconds, loss = 0.0313, fid = None
2026-03-03 06:46:56.401 | INFO     | __main__:<module>:157 - Epoch = 341 / 2000
2026-03-03 06:50:15.793 | INFO     | __main__:<module>:220 - Training time taken = 199.39 seconds, Evaluation time taken = nan seconds, loss = 0.03124, fid = None
2026-03-03 06:50:15.793 | INFO     | __main__:<module>:157 - Epoch = 342 / 2000
2026-03-03 06:53:34.809 | INFO     | __main__:<module>:220 - Training time taken = 199.01 seconds, Evaluation time taken = nan seconds, loss = 0.03095, fid = None
2026-03-03 06:53:34.810 | INFO     | __main__:<module>:157 - Epoch = 343 / 2000
2026-03-03 06:56:53.660 | INFO     | __main__:<module>:220 - Training time taken = 198.85 seconds, Evaluation time taken = nan seconds, loss = 0.03118, fid = None
2026-03-03 06:56:53.661 | INFO     | __main__:<module>:157 - Epoch = 344 / 2000
2026-03-03 07:00:12.324 | INFO     | __main__:<module>:220 - Training time taken = 198.66 seconds, Evaluation time taken = nan seconds, loss = 0.03139, fid = None
2026-03-03 07:00:12.325 | INFO     | __main__:<module>:157 - Epoch = 345 / 2000
2026-03-03 07:03:31.358 | INFO     | __main__:<module>:220 - Training time taken = 199.03 seconds, Evaluation time taken = nan seconds, loss = 0.03093, fid = None
2026-03-03 07:03:31.358 | INFO     | __main__:<module>:157 - Epoch = 346 / 2000
2026-03-03 07:06:50.122 | INFO     | __main__:<module>:220 - Training time taken = 198.76 seconds, Evaluation time taken = nan seconds, loss = 0.03107, fid = None
2026-03-03 07:06:50.123 | INFO     | __main__:<module>:157 - Epoch = 347 / 2000
2026-03-03 07:10:09.317 | INFO     | __main__:<module>:220 - Training time taken = 199.19 seconds, Evaluation time taken = nan seconds, loss = 0.03158, fid = None
2026-03-03 07:10:09.318 | INFO     | __main__:<module>:157 - Epoch = 348 / 2000
2026-03-03 07:13:28.335 | INFO     | __main__:<module>:220 - Training time taken = 199.02 seconds, Evaluation time taken = nan seconds, loss = 0.03018, fid = None
2026-03-03 07:13:28.336 | INFO     | __main__:<module>:157 - Epoch = 349 / 2000
2026-03-03 07:16:46.852 | INFO     | __main__:<module>:220 - Training time taken = 198.51 seconds, Evaluation time taken = nan seconds, loss = 0.03043, fid = None
2026-03-03 07:16:46.852 | INFO     | __main__:<module>:157 - Epoch = 350 / 2000
2026-03-03 07:20:06.326 | INFO     | __main__:<module>:220 - Training time taken = 199.47 seconds, Evaluation time taken = nan seconds, loss = 0.03079, fid = None
2026-03-03 07:20:06.326 | INFO     | __main__:<module>:157 - Epoch = 351 / 2000
2026-03-03 07:23:25.555 | INFO     | __main__:<module>:220 - Training time taken = 199.23 seconds, Evaluation time taken = nan seconds, loss = 0.03082, fid = None
2026-03-03 07:23:25.556 | INFO     | __main__:<module>:157 - Epoch = 352 / 2000
2026-03-03 07:26:44.796 | INFO     | __main__:<module>:220 - Training time taken = 199.24 seconds, Evaluation time taken = nan seconds, loss = 0.03081, fid = None
2026-03-03 07:26:44.796 | INFO     | __main__:<module>:157 - Epoch = 353 / 2000
2026-03-03 07:30:04.307 | INFO     | __main__:<module>:220 - Training time taken = 199.51 seconds, Evaluation time taken = nan seconds, loss = 0.0304, fid = None
2026-03-03 07:30:04.307 | INFO     | __main__:<module>:157 - Epoch = 354 / 2000
2026-03-03 07:33:23.712 | INFO     | __main__:<module>:220 - Training time taken = 199.4 seconds, Evaluation time taken = nan seconds, loss = 0.03068, fid = None
2026-03-03 07:33:23.712 | INFO     | __main__:<module>:157 - Epoch = 355 / 2000
2026-03-03 07:36:43.178 | INFO     | __main__:<module>:220 - Training time taken = 199.46 seconds, Evaluation time taken = nan seconds, loss = 0.03044, fid = None
2026-03-03 07:36:43.178 | INFO     | __main__:<module>:157 - Epoch = 356 / 2000
2026-03-03 07:40:02.450 | INFO     | __main__:<module>:220 - Training time taken = 199.27 seconds, Evaluation time taken = nan seconds, loss = 0.03097, fid = None
2026-03-03 07:40:02.450 | INFO     | __main__:<module>:157 - Epoch = 357 / 2000
2026-03-03 07:43:21.469 | INFO     | __main__:<module>:220 - Training time taken = 199.02 seconds, Evaluation time taken = nan seconds, loss = 0.03051, fid = None
2026-03-03 07:43:21.470 | INFO     | __main__:<module>:157 - Epoch = 358 / 2000
2026-03-03 07:46:40.406 | INFO     | __main__:<module>:220 - Training time taken = 198.93 seconds, Evaluation time taken = nan seconds, loss = 0.03092, fid = None
2026-03-03 07:46:40.406 | INFO     | __main__:<module>:157 - Epoch = 359 / 2000
2026-03-03 07:49:59.935 | INFO     | __main__:<module>:220 - Training time taken = 199.53 seconds, Evaluation time taken = nan seconds, loss = 0.03084, fid = None
2026-03-03 07:49:59.935 | INFO     | __main__:<module>:157 - Epoch = 360 / 2000
2026-03-03 07:53:19.186 | INFO     | __main__:<module>:220 - Training time taken = 199.25 seconds, Evaluation time taken = nan seconds, loss = 0.03081, fid = None
2026-03-03 07:53:19.186 | INFO     | __main__:<module>:157 - Epoch = 361 / 2000
2026-03-03 07:56:38.579 | INFO     | __main__:<module>:220 - Training time taken = 199.39 seconds, Evaluation time taken = nan seconds, loss = 0.03091, fid = None
2026-03-03 07:56:38.579 | INFO     | __main__:<module>:157 - Epoch = 362 / 2000
2026-03-03 07:59:57.773 | INFO     | __main__:<module>:220 - Training time taken = 199.19 seconds, Evaluation time taken = nan seconds, loss = 0.03062, fid = None
2026-03-03 07:59:57.774 | INFO     | __main__:<module>:157 - Epoch = 363 / 2000
2026-03-03 08:03:16.519 | INFO     | __main__:<module>:220 - Training time taken = 198.74 seconds, Evaluation time taken = nan seconds, loss = 0.03066, fid = None
2026-03-03 08:03:16.519 | INFO     | __main__:<module>:157 - Epoch = 364 / 2000
2026-03-03 08:06:35.249 | INFO     | __main__:<module>:220 - Training time taken = 198.73 seconds, Evaluation time taken = nan seconds, loss = 0.03111, fid = None
2026-03-03 08:06:35.249 | INFO     | __main__:<module>:157 - Epoch = 365 / 2000
2026-03-03 08:09:54.495 | INFO     | __main__:<module>:220 - Training time taken = 199.24 seconds, Evaluation time taken = nan seconds, loss = 0.03092, fid = None
2026-03-03 08:09:54.496 | INFO     | __main__:<module>:157 - Epoch = 366 / 2000
2026-03-03 08:13:13.689 | INFO     | __main__:<module>:220 - Training time taken = 199.19 seconds, Evaluation time taken = nan seconds, loss = 0.03075, fid = None
2026-03-03 08:13:13.689 | INFO     | __main__:<module>:157 - Epoch = 367 / 2000
2026-03-03 08:16:32.977 | INFO     | __main__:<module>:220 - Training time taken = 199.29 seconds, Evaluation time taken = nan seconds, loss = 0.03079, fid = None
2026-03-03 08:16:32.977 | INFO     | __main__:<module>:157 - Epoch = 368 / 2000
2026-03-03 08:19:52.071 | INFO     | __main__:<module>:220 - Training time taken = 199.09 seconds, Evaluation time taken = nan seconds, loss = 0.0301, fid = None
2026-03-03 08:19:52.071 | INFO     | __main__:<module>:157 - Epoch = 369 / 2000
2026-03-03 08:23:11.344 | INFO     | __main__:<module>:220 - Training time taken = 199.27 seconds, Evaluation time taken = nan seconds, loss = 0.03066, fid = None
2026-03-03 08:23:11.345 | INFO     | __main__:<module>:157 - Epoch = 370 / 2000
2026-03-03 08:26:30.491 | INFO     | __main__:<module>:220 - Training time taken = 199.14 seconds, Evaluation time taken = nan seconds, loss = 0.03052, fid = None
2026-03-03 08:26:30.492 | INFO     | __main__:<module>:157 - Epoch = 371 / 2000
2026-03-03 08:29:49.920 | INFO     | __main__:<module>:220 - Training time taken = 199.43 seconds, Evaluation time taken = nan seconds, loss = 0.03076, fid = None
2026-03-03 08:29:49.920 | INFO     | __main__:<module>:157 - Epoch = 372 / 2000
2026-03-03 08:33:09.066 | INFO     | __main__:<module>:220 - Training time taken = 199.14 seconds, Evaluation time taken = nan seconds, loss = 0.0303, fid = None
2026-03-03 08:33:09.067 | INFO     | __main__:<module>:157 - Epoch = 373 / 2000
2026-03-03 08:36:27.806 | INFO     | __main__:<module>:220 - Training time taken = 198.74 seconds, Evaluation time taken = nan seconds, loss = 0.03097, fid = None
2026-03-03 08:36:27.807 | INFO     | __main__:<module>:157 - Epoch = 374 / 2000
2026-03-03 08:39:47.055 | INFO     | __main__:<module>:220 - Training time taken = 199.25 seconds, Evaluation time taken = nan seconds, loss = 0.03029, fid = None
2026-03-03 08:39:47.055 | INFO     | __main__:<module>:157 - Epoch = 375 / 2000
2026-03-03 08:43:05.864 | INFO     | __main__:<module>:220 - Training time taken = 198.81 seconds, Evaluation time taken = nan seconds, loss = 0.03066, fid = None
2026-03-03 08:43:05.864 | INFO     | __main__:<module>:157 - Epoch = 376 / 2000
2026-03-03 08:46:24.856 | INFO     | __main__:<module>:220 - Training time taken = 198.99 seconds, Evaluation time taken = nan seconds, loss = 0.03101, fid = None
2026-03-03 08:46:24.856 | INFO     | __main__:<module>:157 - Epoch = 377 / 2000
2026-03-03 08:49:43.987 | INFO     | __main__:<module>:220 - Training time taken = 199.13 seconds, Evaluation time taken = nan seconds, loss = 0.03073, fid = None
2026-03-03 08:49:43.987 | INFO     | __main__:<module>:157 - Epoch = 378 / 2000
2026-03-03 08:53:03.060 | INFO     | __main__:<module>:220 - Training time taken = 199.07 seconds, Evaluation time taken = nan seconds, loss = 0.03103, fid = None
2026-03-03 08:53:03.060 | INFO     | __main__:<module>:157 - Epoch = 379 / 2000
2026-03-03 08:56:22.420 | INFO     | __main__:<module>:220 - Training time taken = 199.36 seconds, Evaluation time taken = nan seconds, loss = 0.03074, fid = None
2026-03-03 08:56:22.420 | INFO     | __main__:<module>:157 - Epoch = 380 / 2000
2026-03-03 08:59:42.183 | INFO     | __main__:<module>:220 - Training time taken = 199.76 seconds, Evaluation time taken = nan seconds, loss = 0.0308, fid = None
2026-03-03 08:59:42.184 | INFO     | __main__:<module>:157 - Epoch = 381 / 2000
2026-03-03 09:03:01.669 | INFO     | __main__:<module>:220 - Training time taken = 199.48 seconds, Evaluation time taken = nan seconds, loss = 0.03087, fid = None
2026-03-03 09:03:01.669 | INFO     | __main__:<module>:157 - Epoch = 382 / 2000
2026-03-03 09:06:21.231 | INFO     | __main__:<module>:220 - Training time taken = 199.56 seconds, Evaluation time taken = nan seconds, loss = 0.03082, fid = None
2026-03-03 09:06:21.232 | INFO     | __main__:<module>:157 - Epoch = 383 / 2000
2026-03-03 09:09:40.816 | INFO     | __main__:<module>:220 - Training time taken = 199.58 seconds, Evaluation time taken = nan seconds, loss = 0.03092, fid = None
2026-03-03 09:09:40.816 | INFO     | __main__:<module>:157 - Epoch = 384 / 2000
2026-03-03 09:13:00.480 | INFO     | __main__:<module>:220 - Training time taken = 199.66 seconds, Evaluation time taken = nan seconds, loss = 0.03102, fid = None
2026-03-03 09:13:00.480 | INFO     | __main__:<module>:157 - Epoch = 385 / 2000
2026-03-03 09:16:20.133 | INFO     | __main__:<module>:220 - Training time taken = 199.65 seconds, Evaluation time taken = nan seconds, loss = 0.03067, fid = None
2026-03-03 09:16:20.134 | INFO     | __main__:<module>:157 - Epoch = 386 / 2000
2026-03-03 09:19:39.919 | INFO     | __main__:<module>:220 - Training time taken = 199.78 seconds, Evaluation time taken = nan seconds, loss = 0.03103, fid = None
2026-03-03 09:19:39.919 | INFO     | __main__:<module>:157 - Epoch = 387 / 2000
2026-03-03 09:22:59.221 | INFO     | __main__:<module>:220 - Training time taken = 199.3 seconds, Evaluation time taken = nan seconds, loss = 0.03027, fid = None
2026-03-03 09:22:59.222 | INFO     | __main__:<module>:157 - Epoch = 388 / 2000
2026-03-03 09:26:18.402 | INFO     | __main__:<module>:220 - Training time taken = 199.18 seconds, Evaluation time taken = nan seconds, loss = 0.03056, fid = None
2026-03-03 09:26:18.403 | INFO     | __main__:<module>:157 - Epoch = 389 / 2000
2026-03-03 09:29:37.907 | INFO     | __main__:<module>:220 - Training time taken = 199.5 seconds, Evaluation time taken = nan seconds, loss = 0.03068, fid = None
2026-03-03 09:29:37.907 | INFO     | __main__:<module>:157 - Epoch = 390 / 2000
2026-03-03 09:32:57.923 | INFO     | __main__:<module>:220 - Training time taken = 200.01 seconds, Evaluation time taken = nan seconds, loss = 0.03092, fid = None
2026-03-03 09:32:57.923 | INFO     | __main__:<module>:157 - Epoch = 391 / 2000
2026-03-03 09:36:16.935 | INFO     | __main__:<module>:220 - Training time taken = 199.01 seconds, Evaluation time taken = nan seconds, loss = 0.03039, fid = None
2026-03-03 09:36:16.936 | INFO     | __main__:<module>:157 - Epoch = 392 / 2000
2026-03-03 09:39:36.154 | INFO     | __main__:<module>:220 - Training time taken = 199.22 seconds, Evaluation time taken = nan seconds, loss = 0.03076, fid = None
2026-03-03 09:39:36.154 | INFO     | __main__:<module>:157 - Epoch = 393 / 2000
2026-03-03 09:42:55.087 | INFO     | __main__:<module>:220 - Training time taken = 198.93 seconds, Evaluation time taken = nan seconds, loss = 0.03096, fid = None
2026-03-03 09:42:55.087 | INFO     | __main__:<module>:157 - Epoch = 394 / 2000
2026-03-03 09:46:14.426 | INFO     | __main__:<module>:220 - Training time taken = 199.34 seconds, Evaluation time taken = nan seconds, loss = 0.03104, fid = None
2026-03-03 09:46:14.427 | INFO     | __main__:<module>:157 - Epoch = 395 / 2000
2026-03-03 09:49:33.703 | INFO     | __main__:<module>:220 - Training time taken = 199.27 seconds, Evaluation time taken = nan seconds, loss = 0.03017, fid = None
2026-03-03 09:49:33.703 | INFO     | __main__:<module>:157 - Epoch = 396 / 2000
2026-03-03 09:52:52.975 | INFO     | __main__:<module>:220 - Training time taken = 199.27 seconds, Evaluation time taken = nan seconds, loss = 0.0304, fid = None
2026-03-03 09:52:52.976 | INFO     | __main__:<module>:157 - Epoch = 397 / 2000
2026-03-03 09:56:12.549 | INFO     | __main__:<module>:220 - Training time taken = 199.57 seconds, Evaluation time taken = nan seconds, loss = 0.03069, fid = None
2026-03-03 09:56:12.550 | INFO     | __main__:<module>:157 - Epoch = 398 / 2000
2026-03-03 09:59:32.274 | INFO     | __main__:<module>:220 - Training time taken = 199.72 seconds, Evaluation time taken = nan seconds, loss = 0.0308, fid = None
2026-03-03 09:59:32.275 | INFO     | __main__:<module>:157 - Epoch = 399 / 2000
2026-03-03 10:02:51.703 | INFO     | __main__:<module>:220 - Training time taken = 199.43 seconds, Evaluation time taken = nan seconds, loss = 0.03113, fid = None
2026-03-03 10:02:51.705 | INFO     | __main__:<module>:157 - Epoch = 400 / 2000
2026-03-03 10:06:11.030 | INFO     | __main__:<module>:220 - Training time taken = 199.32 seconds, Evaluation time taken = nan seconds, loss = 0.03088, fid = None
2026-03-03 10:06:11.031 | INFO     | __main__:<module>:157 - Epoch = 401 / 2000
2026-03-03 10:09:30.469 | INFO     | __main__:<module>:220 - Training time taken = 199.44 seconds, Evaluation time taken = nan seconds, loss = 0.03057, fid = None
2026-03-03 10:09:30.470 | INFO     | __main__:<module>:157 - Epoch = 402 / 2000
2026-03-03 10:12:49.896 | INFO     | __main__:<module>:220 - Training time taken = 199.42 seconds, Evaluation time taken = nan seconds, loss = 0.03099, fid = None
2026-03-03 10:12:49.896 | INFO     | __main__:<module>:157 - Epoch = 403 / 2000
2026-03-03 10:16:09.245 | INFO     | __main__:<module>:220 - Training time taken = 199.35 seconds, Evaluation time taken = nan seconds, loss = 0.03055, fid = None
2026-03-03 10:16:09.246 | INFO     | __main__:<module>:157 - Epoch = 404 / 2000
2026-03-03 10:19:28.575 | INFO     | __main__:<module>:220 - Training time taken = 199.33 seconds, Evaluation time taken = nan seconds, loss = 0.03092, fid = None
2026-03-03 10:19:28.576 | INFO     | __main__:<module>:157 - Epoch = 405 / 2000
2026-03-03 10:22:47.689 | INFO     | __main__:<module>:220 - Training time taken = 199.11 seconds, Evaluation time taken = nan seconds, loss = 0.03081, fid = None
2026-03-03 10:22:47.690 | INFO     | __main__:<module>:157 - Epoch = 406 / 2000
2026-03-03 10:26:06.749 | INFO     | __main__:<module>:220 - Training time taken = 199.06 seconds, Evaluation time taken = nan seconds, loss = 0.03096, fid = None
2026-03-03 10:26:06.749 | INFO     | __main__:<module>:157 - Epoch = 407 / 2000
2026-03-03 10:29:25.596 | INFO     | __main__:<module>:220 - Training time taken = 198.85 seconds, Evaluation time taken = nan seconds, loss = 0.03022, fid = None
2026-03-03 10:29:25.597 | INFO     | __main__:<module>:157 - Epoch = 408 / 2000
2026-03-03 10:32:44.693 | INFO     | __main__:<module>:220 - Training time taken = 199.1 seconds, Evaluation time taken = nan seconds, loss = 0.03093, fid = None
2026-03-03 10:32:44.694 | INFO     | __main__:<module>:157 - Epoch = 409 / 2000
2026-03-03 10:36:03.862 | INFO     | __main__:<module>:220 - Training time taken = 199.17 seconds, Evaluation time taken = nan seconds, loss = 0.03046, fid = None
2026-03-03 10:36:03.862 | INFO     | __main__:<module>:157 - Epoch = 410 / 2000
2026-03-03 10:39:23.149 | INFO     | __main__:<module>:220 - Training time taken = 199.29 seconds, Evaluation time taken = nan seconds, loss = 0.0305, fid = None
2026-03-03 10:39:23.150 | INFO     | __main__:<module>:157 - Epoch = 411 / 2000
2026-03-03 10:42:42.523 | INFO     | __main__:<module>:220 - Training time taken = 199.37 seconds, Evaluation time taken = nan seconds, loss = 0.0306, fid = None
2026-03-03 10:42:42.524 | INFO     | __main__:<module>:157 - Epoch = 412 / 2000
2026-03-03 10:46:01.899 | INFO     | __main__:<module>:220 - Training time taken = 199.37 seconds, Evaluation time taken = nan seconds, loss = 0.03105, fid = None
2026-03-03 10:46:01.899 | INFO     | __main__:<module>:157 - Epoch = 413 / 2000
2026-03-03 10:49:21.408 | INFO     | __main__:<module>:220 - Training time taken = 199.51 seconds, Evaluation time taken = nan seconds, loss = 0.03056, fid = None
2026-03-03 10:49:21.408 | INFO     | __main__:<module>:157 - Epoch = 414 / 2000
2026-03-03 10:52:40.595 | INFO     | __main__:<module>:220 - Training time taken = 199.19 seconds, Evaluation time taken = nan seconds, loss = 0.03049, fid = None
2026-03-03 10:52:40.595 | INFO     | __main__:<module>:157 - Epoch = 415 / 2000
2026-03-03 10:55:59.871 | INFO     | __main__:<module>:220 - Training time taken = 199.27 seconds, Evaluation time taken = nan seconds, loss = 0.03024, fid = None
2026-03-03 10:55:59.871 | INFO     | __main__:<module>:157 - Epoch = 416 / 2000
2026-03-03 10:59:19.480 | INFO     | __main__:<module>:220 - Training time taken = 199.61 seconds, Evaluation time taken = nan seconds, loss = 0.03036, fid = None
2026-03-03 10:59:19.481 | INFO     | __main__:<module>:157 - Epoch = 417 / 2000
2026-03-03 11:02:38.824 | INFO     | __main__:<module>:220 - Training time taken = 199.34 seconds, Evaluation time taken = nan seconds, loss = 0.03085, fid = None
2026-03-03 11:02:38.824 | INFO     | __main__:<module>:157 - Epoch = 418 / 2000
2026-03-03 11:05:57.935 | INFO     | __main__:<module>:220 - Training time taken = 199.11 seconds, Evaluation time taken = nan seconds, loss = 0.03103, fid = None
2026-03-03 11:05:57.935 | INFO     | __main__:<module>:157 - Epoch = 419 / 2000
2026-03-03 11:09:17.266 | INFO     | __main__:<module>:220 - Training time taken = 199.33 seconds, Evaluation time taken = nan seconds, loss = 0.0305, fid = None
2026-03-03 11:09:17.266 | INFO     | __main__:<module>:157 - Epoch = 420 / 2000
2026-03-03 11:12:36.995 | INFO     | __main__:<module>:220 - Training time taken = 199.73 seconds, Evaluation time taken = nan seconds, loss = 0.03045, fid = None
2026-03-03 11:12:36.996 | INFO     | __main__:<module>:157 - Epoch = 421 / 2000
2026-03-03 11:15:57.340 | INFO     | __main__:<module>:220 - Training time taken = 200.34 seconds, Evaluation time taken = nan seconds, loss = 0.03068, fid = None
2026-03-03 11:15:57.340 | INFO     | __main__:<module>:157 - Epoch = 422 / 2000
2026-03-03 11:19:18.490 | INFO     | __main__:<module>:220 - Training time taken = 201.15 seconds, Evaluation time taken = nan seconds, loss = 0.03085, fid = None
2026-03-03 11:19:18.490 | INFO     | __main__:<module>:157 - Epoch = 423 / 2000
2026-03-03 11:22:39.762 | INFO     | __main__:<module>:220 - Training time taken = 201.27 seconds, Evaluation time taken = nan seconds, loss = 0.03053, fid = None
2026-03-03 11:22:39.763 | INFO     | __main__:<module>:157 - Epoch = 424 / 2000
2026-03-03 11:26:01.219 | INFO     | __main__:<module>:220 - Training time taken = 201.45 seconds, Evaluation time taken = nan seconds, loss = 0.03083, fid = None
2026-03-03 11:26:01.220 | INFO     | __main__:<module>:157 - Epoch = 425 / 2000
2026-03-03 11:29:22.493 | INFO     | __main__:<module>:220 - Training time taken = 201.27 seconds, Evaluation time taken = nan seconds, loss = 0.0309, fid = None
2026-03-03 11:29:22.494 | INFO     | __main__:<module>:157 - Epoch = 426 / 2000
2026-03-03 11:32:43.624 | INFO     | __main__:<module>:220 - Training time taken = 201.13 seconds, Evaluation time taken = nan seconds, loss = 0.03029, fid = None
2026-03-03 11:32:43.624 | INFO     | __main__:<module>:157 - Epoch = 427 / 2000
2026-03-03 11:36:04.638 | INFO     | __main__:<module>:220 - Training time taken = 201.01 seconds, Evaluation time taken = nan seconds, loss = 0.03082, fid = None
2026-03-03 11:36:04.638 | INFO     | __main__:<module>:157 - Epoch = 428 / 2000
2026-03-03 11:39:23.207 | INFO     | __main__:<module>:220 - Training time taken = 198.57 seconds, Evaluation time taken = nan seconds, loss = 0.03047, fid = None
2026-03-03 11:39:23.207 | INFO     | __main__:<module>:157 - Epoch = 429 / 2000
2026-03-03 11:42:41.551 | INFO     | __main__:<module>:220 - Training time taken = 198.34 seconds, Evaluation time taken = nan seconds, loss = 0.03044, fid = None
2026-03-03 11:42:41.552 | INFO     | __main__:<module>:157 - Epoch = 430 / 2000
2026-03-03 11:45:59.700 | INFO     | __main__:<module>:220 - Training time taken = 198.15 seconds, Evaluation time taken = nan seconds, loss = 0.03073, fid = None
2026-03-03 11:45:59.701 | INFO     | __main__:<module>:157 - Epoch = 431 / 2000
2026-03-03 11:49:18.390 | INFO     | __main__:<module>:220 - Training time taken = 198.69 seconds, Evaluation time taken = nan seconds, loss = 0.03118, fid = None
2026-03-03 11:49:18.391 | INFO     | __main__:<module>:157 - Epoch = 432 / 2000
2026-03-03 11:52:36.468 | INFO     | __main__:<module>:220 - Training time taken = 198.08 seconds, Evaluation time taken = nan seconds, loss = 0.03105, fid = None
2026-03-03 11:52:36.468 | INFO     | __main__:<module>:157 - Epoch = 433 / 2000
2026-03-03 11:55:55.649 | INFO     | __main__:<module>:220 - Training time taken = 199.18 seconds, Evaluation time taken = nan seconds, loss = 0.03074, fid = None
2026-03-03 11:55:55.649 | INFO     | __main__:<module>:157 - Epoch = 434 / 2000
2026-03-03 11:59:15.097 | INFO     | __main__:<module>:220 - Training time taken = 199.45 seconds, Evaluation time taken = nan seconds, loss = 0.03009, fid = None
2026-03-03 11:59:15.098 | INFO     | __main__:<module>:157 - Epoch = 435 / 2000
2026-03-03 12:02:34.966 | INFO     | __main__:<module>:220 - Training time taken = 199.87 seconds, Evaluation time taken = nan seconds, loss = 0.03068, fid = None
2026-03-03 12:02:34.966 | INFO     | __main__:<module>:157 - Epoch = 436 / 2000
2026-03-03 12:05:55.330 | INFO     | __main__:<module>:220 - Training time taken = 200.36 seconds, Evaluation time taken = nan seconds, loss = 0.03043, fid = None
2026-03-03 12:05:55.330 | INFO     | __main__:<module>:157 - Epoch = 437 / 2000
2026-03-03 12:09:14.414 | INFO     | __main__:<module>:220 - Training time taken = 199.08 seconds, Evaluation time taken = nan seconds, loss = 0.03035, fid = None
2026-03-03 12:09:14.414 | INFO     | __main__:<module>:157 - Epoch = 438 / 2000
2026-03-03 12:12:34.020 | INFO     | __main__:<module>:220 - Training time taken = 199.6 seconds, Evaluation time taken = nan seconds, loss = 0.03107, fid = None
2026-03-03 12:12:34.020 | INFO     | __main__:<module>:157 - Epoch = 439 / 2000
2026-03-03 12:15:53.326 | INFO     | __main__:<module>:220 - Training time taken = 199.3 seconds, Evaluation time taken = nan seconds, loss = 0.03016, fid = None
2026-03-03 12:15:53.327 | INFO     | __main__:<module>:157 - Epoch = 440 / 2000
2026-03-03 12:19:12.897 | INFO     | __main__:<module>:220 - Training time taken = 199.57 seconds, Evaluation time taken = nan seconds, loss = 0.03055, fid = None
2026-03-03 12:19:12.898 | INFO     | __main__:<module>:157 - Epoch = 441 / 2000
2026-03-03 12:22:33.077 | INFO     | __main__:<module>:220 - Training time taken = 200.18 seconds, Evaluation time taken = nan seconds, loss = 0.03067, fid = None
2026-03-03 12:22:33.077 | INFO     | __main__:<module>:157 - Epoch = 442 / 2000
2026-03-03 12:25:52.630 | INFO     | __main__:<module>:220 - Training time taken = 199.55 seconds, Evaluation time taken = nan seconds, loss = 0.03096, fid = None
2026-03-03 12:25:52.630 | INFO     | __main__:<module>:157 - Epoch = 443 / 2000
2026-03-03 12:29:12.615 | INFO     | __main__:<module>:220 - Training time taken = 199.98 seconds, Evaluation time taken = nan seconds, loss = 0.03028, fid = None
2026-03-03 12:29:12.616 | INFO     | __main__:<module>:157 - Epoch = 444 / 2000
2026-03-03 12:32:32.080 | INFO     | __main__:<module>:220 - Training time taken = 199.46 seconds, Evaluation time taken = nan seconds, loss = 0.03102, fid = None
2026-03-03 12:32:32.081 | INFO     | __main__:<module>:157 - Epoch = 445 / 2000
2026-03-03 12:35:52.244 | INFO     | __main__:<module>:220 - Training time taken = 200.16 seconds, Evaluation time taken = nan seconds, loss = 0.03045, fid = None
2026-03-03 12:35:52.244 | INFO     | __main__:<module>:157 - Epoch = 446 / 2000
2026-03-03 12:39:11.809 | INFO     | __main__:<module>:220 - Training time taken = 199.56 seconds, Evaluation time taken = nan seconds, loss = 0.02989, fid = None
2026-03-03 12:39:11.810 | INFO     | __main__:<module>:157 - Epoch = 447 / 2000
2026-03-03 12:42:31.189 | INFO     | __main__:<module>:220 - Training time taken = 199.38 seconds, Evaluation time taken = nan seconds, loss = 0.03084, fid = None
2026-03-03 12:42:31.189 | INFO     | __main__:<module>:157 - Epoch = 448 / 2000
2026-03-03 12:45:51.226 | INFO     | __main__:<module>:220 - Training time taken = 200.04 seconds, Evaluation time taken = nan seconds, loss = 0.03077, fid = None
2026-03-03 12:45:51.226 | INFO     | __main__:<module>:157 - Epoch = 449 / 2000
2026-03-03 12:49:10.384 | INFO     | __main__:<module>:220 - Training time taken = 199.16 seconds, Evaluation time taken = nan seconds, loss = 0.03047, fid = None
2026-03-03 12:49:10.385 | INFO     | __main__:<module>:157 - Epoch = 450 / 2000
2026-03-03 12:52:29.329 | INFO     | __main__:<module>:220 - Training time taken = 198.94 seconds, Evaluation time taken = nan seconds, loss = 0.03085, fid = None
2026-03-03 12:52:29.330 | INFO     | __main__:<module>:157 - Epoch = 451 / 2000
2026-03-03 12:55:48.655 | INFO     | __main__:<module>:220 - Training time taken = 199.32 seconds, Evaluation time taken = nan seconds, loss = 0.03086, fid = None
2026-03-03 12:55:48.655 | INFO     | __main__:<module>:157 - Epoch = 452 / 2000
2026-03-03 12:59:07.601 | INFO     | __main__:<module>:220 - Training time taken = 198.95 seconds, Evaluation time taken = nan seconds, loss = 0.03085, fid = None
2026-03-03 12:59:07.602 | INFO     | __main__:<module>:157 - Epoch = 453 / 2000
2026-03-03 13:02:27.197 | INFO     | __main__:<module>:220 - Training time taken = 199.59 seconds, Evaluation time taken = nan seconds, loss = 0.03081, fid = None
2026-03-03 13:02:27.197 | INFO     | __main__:<module>:157 - Epoch = 454 / 2000
2026-03-03 13:05:46.643 | INFO     | __main__:<module>:220 - Training time taken = 199.44 seconds, Evaluation time taken = nan seconds, loss = 0.03087, fid = None
2026-03-03 13:05:46.643 | INFO     | __main__:<module>:157 - Epoch = 455 / 2000
2026-03-03 13:09:07.696 | INFO     | __main__:<module>:220 - Training time taken = 201.05 seconds, Evaluation time taken = nan seconds, loss = 0.03057, fid = None
2026-03-03 13:09:07.696 | INFO     | __main__:<module>:157 - Epoch = 456 / 2000
2026-03-03 13:12:27.848 | INFO     | __main__:<module>:220 - Training time taken = 200.15 seconds, Evaluation time taken = nan seconds, loss = 0.03059, fid = None
2026-03-03 13:12:27.848 | INFO     | __main__:<module>:157 - Epoch = 457 / 2000
2026-03-03 13:15:46.831 | INFO     | __main__:<module>:220 - Training time taken = 198.98 seconds, Evaluation time taken = nan seconds, loss = 0.03032, fid = None
2026-03-03 13:15:46.832 | INFO     | __main__:<module>:157 - Epoch = 458 / 2000
2026-03-03 13:19:05.890 | INFO     | __main__:<module>:220 - Training time taken = 199.06 seconds, Evaluation time taken = nan seconds, loss = 0.03037, fid = None
2026-03-03 13:19:05.890 | INFO     | __main__:<module>:157 - Epoch = 459 / 2000
2026-03-03 13:22:24.823 | INFO     | __main__:<module>:220 - Training time taken = 198.93 seconds, Evaluation time taken = nan seconds, loss = 0.03071, fid = None
2026-03-03 13:22:24.823 | INFO     | __main__:<module>:157 - Epoch = 460 / 2000
2026-03-03 13:25:43.595 | INFO     | __main__:<module>:220 - Training time taken = 198.77 seconds, Evaluation time taken = nan seconds, loss = 0.03049, fid = None
2026-03-03 13:25:43.596 | INFO     | __main__:<module>:157 - Epoch = 461 / 2000
2026-03-03 13:29:02.565 | INFO     | __main__:<module>:220 - Training time taken = 198.97 seconds, Evaluation time taken = nan seconds, loss = 0.03095, fid = None
2026-03-03 13:29:02.566 | INFO     | __main__:<module>:157 - Epoch = 462 / 2000
2026-03-03 13:32:21.008 | INFO     | __main__:<module>:220 - Training time taken = 198.44 seconds, Evaluation time taken = nan seconds, loss = 0.03026, fid = None
2026-03-03 13:32:21.009 | INFO     | __main__:<module>:157 - Epoch = 463 / 2000
2026-03-03 13:35:39.705 | INFO     | __main__:<module>:220 - Training time taken = 198.7 seconds, Evaluation time taken = nan seconds, loss = 0.03026, fid = None
2026-03-03 13:35:39.706 | INFO     | __main__:<module>:157 - Epoch = 464 / 2000
2026-03-03 13:38:57.979 | INFO     | __main__:<module>:220 - Training time taken = 198.27 seconds, Evaluation time taken = nan seconds, loss = 0.03062, fid = None
2026-03-03 13:38:57.979 | INFO     | __main__:<module>:157 - Epoch = 465 / 2000
2026-03-03 13:42:17.538 | INFO     | __main__:<module>:220 - Training time taken = 199.56 seconds, Evaluation time taken = nan seconds, loss = 0.03049, fid = None
2026-03-03 13:42:17.538 | INFO     | __main__:<module>:157 - Epoch = 466 / 2000
2026-03-03 13:45:36.072 | INFO     | __main__:<module>:220 - Training time taken = 198.53 seconds, Evaluation time taken = nan seconds, loss = 0.03067, fid = None
2026-03-03 13:45:36.072 | INFO     | __main__:<module>:157 - Epoch = 467 / 2000
2026-03-03 13:48:54.936 | INFO     | __main__:<module>:220 - Training time taken = 198.86 seconds, Evaluation time taken = nan seconds, loss = 0.03038, fid = None
2026-03-03 13:48:54.937 | INFO     | __main__:<module>:157 - Epoch = 468 / 2000
2026-03-03 13:52:13.726 | INFO     | __main__:<module>:220 - Training time taken = 198.79 seconds, Evaluation time taken = nan seconds, loss = 0.03096, fid = None
2026-03-03 13:52:13.726 | INFO     | __main__:<module>:157 - Epoch = 469 / 2000
2026-03-03 13:55:32.472 | INFO     | __main__:<module>:220 - Training time taken = 198.74 seconds, Evaluation time taken = nan seconds, loss = 0.03069, fid = None
2026-03-03 13:55:32.473 | INFO     | __main__:<module>:157 - Epoch = 470 / 2000
2026-03-03 13:58:51.849 | INFO     | __main__:<module>:220 - Training time taken = 199.37 seconds, Evaluation time taken = nan seconds, loss = 0.03061, fid = None
2026-03-03 13:58:51.849 | INFO     | __main__:<module>:157 - Epoch = 471 / 2000
2026-03-03 14:02:10.376 | INFO     | __main__:<module>:220 - Training time taken = 198.53 seconds, Evaluation time taken = nan seconds, loss = 0.03074, fid = None
2026-03-03 14:02:10.376 | INFO     | __main__:<module>:157 - Epoch = 472 / 2000
2026-03-03 14:05:28.959 | INFO     | __main__:<module>:220 - Training time taken = 198.58 seconds, Evaluation time taken = nan seconds, loss = 0.03086, fid = None
2026-03-03 14:05:28.959 | INFO     | __main__:<module>:157 - Epoch = 473 / 2000
2026-03-03 14:08:48.194 | INFO     | __main__:<module>:220 - Training time taken = 199.23 seconds, Evaluation time taken = nan seconds, loss = 0.03047, fid = None
2026-03-03 14:08:48.194 | INFO     | __main__:<module>:157 - Epoch = 474 / 2000
2026-03-03 14:12:07.165 | INFO     | __main__:<module>:220 - Training time taken = 198.97 seconds, Evaluation time taken = nan seconds, loss = 0.03055, fid = None
2026-03-03 14:12:07.165 | INFO     | __main__:<module>:157 - Epoch = 475 / 2000
2026-03-03 14:15:26.455 | INFO     | __main__:<module>:220 - Training time taken = 199.29 seconds, Evaluation time taken = nan seconds, loss = 0.03067, fid = None
2026-03-03 14:15:26.456 | INFO     | __main__:<module>:157 - Epoch = 476 / 2000
2026-03-03 14:18:45.388 | INFO     | __main__:<module>:220 - Training time taken = 198.93 seconds, Evaluation time taken = nan seconds, loss = 0.03105, fid = None
2026-03-03 14:18:45.388 | INFO     | __main__:<module>:157 - Epoch = 477 / 2000
2026-03-03 14:22:04.496 | INFO     | __main__:<module>:220 - Training time taken = 199.11 seconds, Evaluation time taken = nan seconds, loss = 0.03044, fid = None
2026-03-03 14:22:04.496 | INFO     | __main__:<module>:157 - Epoch = 478 / 2000
2026-03-03 14:25:23.490 | INFO     | __main__:<module>:220 - Training time taken = 198.99 seconds, Evaluation time taken = nan seconds, loss = 0.03037, fid = None
2026-03-03 14:25:23.490 | INFO     | __main__:<module>:157 - Epoch = 479 / 2000
2026-03-03 14:28:42.307 | INFO     | __main__:<module>:220 - Training time taken = 198.82 seconds, Evaluation time taken = nan seconds, loss = 0.03043, fid = None
2026-03-03 14:28:42.307 | INFO     | __main__:<module>:157 - Epoch = 480 / 2000
2026-03-03 14:32:01.853 | INFO     | __main__:<module>:220 - Training time taken = 199.54 seconds, Evaluation time taken = nan seconds, loss = 0.03067, fid = None
2026-03-03 14:32:01.853 | INFO     | __main__:<module>:157 - Epoch = 481 / 2000
2026-03-03 14:35:20.993 | INFO     | __main__:<module>:220 - Training time taken = 199.14 seconds, Evaluation time taken = nan seconds, loss = 0.03055, fid = None
2026-03-03 14:35:20.994 | INFO     | __main__:<module>:157 - Epoch = 482 / 2000
2026-03-03 14:38:40.227 | INFO     | __main__:<module>:220 - Training time taken = 199.23 seconds, Evaluation time taken = nan seconds, loss = 0.03013, fid = None
2026-03-03 14:38:40.228 | INFO     | __main__:<module>:157 - Epoch = 483 / 2000
2026-03-03 14:41:59.965 | INFO     | __main__:<module>:220 - Training time taken = 199.74 seconds, Evaluation time taken = nan seconds, loss = 0.03049, fid = None
2026-03-03 14:41:59.965 | INFO     | __main__:<module>:157 - Epoch = 484 / 2000
2026-03-03 14:45:18.224 | INFO     | __main__:<module>:220 - Training time taken = 198.26 seconds, Evaluation time taken = nan seconds, loss = 0.0308, fid = None
2026-03-03 14:45:18.224 | INFO     | __main__:<module>:157 - Epoch = 485 / 2000
2026-03-03 14:48:36.771 | INFO     | __main__:<module>:220 - Training time taken = 198.55 seconds, Evaluation time taken = nan seconds, loss = 0.0307, fid = None
2026-03-03 14:48:36.771 | INFO     | __main__:<module>:157 - Epoch = 486 / 2000
2026-03-03 14:51:55.879 | INFO     | __main__:<module>:220 - Training time taken = 199.11 seconds, Evaluation time taken = nan seconds, loss = 0.03099, fid = None
2026-03-03 14:51:55.879 | INFO     | __main__:<module>:157 - Epoch = 487 / 2000
2026-03-03 14:55:14.407 | INFO     | __main__:<module>:220 - Training time taken = 198.53 seconds, Evaluation time taken = nan seconds, loss = 0.03033, fid = None
2026-03-03 14:55:14.407 | INFO     | __main__:<module>:157 - Epoch = 488 / 2000
2026-03-03 14:58:33.435 | INFO     | __main__:<module>:220 - Training time taken = 199.03 seconds, Evaluation time taken = nan seconds, loss = 0.03115, fid = None
2026-03-03 14:58:33.436 | INFO     | __main__:<module>:157 - Epoch = 489 / 2000
2026-03-03 15:01:52.020 | INFO     | __main__:<module>:220 - Training time taken = 198.58 seconds, Evaluation time taken = nan seconds, loss = 0.03048, fid = None
2026-03-03 15:01:52.021 | INFO     | __main__:<module>:157 - Epoch = 490 / 2000
2026-03-03 15:05:11.111 | INFO     | __main__:<module>:220 - Training time taken = 199.09 seconds, Evaluation time taken = nan seconds, loss = 0.02978, fid = None
2026-03-03 15:05:11.112 | INFO     | __main__:<module>:157 - Epoch = 491 / 2000
2026-03-03 15:08:31.904 | INFO     | __main__:<module>:220 - Training time taken = 200.79 seconds, Evaluation time taken = nan seconds, loss = 0.03007, fid = None
2026-03-03 15:08:31.904 | INFO     | __main__:<module>:157 - Epoch = 492 / 2000
2026-03-03 15:11:52.338 | INFO     | __main__:<module>:220 - Training time taken = 200.43 seconds, Evaluation time taken = nan seconds, loss = 0.0308, fid = None
2026-03-03 15:11:52.338 | INFO     | __main__:<module>:157 - Epoch = 493 / 2000
2026-03-03 15:15:13.363 | INFO     | __main__:<module>:220 - Training time taken = 201.02 seconds, Evaluation time taken = nan seconds, loss = 0.03024, fid = None
2026-03-03 15:15:13.364 | INFO     | __main__:<module>:157 - Epoch = 494 / 2000
2026-03-03 15:18:33.732 | INFO     | __main__:<module>:220 - Training time taken = 200.37 seconds, Evaluation time taken = nan seconds, loss = 0.03047, fid = None
2026-03-03 15:18:33.732 | INFO     | __main__:<module>:157 - Epoch = 495 / 2000
2026-03-03 15:21:55.190 | INFO     | __main__:<module>:220 - Training time taken = 201.46 seconds, Evaluation time taken = nan seconds, loss = 0.03039, fid = None
2026-03-03 15:21:55.190 | INFO     | __main__:<module>:157 - Epoch = 496 / 2000
2026-03-03 15:25:16.467 | INFO     | __main__:<module>:220 - Training time taken = 201.28 seconds, Evaluation time taken = nan seconds, loss = 0.03041, fid = None
2026-03-03 15:25:16.468 | INFO     | __main__:<module>:157 - Epoch = 497 / 2000
2026-03-03 15:28:36.807 | INFO     | __main__:<module>:220 - Training time taken = 200.34 seconds, Evaluation time taken = nan seconds, loss = 0.03041, fid = None
2026-03-03 15:28:37.073 | INFO     | __main__:<module>:157 - Epoch = 498 / 2000
2026-03-03 15:31:58.025 | INFO     | __main__:<module>:220 - Training time taken = 200.95 seconds, Evaluation time taken = nan seconds, loss = 0.03054, fid = None
2026-03-03 15:31:58.026 | INFO     | __main__:<module>:157 - Epoch = 499 / 2000
2026-03-03 15:36:56.175 | INFO     | __main__:<module>:220 - Training time taken = 298.15 seconds, Evaluation time taken = nan seconds, loss = 0.03032, fid = None
2026-03-03 15:36:56.176 | INFO     | __main__:<module>:157 - Epoch = 500 / 2000
2026-03-03 15:42:19.641 | INFO     | __main__:<module>:220 - Training time taken = 323.46 seconds, Evaluation time taken = nan seconds, loss = 0.03027, fid = None
2026-03-03 15:42:19.642 | INFO     | __main__:<module>:157 - Epoch = 501 / 2000
2026-03-03 15:45:42.130 | INFO     | __main__:<module>:220 - Training time taken = 202.49 seconds, Evaluation time taken = nan seconds, loss = 0.03061, fid = None
2026-03-03 15:45:42.131 | INFO     | __main__:<module>:157 - Epoch = 502 / 2000
2026-03-03 15:49:02.616 | INFO     | __main__:<module>:220 - Training time taken = 200.48 seconds, Evaluation time taken = nan seconds, loss = 0.0305, fid = None
2026-03-03 15:49:02.616 | INFO     | __main__:<module>:157 - Epoch = 503 / 2000
2026-03-03 15:52:22.064 | INFO     | __main__:<module>:220 - Training time taken = 199.45 seconds, Evaluation time taken = nan seconds, loss = 0.03002, fid = None
2026-03-03 15:52:22.064 | INFO     | __main__:<module>:157 - Epoch = 504 / 2000
2026-03-03 15:55:42.567 | INFO     | __main__:<module>:220 - Training time taken = 200.5 seconds, Evaluation time taken = nan seconds, loss = 0.03029, fid = None
2026-03-03 15:55:42.569 | INFO     | __main__:<module>:157 - Epoch = 505 / 2000
2026-03-03 15:59:02.819 | INFO     | __main__:<module>:220 - Training time taken = 200.25 seconds, Evaluation time taken = nan seconds, loss = 0.03059, fid = None
2026-03-03 15:59:02.819 | INFO     | __main__:<module>:157 - Epoch = 506 / 2000
2026-03-03 16:02:23.125 | INFO     | __main__:<module>:220 - Training time taken = 200.3 seconds, Evaluation time taken = nan seconds, loss = 0.03069, fid = None
2026-03-03 16:02:23.125 | INFO     | __main__:<module>:157 - Epoch = 507 / 2000
2026-03-03 16:05:43.081 | INFO     | __main__:<module>:220 - Training time taken = 199.95 seconds, Evaluation time taken = nan seconds, loss = 0.03048, fid = None
2026-03-03 16:05:43.082 | INFO     | __main__:<module>:157 - Epoch = 508 / 2000
2026-03-03 16:09:01.776 | INFO     | __main__:<module>:220 - Training time taken = 198.69 seconds, Evaluation time taken = nan seconds, loss = 0.03039, fid = None
2026-03-03 16:09:01.776 | INFO     | __main__:<module>:157 - Epoch = 509 / 2000
2026-03-03 16:12:20.909 | INFO     | __main__:<module>:220 - Training time taken = 199.13 seconds, Evaluation time taken = nan seconds, loss = 0.0299, fid = None
2026-03-03 16:12:20.909 | INFO     | __main__:<module>:157 - Epoch = 510 / 2000
2026-03-03 16:15:39.999 | INFO     | __main__:<module>:220 - Training time taken = 199.09 seconds, Evaluation time taken = nan seconds, loss = 0.03062, fid = None
2026-03-03 16:15:39.999 | INFO     | __main__:<module>:157 - Epoch = 511 / 2000
2026-03-03 16:18:59.433 | INFO     | __main__:<module>:220 - Training time taken = 199.43 seconds, Evaluation time taken = nan seconds, loss = 0.03014, fid = None
2026-03-03 16:18:59.434 | INFO     | __main__:<module>:157 - Epoch = 512 / 2000
2026-03-03 16:22:18.924 | INFO     | __main__:<module>:220 - Training time taken = 199.49 seconds, Evaluation time taken = nan seconds, loss = 0.03095, fid = None
2026-03-03 16:22:18.924 | INFO     | __main__:<module>:157 - Epoch = 513 / 2000
2026-03-03 16:25:38.240 | INFO     | __main__:<module>:220 - Training time taken = 199.32 seconds, Evaluation time taken = nan seconds, loss = 0.03035, fid = None
2026-03-03 16:25:38.241 | INFO     | __main__:<module>:157 - Epoch = 514 / 2000
2026-03-03 16:28:57.085 | INFO     | __main__:<module>:220 - Training time taken = 198.84 seconds, Evaluation time taken = nan seconds, loss = 0.03025, fid = None
2026-03-03 16:28:57.086 | INFO     | __main__:<module>:157 - Epoch = 515 / 2000
2026-03-03 16:32:16.653 | INFO     | __main__:<module>:220 - Training time taken = 199.57 seconds, Evaluation time taken = nan seconds, loss = 0.03041, fid = None
2026-03-03 16:32:16.653 | INFO     | __main__:<module>:157 - Epoch = 516 / 2000
2026-03-03 16:35:35.895 | INFO     | __main__:<module>:220 - Training time taken = 199.24 seconds, Evaluation time taken = nan seconds, loss = 0.03068, fid = None
2026-03-03 16:35:35.895 | INFO     | __main__:<module>:157 - Epoch = 517 / 2000
2026-03-03 16:38:56.104 | INFO     | __main__:<module>:220 - Training time taken = 200.21 seconds, Evaluation time taken = nan seconds, loss = 0.03048, fid = None
2026-03-03 16:38:56.105 | INFO     | __main__:<module>:157 - Epoch = 518 / 2000
2026-03-03 16:42:17.416 | INFO     | __main__:<module>:220 - Training time taken = 201.31 seconds, Evaluation time taken = nan seconds, loss = 0.03034, fid = None
2026-03-03 16:42:17.416 | INFO     | __main__:<module>:157 - Epoch = 519 / 2000
2026-03-03 16:45:37.273 | INFO     | __main__:<module>:220 - Training time taken = 199.86 seconds, Evaluation time taken = nan seconds, loss = 0.03, fid = None
2026-03-03 16:45:37.274 | INFO     | __main__:<module>:157 - Epoch = 520 / 2000
2026-03-03 16:48:57.843 | INFO     | __main__:<module>:220 - Training time taken = 200.57 seconds, Evaluation time taken = nan seconds, loss = 0.03028, fid = None
2026-03-03 16:48:57.843 | INFO     | __main__:<module>:157 - Epoch = 521 / 2000
2026-03-03 16:52:17.961 | INFO     | __main__:<module>:220 - Training time taken = 200.12 seconds, Evaluation time taken = nan seconds, loss = 0.03016, fid = None
2026-03-03 16:52:17.961 | INFO     | __main__:<module>:157 - Epoch = 522 / 2000
2026-03-03 16:55:38.146 | INFO     | __main__:<module>:220 - Training time taken = 200.18 seconds, Evaluation time taken = nan seconds, loss = 0.0304, fid = None
2026-03-03 16:55:38.147 | INFO     | __main__:<module>:157 - Epoch = 523 / 2000
2026-03-03 16:59:00.107 | INFO     | __main__:<module>:220 - Training time taken = 201.96 seconds, Evaluation time taken = nan seconds, loss = 0.0306, fid = None
2026-03-03 16:59:00.107 | INFO     | __main__:<module>:157 - Epoch = 524 / 2000
2026-03-03 17:02:22.395 | INFO     | __main__:<module>:220 - Training time taken = 202.29 seconds, Evaluation time taken = nan seconds, loss = 0.03062, fid = None
2026-03-03 17:02:22.396 | INFO     | __main__:<module>:157 - Epoch = 525 / 2000
2026-03-03 17:05:44.745 | INFO     | __main__:<module>:220 - Training time taken = 202.35 seconds, Evaluation time taken = nan seconds, loss = 0.03066, fid = None
2026-03-03 17:05:44.746 | INFO     | __main__:<module>:157 - Epoch = 526 / 2000
2026-03-03 17:09:07.315 | INFO     | __main__:<module>:220 - Training time taken = 202.57 seconds, Evaluation time taken = nan seconds, loss = 0.03057, fid = None
2026-03-03 17:09:07.315 | INFO     | __main__:<module>:157 - Epoch = 527 / 2000
2026-03-03 17:12:29.785 | INFO     | __main__:<module>:220 - Training time taken = 202.47 seconds, Evaluation time taken = nan seconds, loss = 0.03033, fid = None
2026-03-03 17:12:29.785 | INFO     | __main__:<module>:157 - Epoch = 528 / 2000
2026-03-03 17:15:52.144 | INFO     | __main__:<module>:220 - Training time taken = 202.36 seconds, Evaluation time taken = nan seconds, loss = 0.03071, fid = None
2026-03-03 17:15:52.145 | INFO     | __main__:<module>:157 - Epoch = 529 / 2000
2026-03-03 17:19:14.162 | INFO     | __main__:<module>:220 - Training time taken = 202.02 seconds, Evaluation time taken = nan seconds, loss = 0.03055, fid = None
2026-03-03 17:19:14.163 | INFO     | __main__:<module>:157 - Epoch = 530 / 2000
2026-03-03 17:22:34.462 | INFO     | __main__:<module>:220 - Training time taken = 200.3 seconds, Evaluation time taken = nan seconds, loss = 0.03018, fid = None
2026-03-03 17:22:34.462 | INFO     | __main__:<module>:157 - Epoch = 531 / 2000
2026-03-03 17:25:54.585 | INFO     | __main__:<module>:220 - Training time taken = 200.12 seconds, Evaluation time taken = nan seconds, loss = 0.0303, fid = None
2026-03-03 17:25:54.585 | INFO     | __main__:<module>:157 - Epoch = 532 / 2000
2026-03-03 17:29:14.746 | INFO     | __main__:<module>:220 - Training time taken = 200.16 seconds, Evaluation time taken = nan seconds, loss = 0.0299, fid = None
2026-03-03 17:29:14.747 | INFO     | __main__:<module>:157 - Epoch = 533 / 2000
2026-03-03 17:32:35.586 | INFO     | __main__:<module>:220 - Training time taken = 200.84 seconds, Evaluation time taken = nan seconds, loss = 0.02993, fid = None
2026-03-03 17:32:35.586 | INFO     | __main__:<module>:157 - Epoch = 534 / 2000
2026-03-03 17:35:55.609 | INFO     | __main__:<module>:220 - Training time taken = 200.02 seconds, Evaluation time taken = nan seconds, loss = 0.02996, fid = None
2026-03-03 17:35:55.609 | INFO     | __main__:<module>:157 - Epoch = 535 / 2000
2026-03-03 17:39:15.755 | INFO     | __main__:<module>:220 - Training time taken = 200.14 seconds, Evaluation time taken = nan seconds, loss = 0.03045, fid = None
2026-03-03 17:39:15.756 | INFO     | __main__:<module>:157 - Epoch = 536 / 2000
2026-03-03 17:42:35.886 | INFO     | __main__:<module>:220 - Training time taken = 200.13 seconds, Evaluation time taken = nan seconds, loss = 0.02992, fid = None
2026-03-03 17:42:35.886 | INFO     | __main__:<module>:157 - Epoch = 537 / 2000
2026-03-03 17:45:56.048 | INFO     | __main__:<module>:220 - Training time taken = 200.16 seconds, Evaluation time taken = nan seconds, loss = 0.03056, fid = None
2026-03-03 17:45:56.049 | INFO     | __main__:<module>:157 - Epoch = 538 / 2000
2026-03-03 17:49:16.159 | INFO     | __main__:<module>:220 - Training time taken = 200.11 seconds, Evaluation time taken = nan seconds, loss = 0.03095, fid = None
2026-03-03 17:49:16.159 | INFO     | __main__:<module>:157 - Epoch = 539 / 2000
2026-03-03 17:52:35.603 | INFO     | __main__:<module>:220 - Training time taken = 199.44 seconds, Evaluation time taken = nan seconds, loss = 0.03046, fid = None
2026-03-03 17:52:35.603 | INFO     | __main__:<module>:157 - Epoch = 540 / 2000
2026-03-03 17:55:55.576 | INFO     | __main__:<module>:220 - Training time taken = 199.97 seconds, Evaluation time taken = nan seconds, loss = 0.03022, fid = None
2026-03-03 17:55:55.576 | INFO     | __main__:<module>:157 - Epoch = 541 / 2000
2026-03-03 17:59:15.112 | INFO     | __main__:<module>:220 - Training time taken = 199.53 seconds, Evaluation time taken = nan seconds, loss = 0.03016, fid = None
2026-03-03 17:59:15.112 | INFO     | __main__:<module>:157 - Epoch = 542 / 2000
2026-03-03 18:02:34.566 | INFO     | __main__:<module>:220 - Training time taken = 199.45 seconds, Evaluation time taken = nan seconds, loss = 0.03032, fid = None
2026-03-03 18:02:34.566 | INFO     | __main__:<module>:157 - Epoch = 543 / 2000
2026-03-03 18:05:53.665 | INFO     | __main__:<module>:220 - Training time taken = 199.1 seconds, Evaluation time taken = nan seconds, loss = 0.03025, fid = None
2026-03-03 18:05:53.665 | INFO     | __main__:<module>:157 - Epoch = 544 / 2000
2026-03-03 18:09:12.660 | INFO     | __main__:<module>:220 - Training time taken = 198.99 seconds, Evaluation time taken = nan seconds, loss = 0.03038, fid = None
2026-03-03 18:09:12.661 | INFO     | __main__:<module>:157 - Epoch = 545 / 2000
2026-03-03 18:12:32.471 | INFO     | __main__:<module>:220 - Training time taken = 199.81 seconds, Evaluation time taken = nan seconds, loss = 0.03039, fid = None
2026-03-03 18:12:32.472 | INFO     | __main__:<module>:157 - Epoch = 546 / 2000
2026-03-03 18:15:51.179 | INFO     | __main__:<module>:220 - Training time taken = 198.71 seconds, Evaluation time taken = nan seconds, loss = 0.03032, fid = None
2026-03-03 18:15:51.180 | INFO     | __main__:<module>:157 - Epoch = 547 / 2000
2026-03-03 18:19:10.703 | INFO     | __main__:<module>:220 - Training time taken = 199.52 seconds, Evaluation time taken = nan seconds, loss = 0.03092, fid = None
2026-03-03 18:19:10.704 | INFO     | __main__:<module>:157 - Epoch = 548 / 2000
2026-03-03 18:22:30.513 | INFO     | __main__:<module>:220 - Training time taken = 199.81 seconds, Evaluation time taken = nan seconds, loss = 0.03026, fid = None
2026-03-03 18:22:30.513 | INFO     | __main__:<module>:157 - Epoch = 549 / 2000
2026-03-03 18:25:50.112 | INFO     | __main__:<module>:220 - Training time taken = 199.6 seconds, Evaluation time taken = nan seconds, loss = 0.0307, fid = None
2026-03-03 18:25:50.113 | INFO     | __main__:<module>:157 - Epoch = 550 / 2000
2026-03-03 18:29:09.023 | INFO     | __main__:<module>:220 - Training time taken = 198.91 seconds, Evaluation time taken = nan seconds, loss = 0.03063, fid = None
2026-03-03 18:29:09.023 | INFO     | __main__:<module>:157 - Epoch = 551 / 2000
2026-03-03 18:32:28.200 | INFO     | __main__:<module>:220 - Training time taken = 199.18 seconds, Evaluation time taken = nan seconds, loss = 0.03017, fid = None
2026-03-03 18:32:28.200 | INFO     | __main__:<module>:157 - Epoch = 552 / 2000
2026-03-03 18:35:47.925 | INFO     | __main__:<module>:220 - Training time taken = 199.72 seconds, Evaluation time taken = nan seconds, loss = 0.03002, fid = None
2026-03-03 18:35:47.926 | INFO     | __main__:<module>:157 - Epoch = 553 / 2000
2026-03-03 18:39:08.339 | INFO     | __main__:<module>:220 - Training time taken = 200.41 seconds, Evaluation time taken = nan seconds, loss = 0.03015, fid = None
2026-03-03 18:39:08.339 | INFO     | __main__:<module>:157 - Epoch = 554 / 2000
2026-03-03 18:42:28.977 | INFO     | __main__:<module>:220 - Training time taken = 200.64 seconds, Evaluation time taken = nan seconds, loss = 0.03021, fid = None
2026-03-03 18:42:28.978 | INFO     | __main__:<module>:157 - Epoch = 555 / 2000
2026-03-03 18:45:49.567 | INFO     | __main__:<module>:220 - Training time taken = 200.59 seconds, Evaluation time taken = nan seconds, loss = 0.03012, fid = None
2026-03-03 18:45:49.567 | INFO     | __main__:<module>:157 - Epoch = 556 / 2000
2026-03-03 18:49:09.504 | INFO     | __main__:<module>:220 - Training time taken = 199.94 seconds, Evaluation time taken = nan seconds, loss = 0.03041, fid = None
2026-03-03 18:49:09.504 | INFO     | __main__:<module>:157 - Epoch = 557 / 2000
2026-03-03 18:52:30.099 | INFO     | __main__:<module>:220 - Training time taken = 200.59 seconds, Evaluation time taken = nan seconds, loss = 0.02989, fid = None
2026-03-03 18:52:30.099 | INFO     | __main__:<module>:157 - Epoch = 558 / 2000
2026-03-03 18:55:49.661 | INFO     | __main__:<module>:220 - Training time taken = 199.56 seconds, Evaluation time taken = nan seconds, loss = 0.03048, fid = None
2026-03-03 18:55:49.661 | INFO     | __main__:<module>:157 - Epoch = 559 / 2000
2026-03-03 18:59:09.928 | INFO     | __main__:<module>:220 - Training time taken = 200.27 seconds, Evaluation time taken = nan seconds, loss = 0.03039, fid = None
2026-03-03 18:59:09.928 | INFO     | __main__:<module>:157 - Epoch = 560 / 2000
2026-03-03 19:02:30.300 | INFO     | __main__:<module>:220 - Training time taken = 200.37 seconds, Evaluation time taken = nan seconds, loss = 0.03085, fid = None
2026-03-03 19:02:30.301 | INFO     | __main__:<module>:157 - Epoch = 561 / 2000
2026-03-03 19:05:50.741 | INFO     | __main__:<module>:220 - Training time taken = 200.44 seconds, Evaluation time taken = nan seconds, loss = 0.03035, fid = None
2026-03-03 19:05:50.741 | INFO     | __main__:<module>:157 - Epoch = 562 / 2000
2026-03-03 19:09:10.746 | INFO     | __main__:<module>:220 - Training time taken = 200.0 seconds, Evaluation time taken = nan seconds, loss = 0.03064, fid = None
2026-03-03 19:09:10.747 | INFO     | __main__:<module>:157 - Epoch = 563 / 2000
2026-03-03 19:12:30.303 | INFO     | __main__:<module>:220 - Training time taken = 199.56 seconds, Evaluation time taken = nan seconds, loss = 0.03077, fid = None
2026-03-03 19:12:30.304 | INFO     | __main__:<module>:157 - Epoch = 564 / 2000
2026-03-03 19:15:50.341 | INFO     | __main__:<module>:220 - Training time taken = 200.04 seconds, Evaluation time taken = nan seconds, loss = 0.03059, fid = None
2026-03-03 19:15:50.342 | INFO     | __main__:<module>:157 - Epoch = 565 / 2000
2026-03-03 19:19:10.877 | INFO     | __main__:<module>:220 - Training time taken = 200.53 seconds, Evaluation time taken = nan seconds, loss = 0.03054, fid = None
2026-03-03 19:19:10.877 | INFO     | __main__:<module>:157 - Epoch = 566 / 2000
2026-03-03 19:22:30.820 | INFO     | __main__:<module>:220 - Training time taken = 199.94 seconds, Evaluation time taken = nan seconds, loss = 0.03018, fid = None
2026-03-03 19:22:30.821 | INFO     | __main__:<module>:157 - Epoch = 567 / 2000
2026-03-03 19:25:51.734 | INFO     | __main__:<module>:220 - Training time taken = 200.91 seconds, Evaluation time taken = nan seconds, loss = 0.03055, fid = None
2026-03-03 19:25:51.734 | INFO     | __main__:<module>:157 - Epoch = 568 / 2000
2026-03-03 19:29:11.741 | INFO     | __main__:<module>:220 - Training time taken = 200.01 seconds, Evaluation time taken = nan seconds, loss = 0.03023, fid = None
2026-03-03 19:29:11.741 | INFO     | __main__:<module>:157 - Epoch = 569 / 2000
2026-03-03 19:32:33.270 | INFO     | __main__:<module>:220 - Training time taken = 201.53 seconds, Evaluation time taken = nan seconds, loss = 0.0298, fid = None
2026-03-03 19:32:33.270 | INFO     | __main__:<module>:157 - Epoch = 570 / 2000
2026-03-03 19:35:55.283 | INFO     | __main__:<module>:220 - Training time taken = 202.01 seconds, Evaluation time taken = nan seconds, loss = 0.0301, fid = None
2026-03-03 19:35:55.283 | INFO     | __main__:<module>:157 - Epoch = 571 / 2000
2026-03-03 19:39:17.201 | INFO     | __main__:<module>:220 - Training time taken = 201.92 seconds, Evaluation time taken = nan seconds, loss = 0.03029, fid = None
2026-03-03 19:39:17.201 | INFO     | __main__:<module>:157 - Epoch = 572 / 2000
2026-03-03 19:42:39.316 | INFO     | __main__:<module>:220 - Training time taken = 202.11 seconds, Evaluation time taken = nan seconds, loss = 0.03058, fid = None
2026-03-03 19:42:39.317 | INFO     | __main__:<module>:157 - Epoch = 573 / 2000
2026-03-03 19:46:01.836 | INFO     | __main__:<module>:220 - Training time taken = 202.52 seconds, Evaluation time taken = nan seconds, loss = 0.03028, fid = None
2026-03-03 19:46:01.836 | INFO     | __main__:<module>:157 - Epoch = 574 / 2000
2026-03-03 19:49:24.114 | INFO     | __main__:<module>:220 - Training time taken = 202.28 seconds, Evaluation time taken = nan seconds, loss = 0.0303, fid = None
2026-03-03 19:49:24.115 | INFO     | __main__:<module>:157 - Epoch = 575 / 2000
2026-03-03 19:52:46.135 | INFO     | __main__:<module>:220 - Training time taken = 202.02 seconds, Evaluation time taken = nan seconds, loss = 0.03082, fid = None
2026-03-03 19:52:46.136 | INFO     | __main__:<module>:157 - Epoch = 576 / 2000
2026-03-03 19:56:08.839 | INFO     | __main__:<module>:220 - Training time taken = 202.7 seconds, Evaluation time taken = nan seconds, loss = 0.03014, fid = None
2026-03-03 19:56:08.841 | INFO     | __main__:<module>:157 - Epoch = 577 / 2000
2026-03-03 19:59:30.019 | INFO     | __main__:<module>:220 - Training time taken = 201.18 seconds, Evaluation time taken = nan seconds, loss = 0.03019, fid = None
2026-03-03 19:59:30.019 | INFO     | __main__:<module>:157 - Epoch = 578 / 2000
2026-03-03 20:02:49.934 | INFO     | __main__:<module>:220 - Training time taken = 199.91 seconds, Evaluation time taken = nan seconds, loss = 0.03082, fid = None
2026-03-03 20:02:49.934 | INFO     | __main__:<module>:157 - Epoch = 579 / 2000
2026-03-03 20:06:09.911 | INFO     | __main__:<module>:220 - Training time taken = 199.98 seconds, Evaluation time taken = nan seconds, loss = 0.03001, fid = None
2026-03-03 20:06:09.912 | INFO     | __main__:<module>:157 - Epoch = 580 / 2000
2026-03-03 20:09:28.728 | INFO     | __main__:<module>:220 - Training time taken = 198.81 seconds, Evaluation time taken = nan seconds, loss = 0.03008, fid = None
2026-03-03 20:09:28.728 | INFO     | __main__:<module>:157 - Epoch = 581 / 2000
2026-03-03 20:12:48.056 | INFO     | __main__:<module>:220 - Training time taken = 199.33 seconds, Evaluation time taken = nan seconds, loss = 0.02991, fid = None
2026-03-03 20:12:48.057 | INFO     | __main__:<module>:157 - Epoch = 582 / 2000
2026-03-03 20:16:06.987 | INFO     | __main__:<module>:220 - Training time taken = 198.93 seconds, Evaluation time taken = nan seconds, loss = 0.02992, fid = None
2026-03-03 20:16:06.987 | INFO     | __main__:<module>:157 - Epoch = 583 / 2000
2026-03-03 20:19:26.220 | INFO     | __main__:<module>:220 - Training time taken = 199.23 seconds, Evaluation time taken = nan seconds, loss = 0.02988, fid = None
2026-03-03 20:19:26.221 | INFO     | __main__:<module>:157 - Epoch = 584 / 2000
2026-03-03 20:22:44.853 | INFO     | __main__:<module>:220 - Training time taken = 198.63 seconds, Evaluation time taken = nan seconds, loss = 0.03011, fid = None
2026-03-03 20:22:44.854 | INFO     | __main__:<module>:157 - Epoch = 585 / 2000
2026-03-03 20:26:02.356 | INFO     | __main__:<module>:220 - Training time taken = 197.5 seconds, Evaluation time taken = nan seconds, loss = 0.03025, fid = None
2026-03-03 20:26:02.356 | INFO     | __main__:<module>:157 - Epoch = 586 / 2000
2026-03-03 20:29:21.564 | INFO     | __main__:<module>:220 - Training time taken = 199.21 seconds, Evaluation time taken = nan seconds, loss = 0.03059, fid = None
2026-03-03 20:29:21.564 | INFO     | __main__:<module>:157 - Epoch = 587 / 2000
2026-03-03 20:32:39.111 | INFO     | __main__:<module>:220 - Training time taken = 197.55 seconds, Evaluation time taken = nan seconds, loss = 0.03008, fid = None
2026-03-03 20:32:39.111 | INFO     | __main__:<module>:157 - Epoch = 588 / 2000
2026-03-03 20:35:57.072 | INFO     | __main__:<module>:220 - Training time taken = 197.96 seconds, Evaluation time taken = nan seconds, loss = 0.03035, fid = None
2026-03-03 20:35:57.073 | INFO     | __main__:<module>:157 - Epoch = 589 / 2000
2026-03-03 20:39:15.082 | INFO     | __main__:<module>:220 - Training time taken = 198.01 seconds, Evaluation time taken = nan seconds, loss = 0.03034, fid = None
2026-03-03 20:39:15.082 | INFO     | __main__:<module>:157 - Epoch = 590 / 2000
2026-03-03 20:42:32.236 | INFO     | __main__:<module>:220 - Training time taken = 197.15 seconds, Evaluation time taken = nan seconds, loss = 0.03058, fid = None
2026-03-03 20:42:32.237 | INFO     | __main__:<module>:157 - Epoch = 591 / 2000
2026-03-03 20:45:52.179 | INFO     | __main__:<module>:220 - Training time taken = 199.94 seconds, Evaluation time taken = nan seconds, loss = 0.03035, fid = None
2026-03-03 20:45:52.179 | INFO     | __main__:<module>:157 - Epoch = 592 / 2000
2026-03-03 20:49:09.845 | INFO     | __main__:<module>:220 - Training time taken = 197.66 seconds, Evaluation time taken = nan seconds, loss = 0.03017, fid = None
2026-03-03 20:49:09.845 | INFO     | __main__:<module>:157 - Epoch = 593 / 2000
2026-03-03 20:52:28.241 | INFO     | __main__:<module>:220 - Training time taken = 198.39 seconds, Evaluation time taken = nan seconds, loss = 0.02996, fid = None
2026-03-03 20:52:28.241 | INFO     | __main__:<module>:157 - Epoch = 594 / 2000
2026-03-03 20:55:46.708 | INFO     | __main__:<module>:220 - Training time taken = 198.47 seconds, Evaluation time taken = nan seconds, loss = 0.03026, fid = None
2026-03-03 20:55:46.709 | INFO     | __main__:<module>:157 - Epoch = 595 / 2000
2026-03-03 20:59:05.181 | INFO     | __main__:<module>:220 - Training time taken = 198.47 seconds, Evaluation time taken = nan seconds, loss = 0.03016, fid = None
2026-03-03 20:59:05.181 | INFO     | __main__:<module>:157 - Epoch = 596 / 2000
2026-03-03 21:02:25.977 | INFO     | __main__:<module>:220 - Training time taken = 200.79 seconds, Evaluation time taken = nan seconds, loss = 0.03058, fid = None
2026-03-03 21:02:25.978 | INFO     | __main__:<module>:157 - Epoch = 597 / 2000
2026-03-03 21:05:45.047 | INFO     | __main__:<module>:220 - Training time taken = 199.07 seconds, Evaluation time taken = nan seconds, loss = 0.03029, fid = None
2026-03-03 21:05:45.048 | INFO     | __main__:<module>:157 - Epoch = 598 / 2000
2026-03-03 21:09:03.571 | INFO     | __main__:<module>:220 - Training time taken = 198.52 seconds, Evaluation time taken = nan seconds, loss = 0.03035, fid = None
2026-03-03 21:09:03.572 | INFO     | __main__:<module>:157 - Epoch = 599 / 2000
2026-03-03 21:12:22.068 | INFO     | __main__:<module>:220 - Training time taken = 198.5 seconds, Evaluation time taken = nan seconds, loss = 0.03095, fid = None
2026-03-03 21:12:22.069 | INFO     | __main__:<module>:157 - Epoch = 600 / 2000
2026-03-03 21:15:40.226 | INFO     | __main__:<module>:220 - Training time taken = 198.16 seconds, Evaluation time taken = nan seconds, loss = 0.03012, fid = None
2026-03-03 21:15:40.226 | INFO     | __main__:<module>:157 - Epoch = 601 / 2000
2026-03-03 21:18:58.444 | INFO     | __main__:<module>:220 - Training time taken = 198.22 seconds, Evaluation time taken = nan seconds, loss = 0.03045, fid = None
2026-03-03 21:18:58.445 | INFO     | __main__:<module>:157 - Epoch = 602 / 2000
2026-03-03 21:22:17.584 | INFO     | __main__:<module>:220 - Training time taken = 199.14 seconds, Evaluation time taken = nan seconds, loss = 0.03012, fid = None
2026-03-03 21:22:17.585 | INFO     | __main__:<module>:157 - Epoch = 603 / 2000
2026-03-03 21:25:38.525 | INFO     | __main__:<module>:220 - Training time taken = 200.94 seconds, Evaluation time taken = nan seconds, loss = 0.03015, fid = None
2026-03-03 21:25:38.525 | INFO     | __main__:<module>:157 - Epoch = 604 / 2000
2026-03-03 21:28:57.046 | INFO     | __main__:<module>:220 - Training time taken = 198.52 seconds, Evaluation time taken = nan seconds, loss = 0.03031, fid = None
2026-03-03 21:28:57.046 | INFO     | __main__:<module>:157 - Epoch = 605 / 2000
2026-03-03 21:32:15.788 | INFO     | __main__:<module>:220 - Training time taken = 198.74 seconds, Evaluation time taken = nan seconds, loss = 0.03055, fid = None
2026-03-03 21:32:15.788 | INFO     | __main__:<module>:157 - Epoch = 606 / 2000
2026-03-03 21:35:35.132 | INFO     | __main__:<module>:220 - Training time taken = 199.34 seconds, Evaluation time taken = nan seconds, loss = 0.03051, fid = None
2026-03-03 21:35:35.133 | INFO     | __main__:<module>:157 - Epoch = 607 / 2000
2026-03-03 21:38:54.404 | INFO     | __main__:<module>:220 - Training time taken = 199.27 seconds, Evaluation time taken = nan seconds, loss = 0.03077, fid = None
2026-03-03 21:38:54.404 | INFO     | __main__:<module>:157 - Epoch = 608 / 2000
2026-03-03 21:42:13.425 | INFO     | __main__:<module>:220 - Training time taken = 199.02 seconds, Evaluation time taken = nan seconds, loss = 0.03017, fid = None
2026-03-03 21:42:13.425 | INFO     | __main__:<module>:157 - Epoch = 609 / 2000
2026-03-03 21:45:32.306 | INFO     | __main__:<module>:220 - Training time taken = 198.88 seconds, Evaluation time taken = nan seconds, loss = 0.02993, fid = None
2026-03-03 21:45:32.307 | INFO     | __main__:<module>:157 - Epoch = 610 / 2000
2026-03-03 21:48:54.716 | INFO     | __main__:<module>:220 - Training time taken = 202.41 seconds, Evaluation time taken = nan seconds, loss = 0.03063, fid = None
2026-03-03 21:48:54.716 | INFO     | __main__:<module>:157 - Epoch = 611 / 2000
2026-03-03 21:52:13.726 | INFO     | __main__:<module>:220 - Training time taken = 199.01 seconds, Evaluation time taken = nan seconds, loss = 0.03013, fid = None
2026-03-03 21:52:13.726 | INFO     | __main__:<module>:157 - Epoch = 612 / 2000
2026-03-03 21:55:33.141 | INFO     | __main__:<module>:220 - Training time taken = 199.41 seconds, Evaluation time taken = nan seconds, loss = 0.03047, fid = None
2026-03-03 21:55:33.142 | INFO     | __main__:<module>:157 - Epoch = 613 / 2000
2026-03-03 22:01:39.066 | INFO     | __main__:<module>:220 - Training time taken = 365.92 seconds, Evaluation time taken = nan seconds, loss = 0.03068, fid = None
2026-03-03 22:01:39.066 | INFO     | __main__:<module>:157 - Epoch = 614 / 2000
2026-03-03 22:08:31.658 | INFO     | __main__:<module>:220 - Training time taken = 412.59 seconds, Evaluation time taken = nan seconds, loss = 0.03084, fid = None
2026-03-03 22:08:31.659 | INFO     | __main__:<module>:157 - Epoch = 615 / 2000
2026-03-03 22:15:25.764 | INFO     | __main__:<module>:220 - Training time taken = 414.1 seconds, Evaluation time taken = nan seconds, loss = 0.03062, fid = None
2026-03-03 22:15:25.764 | INFO     | __main__:<module>:157 - Epoch = 616 / 2000
2026-03-03 22:22:20.167 | INFO     | __main__:<module>:220 - Training time taken = 414.4 seconds, Evaluation time taken = nan seconds, loss = 0.02993, fid = None
2026-03-03 22:22:20.168 | INFO     | __main__:<module>:157 - Epoch = 617 / 2000
2026-03-03 22:29:15.864 | INFO     | __main__:<module>:220 - Training time taken = 415.69 seconds, Evaluation time taken = nan seconds, loss = 0.02992, fid = None
2026-03-03 22:29:15.864 | INFO     | __main__:<module>:157 - Epoch = 618 / 2000
2026-03-03 22:36:11.999 | INFO     | __main__:<module>:220 - Training time taken = 416.13 seconds, Evaluation time taken = nan seconds, loss = 0.03042, fid = None
2026-03-03 22:36:11.999 | INFO     | __main__:<module>:157 - Epoch = 619 / 2000
2026-03-03 22:43:08.465 | INFO     | __main__:<module>:220 - Training time taken = 416.46 seconds, Evaluation time taken = nan seconds, loss = 0.03023, fid = None
2026-03-03 22:43:08.465 | INFO     | __main__:<module>:157 - Epoch = 620 / 2000
2026-03-03 22:50:04.199 | INFO     | __main__:<module>:220 - Training time taken = 415.73 seconds, Evaluation time taken = nan seconds, loss = 0.03003, fid = None
2026-03-03 22:50:04.200 | INFO     | __main__:<module>:157 - Epoch = 621 / 2000
2026-03-03 22:56:57.818 | INFO     | __main__:<module>:220 - Training time taken = 413.62 seconds, Evaluation time taken = nan seconds, loss = 0.03026, fid = None
2026-03-03 22:56:57.818 | INFO     | __main__:<module>:157 - Epoch = 622 / 2000
2026-03-03 23:03:51.945 | INFO     | __main__:<module>:220 - Training time taken = 414.13 seconds, Evaluation time taken = nan seconds, loss = 0.03063, fid = None
2026-03-03 23:03:51.945 | INFO     | __main__:<module>:157 - Epoch = 623 / 2000
2026-03-03 23:10:46.469 | INFO     | __main__:<module>:220 - Training time taken = 414.52 seconds, Evaluation time taken = nan seconds, loss = 0.0298, fid = None
2026-03-03 23:10:46.470 | INFO     | __main__:<module>:157 - Epoch = 624 / 2000
2026-03-03 23:17:43.761 | INFO     | __main__:<module>:220 - Training time taken = 417.29 seconds, Evaluation time taken = nan seconds, loss = 0.03029, fid = None
2026-03-03 23:17:43.761 | INFO     | __main__:<module>:157 - Epoch = 625 / 2000
2026-03-03 23:24:38.181 | INFO     | __main__:<module>:220 - Training time taken = 414.42 seconds, Evaluation time taken = nan seconds, loss = 0.03032, fid = None
2026-03-03 23:24:38.182 | INFO     | __main__:<module>:157 - Epoch = 626 / 2000
2026-03-03 23:31:33.553 | INFO     | __main__:<module>:220 - Training time taken = 415.37 seconds, Evaluation time taken = nan seconds, loss = 0.0305, fid = None
2026-03-03 23:31:33.553 | INFO     | __main__:<module>:157 - Epoch = 627 / 2000
2026-03-03 23:38:27.635 | INFO     | __main__:<module>:220 - Training time taken = 414.08 seconds, Evaluation time taken = nan seconds, loss = 0.0302, fid = None
2026-03-03 23:38:27.636 | INFO     | __main__:<module>:157 - Epoch = 628 / 2000
2026-03-03 23:45:21.543 | INFO     | __main__:<module>:220 - Training time taken = 413.91 seconds, Evaluation time taken = nan seconds, loss = 0.03063, fid = None
2026-03-03 23:45:21.543 | INFO     | __main__:<module>:157 - Epoch = 629 / 2000
2026-03-03 23:52:15.339 | INFO     | __main__:<module>:220 - Training time taken = 413.79 seconds, Evaluation time taken = nan seconds, loss = 0.0299, fid = None
2026-03-03 23:52:15.339 | INFO     | __main__:<module>:157 - Epoch = 630 / 2000
2026-03-03 23:59:09.068 | INFO     | __main__:<module>:220 - Training time taken = 413.73 seconds, Evaluation time taken = nan seconds, loss = 0.03051, fid = None
2026-03-03 23:59:09.069 | INFO     | __main__:<module>:157 - Epoch = 631 / 2000
2026-03-04 00:06:02.696 | INFO     | __main__:<module>:220 - Training time taken = 413.63 seconds, Evaluation time taken = nan seconds, loss = 0.03004, fid = None
2026-03-04 00:06:02.697 | INFO     | __main__:<module>:157 - Epoch = 632 / 2000
2026-03-04 00:12:56.435 | INFO     | __main__:<module>:220 - Training time taken = 413.74 seconds, Evaluation time taken = nan seconds, loss = 0.0303, fid = None
2026-03-04 00:12:56.436 | INFO     | __main__:<module>:157 - Epoch = 633 / 2000
2026-03-04 00:19:50.270 | INFO     | __main__:<module>:220 - Training time taken = 413.83 seconds, Evaluation time taken = nan seconds, loss = 0.03013, fid = None
2026-03-04 00:19:50.270 | INFO     | __main__:<module>:157 - Epoch = 634 / 2000
2026-03-04 00:26:44.230 | INFO     | __main__:<module>:220 - Training time taken = 413.96 seconds, Evaluation time taken = nan seconds, loss = 0.02993, fid = None
2026-03-04 00:26:44.231 | INFO     | __main__:<module>:157 - Epoch = 635 / 2000
2026-03-04 00:33:40.632 | INFO     | __main__:<module>:220 - Training time taken = 416.4 seconds, Evaluation time taken = nan seconds, loss = 0.03039, fid = None
2026-03-04 00:33:40.633 | INFO     | __main__:<module>:157 - Epoch = 636 / 2000
2026-03-04 00:40:36.436 | INFO     | __main__:<module>:220 - Training time taken = 415.8 seconds, Evaluation time taken = nan seconds, loss = 0.03018, fid = None
2026-03-04 00:40:36.437 | INFO     | __main__:<module>:157 - Epoch = 637 / 2000
2026-03-04 00:47:29.352 | INFO     | __main__:<module>:220 - Training time taken = 412.91 seconds, Evaluation time taken = nan seconds, loss = 0.02981, fid = None
2026-03-04 00:47:29.352 | INFO     | __main__:<module>:157 - Epoch = 638 / 2000
2026-03-04 00:54:22.911 | INFO     | __main__:<module>:220 - Training time taken = 413.56 seconds, Evaluation time taken = nan seconds, loss = 0.03029, fid = None
2026-03-04 00:54:22.911 | INFO     | __main__:<module>:157 - Epoch = 639 / 2000
2026-03-04 00:58:32.101 | INFO     | __main__:<module>:220 - Training time taken = 249.19 seconds, Evaluation time taken = nan seconds, loss = 0.03032, fid = None
2026-03-04 00:58:32.101 | INFO     | __main__:<module>:157 - Epoch = 640 / 2000
2026-03-04 01:01:49.962 | INFO     | __main__:<module>:220 - Training time taken = 197.86 seconds, Evaluation time taken = nan seconds, loss = 0.02994, fid = None
2026-03-04 01:01:49.962 | INFO     | __main__:<module>:157 - Epoch = 641 / 2000
2026-03-04 01:05:08.217 | INFO     | __main__:<module>:220 - Training time taken = 198.25 seconds, Evaluation time taken = nan seconds, loss = 0.03014, fid = None
2026-03-04 01:05:08.218 | INFO     | __main__:<module>:157 - Epoch = 642 / 2000
2026-03-04 01:08:26.016 | INFO     | __main__:<module>:220 - Training time taken = 197.8 seconds, Evaluation time taken = nan seconds, loss = 0.03032, fid = None
2026-03-04 01:08:26.016 | INFO     | __main__:<module>:157 - Epoch = 643 / 2000
2026-03-04 01:11:44.133 | INFO     | __main__:<module>:220 - Training time taken = 198.12 seconds, Evaluation time taken = nan seconds, loss = 0.02986, fid = None
2026-03-04 01:11:44.134 | INFO     | __main__:<module>:157 - Epoch = 644 / 2000
2026-03-04 01:15:02.509 | INFO     | __main__:<module>:220 - Training time taken = 198.37 seconds, Evaluation time taken = nan seconds, loss = 0.03006, fid = None
2026-03-04 01:15:02.509 | INFO     | __main__:<module>:157 - Epoch = 645 / 2000
2026-03-04 01:18:20.418 | INFO     | __main__:<module>:220 - Training time taken = 197.91 seconds, Evaluation time taken = nan seconds, loss = 0.02982, fid = None
2026-03-04 01:18:20.418 | INFO     | __main__:<module>:157 - Epoch = 646 / 2000
2026-03-04 01:21:38.979 | INFO     | __main__:<module>:220 - Training time taken = 198.56 seconds, Evaluation time taken = nan seconds, loss = 0.03039, fid = None
2026-03-04 01:21:38.979 | INFO     | __main__:<module>:157 - Epoch = 647 / 2000
2026-03-04 01:24:56.763 | INFO     | __main__:<module>:220 - Training time taken = 197.78 seconds, Evaluation time taken = nan seconds, loss = 0.03034, fid = None
2026-03-04 01:24:56.764 | INFO     | __main__:<module>:157 - Epoch = 648 / 2000
2026-03-04 01:28:14.894 | INFO     | __main__:<module>:220 - Training time taken = 198.13 seconds, Evaluation time taken = nan seconds, loss = 0.02991, fid = None
2026-03-04 01:28:14.895 | INFO     | __main__:<module>:157 - Epoch = 649 / 2000
2026-03-04 01:31:33.154 | INFO     | __main__:<module>:220 - Training time taken = 198.26 seconds, Evaluation time taken = nan seconds, loss = 0.03012, fid = None
2026-03-04 01:31:33.154 | INFO     | __main__:<module>:157 - Epoch = 650 / 2000
2026-03-04 01:34:50.728 | INFO     | __main__:<module>:220 - Training time taken = 197.57 seconds, Evaluation time taken = nan seconds, loss = 0.03033, fid = None
2026-03-04 01:34:50.728 | INFO     | __main__:<module>:157 - Epoch = 651 / 2000
2026-03-04 01:38:09.374 | INFO     | __main__:<module>:220 - Training time taken = 198.64 seconds, Evaluation time taken = nan seconds, loss = 0.02994, fid = None
2026-03-04 01:38:09.374 | INFO     | __main__:<module>:157 - Epoch = 652 / 2000
2026-03-04 01:41:27.370 | INFO     | __main__:<module>:220 - Training time taken = 198.0 seconds, Evaluation time taken = nan seconds, loss = 0.0296, fid = None
2026-03-04 01:41:27.371 | INFO     | __main__:<module>:157 - Epoch = 653 / 2000
2026-03-04 01:44:44.859 | INFO     | __main__:<module>:220 - Training time taken = 197.49 seconds, Evaluation time taken = nan seconds, loss = 0.03028, fid = None
2026-03-04 01:44:44.860 | INFO     | __main__:<module>:157 - Epoch = 654 / 2000
2026-03-04 01:48:02.620 | INFO     | __main__:<module>:220 - Training time taken = 197.76 seconds, Evaluation time taken = nan seconds, loss = 0.02988, fid = None
2026-03-04 01:48:02.621 | INFO     | __main__:<module>:157 - Epoch = 655 / 2000
2026-03-04 01:51:20.421 | INFO     | __main__:<module>:220 - Training time taken = 197.8 seconds, Evaluation time taken = nan seconds, loss = 0.02998, fid = None
2026-03-04 01:51:20.421 | INFO     | __main__:<module>:157 - Epoch = 656 / 2000
2026-03-04 01:54:38.088 | INFO     | __main__:<module>:220 - Training time taken = 197.67 seconds, Evaluation time taken = nan seconds, loss = 0.03006, fid = None
2026-03-04 01:54:38.089 | INFO     | __main__:<module>:157 - Epoch = 657 / 2000
2026-03-04 01:57:55.059 | INFO     | __main__:<module>:220 - Training time taken = 196.97 seconds, Evaluation time taken = nan seconds, loss = 0.03027, fid = None
2026-03-04 01:57:55.059 | INFO     | __main__:<module>:157 - Epoch = 658 / 2000
2026-03-04 02:01:14.068 | INFO     | __main__:<module>:220 - Training time taken = 199.01 seconds, Evaluation time taken = nan seconds, loss = 0.02992, fid = None
2026-03-04 02:01:14.068 | INFO     | __main__:<module>:157 - Epoch = 659 / 2000
2026-03-04 02:04:31.439 | INFO     | __main__:<module>:220 - Training time taken = 197.37 seconds, Evaluation time taken = nan seconds, loss = 0.02975, fid = None
2026-03-04 02:04:31.439 | INFO     | __main__:<module>:157 - Epoch = 660 / 2000
2026-03-04 02:07:48.974 | INFO     | __main__:<module>:220 - Training time taken = 197.53 seconds, Evaluation time taken = nan seconds, loss = 0.02995, fid = None
2026-03-04 02:07:48.974 | INFO     | __main__:<module>:157 - Epoch = 661 / 2000
2026-03-04 02:11:07.390 | INFO     | __main__:<module>:220 - Training time taken = 198.41 seconds, Evaluation time taken = nan seconds, loss = 0.03032, fid = None
2026-03-04 02:11:07.390 | INFO     | __main__:<module>:157 - Epoch = 662 / 2000
2026-03-04 02:14:25.650 | INFO     | __main__:<module>:220 - Training time taken = 198.26 seconds, Evaluation time taken = nan seconds, loss = 0.03, fid = None
2026-03-04 02:14:25.650 | INFO     | __main__:<module>:157 - Epoch = 663 / 2000
2026-03-04 02:17:43.974 | INFO     | __main__:<module>:220 - Training time taken = 198.32 seconds, Evaluation time taken = nan seconds, loss = 0.02995, fid = None
2026-03-04 02:17:43.975 | INFO     | __main__:<module>:157 - Epoch = 664 / 2000
2026-03-04 02:21:01.492 | INFO     | __main__:<module>:220 - Training time taken = 197.52 seconds, Evaluation time taken = nan seconds, loss = 0.0304, fid = None
2026-03-04 02:21:01.492 | INFO     | __main__:<module>:157 - Epoch = 665 / 2000
2026-03-04 02:24:19.619 | INFO     | __main__:<module>:220 - Training time taken = 198.13 seconds, Evaluation time taken = nan seconds, loss = 0.03043, fid = None
2026-03-04 02:24:19.620 | INFO     | __main__:<module>:157 - Epoch = 666 / 2000
2026-03-04 02:27:37.480 | INFO     | __main__:<module>:220 - Training time taken = 197.86 seconds, Evaluation time taken = nan seconds, loss = 0.03008, fid = None
2026-03-04 02:27:37.481 | INFO     | __main__:<module>:157 - Epoch = 667 / 2000
2026-03-04 02:30:55.337 | INFO     | __main__:<module>:220 - Training time taken = 197.85 seconds, Evaluation time taken = nan seconds, loss = 0.0296, fid = None
2026-03-04 02:30:55.337 | INFO     | __main__:<module>:157 - Epoch = 668 / 2000
2026-03-04 02:34:13.951 | INFO     | __main__:<module>:220 - Training time taken = 198.61 seconds, Evaluation time taken = nan seconds, loss = 0.02956, fid = None
2026-03-04 02:34:13.951 | INFO     | __main__:<module>:157 - Epoch = 669 / 2000
2026-03-04 02:37:31.477 | INFO     | __main__:<module>:220 - Training time taken = 197.52 seconds, Evaluation time taken = nan seconds, loss = 0.03025, fid = None
2026-03-04 02:37:31.477 | INFO     | __main__:<module>:157 - Epoch = 670 / 2000
2026-03-04 02:40:48.941 | INFO     | __main__:<module>:220 - Training time taken = 197.46 seconds, Evaluation time taken = nan seconds, loss = 0.02993, fid = None
2026-03-04 02:40:48.942 | INFO     | __main__:<module>:157 - Epoch = 671 / 2000
2026-03-04 02:44:06.421 | INFO     | __main__:<module>:220 - Training time taken = 197.48 seconds, Evaluation time taken = nan seconds, loss = 0.0298, fid = None
2026-03-04 02:44:06.421 | INFO     | __main__:<module>:157 - Epoch = 672 / 2000
2026-03-04 02:47:24.037 | INFO     | __main__:<module>:220 - Training time taken = 197.61 seconds, Evaluation time taken = nan seconds, loss = 0.03063, fid = None
2026-03-04 02:47:24.037 | INFO     | __main__:<module>:157 - Epoch = 673 / 2000
2026-03-04 02:50:42.312 | INFO     | __main__:<module>:220 - Training time taken = 198.27 seconds, Evaluation time taken = nan seconds, loss = 0.02968, fid = None
2026-03-04 02:50:42.313 | INFO     | __main__:<module>:157 - Epoch = 674 / 2000
2026-03-04 02:53:59.702 | INFO     | __main__:<module>:220 - Training time taken = 197.39 seconds, Evaluation time taken = nan seconds, loss = 0.03013, fid = None
2026-03-04 02:53:59.702 | INFO     | __main__:<module>:157 - Epoch = 675 / 2000
2026-03-04 02:57:18.444 | INFO     | __main__:<module>:220 - Training time taken = 198.74 seconds, Evaluation time taken = nan seconds, loss = 0.02948, fid = None
2026-03-04 02:57:18.445 | INFO     | __main__:<module>:157 - Epoch = 676 / 2000
2026-03-04 03:00:35.779 | INFO     | __main__:<module>:220 - Training time taken = 197.33 seconds, Evaluation time taken = nan seconds, loss = 0.03027, fid = None
2026-03-04 03:00:35.779 | INFO     | __main__:<module>:157 - Epoch = 677 / 2000
2026-03-04 03:03:53.603 | INFO     | __main__:<module>:220 - Training time taken = 197.82 seconds, Evaluation time taken = nan seconds, loss = 0.03031, fid = None
2026-03-04 03:03:53.604 | INFO     | __main__:<module>:157 - Epoch = 678 / 2000
2026-03-04 03:07:14.381 | INFO     | __main__:<module>:220 - Training time taken = 200.78 seconds, Evaluation time taken = nan seconds, loss = 0.02999, fid = None
2026-03-04 03:07:14.381 | INFO     | __main__:<module>:157 - Epoch = 679 / 2000
2026-03-04 03:10:31.322 | INFO     | __main__:<module>:220 - Training time taken = 196.94 seconds, Evaluation time taken = nan seconds, loss = 0.03, fid = None
2026-03-04 03:10:31.322 | INFO     | __main__:<module>:157 - Epoch = 680 / 2000
2026-03-04 03:13:49.536 | INFO     | __main__:<module>:220 - Training time taken = 198.21 seconds, Evaluation time taken = nan seconds, loss = 0.03049, fid = None
2026-03-04 03:13:49.536 | INFO     | __main__:<module>:157 - Epoch = 681 / 2000
2026-03-04 03:17:06.947 | INFO     | __main__:<module>:220 - Training time taken = 197.41 seconds, Evaluation time taken = nan seconds, loss = 0.03017, fid = None
2026-03-04 03:17:06.947 | INFO     | __main__:<module>:157 - Epoch = 682 / 2000
2026-03-04 03:20:24.271 | INFO     | __main__:<module>:220 - Training time taken = 197.32 seconds, Evaluation time taken = nan seconds, loss = 0.02967, fid = None
2026-03-04 03:20:24.271 | INFO     | __main__:<module>:157 - Epoch = 683 / 2000
2026-03-04 03:23:41.791 | INFO     | __main__:<module>:220 - Training time taken = 197.52 seconds, Evaluation time taken = nan seconds, loss = 0.03016, fid = None
2026-03-04 03:23:41.792 | INFO     | __main__:<module>:157 - Epoch = 684 / 2000
2026-03-04 03:26:59.261 | INFO     | __main__:<module>:220 - Training time taken = 197.47 seconds, Evaluation time taken = nan seconds, loss = 0.03057, fid = None
2026-03-04 03:26:59.261 | INFO     | __main__:<module>:157 - Epoch = 685 / 2000
2026-03-04 03:30:17.726 | INFO     | __main__:<module>:220 - Training time taken = 198.46 seconds, Evaluation time taken = nan seconds, loss = 0.02987, fid = None
2026-03-04 03:30:17.727 | INFO     | __main__:<module>:157 - Epoch = 686 / 2000
2026-03-04 03:33:35.433 | INFO     | __main__:<module>:220 - Training time taken = 197.71 seconds, Evaluation time taken = nan seconds, loss = 0.03011, fid = None
2026-03-04 03:33:35.434 | INFO     | __main__:<module>:157 - Epoch = 687 / 2000
2026-03-04 03:36:53.622 | INFO     | __main__:<module>:220 - Training time taken = 198.19 seconds, Evaluation time taken = nan seconds, loss = 0.03007, fid = None
2026-03-04 03:36:53.622 | INFO     | __main__:<module>:157 - Epoch = 688 / 2000
2026-03-04 03:40:11.800 | INFO     | __main__:<module>:220 - Training time taken = 198.18 seconds, Evaluation time taken = nan seconds, loss = 0.03054, fid = None
2026-03-04 03:40:11.801 | INFO     | __main__:<module>:157 - Epoch = 689 / 2000
2026-03-04 03:43:29.523 | INFO     | __main__:<module>:220 - Training time taken = 197.72 seconds, Evaluation time taken = nan seconds, loss = 0.03016, fid = None
2026-03-04 03:43:29.523 | INFO     | __main__:<module>:157 - Epoch = 690 / 2000
2026-03-04 03:46:47.619 | INFO     | __main__:<module>:220 - Training time taken = 198.09 seconds, Evaluation time taken = nan seconds, loss = 0.03024, fid = None
2026-03-04 03:46:47.620 | INFO     | __main__:<module>:157 - Epoch = 691 / 2000
2026-03-04 03:50:05.038 | INFO     | __main__:<module>:220 - Training time taken = 197.42 seconds, Evaluation time taken = nan seconds, loss = 0.03065, fid = None
2026-03-04 03:50:05.038 | INFO     | __main__:<module>:157 - Epoch = 692 / 2000
2026-03-04 03:53:22.938 | INFO     | __main__:<module>:220 - Training time taken = 197.9 seconds, Evaluation time taken = nan seconds, loss = 0.03036, fid = None
2026-03-04 03:53:22.938 | INFO     | __main__:<module>:157 - Epoch = 693 / 2000
2026-03-04 03:56:41.090 | INFO     | __main__:<module>:220 - Training time taken = 198.15 seconds, Evaluation time taken = nan seconds, loss = 0.03021, fid = None
2026-03-04 03:56:41.090 | INFO     | __main__:<module>:157 - Epoch = 694 / 2000
2026-03-04 03:59:58.993 | INFO     | __main__:<module>:220 - Training time taken = 197.9 seconds, Evaluation time taken = nan seconds, loss = 0.0299, fid = None
2026-03-04 03:59:58.994 | INFO     | __main__:<module>:157 - Epoch = 695 / 2000
2026-03-04 04:03:17.176 | INFO     | __main__:<module>:220 - Training time taken = 198.18 seconds, Evaluation time taken = nan seconds, loss = 0.03012, fid = None
2026-03-04 04:03:17.177 | INFO     | __main__:<module>:157 - Epoch = 696 / 2000
2026-03-04 04:06:34.535 | INFO     | __main__:<module>:220 - Training time taken = 197.36 seconds, Evaluation time taken = nan seconds, loss = 0.02994, fid = None
2026-03-04 04:06:34.535 | INFO     | __main__:<module>:157 - Epoch = 697 / 2000
2026-03-04 04:09:52.719 | INFO     | __main__:<module>:220 - Training time taken = 198.18 seconds, Evaluation time taken = nan seconds, loss = 0.02961, fid = None
2026-03-04 04:09:52.720 | INFO     | __main__:<module>:157 - Epoch = 698 / 2000
2026-03-04 04:13:10.255 | INFO     | __main__:<module>:220 - Training time taken = 197.53 seconds, Evaluation time taken = nan seconds, loss = 0.03028, fid = None
2026-03-04 04:13:10.255 | INFO     | __main__:<module>:157 - Epoch = 699 / 2000
2026-03-04 04:16:27.674 | INFO     | __main__:<module>:220 - Training time taken = 197.42 seconds, Evaluation time taken = nan seconds, loss = 0.03042, fid = None
2026-03-04 04:16:27.674 | INFO     | __main__:<module>:157 - Epoch = 700 / 2000
2026-03-04 04:19:45.719 | INFO     | __main__:<module>:220 - Training time taken = 198.04 seconds, Evaluation time taken = nan seconds, loss = 0.03016, fid = None
2026-03-04 04:19:45.720 | INFO     | __main__:<module>:157 - Epoch = 701 / 2000
2026-03-04 04:23:03.197 | INFO     | __main__:<module>:220 - Training time taken = 197.48 seconds, Evaluation time taken = nan seconds, loss = 0.03057, fid = None
2026-03-04 04:23:03.197 | INFO     | __main__:<module>:157 - Epoch = 702 / 2000
2026-03-04 04:26:20.690 | INFO     | __main__:<module>:220 - Training time taken = 197.49 seconds, Evaluation time taken = nan seconds, loss = 0.0298, fid = None
2026-03-04 04:26:20.691 | INFO     | __main__:<module>:157 - Epoch = 703 / 2000
2026-03-04 04:29:38.625 | INFO     | __main__:<module>:220 - Training time taken = 197.93 seconds, Evaluation time taken = nan seconds, loss = 0.0306, fid = None
2026-03-04 04:29:38.625 | INFO     | __main__:<module>:157 - Epoch = 704 / 2000
2026-03-04 04:32:55.825 | INFO     | __main__:<module>:220 - Training time taken = 197.2 seconds, Evaluation time taken = nan seconds, loss = 0.03051, fid = None
2026-03-04 04:32:55.825 | INFO     | __main__:<module>:157 - Epoch = 705 / 2000
2026-03-04 04:36:13.786 | INFO     | __main__:<module>:220 - Training time taken = 197.96 seconds, Evaluation time taken = nan seconds, loss = 0.02981, fid = None
2026-03-04 04:36:13.786 | INFO     | __main__:<module>:157 - Epoch = 706 / 2000
2026-03-04 04:39:32.970 | INFO     | __main__:<module>:220 - Training time taken = 199.18 seconds, Evaluation time taken = nan seconds, loss = 0.03053, fid = None
2026-03-04 04:39:32.970 | INFO     | __main__:<module>:157 - Epoch = 707 / 2000
2026-03-04 04:42:50.899 | INFO     | __main__:<module>:220 - Training time taken = 197.93 seconds, Evaluation time taken = nan seconds, loss = 0.03011, fid = None
2026-03-04 04:42:50.899 | INFO     | __main__:<module>:157 - Epoch = 708 / 2000
2026-03-04 04:46:09.308 | INFO     | __main__:<module>:220 - Training time taken = 198.41 seconds, Evaluation time taken = nan seconds, loss = 0.03042, fid = None
2026-03-04 04:46:09.308 | INFO     | __main__:<module>:157 - Epoch = 709 / 2000
2026-03-04 04:49:27.041 | INFO     | __main__:<module>:220 - Training time taken = 197.73 seconds, Evaluation time taken = nan seconds, loss = 0.03006, fid = None
2026-03-04 04:49:27.041 | INFO     | __main__:<module>:157 - Epoch = 710 / 2000
2026-03-04 04:52:45.455 | INFO     | __main__:<module>:220 - Training time taken = 198.41 seconds, Evaluation time taken = nan seconds, loss = 0.03021, fid = None
2026-03-04 04:52:45.455 | INFO     | __main__:<module>:157 - Epoch = 711 / 2000
2026-03-04 04:56:02.737 | INFO     | __main__:<module>:220 - Training time taken = 197.28 seconds, Evaluation time taken = nan seconds, loss = 0.03024, fid = None
2026-03-04 04:56:02.738 | INFO     | __main__:<module>:157 - Epoch = 712 / 2000
2026-03-04 04:59:20.992 | INFO     | __main__:<module>:220 - Training time taken = 198.25 seconds, Evaluation time taken = nan seconds, loss = 0.03042, fid = None
2026-03-04 04:59:20.992 | INFO     | __main__:<module>:157 - Epoch = 713 / 2000
2026-03-04 05:02:38.810 | INFO     | __main__:<module>:220 - Training time taken = 197.82 seconds, Evaluation time taken = nan seconds, loss = 0.03009, fid = None
2026-03-04 05:02:38.811 | INFO     | __main__:<module>:157 - Epoch = 714 / 2000
2026-03-04 05:05:57.369 | INFO     | __main__:<module>:220 - Training time taken = 198.56 seconds, Evaluation time taken = nan seconds, loss = 0.03039, fid = None
2026-03-04 05:05:57.370 | INFO     | __main__:<module>:157 - Epoch = 715 / 2000
2026-03-04 05:09:16.487 | INFO     | __main__:<module>:220 - Training time taken = 199.12 seconds, Evaluation time taken = nan seconds, loss = 0.02977, fid = None
2026-03-04 05:09:16.487 | INFO     | __main__:<module>:157 - Epoch = 716 / 2000
2026-03-04 05:12:34.536 | INFO     | __main__:<module>:220 - Training time taken = 198.05 seconds, Evaluation time taken = nan seconds, loss = 0.03038, fid = None
2026-03-04 05:12:34.536 | INFO     | __main__:<module>:157 - Epoch = 717 / 2000
2026-03-04 05:15:52.541 | INFO     | __main__:<module>:220 - Training time taken = 198.0 seconds, Evaluation time taken = nan seconds, loss = 0.03025, fid = None
2026-03-04 05:15:52.542 | INFO     | __main__:<module>:157 - Epoch = 718 / 2000
2026-03-04 05:19:10.386 | INFO     | __main__:<module>:220 - Training time taken = 197.84 seconds, Evaluation time taken = nan seconds, loss = 0.0301, fid = None
2026-03-04 05:19:10.386 | INFO     | __main__:<module>:157 - Epoch = 719 / 2000
2026-03-04 05:22:28.155 | INFO     | __main__:<module>:220 - Training time taken = 197.77 seconds, Evaluation time taken = nan seconds, loss = 0.03051, fid = None
2026-03-04 05:22:28.155 | INFO     | __main__:<module>:157 - Epoch = 720 / 2000
2026-03-04 05:25:46.427 | INFO     | __main__:<module>:220 - Training time taken = 198.27 seconds, Evaluation time taken = nan seconds, loss = 0.03034, fid = None
2026-03-04 05:25:46.427 | INFO     | __main__:<module>:157 - Epoch = 721 / 2000
2026-03-04 05:29:03.654 | INFO     | __main__:<module>:220 - Training time taken = 197.23 seconds, Evaluation time taken = nan seconds, loss = 0.0301, fid = None
2026-03-04 05:29:03.654 | INFO     | __main__:<module>:157 - Epoch = 722 / 2000
2026-03-04 05:32:21.459 | INFO     | __main__:<module>:220 - Training time taken = 197.8 seconds, Evaluation time taken = nan seconds, loss = 0.0307, fid = None
2026-03-04 05:32:21.459 | INFO     | __main__:<module>:157 - Epoch = 723 / 2000
2026-03-04 05:35:39.546 | INFO     | __main__:<module>:220 - Training time taken = 198.09 seconds, Evaluation time taken = nan seconds, loss = 0.03002, fid = None
2026-03-04 05:35:39.547 | INFO     | __main__:<module>:157 - Epoch = 724 / 2000
2026-03-04 05:38:57.793 | INFO     | __main__:<module>:220 - Training time taken = 198.24 seconds, Evaluation time taken = nan seconds, loss = 0.03005, fid = None
2026-03-04 05:38:57.793 | INFO     | __main__:<module>:157 - Epoch = 725 / 2000
2026-03-04 05:42:15.058 | INFO     | __main__:<module>:220 - Training time taken = 197.26 seconds, Evaluation time taken = nan seconds, loss = 0.02949, fid = None
2026-03-04 05:42:15.059 | INFO     | __main__:<module>:157 - Epoch = 726 / 2000
2026-03-04 05:45:32.509 | INFO     | __main__:<module>:220 - Training time taken = 197.45 seconds, Evaluation time taken = nan seconds, loss = 0.03027, fid = None
2026-03-04 05:45:32.510 | INFO     | __main__:<module>:157 - Epoch = 727 / 2000
2026-03-04 05:48:51.138 | INFO     | __main__:<module>:220 - Training time taken = 198.63 seconds, Evaluation time taken = nan seconds, loss = 0.03001, fid = None
2026-03-04 05:48:51.138 | INFO     | __main__:<module>:157 - Epoch = 728 / 2000
2026-03-04 05:52:09.002 | INFO     | __main__:<module>:220 - Training time taken = 197.86 seconds, Evaluation time taken = nan seconds, loss = 0.03015, fid = None
2026-03-04 05:52:09.002 | INFO     | __main__:<module>:157 - Epoch = 729 / 2000
2026-03-04 05:55:28.266 | INFO     | __main__:<module>:220 - Training time taken = 199.26 seconds, Evaluation time taken = nan seconds, loss = 0.0302, fid = None
2026-03-04 05:55:28.267 | INFO     | __main__:<module>:157 - Epoch = 730 / 2000
2026-03-04 05:58:45.949 | INFO     | __main__:<module>:220 - Training time taken = 197.68 seconds, Evaluation time taken = nan seconds, loss = 0.03048, fid = None
2026-03-04 05:58:45.949 | INFO     | __main__:<module>:157 - Epoch = 731 / 2000
2026-03-04 06:02:03.475 | INFO     | __main__:<module>:220 - Training time taken = 197.52 seconds, Evaluation time taken = nan seconds, loss = 0.02972, fid = None
2026-03-04 06:02:03.476 | INFO     | __main__:<module>:157 - Epoch = 732 / 2000
2026-03-04 06:05:21.099 | INFO     | __main__:<module>:220 - Training time taken = 197.62 seconds, Evaluation time taken = nan seconds, loss = 0.03009, fid = None
2026-03-04 06:05:21.100 | INFO     | __main__:<module>:157 - Epoch = 733 / 2000
2026-03-04 06:08:38.606 | INFO     | __main__:<module>:220 - Training time taken = 197.51 seconds, Evaluation time taken = nan seconds, loss = 0.03097, fid = None
2026-03-04 06:08:38.607 | INFO     | __main__:<module>:157 - Epoch = 734 / 2000
2026-03-04 06:11:56.371 | INFO     | __main__:<module>:220 - Training time taken = 197.76 seconds, Evaluation time taken = nan seconds, loss = 0.03004, fid = None
2026-03-04 06:11:56.372 | INFO     | __main__:<module>:157 - Epoch = 735 / 2000
2026-03-04 06:15:13.569 | INFO     | __main__:<module>:220 - Training time taken = 197.2 seconds, Evaluation time taken = nan seconds, loss = 0.03034, fid = None
2026-03-04 06:15:13.569 | INFO     | __main__:<module>:157 - Epoch = 736 / 2000
2026-03-04 06:18:31.294 | INFO     | __main__:<module>:220 - Training time taken = 197.72 seconds, Evaluation time taken = nan seconds, loss = 0.03014, fid = None
2026-03-04 06:18:31.295 | INFO     | __main__:<module>:157 - Epoch = 737 / 2000
2026-03-04 06:21:49.230 | INFO     | __main__:<module>:220 - Training time taken = 197.93 seconds, Evaluation time taken = nan seconds, loss = 0.03019, fid = None
2026-03-04 06:21:49.231 | INFO     | __main__:<module>:157 - Epoch = 738 / 2000
2026-03-04 06:25:06.813 | INFO     | __main__:<module>:220 - Training time taken = 197.58 seconds, Evaluation time taken = nan seconds, loss = 0.03013, fid = None
2026-03-04 06:25:06.814 | INFO     | __main__:<module>:157 - Epoch = 739 / 2000
2026-03-04 06:28:25.159 | INFO     | __main__:<module>:220 - Training time taken = 198.34 seconds, Evaluation time taken = nan seconds, loss = 0.03003, fid = None
2026-03-04 06:28:25.159 | INFO     | __main__:<module>:157 - Epoch = 740 / 2000
2026-03-04 06:31:42.175 | INFO     | __main__:<module>:220 - Training time taken = 197.01 seconds, Evaluation time taken = nan seconds, loss = 0.02978, fid = None
2026-03-04 06:31:42.175 | INFO     | __main__:<module>:157 - Epoch = 741 / 2000
2026-03-04 06:34:59.654 | INFO     | __main__:<module>:220 - Training time taken = 197.48 seconds, Evaluation time taken = nan seconds, loss = 0.0302, fid = None
2026-03-04 06:34:59.655 | INFO     | __main__:<module>:157 - Epoch = 742 / 2000
2026-03-04 06:38:17.867 | INFO     | __main__:<module>:220 - Training time taken = 198.21 seconds, Evaluation time taken = nan seconds, loss = 0.02985, fid = None
2026-03-04 06:38:17.867 | INFO     | __main__:<module>:157 - Epoch = 743 / 2000
2026-03-04 06:41:35.447 | INFO     | __main__:<module>:220 - Training time taken = 197.58 seconds, Evaluation time taken = nan seconds, loss = 0.02967, fid = None
2026-03-04 06:41:35.447 | INFO     | __main__:<module>:157 - Epoch = 744 / 2000
2026-03-04 06:44:53.354 | INFO     | __main__:<module>:220 - Training time taken = 197.91 seconds, Evaluation time taken = nan seconds, loss = 0.02958, fid = None
2026-03-04 06:44:53.354 | INFO     | __main__:<module>:157 - Epoch = 745 / 2000
2026-03-04 06:48:10.356 | INFO     | __main__:<module>:220 - Training time taken = 197.0 seconds, Evaluation time taken = nan seconds, loss = 0.02972, fid = None
2026-03-04 06:48:10.357 | INFO     | __main__:<module>:157 - Epoch = 746 / 2000
2026-03-04 06:51:27.766 | INFO     | __main__:<module>:220 - Training time taken = 197.41 seconds, Evaluation time taken = nan seconds, loss = 0.03017, fid = None
2026-03-04 06:51:27.766 | INFO     | __main__:<module>:157 - Epoch = 747 / 2000
2026-03-04 06:54:46.132 | INFO     | __main__:<module>:220 - Training time taken = 198.36 seconds, Evaluation time taken = nan seconds, loss = 0.03026, fid = None
2026-03-04 06:54:46.133 | INFO     | __main__:<module>:157 - Epoch = 748 / 2000
2026-03-04 06:58:03.972 | INFO     | __main__:<module>:220 - Training time taken = 197.84 seconds, Evaluation time taken = nan seconds, loss = 0.0299, fid = None
2026-03-04 06:58:03.973 | INFO     | __main__:<module>:157 - Epoch = 749 / 2000
2026-03-04 07:01:22.001 | INFO     | __main__:<module>:220 - Training time taken = 198.03 seconds, Evaluation time taken = nan seconds, loss = 0.03009, fid = None
2026-03-04 07:01:22.001 | INFO     | __main__:<module>:157 - Epoch = 750 / 2000
2026-03-04 07:04:39.018 | INFO     | __main__:<module>:220 - Training time taken = 197.02 seconds, Evaluation time taken = nan seconds, loss = 0.03025, fid = None
2026-03-04 07:04:39.019 | INFO     | __main__:<module>:157 - Epoch = 751 / 2000
2026-03-04 07:07:56.955 | INFO     | __main__:<module>:220 - Training time taken = 197.94 seconds, Evaluation time taken = nan seconds, loss = 0.02986, fid = None
2026-03-04 07:07:56.956 | INFO     | __main__:<module>:157 - Epoch = 752 / 2000
2026-03-04 07:11:14.192 | INFO     | __main__:<module>:220 - Training time taken = 197.24 seconds, Evaluation time taken = nan seconds, loss = 0.02979, fid = None
2026-03-04 07:11:14.193 | INFO     | __main__:<module>:157 - Epoch = 753 / 2000
2026-03-04 07:14:31.984 | INFO     | __main__:<module>:220 - Training time taken = 197.79 seconds, Evaluation time taken = nan seconds, loss = 0.03028, fid = None
2026-03-04 07:14:31.984 | INFO     | __main__:<module>:157 - Epoch = 754 / 2000
2026-03-04 07:17:50.010 | INFO     | __main__:<module>:220 - Training time taken = 198.03 seconds, Evaluation time taken = nan seconds, loss = 0.03028, fid = None
2026-03-04 07:17:50.011 | INFO     | __main__:<module>:157 - Epoch = 755 / 2000
2026-03-04 07:21:07.674 | INFO     | __main__:<module>:220 - Training time taken = 197.66 seconds, Evaluation time taken = nan seconds, loss = 0.02958, fid = None
2026-03-04 07:21:07.674 | INFO     | __main__:<module>:157 - Epoch = 756 / 2000
2026-03-04 07:24:26.008 | INFO     | __main__:<module>:220 - Training time taken = 198.33 seconds, Evaluation time taken = nan seconds, loss = 0.02972, fid = None
2026-03-04 07:24:26.009 | INFO     | __main__:<module>:157 - Epoch = 757 / 2000
2026-03-04 07:27:43.566 | INFO     | __main__:<module>:220 - Training time taken = 197.56 seconds, Evaluation time taken = nan seconds, loss = 0.03008, fid = None
2026-03-04 07:27:43.567 | INFO     | __main__:<module>:157 - Epoch = 758 / 2000
2026-03-04 07:31:01.385 | INFO     | __main__:<module>:220 - Training time taken = 197.82 seconds, Evaluation time taken = nan seconds, loss = 0.02981, fid = None
2026-03-04 07:31:01.385 | INFO     | __main__:<module>:157 - Epoch = 759 / 2000
2026-03-04 07:34:18.465 | INFO     | __main__:<module>:220 - Training time taken = 197.08 seconds, Evaluation time taken = nan seconds, loss = 0.03051, fid = None
2026-03-04 07:34:18.465 | INFO     | __main__:<module>:157 - Epoch = 760 / 2000
2026-03-04 07:37:35.834 | INFO     | __main__:<module>:220 - Training time taken = 197.37 seconds, Evaluation time taken = nan seconds, loss = 0.03031, fid = None
2026-03-04 07:37:35.834 | INFO     | __main__:<module>:157 - Epoch = 761 / 2000
2026-03-04 07:40:54.073 | INFO     | __main__:<module>:220 - Training time taken = 198.24 seconds, Evaluation time taken = nan seconds, loss = 0.02992, fid = None
2026-03-04 07:40:54.073 | INFO     | __main__:<module>:157 - Epoch = 762 / 2000
2026-03-04 07:44:11.845 | INFO     | __main__:<module>:220 - Training time taken = 197.77 seconds, Evaluation time taken = nan seconds, loss = 0.03015, fid = None
2026-03-04 07:44:11.846 | INFO     | __main__:<module>:157 - Epoch = 763 / 2000
2026-03-04 07:47:30.489 | INFO     | __main__:<module>:220 - Training time taken = 198.64 seconds, Evaluation time taken = nan seconds, loss = 0.02993, fid = None
2026-03-04 07:47:30.489 | INFO     | __main__:<module>:157 - Epoch = 764 / 2000
2026-03-04 07:50:47.872 | INFO     | __main__:<module>:220 - Training time taken = 197.38 seconds, Evaluation time taken = nan seconds, loss = 0.02996, fid = None
2026-03-04 07:50:47.872 | INFO     | __main__:<module>:157 - Epoch = 765 / 2000
2026-03-04 07:54:05.024 | INFO     | __main__:<module>:220 - Training time taken = 197.15 seconds, Evaluation time taken = nan seconds, loss = 0.02988, fid = None
2026-03-04 07:54:05.024 | INFO     | __main__:<module>:157 - Epoch = 766 / 2000
2026-03-04 07:57:23.317 | INFO     | __main__:<module>:220 - Training time taken = 198.29 seconds, Evaluation time taken = nan seconds, loss = 0.03014, fid = None
2026-03-04 07:57:23.317 | INFO     | __main__:<module>:157 - Epoch = 767 / 2000
2026-03-04 08:00:41.676 | INFO     | __main__:<module>:220 - Training time taken = 198.36 seconds, Evaluation time taken = nan seconds, loss = 0.02971, fid = None
2026-03-04 08:00:41.676 | INFO     | __main__:<module>:157 - Epoch = 768 / 2000
2026-03-04 08:03:59.522 | INFO     | __main__:<module>:220 - Training time taken = 197.84 seconds, Evaluation time taken = nan seconds, loss = 0.0304, fid = None
2026-03-04 08:03:59.522 | INFO     | __main__:<module>:157 - Epoch = 769 / 2000
2026-03-04 08:07:16.829 | INFO     | __main__:<module>:220 - Training time taken = 197.31 seconds, Evaluation time taken = nan seconds, loss = 0.03012, fid = None
2026-03-04 08:07:16.830 | INFO     | __main__:<module>:157 - Epoch = 770 / 2000
2026-03-04 08:10:33.996 | INFO     | __main__:<module>:220 - Training time taken = 197.17 seconds, Evaluation time taken = nan seconds, loss = 0.02978, fid = None
2026-03-04 08:10:33.997 | INFO     | __main__:<module>:157 - Epoch = 771 / 2000
2026-03-04 08:13:52.098 | INFO     | __main__:<module>:220 - Training time taken = 198.1 seconds, Evaluation time taken = nan seconds, loss = 0.0302, fid = None
2026-03-04 08:13:52.098 | INFO     | __main__:<module>:157 - Epoch = 772 / 2000
2026-03-04 08:17:09.704 | INFO     | __main__:<module>:220 - Training time taken = 197.6 seconds, Evaluation time taken = nan seconds, loss = 0.03051, fid = None
2026-03-04 08:17:09.705 | INFO     | __main__:<module>:157 - Epoch = 773 / 2000
2026-03-04 08:20:27.373 | INFO     | __main__:<module>:220 - Training time taken = 197.67 seconds, Evaluation time taken = nan seconds, loss = 0.03007, fid = None
2026-03-04 08:20:27.373 | INFO     | __main__:<module>:157 - Epoch = 774 / 2000
2026-03-04 08:23:44.651 | INFO     | __main__:<module>:220 - Training time taken = 197.28 seconds, Evaluation time taken = nan seconds, loss = 0.03006, fid = None
2026-03-04 08:23:44.651 | INFO     | __main__:<module>:157 - Epoch = 775 / 2000
2026-03-04 08:27:02.375 | INFO     | __main__:<module>:220 - Training time taken = 197.72 seconds, Evaluation time taken = nan seconds, loss = 0.03076, fid = None
2026-03-04 08:27:02.376 | INFO     | __main__:<module>:157 - Epoch = 776 / 2000
2026-03-04 08:30:19.635 | INFO     | __main__:<module>:220 - Training time taken = 197.26 seconds, Evaluation time taken = nan seconds, loss = 0.03011, fid = None
2026-03-04 08:30:19.635 | INFO     | __main__:<module>:157 - Epoch = 777 / 2000
2026-03-04 08:33:36.971 | INFO     | __main__:<module>:220 - Training time taken = 197.33 seconds, Evaluation time taken = nan seconds, loss = 0.02942, fid = None
2026-03-04 08:33:36.971 | INFO     | __main__:<module>:157 - Epoch = 778 / 2000
2026-03-04 08:36:54.425 | INFO     | __main__:<module>:220 - Training time taken = 197.45 seconds, Evaluation time taken = nan seconds, loss = 0.03033, fid = None
2026-03-04 08:36:54.426 | INFO     | __main__:<module>:157 - Epoch = 779 / 2000
2026-03-04 08:40:11.517 | INFO     | __main__:<module>:220 - Training time taken = 197.09 seconds, Evaluation time taken = nan seconds, loss = 0.03011, fid = None
2026-03-04 08:40:11.517 | INFO     | __main__:<module>:157 - Epoch = 780 / 2000
2026-03-04 08:43:30.038 | INFO     | __main__:<module>:220 - Training time taken = 198.52 seconds, Evaluation time taken = nan seconds, loss = 0.02975, fid = None
2026-03-04 08:43:30.039 | INFO     | __main__:<module>:157 - Epoch = 781 / 2000
2026-03-04 08:46:47.763 | INFO     | __main__:<module>:220 - Training time taken = 197.72 seconds, Evaluation time taken = nan seconds, loss = 0.02987, fid = None
2026-03-04 08:46:47.763 | INFO     | __main__:<module>:157 - Epoch = 782 / 2000
2026-03-04 08:50:04.888 | INFO     | __main__:<module>:220 - Training time taken = 197.12 seconds, Evaluation time taken = nan seconds, loss = 0.03007, fid = None
2026-03-04 08:50:04.889 | INFO     | __main__:<module>:157 - Epoch = 783 / 2000
2026-03-04 08:53:22.696 | INFO     | __main__:<module>:220 - Training time taken = 197.81 seconds, Evaluation time taken = nan seconds, loss = 0.03028, fid = None
2026-03-04 08:53:22.696 | INFO     | __main__:<module>:157 - Epoch = 784 / 2000
2026-03-04 08:56:40.467 | INFO     | __main__:<module>:220 - Training time taken = 197.77 seconds, Evaluation time taken = nan seconds, loss = 0.02982, fid = None
2026-03-04 08:56:40.467 | INFO     | __main__:<module>:157 - Epoch = 785 / 2000
2026-03-04 08:59:58.471 | INFO     | __main__:<module>:220 - Training time taken = 198.0 seconds, Evaluation time taken = nan seconds, loss = 0.02981, fid = None
2026-03-04 08:59:58.471 | INFO     | __main__:<module>:157 - Epoch = 786 / 2000
2026-03-04 09:03:16.057 | INFO     | __main__:<module>:220 - Training time taken = 197.58 seconds, Evaluation time taken = nan seconds, loss = 0.02986, fid = None
2026-03-04 09:03:16.057 | INFO     | __main__:<module>:157 - Epoch = 787 / 2000
2026-03-04 09:06:33.880 | INFO     | __main__:<module>:220 - Training time taken = 197.82 seconds, Evaluation time taken = nan seconds, loss = 0.02997, fid = None
2026-03-04 09:06:33.880 | INFO     | __main__:<module>:157 - Epoch = 788 / 2000
2026-03-04 09:09:51.648 | INFO     | __main__:<module>:220 - Training time taken = 197.77 seconds, Evaluation time taken = nan seconds, loss = 0.02995, fid = None
2026-03-04 09:09:51.648 | INFO     | __main__:<module>:157 - Epoch = 789 / 2000
2026-03-04 09:13:08.830 | INFO     | __main__:<module>:220 - Training time taken = 197.18 seconds, Evaluation time taken = nan seconds, loss = 0.03027, fid = None
2026-03-04 09:13:08.830 | INFO     | __main__:<module>:157 - Epoch = 790 / 2000
2026-03-04 09:16:26.957 | INFO     | __main__:<module>:220 - Training time taken = 198.13 seconds, Evaluation time taken = nan seconds, loss = 0.02944, fid = None
2026-03-04 09:16:26.957 | INFO     | __main__:<module>:157 - Epoch = 791 / 2000
2026-03-04 09:19:44.273 | INFO     | __main__:<module>:220 - Training time taken = 197.31 seconds, Evaluation time taken = nan seconds, loss = 0.03038, fid = None
2026-03-04 09:19:44.273 | INFO     | __main__:<module>:157 - Epoch = 792 / 2000
2026-03-04 09:23:01.356 | INFO     | __main__:<module>:220 - Training time taken = 197.08 seconds, Evaluation time taken = nan seconds, loss = 0.03075, fid = None
2026-03-04 09:23:01.357 | INFO     | __main__:<module>:157 - Epoch = 793 / 2000
2026-03-04 09:26:19.468 | INFO     | __main__:<module>:220 - Training time taken = 198.11 seconds, Evaluation time taken = nan seconds, loss = 0.02971, fid = None
2026-03-04 09:26:19.468 | INFO     | __main__:<module>:157 - Epoch = 794 / 2000
2026-03-04 09:29:37.256 | INFO     | __main__:<module>:220 - Training time taken = 197.79 seconds, Evaluation time taken = nan seconds, loss = 0.03002, fid = None
2026-03-04 09:29:37.256 | INFO     | __main__:<module>:157 - Epoch = 795 / 2000
2026-03-04 09:32:54.856 | INFO     | __main__:<module>:220 - Training time taken = 197.6 seconds, Evaluation time taken = nan seconds, loss = 0.0301, fid = None
2026-03-04 09:32:54.856 | INFO     | __main__:<module>:157 - Epoch = 796 / 2000
2026-03-04 09:36:12.115 | INFO     | __main__:<module>:220 - Training time taken = 197.26 seconds, Evaluation time taken = nan seconds, loss = 0.03062, fid = None
2026-03-04 09:36:12.115 | INFO     | __main__:<module>:157 - Epoch = 797 / 2000
2026-03-04 09:39:30.637 | INFO     | __main__:<module>:220 - Training time taken = 198.52 seconds, Evaluation time taken = nan seconds, loss = 0.02967, fid = None
2026-03-04 09:39:30.637 | INFO     | __main__:<module>:157 - Epoch = 798 / 2000
2026-03-04 09:42:48.279 | INFO     | __main__:<module>:220 - Training time taken = 197.64 seconds, Evaluation time taken = nan seconds, loss = 0.03009, fid = None
2026-03-04 09:42:48.279 | INFO     | __main__:<module>:157 - Epoch = 799 / 2000
2026-03-04 09:46:06.117 | INFO     | __main__:<module>:220 - Training time taken = 197.84 seconds, Evaluation time taken = nan seconds, loss = 0.03, fid = None
2026-03-04 09:46:06.117 | INFO     | __main__:<module>:157 - Epoch = 800 / 2000
2026-03-04 09:49:24.309 | INFO     | __main__:<module>:220 - Training time taken = 198.19 seconds, Evaluation time taken = nan seconds, loss = 0.03028, fid = None
2026-03-04 09:49:24.309 | INFO     | __main__:<module>:157 - Epoch = 801 / 2000
2026-03-04 09:52:41.943 | INFO     | __main__:<module>:220 - Training time taken = 197.63 seconds, Evaluation time taken = nan seconds, loss = 0.03066, fid = None
2026-03-04 09:52:41.943 | INFO     | __main__:<module>:157 - Epoch = 802 / 2000
2026-03-04 09:56:00.124 | INFO     | __main__:<module>:220 - Training time taken = 198.18 seconds, Evaluation time taken = nan seconds, loss = 0.03042, fid = None
2026-03-04 09:56:00.125 | INFO     | __main__:<module>:157 - Epoch = 803 / 2000
2026-03-04 09:59:17.978 | INFO     | __main__:<module>:220 - Training time taken = 197.85 seconds, Evaluation time taken = nan seconds, loss = 0.03037, fid = None
2026-03-04 09:59:17.979 | INFO     | __main__:<module>:157 - Epoch = 804 / 2000
2026-03-04 10:02:35.004 | INFO     | __main__:<module>:220 - Training time taken = 197.02 seconds, Evaluation time taken = nan seconds, loss = 0.02992, fid = None
2026-03-04 10:02:35.004 | INFO     | __main__:<module>:157 - Epoch = 805 / 2000
2026-03-04 10:05:52.893 | INFO     | __main__:<module>:220 - Training time taken = 197.89 seconds, Evaluation time taken = nan seconds, loss = 0.03053, fid = None
2026-03-04 10:05:52.893 | INFO     | __main__:<module>:157 - Epoch = 806 / 2000
2026-03-04 10:09:09.866 | INFO     | __main__:<module>:220 - Training time taken = 196.97 seconds, Evaluation time taken = nan seconds, loss = 0.02987, fid = None
2026-03-04 10:09:09.866 | INFO     | __main__:<module>:157 - Epoch = 807 / 2000
2026-03-04 10:12:27.729 | INFO     | __main__:<module>:220 - Training time taken = 197.86 seconds, Evaluation time taken = nan seconds, loss = 0.02976, fid = None
2026-03-04 10:12:27.729 | INFO     | __main__:<module>:157 - Epoch = 808 / 2000
2026-03-04 10:15:45.277 | INFO     | __main__:<module>:220 - Training time taken = 197.55 seconds, Evaluation time taken = nan seconds, loss = 0.03017, fid = None
2026-03-04 10:15:45.278 | INFO     | __main__:<module>:157 - Epoch = 809 / 2000
2026-03-04 10:19:03.972 | INFO     | __main__:<module>:220 - Training time taken = 198.69 seconds, Evaluation time taken = nan seconds, loss = 0.02998, fid = None
2026-03-04 10:19:03.972 | INFO     | __main__:<module>:157 - Epoch = 810 / 2000
2026-03-04 10:22:23.500 | INFO     | __main__:<module>:220 - Training time taken = 199.53 seconds, Evaluation time taken = nan seconds, loss = 0.02949, fid = None
2026-03-04 10:22:23.500 | INFO     | __main__:<module>:157 - Epoch = 811 / 2000
2026-03-04 10:25:42.828 | INFO     | __main__:<module>:220 - Training time taken = 199.33 seconds, Evaluation time taken = nan seconds, loss = 0.02981, fid = None
2026-03-04 10:25:42.829 | INFO     | __main__:<module>:157 - Epoch = 812 / 2000
2026-03-04 10:29:01.543 | INFO     | __main__:<module>:220 - Training time taken = 198.71 seconds, Evaluation time taken = nan seconds, loss = 0.02962, fid = None
2026-03-04 10:29:01.544 | INFO     | __main__:<module>:157 - Epoch = 813 / 2000
2026-03-04 10:32:20.505 | INFO     | __main__:<module>:220 - Training time taken = 198.96 seconds, Evaluation time taken = nan seconds, loss = 0.02996, fid = None
2026-03-04 10:32:20.505 | INFO     | __main__:<module>:157 - Epoch = 814 / 2000
2026-03-04 10:35:39.363 | INFO     | __main__:<module>:220 - Training time taken = 198.86 seconds, Evaluation time taken = nan seconds, loss = 0.02992, fid = None
2026-03-04 10:35:39.364 | INFO     | __main__:<module>:157 - Epoch = 815 / 2000
2026-03-04 10:38:58.412 | INFO     | __main__:<module>:220 - Training time taken = 199.05 seconds, Evaluation time taken = nan seconds, loss = 0.03002, fid = None
2026-03-04 10:38:58.413 | INFO     | __main__:<module>:157 - Epoch = 816 / 2000
2026-03-04 10:42:17.018 | INFO     | __main__:<module>:220 - Training time taken = 198.6 seconds, Evaluation time taken = nan seconds, loss = 0.03034, fid = None
2026-03-04 10:42:17.018 | INFO     | __main__:<module>:157 - Epoch = 817 / 2000
2026-03-04 10:45:35.743 | INFO     | __main__:<module>:220 - Training time taken = 198.72 seconds, Evaluation time taken = nan seconds, loss = 0.03004, fid = None
2026-03-04 10:45:35.743 | INFO     | __main__:<module>:157 - Epoch = 818 / 2000
2026-03-04 10:48:55.502 | INFO     | __main__:<module>:220 - Training time taken = 199.76 seconds, Evaluation time taken = nan seconds, loss = 0.02995, fid = None
2026-03-04 10:48:55.503 | INFO     | __main__:<module>:157 - Epoch = 819 / 2000
2026-03-04 10:52:15.642 | INFO     | __main__:<module>:220 - Training time taken = 200.14 seconds, Evaluation time taken = nan seconds, loss = 0.02998, fid = None
2026-03-04 10:52:15.642 | INFO     | __main__:<module>:157 - Epoch = 820 / 2000
2026-03-04 10:55:37.077 | INFO     | __main__:<module>:220 - Training time taken = 201.43 seconds, Evaluation time taken = nan seconds, loss = 0.03023, fid = None
2026-03-04 10:55:37.078 | INFO     | __main__:<module>:157 - Epoch = 821 / 2000
2026-03-04 10:58:58.824 | INFO     | __main__:<module>:220 - Training time taken = 201.75 seconds, Evaluation time taken = nan seconds, loss = 0.02999, fid = None
2026-03-04 10:58:58.825 | INFO     | __main__:<module>:157 - Epoch = 822 / 2000
2026-03-04 11:02:18.710 | INFO     | __main__:<module>:220 - Training time taken = 199.88 seconds, Evaluation time taken = nan seconds, loss = 0.02998, fid = None
2026-03-04 11:02:18.710 | INFO     | __main__:<module>:157 - Epoch = 823 / 2000
2026-03-04 11:05:38.114 | INFO     | __main__:<module>:220 - Training time taken = 199.4 seconds, Evaluation time taken = nan seconds, loss = 0.03001, fid = None
2026-03-04 11:05:38.114 | INFO     | __main__:<module>:157 - Epoch = 824 / 2000
2026-03-04 11:08:57.663 | INFO     | __main__:<module>:220 - Training time taken = 199.55 seconds, Evaluation time taken = nan seconds, loss = 0.03029, fid = None
2026-03-04 11:08:57.663 | INFO     | __main__:<module>:157 - Epoch = 825 / 2000
2026-03-04 11:12:17.287 | INFO     | __main__:<module>:220 - Training time taken = 199.62 seconds, Evaluation time taken = nan seconds, loss = 0.03039, fid = None
2026-03-04 11:12:17.287 | INFO     | __main__:<module>:157 - Epoch = 826 / 2000
2026-03-04 11:15:37.346 | INFO     | __main__:<module>:220 - Training time taken = 200.06 seconds, Evaluation time taken = nan seconds, loss = 0.02983, fid = None
2026-03-04 11:15:37.346 | INFO     | __main__:<module>:157 - Epoch = 827 / 2000
2026-03-04 11:18:56.847 | INFO     | __main__:<module>:220 - Training time taken = 199.5 seconds, Evaluation time taken = nan seconds, loss = 0.03079, fid = None
2026-03-04 11:18:56.847 | INFO     | __main__:<module>:157 - Epoch = 828 / 2000
2026-03-04 11:22:16.184 | INFO     | __main__:<module>:220 - Training time taken = 199.34 seconds, Evaluation time taken = nan seconds, loss = 0.03054, fid = None
2026-03-04 11:22:16.184 | INFO     | __main__:<module>:157 - Epoch = 829 / 2000
2026-03-04 11:25:35.190 | INFO     | __main__:<module>:220 - Training time taken = 199.0 seconds, Evaluation time taken = nan seconds, loss = 0.03019, fid = None
2026-03-04 11:25:35.190 | INFO     | __main__:<module>:157 - Epoch = 830 / 2000
2026-03-04 11:28:55.010 | INFO     | __main__:<module>:220 - Training time taken = 199.82 seconds, Evaluation time taken = nan seconds, loss = 0.03041, fid = None
2026-03-04 11:28:55.010 | INFO     | __main__:<module>:157 - Epoch = 831 / 2000
2026-03-04 11:32:14.169 | INFO     | __main__:<module>:220 - Training time taken = 199.16 seconds, Evaluation time taken = nan seconds, loss = 0.02991, fid = None
2026-03-04 11:32:14.170 | INFO     | __main__:<module>:157 - Epoch = 832 / 2000
2026-03-04 11:35:34.207 | INFO     | __main__:<module>:220 - Training time taken = 200.04 seconds, Evaluation time taken = nan seconds, loss = 0.03011, fid = None
2026-03-04 11:35:34.207 | INFO     | __main__:<module>:157 - Epoch = 833 / 2000
2026-03-04 11:38:53.700 | INFO     | __main__:<module>:220 - Training time taken = 199.49 seconds, Evaluation time taken = nan seconds, loss = 0.02941, fid = None
2026-03-04 11:38:53.700 | INFO     | __main__:<module>:157 - Epoch = 834 / 2000
2026-03-04 11:42:12.204 | INFO     | __main__:<module>:220 - Training time taken = 198.5 seconds, Evaluation time taken = nan seconds, loss = 0.03002, fid = None
2026-03-04 11:42:12.205 | INFO     | __main__:<module>:157 - Epoch = 835 / 2000
2026-03-04 11:45:31.718 | INFO     | __main__:<module>:220 - Training time taken = 199.51 seconds, Evaluation time taken = nan seconds, loss = 0.03027, fid = None
2026-03-04 11:45:31.719 | INFO     | __main__:<module>:157 - Epoch = 836 / 2000
2026-03-04 11:48:51.179 | INFO     | __main__:<module>:220 - Training time taken = 199.46 seconds, Evaluation time taken = nan seconds, loss = 0.03043, fid = None
2026-03-04 11:48:51.179 | INFO     | __main__:<module>:157 - Epoch = 837 / 2000
2026-03-04 11:52:09.696 | INFO     | __main__:<module>:220 - Training time taken = 198.52 seconds, Evaluation time taken = nan seconds, loss = 0.03029, fid = None
2026-03-04 11:52:09.697 | INFO     | __main__:<module>:157 - Epoch = 838 / 2000
2026-03-04 11:55:28.129 | INFO     | __main__:<module>:220 - Training time taken = 198.43 seconds, Evaluation time taken = nan seconds, loss = 0.02997, fid = None
2026-03-04 11:55:28.130 | INFO     | __main__:<module>:157 - Epoch = 839 / 2000
2026-03-04 11:58:47.114 | INFO     | __main__:<module>:220 - Training time taken = 198.98 seconds, Evaluation time taken = nan seconds, loss = 0.02992, fid = None
2026-03-04 11:58:47.114 | INFO     | __main__:<module>:157 - Epoch = 840 / 2000
2026-03-04 12:02:06.884 | INFO     | __main__:<module>:220 - Training time taken = 199.77 seconds, Evaluation time taken = nan seconds, loss = 0.02966, fid = None
2026-03-04 12:02:06.885 | INFO     | __main__:<module>:157 - Epoch = 841 / 2000
2026-03-04 12:05:26.076 | INFO     | __main__:<module>:220 - Training time taken = 199.19 seconds, Evaluation time taken = nan seconds, loss = 0.02947, fid = None
2026-03-04 12:05:26.077 | INFO     | __main__:<module>:157 - Epoch = 842 / 2000
2026-03-04 12:08:45.242 | INFO     | __main__:<module>:220 - Training time taken = 199.16 seconds, Evaluation time taken = nan seconds, loss = 0.02975, fid = None
2026-03-04 12:08:45.243 | INFO     | __main__:<module>:157 - Epoch = 843 / 2000
2026-03-04 12:12:04.469 | INFO     | __main__:<module>:220 - Training time taken = 199.22 seconds, Evaluation time taken = nan seconds, loss = 0.03067, fid = None
2026-03-04 12:12:04.469 | INFO     | __main__:<module>:157 - Epoch = 844 / 2000
2026-03-04 12:15:23.491 | INFO     | __main__:<module>:220 - Training time taken = 199.02 seconds, Evaluation time taken = nan seconds, loss = 0.02998, fid = None
2026-03-04 12:15:23.492 | INFO     | __main__:<module>:157 - Epoch = 845 / 2000
2026-03-04 12:18:44.001 | INFO     | __main__:<module>:220 - Training time taken = 200.51 seconds, Evaluation time taken = nan seconds, loss = 0.02982, fid = None
2026-03-04 12:18:44.002 | INFO     | __main__:<module>:157 - Epoch = 846 / 2000
2026-03-04 12:22:02.474 | INFO     | __main__:<module>:220 - Training time taken = 198.47 seconds, Evaluation time taken = nan seconds, loss = 0.02974, fid = None
2026-03-04 12:22:02.475 | INFO     | __main__:<module>:157 - Epoch = 847 / 2000
2026-03-04 12:25:21.359 | INFO     | __main__:<module>:220 - Training time taken = 198.88 seconds, Evaluation time taken = nan seconds, loss = 0.0298, fid = None
2026-03-04 12:25:21.360 | INFO     | __main__:<module>:157 - Epoch = 848 / 2000
2026-03-04 12:28:39.639 | INFO     | __main__:<module>:220 - Training time taken = 198.28 seconds, Evaluation time taken = nan seconds, loss = 0.03039, fid = None
2026-03-04 12:28:39.639 | INFO     | __main__:<module>:157 - Epoch = 849 / 2000
2026-03-04 12:31:58.072 | INFO     | __main__:<module>:220 - Training time taken = 198.43 seconds, Evaluation time taken = nan seconds, loss = 0.02978, fid = None
2026-03-04 12:31:58.072 | INFO     | __main__:<module>:157 - Epoch = 850 / 2000
2026-03-04 12:35:18.113 | INFO     | __main__:<module>:220 - Training time taken = 200.04 seconds, Evaluation time taken = nan seconds, loss = 0.03018, fid = None
2026-03-04 12:35:18.114 | INFO     | __main__:<module>:157 - Epoch = 851 / 2000
2026-03-04 12:38:36.542 | INFO     | __main__:<module>:220 - Training time taken = 198.43 seconds, Evaluation time taken = nan seconds, loss = 0.02987, fid = None
2026-03-04 12:38:36.542 | INFO     | __main__:<module>:157 - Epoch = 852 / 2000
2026-03-04 12:41:54.890 | INFO     | __main__:<module>:220 - Training time taken = 198.35 seconds, Evaluation time taken = nan seconds, loss = 0.03009, fid = None
2026-03-04 12:41:54.890 | INFO     | __main__:<module>:157 - Epoch = 853 / 2000
2026-03-04 12:45:13.270 | INFO     | __main__:<module>:220 - Training time taken = 198.38 seconds, Evaluation time taken = nan seconds, loss = 0.02933, fid = None
2026-03-04 12:45:13.270 | INFO     | __main__:<module>:157 - Epoch = 854 / 2000
2026-03-04 12:48:32.787 | INFO     | __main__:<module>:220 - Training time taken = 199.52 seconds, Evaluation time taken = nan seconds, loss = 0.02995, fid = None
2026-03-04 12:48:32.788 | INFO     | __main__:<module>:157 - Epoch = 855 / 2000
2026-03-04 12:51:51.333 | INFO     | __main__:<module>:220 - Training time taken = 198.54 seconds, Evaluation time taken = nan seconds, loss = 0.03026, fid = None
2026-03-04 12:51:51.333 | INFO     | __main__:<module>:157 - Epoch = 856 / 2000
2026-03-04 12:55:10.056 | INFO     | __main__:<module>:220 - Training time taken = 198.72 seconds, Evaluation time taken = nan seconds, loss = 0.02969, fid = None
2026-03-04 12:55:10.056 | INFO     | __main__:<module>:157 - Epoch = 857 / 2000
2026-03-04 12:58:29.877 | INFO     | __main__:<module>:220 - Training time taken = 199.82 seconds, Evaluation time taken = nan seconds, loss = 0.03024, fid = None
2026-03-04 12:58:29.877 | INFO     | __main__:<module>:157 - Epoch = 858 / 2000
2026-03-04 13:01:50.390 | INFO     | __main__:<module>:220 - Training time taken = 200.51 seconds, Evaluation time taken = nan seconds, loss = 0.02975, fid = None
2026-03-04 13:01:50.390 | INFO     | __main__:<module>:157 - Epoch = 859 / 2000
2026-03-04 13:05:11.130 | INFO     | __main__:<module>:220 - Training time taken = 200.74 seconds, Evaluation time taken = nan seconds, loss = 0.02999, fid = None
2026-03-04 13:05:11.130 | INFO     | __main__:<module>:157 - Epoch = 860 / 2000
2026-03-04 13:08:31.548 | INFO     | __main__:<module>:220 - Training time taken = 200.42 seconds, Evaluation time taken = nan seconds, loss = 0.03003, fid = None
2026-03-04 13:08:31.549 | INFO     | __main__:<module>:157 - Epoch = 861 / 2000
2026-03-04 13:11:52.464 | INFO     | __main__:<module>:220 - Training time taken = 200.91 seconds, Evaluation time taken = nan seconds, loss = 0.02994, fid = None
2026-03-04 13:11:52.464 | INFO     | __main__:<module>:157 - Epoch = 862 / 2000
2026-03-04 13:15:12.674 | INFO     | __main__:<module>:220 - Training time taken = 200.21 seconds, Evaluation time taken = nan seconds, loss = 0.03008, fid = None
2026-03-04 13:15:12.675 | INFO     | __main__:<module>:157 - Epoch = 863 / 2000
2026-03-04 13:18:32.782 | INFO     | __main__:<module>:220 - Training time taken = 200.11 seconds, Evaluation time taken = nan seconds, loss = 0.03034, fid = None
2026-03-04 13:18:32.782 | INFO     | __main__:<module>:157 - Epoch = 864 / 2000
2026-03-04 13:21:53.364 | INFO     | __main__:<module>:220 - Training time taken = 200.58 seconds, Evaluation time taken = nan seconds, loss = 0.02959, fid = None
2026-03-04 13:21:53.364 | INFO     | __main__:<module>:157 - Epoch = 865 / 2000
2026-03-04 13:25:13.717 | INFO     | __main__:<module>:220 - Training time taken = 200.35 seconds, Evaluation time taken = nan seconds, loss = 0.03015, fid = None
2026-03-04 13:25:13.718 | INFO     | __main__:<module>:157 - Epoch = 866 / 2000
2026-03-04 13:28:34.177 | INFO     | __main__:<module>:220 - Training time taken = 200.46 seconds, Evaluation time taken = nan seconds, loss = 0.02975, fid = None
2026-03-04 13:28:34.178 | INFO     | __main__:<module>:157 - Epoch = 867 / 2000
2026-03-04 13:31:54.564 | INFO     | __main__:<module>:220 - Training time taken = 200.38 seconds, Evaluation time taken = nan seconds, loss = 0.02994, fid = None
2026-03-04 13:31:54.564 | INFO     | __main__:<module>:157 - Epoch = 868 / 2000
2026-03-04 13:35:14.943 | INFO     | __main__:<module>:220 - Training time taken = 200.38 seconds, Evaluation time taken = nan seconds, loss = 0.02989, fid = None
2026-03-04 13:35:14.943 | INFO     | __main__:<module>:157 - Epoch = 869 / 2000
2026-03-04 13:38:35.191 | INFO     | __main__:<module>:220 - Training time taken = 200.25 seconds, Evaluation time taken = nan seconds, loss = 0.03038, fid = None
2026-03-04 13:38:35.191 | INFO     | __main__:<module>:157 - Epoch = 870 / 2000
2026-03-04 13:41:55.727 | INFO     | __main__:<module>:220 - Training time taken = 200.53 seconds, Evaluation time taken = nan seconds, loss = 0.02947, fid = None
2026-03-04 13:41:55.728 | INFO     | __main__:<module>:157 - Epoch = 871 / 2000
2026-03-04 13:45:16.253 | INFO     | __main__:<module>:220 - Training time taken = 200.52 seconds, Evaluation time taken = nan seconds, loss = 0.02987, fid = None
2026-03-04 13:45:16.254 | INFO     | __main__:<module>:157 - Epoch = 872 / 2000
2026-03-04 13:48:36.461 | INFO     | __main__:<module>:220 - Training time taken = 200.21 seconds, Evaluation time taken = nan seconds, loss = 0.03013, fid = None
2026-03-04 13:48:36.462 | INFO     | __main__:<module>:157 - Epoch = 873 / 2000
2026-03-04 13:51:56.859 | INFO     | __main__:<module>:220 - Training time taken = 200.4 seconds, Evaluation time taken = nan seconds, loss = 0.02992, fid = None
2026-03-04 13:51:56.860 | INFO     | __main__:<module>:157 - Epoch = 874 / 2000
2026-03-04 13:55:17.277 | INFO     | __main__:<module>:220 - Training time taken = 200.42 seconds, Evaluation time taken = nan seconds, loss = 0.03003, fid = None
2026-03-04 13:55:17.277 | INFO     | __main__:<module>:157 - Epoch = 875 / 2000
2026-03-04 13:58:37.560 | INFO     | __main__:<module>:220 - Training time taken = 200.28 seconds, Evaluation time taken = nan seconds, loss = 0.02988, fid = None
2026-03-04 13:58:37.561 | INFO     | __main__:<module>:157 - Epoch = 876 / 2000
2026-03-04 14:01:56.923 | INFO     | __main__:<module>:220 - Training time taken = 199.36 seconds, Evaluation time taken = nan seconds, loss = 0.02976, fid = None
2026-03-04 14:01:56.924 | INFO     | __main__:<module>:157 - Epoch = 877 / 2000
2026-03-04 14:05:17.464 | INFO     | __main__:<module>:220 - Training time taken = 200.54 seconds, Evaluation time taken = nan seconds, loss = 0.03059, fid = None
2026-03-04 14:05:17.464 | INFO     | __main__:<module>:157 - Epoch = 878 / 2000
2026-03-04 14:08:36.479 | INFO     | __main__:<module>:220 - Training time taken = 199.01 seconds, Evaluation time taken = nan seconds, loss = 0.02988, fid = None
2026-03-04 14:08:36.479 | INFO     | __main__:<module>:157 - Epoch = 879 / 2000
2026-03-04 14:11:57.055 | INFO     | __main__:<module>:220 - Training time taken = 200.57 seconds, Evaluation time taken = nan seconds, loss = 0.03001, fid = None
2026-03-04 14:11:57.056 | INFO     | __main__:<module>:157 - Epoch = 880 / 2000
2026-03-04 14:15:16.327 | INFO     | __main__:<module>:220 - Training time taken = 199.27 seconds, Evaluation time taken = nan seconds, loss = 0.02977, fid = None
2026-03-04 14:15:16.328 | INFO     | __main__:<module>:157 - Epoch = 881 / 2000
2026-03-04 14:18:35.342 | INFO     | __main__:<module>:220 - Training time taken = 199.01 seconds, Evaluation time taken = nan seconds, loss = 0.03028, fid = None
2026-03-04 14:18:35.343 | INFO     | __main__:<module>:157 - Epoch = 882 / 2000
2026-03-04 14:21:54.998 | INFO     | __main__:<module>:220 - Training time taken = 199.65 seconds, Evaluation time taken = nan seconds, loss = 0.02988, fid = None
2026-03-04 14:21:54.998 | INFO     | __main__:<module>:157 - Epoch = 883 / 2000
2026-03-04 14:25:12.083 | INFO     | __main__:<module>:220 - Training time taken = 197.08 seconds, Evaluation time taken = nan seconds, loss = 0.03, fid = None
2026-03-04 14:25:12.083 | INFO     | __main__:<module>:157 - Epoch = 884 / 2000
2026-03-04 14:28:30.334 | INFO     | __main__:<module>:220 - Training time taken = 198.25 seconds, Evaluation time taken = nan seconds, loss = 0.02993, fid = None
2026-03-04 14:28:30.334 | INFO     | __main__:<module>:157 - Epoch = 885 / 2000
2026-03-04 14:31:47.937 | INFO     | __main__:<module>:220 - Training time taken = 197.6 seconds, Evaluation time taken = nan seconds, loss = 0.02975, fid = None
2026-03-04 14:31:47.937 | INFO     | __main__:<module>:157 - Epoch = 886 / 2000
2026-03-04 14:35:05.657 | INFO     | __main__:<module>:220 - Training time taken = 197.72 seconds, Evaluation time taken = nan seconds, loss = 0.02975, fid = None
2026-03-04 14:35:05.657 | INFO     | __main__:<module>:157 - Epoch = 887 / 2000
2026-03-04 14:38:24.089 | INFO     | __main__:<module>:220 - Training time taken = 198.43 seconds, Evaluation time taken = nan seconds, loss = 0.03014, fid = None
2026-03-04 14:38:24.090 | INFO     | __main__:<module>:157 - Epoch = 888 / 2000
2026-03-04 14:41:41.848 | INFO     | __main__:<module>:220 - Training time taken = 197.76 seconds, Evaluation time taken = nan seconds, loss = 0.02966, fid = None
2026-03-04 14:41:41.848 | INFO     | __main__:<module>:157 - Epoch = 889 / 2000
2026-03-04 14:45:00.353 | INFO     | __main__:<module>:220 - Training time taken = 198.5 seconds, Evaluation time taken = nan seconds, loss = 0.02981, fid = None
2026-03-04 14:45:00.353 | INFO     | __main__:<module>:157 - Epoch = 890 / 2000
2026-03-04 14:48:18.468 | INFO     | __main__:<module>:220 - Training time taken = 198.11 seconds, Evaluation time taken = nan seconds, loss = 0.02989, fid = None
2026-03-04 14:48:18.468 | INFO     | __main__:<module>:157 - Epoch = 891 / 2000
2026-03-04 14:51:36.709 | INFO     | __main__:<module>:220 - Training time taken = 198.24 seconds, Evaluation time taken = nan seconds, loss = 0.03006, fid = None
2026-03-04 14:51:36.709 | INFO     | __main__:<module>:157 - Epoch = 892 / 2000
2026-03-04 14:54:54.385 | INFO     | __main__:<module>:220 - Training time taken = 197.67 seconds, Evaluation time taken = nan seconds, loss = 0.02987, fid = None
2026-03-04 14:54:54.385 | INFO     | __main__:<module>:157 - Epoch = 893 / 2000
2026-03-04 14:58:11.957 | INFO     | __main__:<module>:220 - Training time taken = 197.57 seconds, Evaluation time taken = nan seconds, loss = 0.02998, fid = None
2026-03-04 14:58:11.957 | INFO     | __main__:<module>:157 - Epoch = 894 / 2000
2026-03-04 15:01:30.570 | INFO     | __main__:<module>:220 - Training time taken = 198.61 seconds, Evaluation time taken = nan seconds, loss = 0.03018, fid = None
2026-03-04 15:01:30.571 | INFO     | __main__:<module>:157 - Epoch = 895 / 2000
2026-03-04 15:04:49.475 | INFO     | __main__:<module>:220 - Training time taken = 198.9 seconds, Evaluation time taken = nan seconds, loss = 0.03026, fid = None
2026-03-04 15:04:49.475 | INFO     | __main__:<module>:157 - Epoch = 896 / 2000
2026-03-04 15:08:08.724 | INFO     | __main__:<module>:220 - Training time taken = 199.25 seconds, Evaluation time taken = nan seconds, loss = 0.02925, fid = None
2026-03-04 15:08:08.724 | INFO     | __main__:<module>:157 - Epoch = 897 / 2000
2026-03-04 15:11:27.707 | INFO     | __main__:<module>:220 - Training time taken = 198.98 seconds, Evaluation time taken = nan seconds, loss = 0.02988, fid = None
2026-03-04 15:11:27.708 | INFO     | __main__:<module>:157 - Epoch = 898 / 2000
2026-03-04 15:14:46.250 | INFO     | __main__:<module>:220 - Training time taken = 198.54 seconds, Evaluation time taken = nan seconds, loss = 0.03006, fid = None
2026-03-04 15:14:46.251 | INFO     | __main__:<module>:157 - Epoch = 899 / 2000
2026-03-04 15:18:04.889 | INFO     | __main__:<module>:220 - Training time taken = 198.64 seconds, Evaluation time taken = nan seconds, loss = 0.02963, fid = None
2026-03-04 15:18:04.889 | INFO     | __main__:<module>:157 - Epoch = 900 / 2000
2026-03-04 15:21:22.744 | INFO     | __main__:<module>:220 - Training time taken = 197.85 seconds, Evaluation time taken = nan seconds, loss = 0.02974, fid = None
2026-03-04 15:21:22.744 | INFO     | __main__:<module>:157 - Epoch = 901 / 2000
2026-03-04 15:24:41.311 | INFO     | __main__:<module>:220 - Training time taken = 198.56 seconds, Evaluation time taken = nan seconds, loss = 0.02969, fid = None
2026-03-04 15:24:41.311 | INFO     | __main__:<module>:157 - Epoch = 902 / 2000
2026-03-04 15:27:59.816 | INFO     | __main__:<module>:220 - Training time taken = 198.5 seconds, Evaluation time taken = nan seconds, loss = 0.02996, fid = None
2026-03-04 15:27:59.817 | INFO     | __main__:<module>:157 - Epoch = 903 / 2000
2026-03-04 15:31:18.489 | INFO     | __main__:<module>:220 - Training time taken = 198.67 seconds, Evaluation time taken = nan seconds, loss = 0.02997, fid = None
2026-03-04 15:31:18.489 | INFO     | __main__:<module>:157 - Epoch = 904 / 2000
2026-03-04 15:34:37.509 | INFO     | __main__:<module>:220 - Training time taken = 199.02 seconds, Evaluation time taken = nan seconds, loss = 0.02996, fid = None
2026-03-04 15:34:37.509 | INFO     | __main__:<module>:157 - Epoch = 905 / 2000
2026-03-04 15:37:55.770 | INFO     | __main__:<module>:220 - Training time taken = 198.26 seconds, Evaluation time taken = nan seconds, loss = 0.02993, fid = None
2026-03-04 15:37:55.770 | INFO     | __main__:<module>:157 - Epoch = 906 / 2000
2026-03-04 15:41:14.559 | INFO     | __main__:<module>:220 - Training time taken = 198.79 seconds, Evaluation time taken = nan seconds, loss = 0.03022, fid = None
2026-03-04 15:41:14.560 | INFO     | __main__:<module>:157 - Epoch = 907 / 2000
2026-03-04 15:44:32.613 | INFO     | __main__:<module>:220 - Training time taken = 198.05 seconds, Evaluation time taken = nan seconds, loss = 0.02984, fid = None
2026-03-04 15:44:32.613 | INFO     | __main__:<module>:157 - Epoch = 908 / 2000
2026-03-04 15:47:50.713 | INFO     | __main__:<module>:220 - Training time taken = 198.1 seconds, Evaluation time taken = nan seconds, loss = 0.02998, fid = None
2026-03-04 15:47:50.713 | INFO     | __main__:<module>:157 - Epoch = 909 / 2000
2026-03-04 15:51:09.130 | INFO     | __main__:<module>:220 - Training time taken = 198.42 seconds, Evaluation time taken = nan seconds, loss = 0.02951, fid = None
2026-03-04 15:51:09.130 | INFO     | __main__:<module>:157 - Epoch = 910 / 2000
2026-03-04 15:54:26.869 | INFO     | __main__:<module>:220 - Training time taken = 197.74 seconds, Evaluation time taken = nan seconds, loss = 0.02983, fid = None
2026-03-04 15:54:26.869 | INFO     | __main__:<module>:157 - Epoch = 911 / 2000
2026-03-04 15:57:45.732 | INFO     | __main__:<module>:220 - Training time taken = 198.86 seconds, Evaluation time taken = nan seconds, loss = 0.03065, fid = None
2026-03-04 15:57:45.732 | INFO     | __main__:<module>:157 - Epoch = 912 / 2000
2026-03-04 16:01:03.437 | INFO     | __main__:<module>:220 - Training time taken = 197.7 seconds, Evaluation time taken = nan seconds, loss = 0.0301, fid = None
2026-03-04 16:01:03.438 | INFO     | __main__:<module>:157 - Epoch = 913 / 2000
2026-03-04 16:04:23.008 | INFO     | __main__:<module>:220 - Training time taken = 199.57 seconds, Evaluation time taken = nan seconds, loss = 0.0294, fid = None
2026-03-04 16:04:23.008 | INFO     | __main__:<module>:157 - Epoch = 914 / 2000
2026-03-04 16:07:41.482 | INFO     | __main__:<module>:220 - Training time taken = 198.47 seconds, Evaluation time taken = nan seconds, loss = 0.02939, fid = None
2026-03-04 16:07:41.482 | INFO     | __main__:<module>:157 - Epoch = 915 / 2000
2026-03-04 16:11:00.974 | INFO     | __main__:<module>:220 - Training time taken = 199.49 seconds, Evaluation time taken = nan seconds, loss = 0.02994, fid = None
2026-03-04 16:11:00.974 | INFO     | __main__:<module>:157 - Epoch = 916 / 2000
2026-03-04 16:14:18.807 | INFO     | __main__:<module>:220 - Training time taken = 197.83 seconds, Evaluation time taken = nan seconds, loss = 0.03006, fid = None
2026-03-04 16:14:18.808 | INFO     | __main__:<module>:157 - Epoch = 917 / 2000
2026-03-04 16:17:36.389 | INFO     | __main__:<module>:220 - Training time taken = 197.58 seconds, Evaluation time taken = nan seconds, loss = 0.0294, fid = None
2026-03-04 16:17:36.389 | INFO     | __main__:<module>:157 - Epoch = 918 / 2000
2026-03-04 16:20:54.906 | INFO     | __main__:<module>:220 - Training time taken = 198.52 seconds, Evaluation time taken = nan seconds, loss = 0.03002, fid = None
2026-03-04 16:20:54.906 | INFO     | __main__:<module>:157 - Epoch = 919 / 2000
2026-03-04 16:24:12.442 | INFO     | __main__:<module>:220 - Training time taken = 197.53 seconds, Evaluation time taken = nan seconds, loss = 0.03014, fid = None
2026-03-04 16:24:12.443 | INFO     | __main__:<module>:157 - Epoch = 920 / 2000
2026-03-04 16:27:31.658 | INFO     | __main__:<module>:220 - Training time taken = 199.21 seconds, Evaluation time taken = nan seconds, loss = 0.02968, fid = None
2026-03-04 16:27:31.659 | INFO     | __main__:<module>:157 - Epoch = 921 / 2000
2026-03-04 16:30:52.397 | INFO     | __main__:<module>:220 - Training time taken = 200.74 seconds, Evaluation time taken = nan seconds, loss = 0.03003, fid = None
2026-03-04 16:30:52.397 | INFO     | __main__:<module>:157 - Epoch = 922 / 2000
2026-03-04 16:34:11.275 | INFO     | __main__:<module>:220 - Training time taken = 198.88 seconds, Evaluation time taken = nan seconds, loss = 0.02978, fid = None
2026-03-04 16:34:11.275 | INFO     | __main__:<module>:157 - Epoch = 923 / 2000
2026-03-04 16:37:28.914 | INFO     | __main__:<module>:220 - Training time taken = 197.64 seconds, Evaluation time taken = nan seconds, loss = 0.02967, fid = None
2026-03-04 16:37:28.915 | INFO     | __main__:<module>:157 - Epoch = 924 / 2000
2026-03-04 16:40:45.870 | INFO     | __main__:<module>:220 - Training time taken = 196.95 seconds, Evaluation time taken = nan seconds, loss = 0.02928, fid = None
2026-03-04 16:40:45.871 | INFO     | __main__:<module>:157 - Epoch = 925 / 2000
2026-03-04 16:44:03.761 | INFO     | __main__:<module>:220 - Training time taken = 197.89 seconds, Evaluation time taken = nan seconds, loss = 0.02999, fid = None
2026-03-04 16:44:03.761 | INFO     | __main__:<module>:157 - Epoch = 926 / 2000
2026-03-04 16:47:21.004 | INFO     | __main__:<module>:220 - Training time taken = 197.24 seconds, Evaluation time taken = nan seconds, loss = 0.0302, fid = None
2026-03-04 16:47:21.004 | INFO     | __main__:<module>:157 - Epoch = 927 / 2000
2026-03-04 16:50:38.379 | INFO     | __main__:<module>:220 - Training time taken = 197.37 seconds, Evaluation time taken = nan seconds, loss = 0.02988, fid = None
2026-03-04 16:50:38.379 | INFO     | __main__:<module>:157 - Epoch = 928 / 2000
2026-03-04 16:53:55.639 | INFO     | __main__:<module>:220 - Training time taken = 197.26 seconds, Evaluation time taken = nan seconds, loss = 0.02949, fid = None
2026-03-04 16:53:55.640 | INFO     | __main__:<module>:157 - Epoch = 929 / 2000
2026-03-04 16:57:12.758 | INFO     | __main__:<module>:220 - Training time taken = 197.12 seconds, Evaluation time taken = nan seconds, loss = 0.03028, fid = None
2026-03-04 16:57:12.759 | INFO     | __main__:<module>:157 - Epoch = 930 / 2000
2026-03-04 17:00:30.872 | INFO     | __main__:<module>:220 - Training time taken = 198.11 seconds, Evaluation time taken = nan seconds, loss = 0.02968, fid = None
2026-03-04 17:00:30.872 | INFO     | __main__:<module>:157 - Epoch = 931 / 2000
2026-03-04 17:03:48.089 | INFO     | __main__:<module>:220 - Training time taken = 197.22 seconds, Evaluation time taken = nan seconds, loss = 0.02927, fid = None
2026-03-04 17:03:48.089 | INFO     | __main__:<module>:157 - Epoch = 932 / 2000
2026-03-04 17:07:06.202 | INFO     | __main__:<module>:220 - Training time taken = 198.11 seconds, Evaluation time taken = nan seconds, loss = 0.02977, fid = None
2026-03-04 17:07:06.202 | INFO     | __main__:<module>:157 - Epoch = 933 / 2000
2026-03-04 17:10:23.897 | INFO     | __main__:<module>:220 - Training time taken = 197.69 seconds, Evaluation time taken = nan seconds, loss = 0.02993, fid = None
2026-03-04 17:10:23.898 | INFO     | __main__:<module>:157 - Epoch = 934 / 2000
2026-03-04 17:13:41.738 | INFO     | __main__:<module>:220 - Training time taken = 197.84 seconds, Evaluation time taken = nan seconds, loss = 0.02977, fid = None
2026-03-04 17:13:41.738 | INFO     | __main__:<module>:157 - Epoch = 935 / 2000
2026-03-04 17:17:00.062 | INFO     | __main__:<module>:220 - Training time taken = 198.32 seconds, Evaluation time taken = nan seconds, loss = 0.03006, fid = None
2026-03-04 17:17:00.063 | INFO     | __main__:<module>:157 - Epoch = 936 / 2000
2026-03-04 17:20:17.145 | INFO     | __main__:<module>:220 - Training time taken = 197.08 seconds, Evaluation time taken = nan seconds, loss = 0.02978, fid = None
2026-03-04 17:20:17.145 | INFO     | __main__:<module>:157 - Epoch = 937 / 2000
2026-03-04 17:23:34.746 | INFO     | __main__:<module>:220 - Training time taken = 197.6 seconds, Evaluation time taken = nan seconds, loss = 0.03004, fid = None
2026-03-04 17:23:34.746 | INFO     | __main__:<module>:157 - Epoch = 938 / 2000
2026-03-04 17:26:52.024 | INFO     | __main__:<module>:220 - Training time taken = 197.28 seconds, Evaluation time taken = nan seconds, loss = 0.02967, fid = None
2026-03-04 17:26:52.024 | INFO     | __main__:<module>:157 - Epoch = 939 / 2000
2026-03-04 17:30:10.443 | INFO     | __main__:<module>:220 - Training time taken = 198.42 seconds, Evaluation time taken = nan seconds, loss = 0.03014, fid = None
2026-03-04 17:30:10.443 | INFO     | __main__:<module>:157 - Epoch = 940 / 2000
2026-03-04 17:33:29.248 | INFO     | __main__:<module>:220 - Training time taken = 198.8 seconds, Evaluation time taken = nan seconds, loss = 0.02969, fid = None
2026-03-04 17:33:29.248 | INFO     | __main__:<module>:157 - Epoch = 941 / 2000
2026-03-04 17:36:48.010 | INFO     | __main__:<module>:220 - Training time taken = 198.76 seconds, Evaluation time taken = nan seconds, loss = 0.03009, fid = None
2026-03-04 17:36:48.011 | INFO     | __main__:<module>:157 - Epoch = 942 / 2000
2026-03-04 17:40:05.892 | INFO     | __main__:<module>:220 - Training time taken = 197.88 seconds, Evaluation time taken = nan seconds, loss = 0.03001, fid = None
2026-03-04 17:40:05.892 | INFO     | __main__:<module>:157 - Epoch = 943 / 2000
2026-03-04 17:43:23.590 | INFO     | __main__:<module>:220 - Training time taken = 197.7 seconds, Evaluation time taken = nan seconds, loss = 0.03002, fid = None
2026-03-04 17:43:23.590 | INFO     | __main__:<module>:157 - Epoch = 944 / 2000
2026-03-04 17:46:40.823 | INFO     | __main__:<module>:220 - Training time taken = 197.23 seconds, Evaluation time taken = nan seconds, loss = 0.03024, fid = None
2026-03-04 17:46:40.824 | INFO     | __main__:<module>:157 - Epoch = 945 / 2000
2026-03-04 17:49:58.261 | INFO     | __main__:<module>:220 - Training time taken = 197.44 seconds, Evaluation time taken = nan seconds, loss = 0.03024, fid = None
2026-03-04 17:49:58.261 | INFO     | __main__:<module>:157 - Epoch = 946 / 2000
2026-03-04 17:53:15.339 | INFO     | __main__:<module>:220 - Training time taken = 197.08 seconds, Evaluation time taken = nan seconds, loss = 0.02984, fid = None
2026-03-04 17:53:15.339 | INFO     | __main__:<module>:157 - Epoch = 947 / 2000
2026-03-04 17:56:32.204 | INFO     | __main__:<module>:220 - Training time taken = 196.86 seconds, Evaluation time taken = nan seconds, loss = 0.02995, fid = None
2026-03-04 17:56:32.205 | INFO     | __main__:<module>:157 - Epoch = 948 / 2000
2026-03-04 17:59:49.811 | INFO     | __main__:<module>:220 - Training time taken = 197.61 seconds, Evaluation time taken = nan seconds, loss = 0.02981, fid = None
2026-03-04 17:59:49.812 | INFO     | __main__:<module>:157 - Epoch = 949 / 2000
2026-03-04 18:03:06.484 | INFO     | __main__:<module>:220 - Training time taken = 196.67 seconds, Evaluation time taken = nan seconds, loss = 0.03021, fid = None
2026-03-04 18:03:06.484 | INFO     | __main__:<module>:157 - Epoch = 950 / 2000
2026-03-04 18:06:23.986 | INFO     | __main__:<module>:220 - Training time taken = 197.5 seconds, Evaluation time taken = nan seconds, loss = 0.03001, fid = None
2026-03-04 18:06:23.987 | INFO     | __main__:<module>:157 - Epoch = 951 / 2000
2026-03-04 18:09:42.182 | INFO     | __main__:<module>:220 - Training time taken = 198.19 seconds, Evaluation time taken = nan seconds, loss = 0.03028, fid = None
2026-03-04 18:09:42.183 | INFO     | __main__:<module>:157 - Epoch = 952 / 2000
2026-03-04 18:13:00.166 | INFO     | __main__:<module>:220 - Training time taken = 197.98 seconds, Evaluation time taken = nan seconds, loss = 0.0302, fid = None
2026-03-04 18:13:00.166 | INFO     | __main__:<module>:157 - Epoch = 953 / 2000
2026-03-04 18:16:18.266 | INFO     | __main__:<module>:220 - Training time taken = 198.1 seconds, Evaluation time taken = nan seconds, loss = 0.03003, fid = None
2026-03-04 18:16:18.266 | INFO     | __main__:<module>:157 - Epoch = 954 / 2000
2026-03-04 18:19:35.616 | INFO     | __main__:<module>:220 - Training time taken = 197.35 seconds, Evaluation time taken = nan seconds, loss = 0.02968, fid = None
2026-03-04 18:19:35.616 | INFO     | __main__:<module>:157 - Epoch = 955 / 2000
2026-03-04 18:22:53.471 | INFO     | __main__:<module>:220 - Training time taken = 197.85 seconds, Evaluation time taken = nan seconds, loss = 0.03015, fid = None
2026-03-04 18:22:53.471 | INFO     | __main__:<module>:157 - Epoch = 956 / 2000
2026-03-04 18:26:10.571 | INFO     | __main__:<module>:220 - Training time taken = 197.1 seconds, Evaluation time taken = nan seconds, loss = 0.03047, fid = None
2026-03-04 18:26:10.572 | INFO     | __main__:<module>:157 - Epoch = 957 / 2000
2026-03-04 18:29:27.878 | INFO     | __main__:<module>:220 - Training time taken = 197.31 seconds, Evaluation time taken = nan seconds, loss = 0.03023, fid = None
2026-03-04 18:29:27.879 | INFO     | __main__:<module>:157 - Epoch = 958 / 2000
2026-03-04 18:32:45.572 | INFO     | __main__:<module>:220 - Training time taken = 197.69 seconds, Evaluation time taken = nan seconds, loss = 0.02969, fid = None
2026-03-04 18:32:45.573 | INFO     | __main__:<module>:157 - Epoch = 959 / 2000
2026-03-04 18:36:03.019 | INFO     | __main__:<module>:220 - Training time taken = 197.45 seconds, Evaluation time taken = nan seconds, loss = 0.02954, fid = None
2026-03-04 18:36:03.020 | INFO     | __main__:<module>:157 - Epoch = 960 / 2000
2026-03-04 18:39:21.646 | INFO     | __main__:<module>:220 - Training time taken = 198.63 seconds, Evaluation time taken = nan seconds, loss = 0.02957, fid = None
2026-03-04 18:39:21.646 | INFO     | __main__:<module>:157 - Epoch = 961 / 2000
2026-03-04 18:42:38.651 | INFO     | __main__:<module>:220 - Training time taken = 197.0 seconds, Evaluation time taken = nan seconds, loss = 0.02943, fid = None
2026-03-04 18:42:38.651 | INFO     | __main__:<module>:157 - Epoch = 962 / 2000
2026-03-04 18:45:56.156 | INFO     | __main__:<module>:220 - Training time taken = 197.5 seconds, Evaluation time taken = nan seconds, loss = 0.03009, fid = None
2026-03-04 18:45:56.156 | INFO     | __main__:<module>:157 - Epoch = 963 / 2000
2026-03-04 18:49:13.455 | INFO     | __main__:<module>:220 - Training time taken = 197.3 seconds, Evaluation time taken = nan seconds, loss = 0.02954, fid = None
2026-03-04 18:49:13.455 | INFO     | __main__:<module>:157 - Epoch = 964 / 2000
2026-03-04 18:52:31.052 | INFO     | __main__:<module>:220 - Training time taken = 197.6 seconds, Evaluation time taken = nan seconds, loss = 0.02958, fid = None
2026-03-04 18:52:31.052 | INFO     | __main__:<module>:157 - Epoch = 965 / 2000
2026-03-04 18:55:49.676 | INFO     | __main__:<module>:220 - Training time taken = 198.62 seconds, Evaluation time taken = nan seconds, loss = 0.02951, fid = None
2026-03-04 18:55:49.676 | INFO     | __main__:<module>:157 - Epoch = 966 / 2000
2026-03-04 18:59:06.623 | INFO     | __main__:<module>:220 - Training time taken = 196.95 seconds, Evaluation time taken = nan seconds, loss = 0.02994, fid = None
2026-03-04 18:59:06.623 | INFO     | __main__:<module>:157 - Epoch = 967 / 2000
2026-03-04 19:02:24.260 | INFO     | __main__:<module>:220 - Training time taken = 197.63 seconds, Evaluation time taken = nan seconds, loss = 0.0298, fid = None
2026-03-04 19:02:24.260 | INFO     | __main__:<module>:157 - Epoch = 968 / 2000
2026-03-04 19:05:42.061 | INFO     | __main__:<module>:220 - Training time taken = 197.8 seconds, Evaluation time taken = nan seconds, loss = 0.02976, fid = None
2026-03-04 19:05:42.061 | INFO     | __main__:<module>:157 - Epoch = 969 / 2000
2026-03-04 19:08:59.881 | INFO     | __main__:<module>:220 - Training time taken = 197.82 seconds, Evaluation time taken = nan seconds, loss = 0.03025, fid = None
2026-03-04 19:08:59.882 | INFO     | __main__:<module>:157 - Epoch = 970 / 2000
2026-03-04 19:12:19.891 | INFO     | __main__:<module>:220 - Training time taken = 200.01 seconds, Evaluation time taken = nan seconds, loss = 0.02995, fid = None
2026-03-04 19:12:19.892 | INFO     | __main__:<module>:157 - Epoch = 971 / 2000
2026-03-04 19:15:38.765 | INFO     | __main__:<module>:220 - Training time taken = 198.87 seconds, Evaluation time taken = nan seconds, loss = 0.02988, fid = None
2026-03-04 19:15:38.766 | INFO     | __main__:<module>:157 - Epoch = 972 / 2000
2026-03-04 19:18:58.047 | INFO     | __main__:<module>:220 - Training time taken = 199.28 seconds, Evaluation time taken = nan seconds, loss = 0.03003, fid = None
2026-03-04 19:18:58.047 | INFO     | __main__:<module>:157 - Epoch = 973 / 2000
2026-03-04 19:22:16.040 | INFO     | __main__:<module>:220 - Training time taken = 197.99 seconds, Evaluation time taken = nan seconds, loss = 0.02965, fid = None
2026-03-04 19:22:16.040 | INFO     | __main__:<module>:157 - Epoch = 974 / 2000
2026-03-04 19:25:33.546 | INFO     | __main__:<module>:220 - Training time taken = 197.5 seconds, Evaluation time taken = nan seconds, loss = 0.03021, fid = None
2026-03-04 19:25:33.546 | INFO     | __main__:<module>:157 - Epoch = 975 / 2000
2026-03-04 19:28:51.429 | INFO     | __main__:<module>:220 - Training time taken = 197.88 seconds, Evaluation time taken = nan seconds, loss = 0.03004, fid = None
2026-03-04 19:28:51.429 | INFO     | __main__:<module>:157 - Epoch = 976 / 2000
2026-03-04 19:32:09.036 | INFO     | __main__:<module>:220 - Training time taken = 197.61 seconds, Evaluation time taken = nan seconds, loss = 0.02999, fid = None
2026-03-04 19:32:09.036 | INFO     | __main__:<module>:157 - Epoch = 977 / 2000
2026-03-04 19:35:28.446 | INFO     | __main__:<module>:220 - Training time taken = 199.41 seconds, Evaluation time taken = nan seconds, loss = 0.02988, fid = None
2026-03-04 19:35:28.446 | INFO     | __main__:<module>:157 - Epoch = 978 / 2000
2026-03-04 19:38:46.207 | INFO     | __main__:<module>:220 - Training time taken = 197.76 seconds, Evaluation time taken = nan seconds, loss = 0.02916, fid = None
2026-03-04 19:38:46.207 | INFO     | __main__:<module>:157 - Epoch = 979 / 2000
2026-03-04 19:42:04.623 | INFO     | __main__:<module>:220 - Training time taken = 198.41 seconds, Evaluation time taken = nan seconds, loss = 0.02951, fid = None
2026-03-04 19:42:04.623 | INFO     | __main__:<module>:157 - Epoch = 980 / 2000
2026-03-04 19:45:22.460 | INFO     | __main__:<module>:220 - Training time taken = 197.84 seconds, Evaluation time taken = nan seconds, loss = 0.02994, fid = None
2026-03-04 19:45:22.460 | INFO     | __main__:<module>:157 - Epoch = 981 / 2000
2026-03-04 19:48:41.162 | INFO     | __main__:<module>:220 - Training time taken = 198.7 seconds, Evaluation time taken = nan seconds, loss = 0.0298, fid = None
2026-03-04 19:48:41.162 | INFO     | __main__:<module>:157 - Epoch = 982 / 2000
2026-03-04 19:51:58.714 | INFO     | __main__:<module>:220 - Training time taken = 197.55 seconds, Evaluation time taken = nan seconds, loss = 0.02991, fid = None
2026-03-04 19:51:58.714 | INFO     | __main__:<module>:157 - Epoch = 983 / 2000
2026-03-04 19:55:17.322 | INFO     | __main__:<module>:220 - Training time taken = 198.61 seconds, Evaluation time taken = nan seconds, loss = 0.03038, fid = None
2026-03-04 19:55:17.322 | INFO     | __main__:<module>:157 - Epoch = 984 / 2000
2026-03-04 19:58:34.866 | INFO     | __main__:<module>:220 - Training time taken = 197.54 seconds, Evaluation time taken = nan seconds, loss = 0.02982, fid = None
2026-03-04 19:58:34.866 | INFO     | __main__:<module>:157 - Epoch = 985 / 2000
2026-03-04 20:01:52.559 | INFO     | __main__:<module>:220 - Training time taken = 197.69 seconds, Evaluation time taken = nan seconds, loss = 0.02979, fid = None
2026-03-04 20:01:52.559 | INFO     | __main__:<module>:157 - Epoch = 986 / 2000
2026-03-04 20:05:11.467 | INFO     | __main__:<module>:220 - Training time taken = 198.91 seconds, Evaluation time taken = nan seconds, loss = 0.02965, fid = None
2026-03-04 20:05:11.467 | INFO     | __main__:<module>:157 - Epoch = 987 / 2000
2026-03-04 20:08:31.193 | INFO     | __main__:<module>:220 - Training time taken = 199.72 seconds, Evaluation time taken = nan seconds, loss = 0.02971, fid = None
2026-03-04 20:08:31.193 | INFO     | __main__:<module>:157 - Epoch = 988 / 2000
2026-03-04 20:11:51.373 | INFO     | __main__:<module>:220 - Training time taken = 200.18 seconds, Evaluation time taken = nan seconds, loss = 0.02958, fid = None
2026-03-04 20:11:51.373 | INFO     | __main__:<module>:157 - Epoch = 989 / 2000
2026-03-04 20:15:10.999 | INFO     | __main__:<module>:220 - Training time taken = 199.62 seconds, Evaluation time taken = nan seconds, loss = 0.03001, fid = None
2026-03-04 20:15:10.999 | INFO     | __main__:<module>:157 - Epoch = 990 / 2000
2026-03-04 20:18:30.588 | INFO     | __main__:<module>:220 - Training time taken = 199.59 seconds, Evaluation time taken = nan seconds, loss = 0.02977, fid = None
2026-03-04 20:18:30.589 | INFO     | __main__:<module>:157 - Epoch = 991 / 2000
2026-03-04 20:21:50.171 | INFO     | __main__:<module>:220 - Training time taken = 199.58 seconds, Evaluation time taken = nan seconds, loss = 0.02975, fid = None
2026-03-04 20:21:50.171 | INFO     | __main__:<module>:157 - Epoch = 992 / 2000
2026-03-04 20:25:10.344 | INFO     | __main__:<module>:220 - Training time taken = 200.17 seconds, Evaluation time taken = nan seconds, loss = 0.02966, fid = None
2026-03-04 20:25:10.344 | INFO     | __main__:<module>:157 - Epoch = 993 / 2000
2026-03-04 20:28:27.879 | INFO     | __main__:<module>:220 - Training time taken = 197.53 seconds, Evaluation time taken = nan seconds, loss = 0.02997, fid = None
2026-03-04 20:28:27.880 | INFO     | __main__:<module>:157 - Epoch = 994 / 2000
2026-03-04 20:31:45.665 | INFO     | __main__:<module>:220 - Training time taken = 197.78 seconds, Evaluation time taken = nan seconds, loss = 0.02923, fid = None
2026-03-04 20:31:45.666 | INFO     | __main__:<module>:157 - Epoch = 995 / 2000
2026-03-04 20:35:03.950 | INFO     | __main__:<module>:220 - Training time taken = 198.28 seconds, Evaluation time taken = nan seconds, loss = 0.02991, fid = None
2026-03-04 20:35:03.951 | INFO     | __main__:<module>:157 - Epoch = 996 / 2000
2026-03-04 20:38:22.109 | INFO     | __main__:<module>:220 - Training time taken = 198.16 seconds, Evaluation time taken = nan seconds, loss = 0.03027, fid = None
2026-03-04 20:38:22.110 | INFO     | __main__:<module>:157 - Epoch = 997 / 2000
2026-03-04 20:41:39.761 | INFO     | __main__:<module>:220 - Training time taken = 197.65 seconds, Evaluation time taken = nan seconds, loss = 0.02973, fid = None
2026-03-04 20:41:39.762 | INFO     | __main__:<module>:157 - Epoch = 998 / 2000
2026-03-04 20:44:58.249 | INFO     | __main__:<module>:220 - Training time taken = 198.49 seconds, Evaluation time taken = nan seconds, loss = 0.02938, fid = None
2026-03-04 20:44:58.249 | INFO     | __main__:<module>:157 - Epoch = 999 / 2000
2026-03-04 20:48:16.251 | INFO     | __main__:<module>:220 - Training time taken = 198.0 seconds, Evaluation time taken = nan seconds, loss = 0.02943, fid = None
2026-03-04 20:48:16.251 | INFO     | __main__:<module>:157 - Epoch = 1000 / 2000
2026-03-04 20:51:34.260 | INFO     | __main__:<module>:184 - Running evaluation
2026-03-04 20:51:34.261 | INFO     | eval_utils:eval:157 - Computing activations on real dataset
2026-03-04 20:52:55.089 | INFO     | eval_utils:eval:160 - real activations shape = (50000, 2048). Computing statistics on real dataset
2026-03-04 20:52:59.086 | INFO     | eval_utils:eval:164 - Generating samples and computing activations
2026-03-05 14:26:55.343 | INFO     | eval_utils:eval:166 - fake activations shape = (50176, 2048). Computing statistics on generated sample activations
2026-03-05 14:26:56.508 | INFO     | eval_utils:eval:169 - real activation mean = (2048,), cov = (2048, 2048)
2026-03-05 14:26:56.509 | INFO     | eval_utils:eval:170 - fake activation mean = (2048,), cov = (2048, 2048)
2026-03-05 14:27:20.746 | INFO     | __main__:<module>:195 - Generating 100 samples
2026-03-05 14:29:33.082 | INFO     | __main__:<module>:206 - Generation completed in 132.34 seconds
2026-03-05 14:29:33.083 | INFO     | __main__:<module>:210 - Saving the model at path = runs/cifar10/v8/model-epoch-1000.bin
2026-03-05 14:29:34.469 | INFO     | __main__:<module>:220 - Training time taken = 198.0 seconds, Evaluation time taken = 63346.49 seconds, loss = 0.0297, fid = 17.17286176939757
2026-03-05 14:29:34.469 | INFO     | __main__:<module>:157 - Epoch = 1001 / 2000
2026-03-05 14:32:55.606 | INFO     | __main__:<module>:220 - Training time taken = 201.14 seconds, Evaluation time taken = nan seconds, loss = 0.02935, fid = None
2026-03-05 14:32:55.607 | INFO     | __main__:<module>:157 - Epoch = 1002 / 2000
2026-03-05 14:36:18.310 | INFO     | __main__:<module>:220 - Training time taken = 202.7 seconds, Evaluation time taken = nan seconds, loss = 0.02998, fid = None
2026-03-05 14:36:18.311 | INFO     | __main__:<module>:157 - Epoch = 1003 / 2000
2026-03-05 14:39:40.705 | INFO     | __main__:<module>:220 - Training time taken = 202.39 seconds, Evaluation time taken = nan seconds, loss = 0.02938, fid = None
2026-03-05 14:39:40.705 | INFO     | __main__:<module>:157 - Epoch = 1004 / 2000
2026-03-05 14:43:00.501 | INFO     | __main__:<module>:220 - Training time taken = 199.79 seconds, Evaluation time taken = nan seconds, loss = 0.02965, fid = None
2026-03-05 14:43:00.501 | INFO     | __main__:<module>:157 - Epoch = 1005 / 2000
2026-03-05 14:46:19.632 | INFO     | __main__:<module>:220 - Training time taken = 199.13 seconds, Evaluation time taken = nan seconds, loss = 0.02978, fid = None
2026-03-05 14:46:19.633 | INFO     | __main__:<module>:157 - Epoch = 1006 / 2000
2026-03-05 14:49:39.894 | INFO     | __main__:<module>:220 - Training time taken = 200.26 seconds, Evaluation time taken = nan seconds, loss = 0.02931, fid = None
2026-03-05 14:49:39.894 | INFO     | __main__:<module>:157 - Epoch = 1007 / 2000
2026-03-05 14:52:59.754 | INFO     | __main__:<module>:220 - Training time taken = 199.86 seconds, Evaluation time taken = nan seconds, loss = 0.02984, fid = None
2026-03-05 14:52:59.754 | INFO     | __main__:<module>:157 - Epoch = 1008 / 2000
2026-03-05 14:56:19.375 | INFO     | __main__:<module>:220 - Training time taken = 199.62 seconds, Evaluation time taken = nan seconds, loss = 0.02978, fid = None
2026-03-05 14:56:19.375 | INFO     | __main__:<module>:157 - Epoch = 1009 / 2000
2026-03-05 14:59:40.149 | INFO     | __main__:<module>:220 - Training time taken = 200.77 seconds, Evaluation time taken = nan seconds, loss = 0.02971, fid = None
2026-03-05 14:59:40.149 | INFO     | __main__:<module>:157 - Epoch = 1010 / 2000
2026-03-05 15:03:00.570 | INFO     | __main__:<module>:220 - Training time taken = 200.42 seconds, Evaluation time taken = nan seconds, loss = 0.03007, fid = None
2026-03-05 15:03:00.570 | INFO     | __main__:<module>:157 - Epoch = 1011 / 2000
2026-03-05 15:06:21.117 | INFO     | __main__:<module>:220 - Training time taken = 200.55 seconds, Evaluation time taken = nan seconds, loss = 0.02964, fid = None
2026-03-05 15:06:21.118 | INFO     | __main__:<module>:157 - Epoch = 1012 / 2000
2026-03-05 15:09:41.532 | INFO     | __main__:<module>:220 - Training time taken = 200.41 seconds, Evaluation time taken = nan seconds, loss = 0.03059, fid = None
2026-03-05 15:09:41.532 | INFO     | __main__:<module>:157 - Epoch = 1013 / 2000
2026-03-05 15:13:01.704 | INFO     | __main__:<module>:220 - Training time taken = 200.17 seconds, Evaluation time taken = nan seconds, loss = 0.03024, fid = None
2026-03-05 15:13:01.704 | INFO     | __main__:<module>:157 - Epoch = 1014 / 2000
2026-03-05 15:16:23.416 | INFO     | __main__:<module>:220 - Training time taken = 201.71 seconds, Evaluation time taken = nan seconds, loss = 0.02975, fid = None
2026-03-05 15:16:23.416 | INFO     | __main__:<module>:157 - Epoch = 1015 / 2000
2026-03-05 15:19:44.290 | INFO     | __main__:<module>:220 - Training time taken = 200.87 seconds, Evaluation time taken = nan seconds, loss = 0.03047, fid = None
2026-03-05 15:19:44.291 | INFO     | __main__:<module>:157 - Epoch = 1016 / 2000
2026-03-05 15:23:05.467 | INFO     | __main__:<module>:220 - Training time taken = 201.17 seconds, Evaluation time taken = nan seconds, loss = 0.02985, fid = None
2026-03-05 15:23:05.468 | INFO     | __main__:<module>:157 - Epoch = 1017 / 2000
2026-03-05 15:26:26.224 | INFO     | __main__:<module>:220 - Training time taken = 200.75 seconds, Evaluation time taken = nan seconds, loss = 0.0299, fid = None
2026-03-05 15:26:26.224 | INFO     | __main__:<module>:157 - Epoch = 1018 / 2000
2026-03-05 15:29:47.575 | INFO     | __main__:<module>:220 - Training time taken = 201.35 seconds, Evaluation time taken = nan seconds, loss = 0.02968, fid = None
2026-03-05 15:29:47.575 | INFO     | __main__:<module>:157 - Epoch = 1019 / 2000
2026-03-05 15:33:09.660 | INFO     | __main__:<module>:220 - Training time taken = 202.08 seconds, Evaluation time taken = nan seconds, loss = 0.02964, fid = None
2026-03-05 15:33:09.660 | INFO     | __main__:<module>:157 - Epoch = 1020 / 2000
2026-03-05 15:36:30.838 | INFO     | __main__:<module>:220 - Training time taken = 201.18 seconds, Evaluation time taken = nan seconds, loss = 0.02999, fid = None
2026-03-05 15:36:30.839 | INFO     | __main__:<module>:157 - Epoch = 1021 / 2000
2026-03-05 15:39:52.556 | INFO     | __main__:<module>:220 - Training time taken = 201.72 seconds, Evaluation time taken = nan seconds, loss = 0.02987, fid = None
2026-03-05 15:39:52.557 | INFO     | __main__:<module>:157 - Epoch = 1022 / 2000
2026-03-05 15:43:14.162 | INFO     | __main__:<module>:220 - Training time taken = 201.6 seconds, Evaluation time taken = nan seconds, loss = 0.02953, fid = None
2026-03-05 15:43:14.162 | INFO     | __main__:<module>:157 - Epoch = 1023 / 2000
2026-03-05 15:46:35.581 | INFO     | __main__:<module>:220 - Training time taken = 201.42 seconds, Evaluation time taken = nan seconds, loss = 0.02982, fid = None
2026-03-05 15:46:35.581 | INFO     | __main__:<module>:157 - Epoch = 1024 / 2000
2026-03-05 15:49:56.751 | INFO     | __main__:<module>:220 - Training time taken = 201.17 seconds, Evaluation time taken = nan seconds, loss = 0.02977, fid = None
2026-03-05 15:49:56.751 | INFO     | __main__:<module>:157 - Epoch = 1025 / 2000
2026-03-05 15:53:17.968 | INFO     | __main__:<module>:220 - Training time taken = 201.22 seconds, Evaluation time taken = nan seconds, loss = 0.02938, fid = None
2026-03-05 15:53:17.969 | INFO     | __main__:<module>:157 - Epoch = 1026 / 2000
2026-03-05 15:56:38.898 | INFO     | __main__:<module>:220 - Training time taken = 200.93 seconds, Evaluation time taken = nan seconds, loss = 0.02963, fid = None
2026-03-05 15:56:38.898 | INFO     | __main__:<module>:157 - Epoch = 1027 / 2000
2026-03-05 15:59:59.846 | INFO     | __main__:<module>:220 - Training time taken = 200.95 seconds, Evaluation time taken = nan seconds, loss = 0.02984, fid = None
2026-03-05 15:59:59.847 | INFO     | __main__:<module>:157 - Epoch = 1028 / 2000
2026-03-05 16:03:21.810 | INFO     | __main__:<module>:220 - Training time taken = 201.96 seconds, Evaluation time taken = nan seconds, loss = 0.02992, fid = None
2026-03-05 16:03:21.811 | INFO     | __main__:<module>:157 - Epoch = 1029 / 2000
2026-03-05 16:06:43.754 | INFO     | __main__:<module>:220 - Training time taken = 201.94 seconds, Evaluation time taken = nan seconds, loss = 0.02983, fid = None
2026-03-05 16:06:43.755 | INFO     | __main__:<module>:157 - Epoch = 1030 / 2000
2026-03-05 16:10:05.133 | INFO     | __main__:<module>:220 - Training time taken = 201.38 seconds, Evaluation time taken = nan seconds, loss = 0.02981, fid = None
2026-03-05 16:10:05.133 | INFO     | __main__:<module>:157 - Epoch = 1031 / 2000
2026-03-05 16:13:26.741 | INFO     | __main__:<module>:220 - Training time taken = 201.61 seconds, Evaluation time taken = nan seconds, loss = 0.02974, fid = None
2026-03-05 16:13:26.742 | INFO     | __main__:<module>:157 - Epoch = 1032 / 2000
2026-03-05 16:16:48.410 | INFO     | __main__:<module>:220 - Training time taken = 201.67 seconds, Evaluation time taken = nan seconds, loss = 0.02983, fid = None
2026-03-05 16:16:48.410 | INFO     | __main__:<module>:157 - Epoch = 1033 / 2000
2026-03-05 16:20:10.460 | INFO     | __main__:<module>:220 - Training time taken = 202.05 seconds, Evaluation time taken = nan seconds, loss = 0.02995, fid = None
2026-03-05 16:20:10.460 | INFO     | __main__:<module>:157 - Epoch = 1034 / 2000
2026-03-05 16:23:33.049 | INFO     | __main__:<module>:220 - Training time taken = 202.59 seconds, Evaluation time taken = nan seconds, loss = 0.02964, fid = None
2026-03-05 16:23:33.049 | INFO     | __main__:<module>:157 - Epoch = 1035 / 2000
2026-03-05 16:26:54.896 | INFO     | __main__:<module>:220 - Training time taken = 201.85 seconds, Evaluation time taken = nan seconds, loss = 0.02983, fid = None
2026-03-05 16:26:54.897 | INFO     | __main__:<module>:157 - Epoch = 1036 / 2000
2026-03-05 16:30:16.237 | INFO     | __main__:<module>:220 - Training time taken = 201.34 seconds, Evaluation time taken = nan seconds, loss = 0.03019, fid = None
2026-03-05 16:30:16.237 | INFO     | __main__:<module>:157 - Epoch = 1037 / 2000
2026-03-05 16:33:37.290 | INFO     | __main__:<module>:220 - Training time taken = 201.05 seconds, Evaluation time taken = nan seconds, loss = 0.02956, fid = None
2026-03-05 16:33:37.291 | INFO     | __main__:<module>:157 - Epoch = 1038 / 2000
2026-03-05 16:36:58.516 | INFO     | __main__:<module>:220 - Training time taken = 201.22 seconds, Evaluation time taken = nan seconds, loss = 0.02982, fid = None
2026-03-05 16:36:58.517 | INFO     | __main__:<module>:157 - Epoch = 1039 / 2000
2026-03-05 16:40:21.390 | INFO     | __main__:<module>:220 - Training time taken = 202.87 seconds, Evaluation time taken = nan seconds, loss = 0.02985, fid = None
2026-03-05 16:40:21.390 | INFO     | __main__:<module>:157 - Epoch = 1040 / 2000
2026-03-05 16:43:48.966 | INFO     | __main__:<module>:220 - Training time taken = 207.57 seconds, Evaluation time taken = nan seconds, loss = 0.02981, fid = None
2026-03-05 16:43:48.966 | INFO     | __main__:<module>:157 - Epoch = 1041 / 2000
2026-03-05 16:47:10.437 | INFO     | __main__:<module>:220 - Training time taken = 201.47 seconds, Evaluation time taken = nan seconds, loss = 0.02985, fid = None
2026-03-05 16:47:10.438 | INFO     | __main__:<module>:157 - Epoch = 1042 / 2000
2026-03-05 16:50:32.122 | INFO     | __main__:<module>:220 - Training time taken = 201.68 seconds, Evaluation time taken = nan seconds, loss = 0.0294, fid = None
2026-03-05 16:50:32.122 | INFO     | __main__:<module>:157 - Epoch = 1043 / 2000
2026-03-05 16:53:53.316 | INFO     | __main__:<module>:220 - Training time taken = 201.19 seconds, Evaluation time taken = nan seconds, loss = 0.02937, fid = None
2026-03-05 16:53:53.316 | INFO     | __main__:<module>:157 - Epoch = 1044 / 2000
2026-03-05 16:57:14.830 | INFO     | __main__:<module>:220 - Training time taken = 201.51 seconds, Evaluation time taken = nan seconds, loss = 0.02982, fid = None
2026-03-05 16:57:14.830 | INFO     | __main__:<module>:157 - Epoch = 1045 / 2000
2026-03-05 17:00:36.355 | INFO     | __main__:<module>:220 - Training time taken = 201.52 seconds, Evaluation time taken = nan seconds, loss = 0.02974, fid = None
2026-03-05 17:00:36.355 | INFO     | __main__:<module>:157 - Epoch = 1046 / 2000
2026-03-05 17:03:57.212 | INFO     | __main__:<module>:220 - Training time taken = 200.86 seconds, Evaluation time taken = nan seconds, loss = 0.0293, fid = None
2026-03-05 17:03:57.212 | INFO     | __main__:<module>:157 - Epoch = 1047 / 2000
2026-03-05 17:07:18.590 | INFO     | __main__:<module>:220 - Training time taken = 201.38 seconds, Evaluation time taken = nan seconds, loss = 0.02982, fid = None
2026-03-05 17:07:18.591 | INFO     | __main__:<module>:157 - Epoch = 1048 / 2000
2026-03-05 17:10:39.574 | INFO     | __main__:<module>:220 - Training time taken = 200.98 seconds, Evaluation time taken = nan seconds, loss = 0.0291, fid = None
2026-03-05 17:10:39.574 | INFO     | __main__:<module>:157 - Epoch = 1049 / 2000
2026-03-05 17:14:00.479 | INFO     | __main__:<module>:220 - Training time taken = 200.9 seconds, Evaluation time taken = nan seconds, loss = 0.02977, fid = None
2026-03-05 17:14:00.479 | INFO     | __main__:<module>:157 - Epoch = 1050 / 2000
2026-03-05 17:17:21.203 | INFO     | __main__:<module>:220 - Training time taken = 200.72 seconds, Evaluation time taken = nan seconds, loss = 0.02976, fid = None
2026-03-05 17:17:21.204 | INFO     | __main__:<module>:157 - Epoch = 1051 / 2000
2026-03-05 17:20:41.805 | INFO     | __main__:<module>:220 - Training time taken = 200.6 seconds, Evaluation time taken = nan seconds, loss = 0.02982, fid = None
2026-03-05 17:20:41.806 | INFO     | __main__:<module>:157 - Epoch = 1052 / 2000
2026-03-05 17:24:02.650 | INFO     | __main__:<module>:220 - Training time taken = 200.84 seconds, Evaluation time taken = nan seconds, loss = 0.03036, fid = None
2026-03-05 17:24:02.651 | INFO     | __main__:<module>:157 - Epoch = 1053 / 2000
2026-03-05 17:27:23.036 | INFO     | __main__:<module>:220 - Training time taken = 200.38 seconds, Evaluation time taken = nan seconds, loss = 0.03004, fid = None
2026-03-05 17:27:23.036 | INFO     | __main__:<module>:157 - Epoch = 1054 / 2000
2026-03-05 17:30:43.696 | INFO     | __main__:<module>:220 - Training time taken = 200.66 seconds, Evaluation time taken = nan seconds, loss = 0.02938, fid = None
2026-03-05 17:30:43.697 | INFO     | __main__:<module>:157 - Epoch = 1055 / 2000
2026-03-05 17:34:03.874 | INFO     | __main__:<module>:220 - Training time taken = 200.18 seconds, Evaluation time taken = nan seconds, loss = 0.0298, fid = None
2026-03-05 17:34:03.874 | INFO     | __main__:<module>:157 - Epoch = 1056 / 2000
2026-03-05 17:37:24.463 | INFO     | __main__:<module>:220 - Training time taken = 200.59 seconds, Evaluation time taken = nan seconds, loss = 0.02939, fid = None
2026-03-05 17:37:24.463 | INFO     | __main__:<module>:157 - Epoch = 1057 / 2000
2026-03-05 17:40:44.762 | INFO     | __main__:<module>:220 - Training time taken = 200.3 seconds, Evaluation time taken = nan seconds, loss = 0.0298, fid = None
2026-03-05 17:40:44.763 | INFO     | __main__:<module>:157 - Epoch = 1058 / 2000
2026-03-05 17:44:04.947 | INFO     | __main__:<module>:220 - Training time taken = 200.18 seconds, Evaluation time taken = nan seconds, loss = 0.02959, fid = None
2026-03-05 17:44:04.948 | INFO     | __main__:<module>:157 - Epoch = 1059 / 2000
2026-03-05 17:47:24.772 | INFO     | __main__:<module>:220 - Training time taken = 199.82 seconds, Evaluation time taken = nan seconds, loss = 0.02997, fid = None
2026-03-05 17:47:24.772 | INFO     | __main__:<module>:157 - Epoch = 1060 / 2000
2026-03-05 17:50:45.075 | INFO     | __main__:<module>:220 - Training time taken = 200.3 seconds, Evaluation time taken = nan seconds, loss = 0.02976, fid = None
2026-03-05 17:50:45.076 | INFO     | __main__:<module>:157 - Epoch = 1061 / 2000
2026-03-05 17:54:05.157 | INFO     | __main__:<module>:220 - Training time taken = 200.08 seconds, Evaluation time taken = nan seconds, loss = 0.0296, fid = None
2026-03-05 17:54:05.157 | INFO     | __main__:<module>:157 - Epoch = 1062 / 2000
2026-03-05 17:57:25.187 | INFO     | __main__:<module>:220 - Training time taken = 200.03 seconds, Evaluation time taken = nan seconds, loss = 0.02965, fid = None
2026-03-05 17:57:25.188 | INFO     | __main__:<module>:157 - Epoch = 1063 / 2000
2026-03-05 18:00:45.793 | INFO     | __main__:<module>:220 - Training time taken = 200.6 seconds, Evaluation time taken = nan seconds, loss = 0.02996, fid = None
2026-03-05 18:00:45.794 | INFO     | __main__:<module>:157 - Epoch = 1064 / 2000
2026-03-05 18:04:06.101 | INFO     | __main__:<module>:220 - Training time taken = 200.31 seconds, Evaluation time taken = nan seconds, loss = 0.02953, fid = None
2026-03-05 18:04:06.101 | INFO     | __main__:<module>:157 - Epoch = 1065 / 2000
2026-03-05 18:07:26.433 | INFO     | __main__:<module>:220 - Training time taken = 200.33 seconds, Evaluation time taken = nan seconds, loss = 0.02963, fid = None
2026-03-05 18:07:26.434 | INFO     | __main__:<module>:157 - Epoch = 1066 / 2000
2026-03-05 18:10:46.568 | INFO     | __main__:<module>:220 - Training time taken = 200.13 seconds, Evaluation time taken = nan seconds, loss = 0.02993, fid = None
2026-03-05 18:10:46.569 | INFO     | __main__:<module>:157 - Epoch = 1067 / 2000
2026-03-05 18:14:06.945 | INFO     | __main__:<module>:220 - Training time taken = 200.38 seconds, Evaluation time taken = nan seconds, loss = 0.02974, fid = None
2026-03-05 18:14:06.945 | INFO     | __main__:<module>:157 - Epoch = 1068 / 2000
2026-03-05 18:17:27.129 | INFO     | __main__:<module>:220 - Training time taken = 200.18 seconds, Evaluation time taken = nan seconds, loss = 0.03004, fid = None
2026-03-05 18:17:27.129 | INFO     | __main__:<module>:157 - Epoch = 1069 / 2000
2026-03-05 18:20:47.800 | INFO     | __main__:<module>:220 - Training time taken = 200.67 seconds, Evaluation time taken = nan seconds, loss = 0.02965, fid = None
2026-03-05 18:20:47.800 | INFO     | __main__:<module>:157 - Epoch = 1070 / 2000
2026-03-05 18:24:08.695 | INFO     | __main__:<module>:220 - Training time taken = 200.89 seconds, Evaluation time taken = nan seconds, loss = 0.02974, fid = None
2026-03-05 18:24:08.695 | INFO     | __main__:<module>:157 - Epoch = 1071 / 2000
2026-03-05 18:27:29.640 | INFO     | __main__:<module>:220 - Training time taken = 200.94 seconds, Evaluation time taken = nan seconds, loss = 0.0297, fid = None
2026-03-05 18:27:29.641 | INFO     | __main__:<module>:157 - Epoch = 1072 / 2000
2026-03-05 18:30:50.350 | INFO     | __main__:<module>:220 - Training time taken = 200.71 seconds, Evaluation time taken = nan seconds, loss = 0.02986, fid = None
2026-03-05 18:30:50.350 | INFO     | __main__:<module>:157 - Epoch = 1073 / 2000
2026-03-05 18:34:10.652 | INFO     | __main__:<module>:220 - Training time taken = 200.3 seconds, Evaluation time taken = nan seconds, loss = 0.03005, fid = None
2026-03-05 18:34:10.652 | INFO     | __main__:<module>:157 - Epoch = 1074 / 2000
2026-03-05 18:37:31.535 | INFO     | __main__:<module>:220 - Training time taken = 200.88 seconds, Evaluation time taken = nan seconds, loss = 0.02986, fid = None
2026-03-05 18:37:31.536 | INFO     | __main__:<module>:157 - Epoch = 1075 / 2000
2026-03-05 18:40:52.513 | INFO     | __main__:<module>:220 - Training time taken = 200.98 seconds, Evaluation time taken = nan seconds, loss = 0.02965, fid = None
2026-03-05 18:40:52.513 | INFO     | __main__:<module>:157 - Epoch = 1076 / 2000
2026-03-05 18:44:13.205 | INFO     | __main__:<module>:220 - Training time taken = 200.69 seconds, Evaluation time taken = nan seconds, loss = 0.02959, fid = None
2026-03-05 18:44:13.205 | INFO     | __main__:<module>:157 - Epoch = 1077 / 2000
2026-03-05 18:47:33.810 | INFO     | __main__:<module>:220 - Training time taken = 200.6 seconds, Evaluation time taken = nan seconds, loss = 0.02981, fid = None
2026-03-05 18:47:33.810 | INFO     | __main__:<module>:157 - Epoch = 1078 / 2000
2026-03-05 18:50:54.192 | INFO     | __main__:<module>:220 - Training time taken = 200.38 seconds, Evaluation time taken = nan seconds, loss = 0.02971, fid = None
2026-03-05 18:50:54.192 | INFO     | __main__:<module>:157 - Epoch = 1079 / 2000
2026-03-05 18:54:14.540 | INFO     | __main__:<module>:220 - Training time taken = 200.35 seconds, Evaluation time taken = nan seconds, loss = 0.02957, fid = None
2026-03-05 18:54:14.540 | INFO     | __main__:<module>:157 - Epoch = 1080 / 2000
2026-03-05 18:57:34.118 | INFO     | __main__:<module>:220 - Training time taken = 199.58 seconds, Evaluation time taken = nan seconds, loss = 0.02921, fid = None
2026-03-05 18:57:34.118 | INFO     | __main__:<module>:157 - Epoch = 1081 / 2000
2026-03-05 19:00:53.848 | INFO     | __main__:<module>:220 - Training time taken = 199.73 seconds, Evaluation time taken = nan seconds, loss = 0.02952, fid = None
2026-03-05 19:00:53.848 | INFO     | __main__:<module>:157 - Epoch = 1082 / 2000
2026-03-05 19:04:14.753 | INFO     | __main__:<module>:220 - Training time taken = 200.9 seconds, Evaluation time taken = nan seconds, loss = 0.02966, fid = None
2026-03-05 19:04:14.753 | INFO     | __main__:<module>:157 - Epoch = 1083 / 2000
2026-03-05 19:07:35.380 | INFO     | __main__:<module>:220 - Training time taken = 200.63 seconds, Evaluation time taken = nan seconds, loss = 0.02974, fid = None
2026-03-05 19:07:35.381 | INFO     | __main__:<module>:157 - Epoch = 1084 / 2000
2026-03-05 19:10:55.917 | INFO     | __main__:<module>:220 - Training time taken = 200.54 seconds, Evaluation time taken = nan seconds, loss = 0.02988, fid = None
2026-03-05 19:10:55.918 | INFO     | __main__:<module>:157 - Epoch = 1085 / 2000
2026-03-05 19:14:16.302 | INFO     | __main__:<module>:220 - Training time taken = 200.38 seconds, Evaluation time taken = nan seconds, loss = 0.02967, fid = None
2026-03-05 19:14:16.302 | INFO     | __main__:<module>:157 - Epoch = 1086 / 2000
2026-03-05 19:17:36.503 | INFO     | __main__:<module>:220 - Training time taken = 200.2 seconds, Evaluation time taken = nan seconds, loss = 0.02951, fid = None
2026-03-05 19:17:36.503 | INFO     | __main__:<module>:157 - Epoch = 1087 / 2000
2026-03-05 19:20:56.654 | INFO     | __main__:<module>:220 - Training time taken = 200.15 seconds, Evaluation time taken = nan seconds, loss = 0.02958, fid = None
2026-03-05 19:20:56.654 | INFO     | __main__:<module>:157 - Epoch = 1088 / 2000
2026-03-05 19:24:16.277 | INFO     | __main__:<module>:220 - Training time taken = 199.62 seconds, Evaluation time taken = nan seconds, loss = 0.02942, fid = None
2026-03-05 19:24:16.277 | INFO     | __main__:<module>:157 - Epoch = 1089 / 2000
2026-03-05 19:27:35.661 | INFO     | __main__:<module>:220 - Training time taken = 199.38 seconds, Evaluation time taken = nan seconds, loss = 0.02928, fid = None
2026-03-05 19:27:35.661 | INFO     | __main__:<module>:157 - Epoch = 1090 / 2000
2026-03-05 19:30:55.547 | INFO     | __main__:<module>:220 - Training time taken = 199.88 seconds, Evaluation time taken = nan seconds, loss = 0.0299, fid = None
2026-03-05 19:30:55.547 | INFO     | __main__:<module>:157 - Epoch = 1091 / 2000
2026-03-05 19:34:15.097 | INFO     | __main__:<module>:220 - Training time taken = 199.55 seconds, Evaluation time taken = nan seconds, loss = 0.03031, fid = None
2026-03-05 19:34:15.097 | INFO     | __main__:<module>:157 - Epoch = 1092 / 2000
2026-03-05 19:37:35.204 | INFO     | __main__:<module>:220 - Training time taken = 200.11 seconds, Evaluation time taken = nan seconds, loss = 0.02918, fid = None
2026-03-05 19:37:35.205 | INFO     | __main__:<module>:157 - Epoch = 1093 / 2000
2026-03-05 19:40:56.206 | INFO     | __main__:<module>:220 - Training time taken = 201.0 seconds, Evaluation time taken = nan seconds, loss = 0.03046, fid = None
2026-03-05 19:40:56.207 | INFO     | __main__:<module>:157 - Epoch = 1094 / 2000
2026-03-05 19:44:16.693 | INFO     | __main__:<module>:220 - Training time taken = 200.48 seconds, Evaluation time taken = nan seconds, loss = 0.03018, fid = None
2026-03-05 19:44:16.693 | INFO     | __main__:<module>:157 - Epoch = 1095 / 2000
2026-03-05 19:47:36.865 | INFO     | __main__:<module>:220 - Training time taken = 200.17 seconds, Evaluation time taken = nan seconds, loss = 0.02951, fid = None
2026-03-05 19:47:36.865 | INFO     | __main__:<module>:157 - Epoch = 1096 / 2000
2026-03-05 19:50:57.247 | INFO     | __main__:<module>:220 - Training time taken = 200.38 seconds, Evaluation time taken = nan seconds, loss = 0.03002, fid = None
2026-03-05 19:50:57.248 | INFO     | __main__:<module>:157 - Epoch = 1097 / 2000
2026-03-05 19:54:17.889 | INFO     | __main__:<module>:220 - Training time taken = 200.64 seconds, Evaluation time taken = nan seconds, loss = 0.02969, fid = None
2026-03-05 19:54:17.890 | INFO     | __main__:<module>:157 - Epoch = 1098 / 2000
2026-03-05 19:57:38.431 | INFO     | __main__:<module>:220 - Training time taken = 200.54 seconds, Evaluation time taken = nan seconds, loss = 0.02982, fid = None
2026-03-05 19:57:38.431 | INFO     | __main__:<module>:157 - Epoch = 1099 / 2000
2026-03-05 20:00:58.381 | INFO     | __main__:<module>:220 - Training time taken = 199.95 seconds, Evaluation time taken = nan seconds, loss = 0.02942, fid = None
2026-03-05 20:00:58.382 | INFO     | __main__:<module>:157 - Epoch = 1100 / 2000
2026-03-05 20:04:19.198 | INFO     | __main__:<module>:220 - Training time taken = 200.81 seconds, Evaluation time taken = nan seconds, loss = 0.02966, fid = None
2026-03-05 20:04:19.199 | INFO     | __main__:<module>:157 - Epoch = 1101 / 2000
2026-03-05 20:07:39.277 | INFO     | __main__:<module>:220 - Training time taken = 200.08 seconds, Evaluation time taken = nan seconds, loss = 0.02948, fid = None
2026-03-05 20:07:39.277 | INFO     | __main__:<module>:157 - Epoch = 1102 / 2000
2026-03-05 20:10:59.706 | INFO     | __main__:<module>:220 - Training time taken = 200.43 seconds, Evaluation time taken = nan seconds, loss = 0.03034, fid = None
2026-03-05 20:10:59.707 | INFO     | __main__:<module>:157 - Epoch = 1103 / 2000
2026-03-05 20:14:20.448 | INFO     | __main__:<module>:220 - Training time taken = 200.74 seconds, Evaluation time taken = nan seconds, loss = 0.03009, fid = None
2026-03-05 20:14:20.448 | INFO     | __main__:<module>:157 - Epoch = 1104 / 2000
2026-03-05 20:17:40.734 | INFO     | __main__:<module>:220 - Training time taken = 200.28 seconds, Evaluation time taken = nan seconds, loss = 0.02945, fid = None
2026-03-05 20:17:40.735 | INFO     | __main__:<module>:157 - Epoch = 1105 / 2000
2026-03-05 20:21:00.997 | INFO     | __main__:<module>:220 - Training time taken = 200.26 seconds, Evaluation time taken = nan seconds, loss = 0.0302, fid = None
2026-03-05 20:21:00.998 | INFO     | __main__:<module>:157 - Epoch = 1106 / 2000
2026-03-05 20:24:21.491 | INFO     | __main__:<module>:220 - Training time taken = 200.49 seconds, Evaluation time taken = nan seconds, loss = 0.02941, fid = None
2026-03-05 20:24:21.491 | INFO     | __main__:<module>:157 - Epoch = 1107 / 2000
2026-03-05 20:27:42.050 | INFO     | __main__:<module>:220 - Training time taken = 200.56 seconds, Evaluation time taken = nan seconds, loss = 0.03032, fid = None
2026-03-05 20:27:42.051 | INFO     | __main__:<module>:157 - Epoch = 1108 / 2000
2026-03-05 20:31:02.399 | INFO     | __main__:<module>:220 - Training time taken = 200.35 seconds, Evaluation time taken = nan seconds, loss = 0.02982, fid = None
2026-03-05 20:31:02.400 | INFO     | __main__:<module>:157 - Epoch = 1109 / 2000
2026-03-05 20:34:22.864 | INFO     | __main__:<module>:220 - Training time taken = 200.46 seconds, Evaluation time taken = nan seconds, loss = 0.03009, fid = None
2026-03-05 20:34:22.864 | INFO     | __main__:<module>:157 - Epoch = 1110 / 2000
2026-03-05 20:37:43.170 | INFO     | __main__:<module>:220 - Training time taken = 200.3 seconds, Evaluation time taken = nan seconds, loss = 0.02989, fid = None
2026-03-05 20:37:43.171 | INFO     | __main__:<module>:157 - Epoch = 1111 / 2000
2026-03-05 20:41:04.193 | INFO     | __main__:<module>:220 - Training time taken = 201.02 seconds, Evaluation time taken = nan seconds, loss = 0.02956, fid = None
2026-03-05 20:41:04.196 | INFO     | __main__:<module>:157 - Epoch = 1112 / 2000
2026-03-05 20:44:25.385 | INFO     | __main__:<module>:220 - Training time taken = 201.19 seconds, Evaluation time taken = nan seconds, loss = 0.0297, fid = None
2026-03-05 20:44:25.386 | INFO     | __main__:<module>:157 - Epoch = 1113 / 2000
2026-03-05 20:47:45.415 | INFO     | __main__:<module>:220 - Training time taken = 200.03 seconds, Evaluation time taken = nan seconds, loss = 0.02975, fid = None
2026-03-05 20:47:45.416 | INFO     | __main__:<module>:157 - Epoch = 1114 / 2000
2026-03-05 20:51:05.606 | INFO     | __main__:<module>:220 - Training time taken = 200.19 seconds, Evaluation time taken = nan seconds, loss = 0.03013, fid = None
2026-03-05 20:51:05.606 | INFO     | __main__:<module>:157 - Epoch = 1115 / 2000
2026-03-05 20:54:25.497 | INFO     | __main__:<module>:220 - Training time taken = 199.89 seconds, Evaluation time taken = nan seconds, loss = 0.0299, fid = None
2026-03-05 20:54:25.497 | INFO     | __main__:<module>:157 - Epoch = 1116 / 2000
2026-03-05 20:57:46.062 | INFO     | __main__:<module>:220 - Training time taken = 200.56 seconds, Evaluation time taken = nan seconds, loss = 0.0299, fid = None
2026-03-05 20:57:46.063 | INFO     | __main__:<module>:157 - Epoch = 1117 / 2000
2026-03-05 21:01:06.160 | INFO     | __main__:<module>:220 - Training time taken = 200.1 seconds, Evaluation time taken = nan seconds, loss = 0.0296, fid = None
2026-03-05 21:01:06.160 | INFO     | __main__:<module>:157 - Epoch = 1118 / 2000
2026-03-05 21:04:26.103 | INFO     | __main__:<module>:220 - Training time taken = 199.94 seconds, Evaluation time taken = nan seconds, loss = 0.02967, fid = None
2026-03-05 21:04:26.104 | INFO     | __main__:<module>:157 - Epoch = 1119 / 2000
2026-03-05 21:07:45.796 | INFO     | __main__:<module>:220 - Training time taken = 199.69 seconds, Evaluation time taken = nan seconds, loss = 0.02936, fid = None
2026-03-05 21:07:45.797 | INFO     | __main__:<module>:157 - Epoch = 1120 / 2000
2026-03-05 21:11:05.114 | INFO     | __main__:<module>:220 - Training time taken = 199.32 seconds, Evaluation time taken = nan seconds, loss = 0.02982, fid = None
2026-03-05 21:11:05.114 | INFO     | __main__:<module>:157 - Epoch = 1121 / 2000
2026-03-05 21:14:24.979 | INFO     | __main__:<module>:220 - Training time taken = 199.86 seconds, Evaluation time taken = nan seconds, loss = 0.0299, fid = None
2026-03-05 21:14:24.980 | INFO     | __main__:<module>:157 - Epoch = 1122 / 2000
2026-03-05 21:17:44.933 | INFO     | __main__:<module>:220 - Training time taken = 199.95 seconds, Evaluation time taken = nan seconds, loss = 0.02967, fid = None
2026-03-05 21:17:44.933 | INFO     | __main__:<module>:157 - Epoch = 1123 / 2000
2026-03-05 21:21:04.904 | INFO     | __main__:<module>:220 - Training time taken = 199.97 seconds, Evaluation time taken = nan seconds, loss = 0.02965, fid = None
2026-03-05 21:21:04.904 | INFO     | __main__:<module>:157 - Epoch = 1124 / 2000
2026-03-05 21:24:24.652 | INFO     | __main__:<module>:220 - Training time taken = 199.75 seconds, Evaluation time taken = nan seconds, loss = 0.0295, fid = None
2026-03-05 21:24:24.652 | INFO     | __main__:<module>:157 - Epoch = 1125 / 2000
2026-03-05 21:27:44.627 | INFO     | __main__:<module>:220 - Training time taken = 199.97 seconds, Evaluation time taken = nan seconds, loss = 0.02996, fid = None
2026-03-05 21:27:44.628 | INFO     | __main__:<module>:157 - Epoch = 1126 / 2000
2026-03-05 21:31:04.886 | INFO     | __main__:<module>:220 - Training time taken = 200.26 seconds, Evaluation time taken = nan seconds, loss = 0.03021, fid = None
2026-03-05 21:31:04.886 | INFO     | __main__:<module>:157 - Epoch = 1127 / 2000
2026-03-05 21:34:24.539 | INFO     | __main__:<module>:220 - Training time taken = 199.65 seconds, Evaluation time taken = nan seconds, loss = 0.03044, fid = None
2026-03-05 21:34:24.540 | INFO     | __main__:<module>:157 - Epoch = 1128 / 2000
2026-03-05 21:37:44.427 | INFO     | __main__:<module>:220 - Training time taken = 199.89 seconds, Evaluation time taken = nan seconds, loss = 0.02989, fid = None
2026-03-05 21:37:44.427 | INFO     | __main__:<module>:157 - Epoch = 1129 / 2000
2026-03-05 21:41:04.091 | INFO     | __main__:<module>:220 - Training time taken = 199.66 seconds, Evaluation time taken = nan seconds, loss = 0.03003, fid = None
2026-03-05 21:41:04.092 | INFO     | __main__:<module>:157 - Epoch = 1130 / 2000
2026-03-05 21:44:24.776 | INFO     | __main__:<module>:220 - Training time taken = 200.68 seconds, Evaluation time taken = nan seconds, loss = 0.02949, fid = None
2026-03-05 21:44:24.777 | INFO     | __main__:<module>:157 - Epoch = 1131 / 2000
2026-03-05 21:47:44.389 | INFO     | __main__:<module>:220 - Training time taken = 199.61 seconds, Evaluation time taken = nan seconds, loss = 0.02957, fid = None
2026-03-05 21:47:44.389 | INFO     | __main__:<module>:157 - Epoch = 1132 / 2000
2026-03-05 21:51:04.019 | INFO     | __main__:<module>:220 - Training time taken = 199.63 seconds, Evaluation time taken = nan seconds, loss = 0.02968, fid = None
2026-03-05 21:51:04.019 | INFO     | __main__:<module>:157 - Epoch = 1133 / 2000
2026-03-05 21:54:23.307 | INFO     | __main__:<module>:220 - Training time taken = 199.29 seconds, Evaluation time taken = nan seconds, loss = 0.0299, fid = None
2026-03-05 21:54:23.308 | INFO     | __main__:<module>:157 - Epoch = 1134 / 2000
2026-03-05 21:57:40.612 | INFO     | __main__:<module>:220 - Training time taken = 197.3 seconds, Evaluation time taken = nan seconds, loss = 0.02935, fid = None
2026-03-05 21:57:40.612 | INFO     | __main__:<module>:157 - Epoch = 1135 / 2000
2026-03-05 22:00:57.960 | INFO     | __main__:<module>:220 - Training time taken = 197.35 seconds, Evaluation time taken = nan seconds, loss = 0.02955, fid = None
2026-03-05 22:00:57.960 | INFO     | __main__:<module>:157 - Epoch = 1136 / 2000
2026-03-05 22:04:14.622 | INFO     | __main__:<module>:220 - Training time taken = 196.66 seconds, Evaluation time taken = nan seconds, loss = 0.02958, fid = None
2026-03-05 22:04:14.623 | INFO     | __main__:<module>:157 - Epoch = 1137 / 2000
2026-03-05 22:07:32.017 | INFO     | __main__:<module>:220 - Training time taken = 197.39 seconds, Evaluation time taken = nan seconds, loss = 0.02926, fid = None
2026-03-05 22:07:32.018 | INFO     | __main__:<module>:157 - Epoch = 1138 / 2000
2026-03-05 22:10:49.374 | INFO     | __main__:<module>:220 - Training time taken = 197.35 seconds, Evaluation time taken = nan seconds, loss = 0.02982, fid = None
2026-03-05 22:10:49.374 | INFO     | __main__:<module>:157 - Epoch = 1139 / 2000
2026-03-05 22:14:06.764 | INFO     | __main__:<module>:220 - Training time taken = 197.39 seconds, Evaluation time taken = nan seconds, loss = 0.029, fid = None
2026-03-05 22:14:06.766 | INFO     | __main__:<module>:157 - Epoch = 1140 / 2000
2026-03-05 22:17:24.325 | INFO     | __main__:<module>:220 - Training time taken = 197.56 seconds, Evaluation time taken = nan seconds, loss = 0.0296, fid = None
2026-03-05 22:17:24.325 | INFO     | __main__:<module>:157 - Epoch = 1141 / 2000
2026-03-05 22:20:41.346 | INFO     | __main__:<module>:220 - Training time taken = 197.02 seconds, Evaluation time taken = nan seconds, loss = 0.02946, fid = None
2026-03-05 22:20:41.347 | INFO     | __main__:<module>:157 - Epoch = 1142 / 2000
2026-03-05 22:23:58.402 | INFO     | __main__:<module>:220 - Training time taken = 197.05 seconds, Evaluation time taken = nan seconds, loss = 0.02959, fid = None
2026-03-05 22:23:58.402 | INFO     | __main__:<module>:157 - Epoch = 1143 / 2000
2026-03-05 22:27:15.184 | INFO     | __main__:<module>:220 - Training time taken = 196.78 seconds, Evaluation time taken = nan seconds, loss = 0.02958, fid = None
2026-03-05 22:27:15.185 | INFO     | __main__:<module>:157 - Epoch = 1144 / 2000
2026-03-05 22:30:32.036 | INFO     | __main__:<module>:220 - Training time taken = 196.85 seconds, Evaluation time taken = nan seconds, loss = 0.02944, fid = None
2026-03-05 22:30:32.036 | INFO     | __main__:<module>:157 - Epoch = 1145 / 2000
2026-03-05 22:33:48.870 | INFO     | __main__:<module>:220 - Training time taken = 196.83 seconds, Evaluation time taken = nan seconds, loss = 0.02922, fid = None
2026-03-05 22:33:48.871 | INFO     | __main__:<module>:157 - Epoch = 1146 / 2000
2026-03-05 22:37:06.233 | INFO     | __main__:<module>:220 - Training time taken = 197.36 seconds, Evaluation time taken = nan seconds, loss = 0.02958, fid = None
2026-03-05 22:37:06.234 | INFO     | __main__:<module>:157 - Epoch = 1147 / 2000
2026-03-05 22:40:23.885 | INFO     | __main__:<module>:220 - Training time taken = 197.65 seconds, Evaluation time taken = nan seconds, loss = 0.02963, fid = None
2026-03-05 22:40:23.885 | INFO     | __main__:<module>:157 - Epoch = 1148 / 2000
2026-03-05 22:43:41.323 | INFO     | __main__:<module>:220 - Training time taken = 197.44 seconds, Evaluation time taken = nan seconds, loss = 0.02926, fid = None
2026-03-05 22:43:41.323 | INFO     | __main__:<module>:157 - Epoch = 1149 / 2000
2026-03-05 22:46:58.674 | INFO     | __main__:<module>:220 - Training time taken = 197.35 seconds, Evaluation time taken = nan seconds, loss = 0.02974, fid = None
2026-03-05 22:46:58.674 | INFO     | __main__:<module>:157 - Epoch = 1150 / 2000
2026-03-05 22:50:16.268 | INFO     | __main__:<module>:220 - Training time taken = 197.59 seconds, Evaluation time taken = nan seconds, loss = 0.02982, fid = None
2026-03-05 22:50:16.268 | INFO     | __main__:<module>:157 - Epoch = 1151 / 2000
2026-03-05 22:53:33.725 | INFO     | __main__:<module>:220 - Training time taken = 197.46 seconds, Evaluation time taken = nan seconds, loss = 0.02995, fid = None
2026-03-05 22:53:33.726 | INFO     | __main__:<module>:157 - Epoch = 1152 / 2000
2026-03-05 22:56:50.754 | INFO     | __main__:<module>:220 - Training time taken = 197.03 seconds, Evaluation time taken = nan seconds, loss = 0.02989, fid = None
2026-03-05 22:56:50.754 | INFO     | __main__:<module>:157 - Epoch = 1153 / 2000
2026-03-05 23:00:08.156 | INFO     | __main__:<module>:220 - Training time taken = 197.4 seconds, Evaluation time taken = nan seconds, loss = 0.03011, fid = None
2026-03-05 23:00:08.156 | INFO     | __main__:<module>:157 - Epoch = 1154 / 2000
2026-03-05 23:03:25.291 | INFO     | __main__:<module>:220 - Training time taken = 197.13 seconds, Evaluation time taken = nan seconds, loss = 0.02968, fid = None
2026-03-05 23:03:25.292 | INFO     | __main__:<module>:157 - Epoch = 1155 / 2000
2026-03-05 23:06:42.521 | INFO     | __main__:<module>:220 - Training time taken = 197.23 seconds, Evaluation time taken = nan seconds, loss = 0.02962, fid = None
2026-03-05 23:06:42.521 | INFO     | __main__:<module>:157 - Epoch = 1156 / 2000
2026-03-05 23:09:59.467 | INFO     | __main__:<module>:220 - Training time taken = 196.94 seconds, Evaluation time taken = nan seconds, loss = 0.02999, fid = None
2026-03-05 23:09:59.467 | INFO     | __main__:<module>:157 - Epoch = 1157 / 2000
2026-03-05 23:13:16.770 | INFO     | __main__:<module>:220 - Training time taken = 197.3 seconds, Evaluation time taken = nan seconds, loss = 0.02961, fid = None
2026-03-05 23:13:16.771 | INFO     | __main__:<module>:157 - Epoch = 1158 / 2000
2026-03-05 23:16:33.923 | INFO     | __main__:<module>:220 - Training time taken = 197.15 seconds, Evaluation time taken = nan seconds, loss = 0.0294, fid = None
2026-03-05 23:16:33.923 | INFO     | __main__:<module>:157 - Epoch = 1159 / 2000
2026-03-05 23:19:51.057 | INFO     | __main__:<module>:220 - Training time taken = 197.13 seconds, Evaluation time taken = nan seconds, loss = 0.02942, fid = None
2026-03-05 23:19:51.058 | INFO     | __main__:<module>:157 - Epoch = 1160 / 2000
2026-03-05 23:23:08.294 | INFO     | __main__:<module>:220 - Training time taken = 197.23 seconds, Evaluation time taken = nan seconds, loss = 0.02947, fid = None
2026-03-05 23:23:08.294 | INFO     | __main__:<module>:157 - Epoch = 1161 / 2000
2026-03-05 23:26:25.358 | INFO     | __main__:<module>:220 - Training time taken = 197.06 seconds, Evaluation time taken = nan seconds, loss = 0.02975, fid = None
2026-03-05 23:26:25.358 | INFO     | __main__:<module>:157 - Epoch = 1162 / 2000
2026-03-05 23:29:42.828 | INFO     | __main__:<module>:220 - Training time taken = 197.47 seconds, Evaluation time taken = nan seconds, loss = 0.03009, fid = None
2026-03-05 23:29:42.829 | INFO     | __main__:<module>:157 - Epoch = 1163 / 2000
2026-03-05 23:33:00.478 | INFO     | __main__:<module>:220 - Training time taken = 197.65 seconds, Evaluation time taken = nan seconds, loss = 0.02993, fid = None
2026-03-05 23:33:00.478 | INFO     | __main__:<module>:157 - Epoch = 1164 / 2000
2026-03-05 23:36:17.670 | INFO     | __main__:<module>:220 - Training time taken = 197.19 seconds, Evaluation time taken = nan seconds, loss = 0.02976, fid = None
2026-03-05 23:36:17.670 | INFO     | __main__:<module>:157 - Epoch = 1165 / 2000
2026-03-05 23:39:37.497 | INFO     | __main__:<module>:220 - Training time taken = 199.83 seconds, Evaluation time taken = nan seconds, loss = 0.03003, fid = None
2026-03-05 23:39:37.497 | INFO     | __main__:<module>:157 - Epoch = 1166 / 2000
2026-03-05 23:42:58.917 | INFO     | __main__:<module>:220 - Training time taken = 201.42 seconds, Evaluation time taken = nan seconds, loss = 0.02954, fid = None
2026-03-05 23:42:58.918 | INFO     | __main__:<module>:157 - Epoch = 1167 / 2000
2026-03-05 23:46:20.582 | INFO     | __main__:<module>:220 - Training time taken = 201.66 seconds, Evaluation time taken = nan seconds, loss = 0.02979, fid = None
2026-03-05 23:46:20.583 | INFO     | __main__:<module>:157 - Epoch = 1168 / 2000
2026-03-05 23:49:42.289 | INFO     | __main__:<module>:220 - Training time taken = 201.7 seconds, Evaluation time taken = nan seconds, loss = 0.02988, fid = None
2026-03-05 23:49:42.289 | INFO     | __main__:<module>:157 - Epoch = 1169 / 2000
2026-03-05 23:53:01.516 | INFO     | __main__:<module>:220 - Training time taken = 199.22 seconds, Evaluation time taken = nan seconds, loss = 0.02982, fid = None
2026-03-05 23:53:01.516 | INFO     | __main__:<module>:157 - Epoch = 1170 / 2000
2026-03-05 23:56:19.845 | INFO     | __main__:<module>:220 - Training time taken = 198.33 seconds, Evaluation time taken = nan seconds, loss = 0.02978, fid = None
2026-03-05 23:56:19.846 | INFO     | __main__:<module>:157 - Epoch = 1171 / 2000
2026-03-05 23:59:38.159 | INFO     | __main__:<module>:220 - Training time taken = 198.31 seconds, Evaluation time taken = nan seconds, loss = 0.02969, fid = None
2026-03-05 23:59:38.159 | INFO     | __main__:<module>:157 - Epoch = 1172 / 2000
2026-03-06 00:02:56.832 | INFO     | __main__:<module>:220 - Training time taken = 198.67 seconds, Evaluation time taken = nan seconds, loss = 0.0291, fid = None
2026-03-06 00:02:56.832 | INFO     | __main__:<module>:157 - Epoch = 1173 / 2000
2026-03-06 00:06:15.325 | INFO     | __main__:<module>:220 - Training time taken = 198.49 seconds, Evaluation time taken = nan seconds, loss = 0.02976, fid = None
2026-03-06 00:06:15.326 | INFO     | __main__:<module>:157 - Epoch = 1174 / 2000
2026-03-06 00:09:34.019 | INFO     | __main__:<module>:220 - Training time taken = 198.69 seconds, Evaluation time taken = nan seconds, loss = 0.02987, fid = None
2026-03-06 00:09:34.020 | INFO     | __main__:<module>:157 - Epoch = 1175 / 2000
2026-03-06 00:12:51.494 | INFO     | __main__:<module>:220 - Training time taken = 197.47 seconds, Evaluation time taken = nan seconds, loss = 0.0297, fid = None
2026-03-06 00:12:51.495 | INFO     | __main__:<module>:157 - Epoch = 1176 / 2000
2026-03-06 00:16:10.859 | INFO     | __main__:<module>:220 - Training time taken = 199.36 seconds, Evaluation time taken = nan seconds, loss = 0.02999, fid = None
2026-03-06 00:16:10.859 | INFO     | __main__:<module>:157 - Epoch = 1177 / 2000
2026-03-06 00:19:32.005 | INFO     | __main__:<module>:220 - Training time taken = 201.14 seconds, Evaluation time taken = nan seconds, loss = 0.02966, fid = None
2026-03-06 00:19:32.006 | INFO     | __main__:<module>:157 - Epoch = 1178 / 2000
2026-03-06 00:22:52.343 | INFO     | __main__:<module>:220 - Training time taken = 200.34 seconds, Evaluation time taken = nan seconds, loss = 0.02949, fid = None
2026-03-06 00:22:52.344 | INFO     | __main__:<module>:157 - Epoch = 1179 / 2000
2026-03-06 00:26:12.913 | INFO     | __main__:<module>:220 - Training time taken = 200.57 seconds, Evaluation time taken = nan seconds, loss = 0.02969, fid = None
2026-03-06 00:26:12.914 | INFO     | __main__:<module>:157 - Epoch = 1180 / 2000
2026-03-06 00:29:34.696 | INFO     | __main__:<module>:220 - Training time taken = 201.78 seconds, Evaluation time taken = nan seconds, loss = 0.02976, fid = None
2026-03-06 00:29:34.697 | INFO     | __main__:<module>:157 - Epoch = 1181 / 2000
2026-03-06 00:32:56.868 | INFO     | __main__:<module>:220 - Training time taken = 202.17 seconds, Evaluation time taken = nan seconds, loss = 0.02912, fid = None
2026-03-06 00:32:56.869 | INFO     | __main__:<module>:157 - Epoch = 1182 / 2000
2026-03-06 00:36:18.962 | INFO     | __main__:<module>:220 - Training time taken = 202.09 seconds, Evaluation time taken = nan seconds, loss = 0.02959, fid = None
2026-03-06 00:36:18.963 | INFO     | __main__:<module>:157 - Epoch = 1183 / 2000
2026-03-06 00:39:40.940 | INFO     | __main__:<module>:220 - Training time taken = 201.97 seconds, Evaluation time taken = nan seconds, loss = 0.02924, fid = None
2026-03-06 00:39:40.940 | INFO     | __main__:<module>:157 - Epoch = 1184 / 2000
2026-03-06 00:43:02.564 | INFO     | __main__:<module>:220 - Training time taken = 201.62 seconds, Evaluation time taken = nan seconds, loss = 0.03008, fid = None
2026-03-06 00:43:02.565 | INFO     | __main__:<module>:157 - Epoch = 1185 / 2000
2026-03-06 00:46:24.301 | INFO     | __main__:<module>:220 - Training time taken = 201.73 seconds, Evaluation time taken = nan seconds, loss = 0.03018, fid = None
2026-03-06 00:46:24.301 | INFO     | __main__:<module>:157 - Epoch = 1186 / 2000
2026-03-06 00:49:46.086 | INFO     | __main__:<module>:220 - Training time taken = 201.78 seconds, Evaluation time taken = nan seconds, loss = 0.02938, fid = None
2026-03-06 00:49:46.086 | INFO     | __main__:<module>:157 - Epoch = 1187 / 2000
2026-03-06 00:53:07.880 | INFO     | __main__:<module>:220 - Training time taken = 201.79 seconds, Evaluation time taken = nan seconds, loss = 0.02975, fid = None
2026-03-06 00:53:07.881 | INFO     | __main__:<module>:157 - Epoch = 1188 / 2000
2026-03-06 00:56:27.697 | INFO     | __main__:<module>:220 - Training time taken = 199.81 seconds, Evaluation time taken = nan seconds, loss = 0.02967, fid = None
2026-03-06 00:56:27.697 | INFO     | __main__:<module>:157 - Epoch = 1189 / 2000
2026-03-06 00:59:48.276 | INFO     | __main__:<module>:220 - Training time taken = 200.58 seconds, Evaluation time taken = nan seconds, loss = 0.02966, fid = None
2026-03-06 00:59:48.276 | INFO     | __main__:<module>:157 - Epoch = 1190 / 2000
2026-03-06 01:03:08.018 | INFO     | __main__:<module>:220 - Training time taken = 199.74 seconds, Evaluation time taken = nan seconds, loss = 0.02964, fid = None
2026-03-06 01:03:08.019 | INFO     | __main__:<module>:157 - Epoch = 1191 / 2000
2026-03-06 01:06:28.063 | INFO     | __main__:<module>:220 - Training time taken = 200.04 seconds, Evaluation time taken = nan seconds, loss = 0.02899, fid = None
2026-03-06 01:06:28.063 | INFO     | __main__:<module>:157 - Epoch = 1192 / 2000
2026-03-06 01:09:51.339 | INFO     | __main__:<module>:220 - Training time taken = 203.27 seconds, Evaluation time taken = nan seconds, loss = 0.02901, fid = None
2026-03-06 01:09:51.339 | INFO     | __main__:<module>:157 - Epoch = 1193 / 2000
2026-03-06 01:13:25.347 | INFO     | __main__:<module>:220 - Training time taken = 214.01 seconds, Evaluation time taken = nan seconds, loss = 0.02952, fid = None
2026-03-06 01:13:25.347 | INFO     | __main__:<module>:157 - Epoch = 1194 / 2000
2026-03-06 01:16:42.655 | INFO     | __main__:<module>:220 - Training time taken = 197.31 seconds, Evaluation time taken = nan seconds, loss = 0.02971, fid = None
2026-03-06 01:16:42.655 | INFO     | __main__:<module>:157 - Epoch = 1195 / 2000
2026-03-06 01:20:33.039 | INFO     | __main__:<module>:220 - Training time taken = 230.38 seconds, Evaluation time taken = nan seconds, loss = 0.02984, fid = None
2026-03-06 01:20:33.039 | INFO     | __main__:<module>:157 - Epoch = 1196 / 2000
2026-03-06 01:24:32.800 | INFO     | __main__:<module>:220 - Training time taken = 239.76 seconds, Evaluation time taken = nan seconds, loss = 0.02985, fid = None
2026-03-06 01:24:32.801 | INFO     | __main__:<module>:157 - Epoch = 1197 / 2000
2026-03-06 01:28:32.153 | INFO     | __main__:<module>:220 - Training time taken = 239.35 seconds, Evaluation time taken = nan seconds, loss = 0.02955, fid = None
2026-03-06 01:28:32.153 | INFO     | __main__:<module>:157 - Epoch = 1198 / 2000
2026-03-06 01:32:12.680 | INFO     | __main__:<module>:220 - Training time taken = 220.53 seconds, Evaluation time taken = nan seconds, loss = 0.02981, fid = None
2026-03-06 01:32:12.680 | INFO     | __main__:<module>:157 - Epoch = 1199 / 2000
2026-03-06 01:35:32.700 | INFO     | __main__:<module>:220 - Training time taken = 200.02 seconds, Evaluation time taken = nan seconds, loss = 0.0296, fid = None
2026-03-06 01:35:32.701 | INFO     | __main__:<module>:157 - Epoch = 1200 / 2000
2026-03-06 01:38:51.344 | INFO     | __main__:<module>:220 - Training time taken = 198.64 seconds, Evaluation time taken = nan seconds, loss = 0.02941, fid = None
2026-03-06 01:38:51.344 | INFO     | __main__:<module>:157 - Epoch = 1201 / 2000
2026-03-06 01:42:11.386 | INFO     | __main__:<module>:220 - Training time taken = 200.04 seconds, Evaluation time taken = nan seconds, loss = 0.0297, fid = None
2026-03-06 01:42:11.386 | INFO     | __main__:<module>:157 - Epoch = 1202 / 2000
2026-03-06 01:45:31.957 | INFO     | __main__:<module>:220 - Training time taken = 200.57 seconds, Evaluation time taken = nan seconds, loss = 0.0298, fid = None
2026-03-06 01:45:31.957 | INFO     | __main__:<module>:157 - Epoch = 1203 / 2000
2026-03-06 01:48:52.241 | INFO     | __main__:<module>:220 - Training time taken = 200.28 seconds, Evaluation time taken = nan seconds, loss = 0.03019, fid = None
2026-03-06 01:48:52.242 | INFO     | __main__:<module>:157 - Epoch = 1204 / 2000
2026-03-06 01:52:14.533 | INFO     | __main__:<module>:220 - Training time taken = 202.29 seconds, Evaluation time taken = nan seconds, loss = 0.02976, fid = None
2026-03-06 01:52:14.533 | INFO     | __main__:<module>:157 - Epoch = 1205 / 2000
2026-03-06 01:55:33.909 | INFO     | __main__:<module>:220 - Training time taken = 199.37 seconds, Evaluation time taken = nan seconds, loss = 0.02945, fid = None
2026-03-06 01:55:33.909 | INFO     | __main__:<module>:157 - Epoch = 1206 / 2000
2026-03-06 01:58:53.602 | INFO     | __main__:<module>:220 - Training time taken = 199.69 seconds, Evaluation time taken = nan seconds, loss = 0.02959, fid = None
2026-03-06 01:58:53.603 | INFO     | __main__:<module>:157 - Epoch = 1207 / 2000
2026-03-06 02:02:13.375 | INFO     | __main__:<module>:220 - Training time taken = 199.77 seconds, Evaluation time taken = nan seconds, loss = 0.03, fid = None
2026-03-06 02:02:13.375 | INFO     | __main__:<module>:157 - Epoch = 1208 / 2000
2026-03-06 02:05:33.825 | INFO     | __main__:<module>:220 - Training time taken = 200.45 seconds, Evaluation time taken = nan seconds, loss = 0.02983, fid = None
2026-03-06 02:05:33.825 | INFO     | __main__:<module>:157 - Epoch = 1209 / 2000
2026-03-06 02:08:53.756 | INFO     | __main__:<module>:220 - Training time taken = 199.93 seconds, Evaluation time taken = nan seconds, loss = 0.02936, fid = None
2026-03-06 02:08:53.756 | INFO     | __main__:<module>:157 - Epoch = 1210 / 2000
2026-03-06 02:12:14.240 | INFO     | __main__:<module>:220 - Training time taken = 200.48 seconds, Evaluation time taken = nan seconds, loss = 0.02994, fid = None
2026-03-06 02:12:14.240 | INFO     | __main__:<module>:157 - Epoch = 1211 / 2000
2026-03-06 02:15:35.230 | INFO     | __main__:<module>:220 - Training time taken = 200.99 seconds, Evaluation time taken = nan seconds, loss = 0.02947, fid = None
2026-03-06 02:15:35.231 | INFO     | __main__:<module>:157 - Epoch = 1212 / 2000
2026-03-06 02:18:55.691 | INFO     | __main__:<module>:220 - Training time taken = 200.46 seconds, Evaluation time taken = nan seconds, loss = 0.02979, fid = None
2026-03-06 02:18:55.691 | INFO     | __main__:<module>:157 - Epoch = 1213 / 2000
2026-03-06 02:22:16.669 | INFO     | __main__:<module>:220 - Training time taken = 200.98 seconds, Evaluation time taken = nan seconds, loss = 0.02942, fid = None
2026-03-06 02:22:16.669 | INFO     | __main__:<module>:157 - Epoch = 1214 / 2000
2026-03-06 02:25:35.713 | INFO     | __main__:<module>:220 - Training time taken = 199.04 seconds, Evaluation time taken = nan seconds, loss = 0.03007, fid = None
2026-03-06 02:25:35.714 | INFO     | __main__:<module>:157 - Epoch = 1215 / 2000
2026-03-06 02:28:55.286 | INFO     | __main__:<module>:220 - Training time taken = 199.57 seconds, Evaluation time taken = nan seconds, loss = 0.02929, fid = None
2026-03-06 02:28:55.286 | INFO     | __main__:<module>:157 - Epoch = 1216 / 2000
2026-03-06 02:32:14.777 | INFO     | __main__:<module>:220 - Training time taken = 199.49 seconds, Evaluation time taken = nan seconds, loss = 0.0294, fid = None
2026-03-06 02:32:14.778 | INFO     | __main__:<module>:157 - Epoch = 1217 / 2000
2026-03-06 02:35:34.442 | INFO     | __main__:<module>:220 - Training time taken = 199.66 seconds, Evaluation time taken = nan seconds, loss = 0.03007, fid = None
2026-03-06 02:35:34.443 | INFO     | __main__:<module>:157 - Epoch = 1218 / 2000
2026-03-06 02:38:54.932 | INFO     | __main__:<module>:220 - Training time taken = 200.49 seconds, Evaluation time taken = nan seconds, loss = 0.03001, fid = None
2026-03-06 02:38:54.933 | INFO     | __main__:<module>:157 - Epoch = 1219 / 2000
2026-03-06 02:42:17.146 | INFO     | __main__:<module>:220 - Training time taken = 202.21 seconds, Evaluation time taken = nan seconds, loss = 0.03, fid = None
2026-03-06 02:42:17.147 | INFO     | __main__:<module>:157 - Epoch = 1220 / 2000
2026-03-06 02:45:39.163 | INFO     | __main__:<module>:220 - Training time taken = 202.01 seconds, Evaluation time taken = nan seconds, loss = 0.02921, fid = None
2026-03-06 02:45:39.164 | INFO     | __main__:<module>:157 - Epoch = 1221 / 2000
2026-03-06 02:49:00.877 | INFO     | __main__:<module>:220 - Training time taken = 201.71 seconds, Evaluation time taken = nan seconds, loss = 0.02968, fid = None
2026-03-06 02:49:00.878 | INFO     | __main__:<module>:157 - Epoch = 1222 / 2000
2026-03-06 02:52:22.416 | INFO     | __main__:<module>:220 - Training time taken = 201.54 seconds, Evaluation time taken = nan seconds, loss = 0.02976, fid = None
2026-03-06 02:52:22.417 | INFO     | __main__:<module>:157 - Epoch = 1223 / 2000
2026-03-06 02:55:44.144 | INFO     | __main__:<module>:220 - Training time taken = 201.73 seconds, Evaluation time taken = nan seconds, loss = 0.0304, fid = None
2026-03-06 02:55:44.145 | INFO     | __main__:<module>:157 - Epoch = 1224 / 2000
2026-03-06 02:59:05.601 | INFO     | __main__:<module>:220 - Training time taken = 201.45 seconds, Evaluation time taken = nan seconds, loss = 0.02999, fid = None
2026-03-06 02:59:05.602 | INFO     | __main__:<module>:157 - Epoch = 1225 / 2000
2026-03-06 03:02:27.180 | INFO     | __main__:<module>:220 - Training time taken = 201.58 seconds, Evaluation time taken = nan seconds, loss = 0.02993, fid = None
2026-03-06 03:02:27.180 | INFO     | __main__:<module>:157 - Epoch = 1226 / 2000
2026-03-06 03:05:48.829 | INFO     | __main__:<module>:220 - Training time taken = 201.65 seconds, Evaluation time taken = nan seconds, loss = 0.02976, fid = None
2026-03-06 03:05:48.830 | INFO     | __main__:<module>:157 - Epoch = 1227 / 2000
2026-03-06 03:09:09.505 | INFO     | __main__:<module>:220 - Training time taken = 200.67 seconds, Evaluation time taken = nan seconds, loss = 0.02993, fid = None
2026-03-06 03:09:09.506 | INFO     | __main__:<module>:157 - Epoch = 1228 / 2000
2026-03-06 03:12:29.734 | INFO     | __main__:<module>:220 - Training time taken = 200.23 seconds, Evaluation time taken = nan seconds, loss = 0.02933, fid = None
2026-03-06 03:12:29.734 | INFO     | __main__:<module>:157 - Epoch = 1229 / 2000
2026-03-06 03:15:48.510 | INFO     | __main__:<module>:220 - Training time taken = 198.77 seconds, Evaluation time taken = nan seconds, loss = 0.02973, fid = None
2026-03-06 03:15:48.510 | INFO     | __main__:<module>:157 - Epoch = 1230 / 2000
2026-03-06 03:19:07.816 | INFO     | __main__:<module>:220 - Training time taken = 199.3 seconds, Evaluation time taken = nan seconds, loss = 0.02991, fid = None
2026-03-06 03:19:07.816 | INFO     | __main__:<module>:157 - Epoch = 1231 / 2000
2026-03-06 03:22:29.004 | INFO     | __main__:<module>:220 - Training time taken = 201.19 seconds, Evaluation time taken = nan seconds, loss = 0.02974, fid = None
2026-03-06 03:22:29.004 | INFO     | __main__:<module>:157 - Epoch = 1232 / 2000
2026-03-06 03:25:51.116 | INFO     | __main__:<module>:220 - Training time taken = 202.11 seconds, Evaluation time taken = nan seconds, loss = 0.02965, fid = None
2026-03-06 03:25:51.117 | INFO     | __main__:<module>:157 - Epoch = 1233 / 2000
2026-03-06 03:29:11.879 | INFO     | __main__:<module>:220 - Training time taken = 200.76 seconds, Evaluation time taken = nan seconds, loss = 0.02965, fid = None
2026-03-06 03:29:11.879 | INFO     | __main__:<module>:157 - Epoch = 1234 / 2000
2026-03-06 03:32:28.970 | INFO     | __main__:<module>:220 - Training time taken = 197.09 seconds, Evaluation time taken = nan seconds, loss = 0.02953, fid = None
2026-03-06 03:32:28.970 | INFO     | __main__:<module>:157 - Epoch = 1235 / 2000
2026-03-06 03:35:45.913 | INFO     | __main__:<module>:220 - Training time taken = 196.94 seconds, Evaluation time taken = nan seconds, loss = 0.02971, fid = None
2026-03-06 03:35:45.913 | INFO     | __main__:<module>:157 - Epoch = 1236 / 2000
2026-03-06 03:39:02.669 | INFO     | __main__:<module>:220 - Training time taken = 196.75 seconds, Evaluation time taken = nan seconds, loss = 0.0297, fid = None
2026-03-06 03:39:02.669 | INFO     | __main__:<module>:157 - Epoch = 1237 / 2000
2026-03-06 03:42:19.363 | INFO     | __main__:<module>:220 - Training time taken = 196.69 seconds, Evaluation time taken = nan seconds, loss = 0.0299, fid = None
2026-03-06 03:42:19.363 | INFO     | __main__:<module>:157 - Epoch = 1238 / 2000
2026-03-06 03:45:36.103 | INFO     | __main__:<module>:220 - Training time taken = 196.74 seconds, Evaluation time taken = nan seconds, loss = 0.02953, fid = None
2026-03-06 03:45:36.103 | INFO     | __main__:<module>:157 - Epoch = 1239 / 2000
2026-03-06 03:48:53.455 | INFO     | __main__:<module>:220 - Training time taken = 197.35 seconds, Evaluation time taken = nan seconds, loss = 0.02953, fid = None
2026-03-06 03:48:53.455 | INFO     | __main__:<module>:157 - Epoch = 1240 / 2000
2026-03-06 03:52:10.929 | INFO     | __main__:<module>:220 - Training time taken = 197.47 seconds, Evaluation time taken = nan seconds, loss = 0.02936, fid = None
2026-03-06 03:52:10.929 | INFO     | __main__:<module>:157 - Epoch = 1241 / 2000
2026-03-06 03:55:28.154 | INFO     | __main__:<module>:220 - Training time taken = 197.22 seconds, Evaluation time taken = nan seconds, loss = 0.02983, fid = None
2026-03-06 03:55:28.154 | INFO     | __main__:<module>:157 - Epoch = 1242 / 2000
2026-03-06 03:58:45.348 | INFO     | __main__:<module>:220 - Training time taken = 197.19 seconds, Evaluation time taken = nan seconds, loss = 0.02953, fid = None
2026-03-06 03:58:45.348 | INFO     | __main__:<module>:157 - Epoch = 1243 / 2000
2026-03-06 04:02:03.010 | INFO     | __main__:<module>:220 - Training time taken = 197.66 seconds, Evaluation time taken = nan seconds, loss = 0.02946, fid = None
2026-03-06 04:02:03.010 | INFO     | __main__:<module>:157 - Epoch = 1244 / 2000
2026-03-06 04:05:19.705 | INFO     | __main__:<module>:220 - Training time taken = 196.69 seconds, Evaluation time taken = nan seconds, loss = 0.02961, fid = None
2026-03-06 04:05:19.706 | INFO     | __main__:<module>:157 - Epoch = 1245 / 2000
2026-03-06 04:08:36.418 | INFO     | __main__:<module>:220 - Training time taken = 196.71 seconds, Evaluation time taken = nan seconds, loss = 0.0296, fid = None
2026-03-06 04:08:36.418 | INFO     | __main__:<module>:157 - Epoch = 1246 / 2000
2026-03-06 04:11:53.546 | INFO     | __main__:<module>:220 - Training time taken = 197.13 seconds, Evaluation time taken = nan seconds, loss = 0.02988, fid = None
2026-03-06 04:11:53.546 | INFO     | __main__:<module>:157 - Epoch = 1247 / 2000
2026-03-06 04:15:10.294 | INFO     | __main__:<module>:220 - Training time taken = 196.75 seconds, Evaluation time taken = nan seconds, loss = 0.02938, fid = None
2026-03-06 04:15:10.295 | INFO     | __main__:<module>:157 - Epoch = 1248 / 2000
2026-03-06 04:18:26.869 | INFO     | __main__:<module>:220 - Training time taken = 196.57 seconds, Evaluation time taken = nan seconds, loss = 0.02981, fid = None
2026-03-06 04:18:26.869 | INFO     | __main__:<module>:157 - Epoch = 1249 / 2000
2026-03-06 04:21:43.659 | INFO     | __main__:<module>:220 - Training time taken = 196.79 seconds, Evaluation time taken = nan seconds, loss = 0.0294, fid = None
2026-03-06 04:21:43.659 | INFO     | __main__:<module>:157 - Epoch = 1250 / 2000
2026-03-06 04:25:00.554 | INFO     | __main__:<module>:220 - Training time taken = 196.89 seconds, Evaluation time taken = nan seconds, loss = 0.02948, fid = None
2026-03-06 04:25:00.554 | INFO     | __main__:<module>:157 - Epoch = 1251 / 2000
2026-03-06 04:28:17.518 | INFO     | __main__:<module>:220 - Training time taken = 196.96 seconds, Evaluation time taken = nan seconds, loss = 0.02964, fid = None
2026-03-06 04:28:17.519 | INFO     | __main__:<module>:157 - Epoch = 1252 / 2000
2026-03-06 04:31:34.347 | INFO     | __main__:<module>:220 - Training time taken = 196.83 seconds, Evaluation time taken = nan seconds, loss = 0.02973, fid = None
2026-03-06 04:31:34.347 | INFO     | __main__:<module>:157 - Epoch = 1253 / 2000
2026-03-06 04:34:50.966 | INFO     | __main__:<module>:220 - Training time taken = 196.62 seconds, Evaluation time taken = nan seconds, loss = 0.02998, fid = None
2026-03-06 04:34:50.967 | INFO     | __main__:<module>:157 - Epoch = 1254 / 2000
2026-03-06 04:38:07.780 | INFO     | __main__:<module>:220 - Training time taken = 196.81 seconds, Evaluation time taken = nan seconds, loss = 0.0296, fid = None
2026-03-06 04:38:07.780 | INFO     | __main__:<module>:157 - Epoch = 1255 / 2000
2026-03-06 04:41:24.945 | INFO     | __main__:<module>:220 - Training time taken = 197.16 seconds, Evaluation time taken = nan seconds, loss = 0.02945, fid = None
2026-03-06 04:41:24.946 | INFO     | __main__:<module>:157 - Epoch = 1256 / 2000
2026-03-06 04:44:41.967 | INFO     | __main__:<module>:220 - Training time taken = 197.02 seconds, Evaluation time taken = nan seconds, loss = 0.02984, fid = None
2026-03-06 04:44:41.967 | INFO     | __main__:<module>:157 - Epoch = 1257 / 2000
2026-03-06 04:47:58.673 | INFO     | __main__:<module>:220 - Training time taken = 196.71 seconds, Evaluation time taken = nan seconds, loss = 0.02957, fid = None
2026-03-06 04:47:58.673 | INFO     | __main__:<module>:157 - Epoch = 1258 / 2000
2026-03-06 04:51:15.935 | INFO     | __main__:<module>:220 - Training time taken = 197.26 seconds, Evaluation time taken = nan seconds, loss = 0.03009, fid = None
2026-03-06 04:51:15.935 | INFO     | __main__:<module>:157 - Epoch = 1259 / 2000
2026-03-06 04:54:33.029 | INFO     | __main__:<module>:220 - Training time taken = 197.09 seconds, Evaluation time taken = nan seconds, loss = 0.02906, fid = None
2026-03-06 04:54:33.030 | INFO     | __main__:<module>:157 - Epoch = 1260 / 2000
2026-03-06 04:57:49.759 | INFO     | __main__:<module>:220 - Training time taken = 196.73 seconds, Evaluation time taken = nan seconds, loss = 0.02971, fid = None
2026-03-06 04:57:49.759 | INFO     | __main__:<module>:157 - Epoch = 1261 / 2000
2026-03-06 05:01:06.394 | INFO     | __main__:<module>:220 - Training time taken = 196.63 seconds, Evaluation time taken = nan seconds, loss = 0.03015, fid = None
2026-03-06 05:01:06.394 | INFO     | __main__:<module>:157 - Epoch = 1262 / 2000
2026-03-06 05:04:23.027 | INFO     | __main__:<module>:220 - Training time taken = 196.63 seconds, Evaluation time taken = nan seconds, loss = 0.0297, fid = None
2026-03-06 05:04:23.027 | INFO     | __main__:<module>:157 - Epoch = 1263 / 2000
2026-03-06 05:07:39.570 | INFO     | __main__:<module>:220 - Training time taken = 196.54 seconds, Evaluation time taken = nan seconds, loss = 0.02953, fid = None
2026-03-06 05:07:39.571 | INFO     | __main__:<module>:157 - Epoch = 1264 / 2000
2026-03-06 05:10:56.394 | INFO     | __main__:<module>:220 - Training time taken = 196.82 seconds, Evaluation time taken = nan seconds, loss = 0.0301, fid = None
2026-03-06 05:10:56.394 | INFO     | __main__:<module>:157 - Epoch = 1265 / 2000
2026-03-06 05:14:13.054 | INFO     | __main__:<module>:220 - Training time taken = 196.66 seconds, Evaluation time taken = nan seconds, loss = 0.02971, fid = None
2026-03-06 05:14:13.055 | INFO     | __main__:<module>:157 - Epoch = 1266 / 2000
2026-03-06 05:17:29.924 | INFO     | __main__:<module>:220 - Training time taken = 196.87 seconds, Evaluation time taken = nan seconds, loss = 0.02975, fid = None
2026-03-06 05:17:29.924 | INFO     | __main__:<module>:157 - Epoch = 1267 / 2000
2026-03-06 05:20:46.886 | INFO     | __main__:<module>:220 - Training time taken = 196.96 seconds, Evaluation time taken = nan seconds, loss = 0.02935, fid = None
2026-03-06 05:20:46.887 | INFO     | __main__:<module>:157 - Epoch = 1268 / 2000
2026-03-06 05:24:03.970 | INFO     | __main__:<module>:220 - Training time taken = 197.08 seconds, Evaluation time taken = nan seconds, loss = 0.02932, fid = None
2026-03-06 05:24:03.971 | INFO     | __main__:<module>:157 - Epoch = 1269 / 2000
2026-03-06 05:27:20.884 | INFO     | __main__:<module>:220 - Training time taken = 196.91 seconds, Evaluation time taken = nan seconds, loss = 0.02977, fid = None
2026-03-06 05:27:20.884 | INFO     | __main__:<module>:157 - Epoch = 1270 / 2000
2026-03-06 05:30:37.530 | INFO     | __main__:<module>:220 - Training time taken = 196.64 seconds, Evaluation time taken = nan seconds, loss = 0.02942, fid = None
2026-03-06 05:30:37.530 | INFO     | __main__:<module>:157 - Epoch = 1271 / 2000
2026-03-06 05:33:54.522 | INFO     | __main__:<module>:220 - Training time taken = 196.99 seconds, Evaluation time taken = nan seconds, loss = 0.02945, fid = None
2026-03-06 05:33:54.522 | INFO     | __main__:<module>:157 - Epoch = 1272 / 2000
2026-03-06 05:37:11.364 | INFO     | __main__:<module>:220 - Training time taken = 196.84 seconds, Evaluation time taken = nan seconds, loss = 0.02943, fid = None
2026-03-06 05:37:11.365 | INFO     | __main__:<module>:157 - Epoch = 1273 / 2000
2026-03-06 05:40:28.259 | INFO     | __main__:<module>:220 - Training time taken = 196.89 seconds, Evaluation time taken = nan seconds, loss = 0.02969, fid = None
2026-03-06 05:40:28.259 | INFO     | __main__:<module>:157 - Epoch = 1274 / 2000
2026-03-06 05:43:45.131 | INFO     | __main__:<module>:220 - Training time taken = 196.87 seconds, Evaluation time taken = nan seconds, loss = 0.03019, fid = None
2026-03-06 05:43:45.131 | INFO     | __main__:<module>:157 - Epoch = 1275 / 2000
2026-03-06 05:47:02.027 | INFO     | __main__:<module>:220 - Training time taken = 196.89 seconds, Evaluation time taken = nan seconds, loss = 0.0294, fid = None
2026-03-06 05:47:02.027 | INFO     | __main__:<module>:157 - Epoch = 1276 / 2000
2026-03-06 05:50:18.692 | INFO     | __main__:<module>:220 - Training time taken = 196.66 seconds, Evaluation time taken = nan seconds, loss = 0.02954, fid = None
2026-03-06 05:50:18.692 | INFO     | __main__:<module>:157 - Epoch = 1277 / 2000
2026-03-06 05:53:35.891 | INFO     | __main__:<module>:220 - Training time taken = 197.2 seconds, Evaluation time taken = nan seconds, loss = 0.02948, fid = None
2026-03-06 05:53:35.892 | INFO     | __main__:<module>:157 - Epoch = 1278 / 2000
2026-03-06 05:56:52.927 | INFO     | __main__:<module>:220 - Training time taken = 197.03 seconds, Evaluation time taken = nan seconds, loss = 0.02968, fid = None
2026-03-06 05:56:52.927 | INFO     | __main__:<module>:157 - Epoch = 1279 / 2000
2026-03-06 06:00:09.588 | INFO     | __main__:<module>:220 - Training time taken = 196.66 seconds, Evaluation time taken = nan seconds, loss = 0.02958, fid = None
2026-03-06 06:00:09.589 | INFO     | __main__:<module>:157 - Epoch = 1280 / 2000
2026-03-06 06:03:26.246 | INFO     | __main__:<module>:220 - Training time taken = 196.66 seconds, Evaluation time taken = nan seconds, loss = 0.02934, fid = None
2026-03-06 06:03:26.246 | INFO     | __main__:<module>:157 - Epoch = 1281 / 2000
2026-03-06 06:06:43.046 | INFO     | __main__:<module>:220 - Training time taken = 196.8 seconds, Evaluation time taken = nan seconds, loss = 0.02935, fid = None
2026-03-06 06:06:43.046 | INFO     | __main__:<module>:157 - Epoch = 1282 / 2000
2026-03-06 06:09:59.758 | INFO     | __main__:<module>:220 - Training time taken = 196.71 seconds, Evaluation time taken = nan seconds, loss = 0.0301, fid = None
2026-03-06 06:09:59.759 | INFO     | __main__:<module>:157 - Epoch = 1283 / 2000
2026-03-06 06:13:17.074 | INFO     | __main__:<module>:220 - Training time taken = 197.31 seconds, Evaluation time taken = nan seconds, loss = 0.02951, fid = None
2026-03-06 06:13:17.074 | INFO     | __main__:<module>:157 - Epoch = 1284 / 2000
2026-03-06 06:16:34.136 | INFO     | __main__:<module>:220 - Training time taken = 197.06 seconds, Evaluation time taken = nan seconds, loss = 0.02982, fid = None
2026-03-06 06:16:34.137 | INFO     | __main__:<module>:157 - Epoch = 1285 / 2000
2026-03-06 06:19:51.127 | INFO     | __main__:<module>:220 - Training time taken = 196.99 seconds, Evaluation time taken = nan seconds, loss = 0.02944, fid = None
2026-03-06 06:19:51.127 | INFO     | __main__:<module>:157 - Epoch = 1286 / 2000
2026-03-06 06:23:08.125 | INFO     | __main__:<module>:220 - Training time taken = 197.0 seconds, Evaluation time taken = nan seconds, loss = 0.02937, fid = None
2026-03-06 06:23:08.125 | INFO     | __main__:<module>:157 - Epoch = 1287 / 2000
2026-03-06 06:26:25.140 | INFO     | __main__:<module>:220 - Training time taken = 197.01 seconds, Evaluation time taken = nan seconds, loss = 0.02989, fid = None
2026-03-06 06:26:25.140 | INFO     | __main__:<module>:157 - Epoch = 1288 / 2000
2026-03-06 06:29:41.950 | INFO     | __main__:<module>:220 - Training time taken = 196.81 seconds, Evaluation time taken = nan seconds, loss = 0.0299, fid = None
2026-03-06 06:29:41.950 | INFO     | __main__:<module>:157 - Epoch = 1289 / 2000
2026-03-06 06:32:58.570 | INFO     | __main__:<module>:220 - Training time taken = 196.62 seconds, Evaluation time taken = nan seconds, loss = 0.02942, fid = None
2026-03-06 06:32:58.570 | INFO     | __main__:<module>:157 - Epoch = 1290 / 2000
2026-03-06 06:36:15.290 | INFO     | __main__:<module>:220 - Training time taken = 196.72 seconds, Evaluation time taken = nan seconds, loss = 0.02932, fid = None
2026-03-06 06:36:15.290 | INFO     | __main__:<module>:157 - Epoch = 1291 / 2000
2026-03-06 06:39:32.295 | INFO     | __main__:<module>:220 - Training time taken = 197.0 seconds, Evaluation time taken = nan seconds, loss = 0.02947, fid = None
2026-03-06 06:39:32.295 | INFO     | __main__:<module>:157 - Epoch = 1292 / 2000
2026-03-06 06:42:49.320 | INFO     | __main__:<module>:220 - Training time taken = 197.02 seconds, Evaluation time taken = nan seconds, loss = 0.02931, fid = None
2026-03-06 06:42:49.321 | INFO     | __main__:<module>:157 - Epoch = 1293 / 2000
2026-03-06 06:46:06.335 | INFO     | __main__:<module>:220 - Training time taken = 197.01 seconds, Evaluation time taken = nan seconds, loss = 0.02962, fid = None
2026-03-06 06:46:06.335 | INFO     | __main__:<module>:157 - Epoch = 1294 / 2000
2026-03-06 06:49:22.995 | INFO     | __main__:<module>:220 - Training time taken = 196.66 seconds, Evaluation time taken = nan seconds, loss = 0.02922, fid = None
2026-03-06 06:49:22.995 | INFO     | __main__:<module>:157 - Epoch = 1295 / 2000
2026-03-06 06:52:39.771 | INFO     | __main__:<module>:220 - Training time taken = 196.77 seconds, Evaluation time taken = nan seconds, loss = 0.02946, fid = None
2026-03-06 06:52:39.771 | INFO     | __main__:<module>:157 - Epoch = 1296 / 2000
2026-03-06 06:55:56.657 | INFO     | __main__:<module>:220 - Training time taken = 196.89 seconds, Evaluation time taken = nan seconds, loss = 0.02976, fid = None
2026-03-06 06:55:56.658 | INFO     | __main__:<module>:157 - Epoch = 1297 / 2000
2026-03-06 06:59:13.727 | INFO     | __main__:<module>:220 - Training time taken = 197.07 seconds, Evaluation time taken = nan seconds, loss = 0.02954, fid = None
2026-03-06 06:59:13.727 | INFO     | __main__:<module>:157 - Epoch = 1298 / 2000
2026-03-06 07:02:30.529 | INFO     | __main__:<module>:220 - Training time taken = 196.8 seconds, Evaluation time taken = nan seconds, loss = 0.02957, fid = None
2026-03-06 07:02:30.529 | INFO     | __main__:<module>:157 - Epoch = 1299 / 2000
2026-03-06 07:05:47.466 | INFO     | __main__:<module>:220 - Training time taken = 196.94 seconds, Evaluation time taken = nan seconds, loss = 0.02965, fid = None
2026-03-06 07:05:47.466 | INFO     | __main__:<module>:157 - Epoch = 1300 / 2000
2026-03-06 07:09:04.365 | INFO     | __main__:<module>:220 - Training time taken = 196.9 seconds, Evaluation time taken = nan seconds, loss = 0.03002, fid = None
2026-03-06 07:09:04.365 | INFO     | __main__:<module>:157 - Epoch = 1301 / 2000
2026-03-06 07:12:21.343 | INFO     | __main__:<module>:220 - Training time taken = 196.98 seconds, Evaluation time taken = nan seconds, loss = 0.02977, fid = None
2026-03-06 07:12:21.343 | INFO     | __main__:<module>:157 - Epoch = 1302 / 2000
2026-03-06 07:15:38.561 | INFO     | __main__:<module>:220 - Training time taken = 197.22 seconds, Evaluation time taken = nan seconds, loss = 0.02939, fid = None
2026-03-06 07:15:38.562 | INFO     | __main__:<module>:157 - Epoch = 1303 / 2000
2026-03-06 07:18:55.711 | INFO     | __main__:<module>:220 - Training time taken = 197.15 seconds, Evaluation time taken = nan seconds, loss = 0.02978, fid = None
2026-03-06 07:18:55.711 | INFO     | __main__:<module>:157 - Epoch = 1304 / 2000
2026-03-06 07:22:13.171 | INFO     | __main__:<module>:220 - Training time taken = 197.46 seconds, Evaluation time taken = nan seconds, loss = 0.02948, fid = None
2026-03-06 07:22:13.171 | INFO     | __main__:<module>:157 - Epoch = 1305 / 2000
2026-03-06 07:25:30.262 | INFO     | __main__:<module>:220 - Training time taken = 197.09 seconds, Evaluation time taken = nan seconds, loss = 0.02911, fid = None
2026-03-06 07:25:30.262 | INFO     | __main__:<module>:157 - Epoch = 1306 / 2000
2026-03-06 07:28:47.759 | INFO     | __main__:<module>:220 - Training time taken = 197.5 seconds, Evaluation time taken = nan seconds, loss = 0.02969, fid = None
2026-03-06 07:28:47.759 | INFO     | __main__:<module>:157 - Epoch = 1307 / 2000
2026-03-06 07:32:05.219 | INFO     | __main__:<module>:220 - Training time taken = 197.46 seconds, Evaluation time taken = nan seconds, loss = 0.02976, fid = None
2026-03-06 07:32:05.219 | INFO     | __main__:<module>:157 - Epoch = 1308 / 2000
2026-03-06 07:35:22.319 | INFO     | __main__:<module>:220 - Training time taken = 197.1 seconds, Evaluation time taken = nan seconds, loss = 0.02948, fid = None
2026-03-06 07:35:22.319 | INFO     | __main__:<module>:157 - Epoch = 1309 / 2000
2026-03-06 07:38:39.638 | INFO     | __main__:<module>:220 - Training time taken = 197.32 seconds, Evaluation time taken = nan seconds, loss = 0.02933, fid = None
2026-03-06 07:38:39.638 | INFO     | __main__:<module>:157 - Epoch = 1310 / 2000
2026-03-06 07:41:57.203 | INFO     | __main__:<module>:220 - Training time taken = 197.56 seconds, Evaluation time taken = nan seconds, loss = 0.03008, fid = None
2026-03-06 07:41:57.203 | INFO     | __main__:<module>:157 - Epoch = 1311 / 2000
2026-03-06 07:45:14.623 | INFO     | __main__:<module>:220 - Training time taken = 197.42 seconds, Evaluation time taken = nan seconds, loss = 0.02957, fid = None
2026-03-06 07:45:14.623 | INFO     | __main__:<module>:157 - Epoch = 1312 / 2000
2026-03-06 07:48:31.666 | INFO     | __main__:<module>:220 - Training time taken = 197.04 seconds, Evaluation time taken = nan seconds, loss = 0.02961, fid = None
2026-03-06 07:48:31.667 | INFO     | __main__:<module>:157 - Epoch = 1313 / 2000
2026-03-06 07:51:48.819 | INFO     | __main__:<module>:220 - Training time taken = 197.15 seconds, Evaluation time taken = nan seconds, loss = 0.02959, fid = None
2026-03-06 07:51:48.820 | INFO     | __main__:<module>:157 - Epoch = 1314 / 2000
2026-03-06 07:55:06.040 | INFO     | __main__:<module>:220 - Training time taken = 197.22 seconds, Evaluation time taken = nan seconds, loss = 0.03023, fid = None
2026-03-06 07:55:06.040 | INFO     | __main__:<module>:157 - Epoch = 1315 / 2000
2026-03-06 07:58:23.811 | INFO     | __main__:<module>:220 - Training time taken = 197.77 seconds, Evaluation time taken = nan seconds, loss = 0.02965, fid = None
2026-03-06 07:58:23.811 | INFO     | __main__:<module>:157 - Epoch = 1316 / 2000
2026-03-06 08:01:40.813 | INFO     | __main__:<module>:220 - Training time taken = 197.0 seconds, Evaluation time taken = nan seconds, loss = 0.02936, fid = None
2026-03-06 08:01:40.813 | INFO     | __main__:<module>:157 - Epoch = 1317 / 2000
2026-03-06 08:04:58.289 | INFO     | __main__:<module>:220 - Training time taken = 197.47 seconds, Evaluation time taken = nan seconds, loss = 0.02988, fid = None
2026-03-06 08:04:58.289 | INFO     | __main__:<module>:157 - Epoch = 1318 / 2000
2026-03-06 08:08:15.575 | INFO     | __main__:<module>:220 - Training time taken = 197.28 seconds, Evaluation time taken = nan seconds, loss = 0.02937, fid = None
2026-03-06 08:08:15.576 | INFO     | __main__:<module>:157 - Epoch = 1319 / 2000
2026-03-06 08:11:32.576 | INFO     | __main__:<module>:220 - Training time taken = 197.0 seconds, Evaluation time taken = nan seconds, loss = 0.02963, fid = None
2026-03-06 08:11:32.576 | INFO     | __main__:<module>:157 - Epoch = 1320 / 2000
2026-03-06 08:14:49.535 | INFO     | __main__:<module>:220 - Training time taken = 196.96 seconds, Evaluation time taken = nan seconds, loss = 0.02937, fid = None
2026-03-06 08:14:49.535 | INFO     | __main__:<module>:157 - Epoch = 1321 / 2000
2026-03-06 08:18:06.585 | INFO     | __main__:<module>:220 - Training time taken = 197.05 seconds, Evaluation time taken = nan seconds, loss = 0.02991, fid = None
2026-03-06 08:18:06.585 | INFO     | __main__:<module>:157 - Epoch = 1322 / 2000
2026-03-06 08:21:23.905 | INFO     | __main__:<module>:220 - Training time taken = 197.32 seconds, Evaluation time taken = nan seconds, loss = 0.0294, fid = None
2026-03-06 08:21:23.906 | INFO     | __main__:<module>:157 - Epoch = 1323 / 2000
2026-03-06 08:24:41.553 | INFO     | __main__:<module>:220 - Training time taken = 197.65 seconds, Evaluation time taken = nan seconds, loss = 0.0296, fid = None
2026-03-06 08:24:41.553 | INFO     | __main__:<module>:157 - Epoch = 1324 / 2000
2026-03-06 08:27:58.893 | INFO     | __main__:<module>:220 - Training time taken = 197.34 seconds, Evaluation time taken = nan seconds, loss = 0.02977, fid = None
2026-03-06 08:27:58.894 | INFO     | __main__:<module>:157 - Epoch = 1325 / 2000
2026-03-06 08:31:16.119 | INFO     | __main__:<module>:220 - Training time taken = 197.22 seconds, Evaluation time taken = nan seconds, loss = 0.02982, fid = None
2026-03-06 08:31:16.119 | INFO     | __main__:<module>:157 - Epoch = 1326 / 2000
2026-03-06 08:34:33.089 | INFO     | __main__:<module>:220 - Training time taken = 196.97 seconds, Evaluation time taken = nan seconds, loss = 0.02969, fid = None
2026-03-06 08:34:33.089 | INFO     | __main__:<module>:157 - Epoch = 1327 / 2000
2026-03-06 08:37:50.876 | INFO     | __main__:<module>:220 - Training time taken = 197.79 seconds, Evaluation time taken = nan seconds, loss = 0.02929, fid = None
2026-03-06 08:37:50.876 | INFO     | __main__:<module>:157 - Epoch = 1328 / 2000
2026-03-06 08:41:08.480 | INFO     | __main__:<module>:220 - Training time taken = 197.6 seconds, Evaluation time taken = nan seconds, loss = 0.03022, fid = None
2026-03-06 08:41:08.481 | INFO     | __main__:<module>:157 - Epoch = 1329 / 2000
2026-03-06 08:44:25.825 | INFO     | __main__:<module>:220 - Training time taken = 197.34 seconds, Evaluation time taken = nan seconds, loss = 0.03004, fid = None
2026-03-06 08:44:25.825 | INFO     | __main__:<module>:157 - Epoch = 1330 / 2000
2026-03-06 08:47:43.586 | INFO     | __main__:<module>:220 - Training time taken = 197.76 seconds, Evaluation time taken = nan seconds, loss = 0.03013, fid = None
2026-03-06 08:47:43.586 | INFO     | __main__:<module>:157 - Epoch = 1331 / 2000
2026-03-06 08:51:01.035 | INFO     | __main__:<module>:220 - Training time taken = 197.45 seconds, Evaluation time taken = nan seconds, loss = 0.02969, fid = None
2026-03-06 08:51:01.035 | INFO     | __main__:<module>:157 - Epoch = 1332 / 2000
2026-03-06 08:54:17.877 | INFO     | __main__:<module>:220 - Training time taken = 196.84 seconds, Evaluation time taken = nan seconds, loss = 0.02929, fid = None
2026-03-06 08:54:17.877 | INFO     | __main__:<module>:157 - Epoch = 1333 / 2000
2026-03-06 08:57:35.660 | INFO     | __main__:<module>:220 - Training time taken = 197.78 seconds, Evaluation time taken = nan seconds, loss = 0.02971, fid = None
2026-03-06 08:57:35.660 | INFO     | __main__:<module>:157 - Epoch = 1334 / 2000
2026-03-06 09:00:53.482 | INFO     | __main__:<module>:220 - Training time taken = 197.82 seconds, Evaluation time taken = nan seconds, loss = 0.02924, fid = None
2026-03-06 09:00:53.482 | INFO     | __main__:<module>:157 - Epoch = 1335 / 2000
2026-03-06 09:04:10.548 | INFO     | __main__:<module>:220 - Training time taken = 197.06 seconds, Evaluation time taken = nan seconds, loss = 0.02978, fid = None
2026-03-06 09:04:10.548 | INFO     | __main__:<module>:157 - Epoch = 1336 / 2000
2026-03-06 09:07:27.655 | INFO     | __main__:<module>:220 - Training time taken = 197.11 seconds, Evaluation time taken = nan seconds, loss = 0.0297, fid = None
2026-03-06 09:07:27.655 | INFO     | __main__:<module>:157 - Epoch = 1337 / 2000
2026-03-06 09:10:44.776 | INFO     | __main__:<module>:220 - Training time taken = 197.12 seconds, Evaluation time taken = nan seconds, loss = 0.02972, fid = None
2026-03-06 09:10:44.776 | INFO     | __main__:<module>:157 - Epoch = 1338 / 2000
2026-03-06 09:14:02.089 | INFO     | __main__:<module>:220 - Training time taken = 197.31 seconds, Evaluation time taken = nan seconds, loss = 0.02955, fid = None
2026-03-06 09:14:02.090 | INFO     | __main__:<module>:157 - Epoch = 1339 / 2000
2026-03-06 09:17:19.007 | INFO     | __main__:<module>:220 - Training time taken = 196.92 seconds, Evaluation time taken = nan seconds, loss = 0.02973, fid = None
2026-03-06 09:17:19.008 | INFO     | __main__:<module>:157 - Epoch = 1340 / 2000
2026-03-06 09:20:36.230 | INFO     | __main__:<module>:220 - Training time taken = 197.22 seconds, Evaluation time taken = nan seconds, loss = 0.02888, fid = None
2026-03-06 09:20:36.230 | INFO     | __main__:<module>:157 - Epoch = 1341 / 2000
2026-03-06 09:23:53.550 | INFO     | __main__:<module>:220 - Training time taken = 197.32 seconds, Evaluation time taken = nan seconds, loss = 0.0299, fid = None
2026-03-06 09:23:53.550 | INFO     | __main__:<module>:157 - Epoch = 1342 / 2000
2026-03-06 09:27:10.190 | INFO     | __main__:<module>:220 - Training time taken = 196.64 seconds, Evaluation time taken = nan seconds, loss = 0.02963, fid = None
2026-03-06 09:27:10.191 | INFO     | __main__:<module>:157 - Epoch = 1343 / 2000
2026-03-06 09:30:26.887 | INFO     | __main__:<module>:220 - Training time taken = 196.69 seconds, Evaluation time taken = nan seconds, loss = 0.02948, fid = None
2026-03-06 09:30:26.887 | INFO     | __main__:<module>:157 - Epoch = 1344 / 2000
2026-03-06 09:33:43.751 | INFO     | __main__:<module>:220 - Training time taken = 196.86 seconds, Evaluation time taken = nan seconds, loss = 0.02982, fid = None
2026-03-06 09:33:43.751 | INFO     | __main__:<module>:157 - Epoch = 1345 / 2000
2026-03-06 09:37:00.811 | INFO     | __main__:<module>:220 - Training time taken = 197.06 seconds, Evaluation time taken = nan seconds, loss = 0.0298, fid = None
2026-03-06 09:37:00.812 | INFO     | __main__:<module>:157 - Epoch = 1346 / 2000
2026-03-06 09:40:17.724 | INFO     | __main__:<module>:220 - Training time taken = 196.91 seconds, Evaluation time taken = nan seconds, loss = 0.02957, fid = None
2026-03-06 09:40:17.724 | INFO     | __main__:<module>:157 - Epoch = 1347 / 2000
2026-03-06 09:43:34.312 | INFO     | __main__:<module>:220 - Training time taken = 196.59 seconds, Evaluation time taken = nan seconds, loss = 0.02968, fid = None
2026-03-06 09:43:34.312 | INFO     | __main__:<module>:157 - Epoch = 1348 / 2000
2026-03-06 09:46:50.967 | INFO     | __main__:<module>:220 - Training time taken = 196.65 seconds, Evaluation time taken = nan seconds, loss = 0.02959, fid = None
2026-03-06 09:46:50.967 | INFO     | __main__:<module>:157 - Epoch = 1349 / 2000
2026-03-06 09:50:07.641 | INFO     | __main__:<module>:220 - Training time taken = 196.67 seconds, Evaluation time taken = nan seconds, loss = 0.02963, fid = None
2026-03-06 09:50:07.641 | INFO     | __main__:<module>:157 - Epoch = 1350 / 2000
2026-03-06 09:53:24.147 | INFO     | __main__:<module>:220 - Training time taken = 196.5 seconds, Evaluation time taken = nan seconds, loss = 0.02963, fid = None
2026-03-06 09:53:24.147 | INFO     | __main__:<module>:157 - Epoch = 1351 / 2000
2026-03-06 09:56:40.799 | INFO     | __main__:<module>:220 - Training time taken = 196.65 seconds, Evaluation time taken = nan seconds, loss = 0.02918, fid = None
2026-03-06 09:56:40.799 | INFO     | __main__:<module>:157 - Epoch = 1352 / 2000
2026-03-06 09:59:57.875 | INFO     | __main__:<module>:220 - Training time taken = 197.07 seconds, Evaluation time taken = nan seconds, loss = 0.02954, fid = None
2026-03-06 09:59:57.876 | INFO     | __main__:<module>:157 - Epoch = 1353 / 2000
2026-03-06 10:03:14.543 | INFO     | __main__:<module>:220 - Training time taken = 196.67 seconds, Evaluation time taken = nan seconds, loss = 0.02969, fid = None
2026-03-06 10:03:14.544 | INFO     | __main__:<module>:157 - Epoch = 1354 / 2000
2026-03-06 10:06:31.139 | INFO     | __main__:<module>:220 - Training time taken = 196.59 seconds, Evaluation time taken = nan seconds, loss = 0.0299, fid = None
2026-03-06 10:06:31.139 | INFO     | __main__:<module>:157 - Epoch = 1355 / 2000
2026-03-06 10:09:47.996 | INFO     | __main__:<module>:220 - Training time taken = 196.86 seconds, Evaluation time taken = nan seconds, loss = 0.02945, fid = None
2026-03-06 10:09:47.996 | INFO     | __main__:<module>:157 - Epoch = 1356 / 2000
2026-03-06 10:13:05.022 | INFO     | __main__:<module>:220 - Training time taken = 197.02 seconds, Evaluation time taken = nan seconds, loss = 0.02979, fid = None
2026-03-06 10:13:05.022 | INFO     | __main__:<module>:157 - Epoch = 1357 / 2000
2026-03-06 10:16:21.949 | INFO     | __main__:<module>:220 - Training time taken = 196.93 seconds, Evaluation time taken = nan seconds, loss = 0.03001, fid = None
2026-03-06 10:16:21.949 | INFO     | __main__:<module>:157 - Epoch = 1358 / 2000
2026-03-06 10:19:39.120 | INFO     | __main__:<module>:220 - Training time taken = 197.17 seconds, Evaluation time taken = nan seconds, loss = 0.02988, fid = None
2026-03-06 10:19:39.120 | INFO     | __main__:<module>:157 - Epoch = 1359 / 2000
2026-03-06 10:22:56.213 | INFO     | __main__:<module>:220 - Training time taken = 197.09 seconds, Evaluation time taken = nan seconds, loss = 0.02962, fid = None
2026-03-06 10:22:56.214 | INFO     | __main__:<module>:157 - Epoch = 1360 / 2000
2026-03-06 10:26:13.129 | INFO     | __main__:<module>:220 - Training time taken = 196.91 seconds, Evaluation time taken = nan seconds, loss = 0.02991, fid = None
2026-03-06 10:26:13.129 | INFO     | __main__:<module>:157 - Epoch = 1361 / 2000
2026-03-06 10:29:30.062 | INFO     | __main__:<module>:220 - Training time taken = 196.93 seconds, Evaluation time taken = nan seconds, loss = 0.02969, fid = None
2026-03-06 10:29:30.063 | INFO     | __main__:<module>:157 - Epoch = 1362 / 2000
2026-03-06 10:32:47.174 | INFO     | __main__:<module>:220 - Training time taken = 197.11 seconds, Evaluation time taken = nan seconds, loss = 0.02945, fid = None
2026-03-06 10:32:47.174 | INFO     | __main__:<module>:157 - Epoch = 1363 / 2000
2026-03-06 10:36:04.582 | INFO     | __main__:<module>:220 - Training time taken = 197.41 seconds, Evaluation time taken = nan seconds, loss = 0.02935, fid = None
2026-03-06 10:36:04.582 | INFO     | __main__:<module>:157 - Epoch = 1364 / 2000
2026-03-06 10:39:21.574 | INFO     | __main__:<module>:220 - Training time taken = 196.99 seconds, Evaluation time taken = nan seconds, loss = 0.02922, fid = None
2026-03-06 10:39:21.574 | INFO     | __main__:<module>:157 - Epoch = 1365 / 2000
2026-03-06 10:42:38.406 | INFO     | __main__:<module>:220 - Training time taken = 196.83 seconds, Evaluation time taken = nan seconds, loss = 0.02955, fid = None
2026-03-06 10:42:38.407 | INFO     | __main__:<module>:157 - Epoch = 1366 / 2000
2026-03-06 10:45:55.757 | INFO     | __main__:<module>:220 - Training time taken = 197.35 seconds, Evaluation time taken = nan seconds, loss = 0.02931, fid = None
2026-03-06 10:45:55.757 | INFO     | __main__:<module>:157 - Epoch = 1367 / 2000
2026-03-06 10:49:13.243 | INFO     | __main__:<module>:220 - Training time taken = 197.48 seconds, Evaluation time taken = nan seconds, loss = 0.02935, fid = None
2026-03-06 10:49:13.243 | INFO     | __main__:<module>:157 - Epoch = 1368 / 2000
2026-03-06 10:52:30.905 | INFO     | __main__:<module>:220 - Training time taken = 197.66 seconds, Evaluation time taken = nan seconds, loss = 0.02974, fid = None
2026-03-06 10:52:30.906 | INFO     | __main__:<module>:157 - Epoch = 1369 / 2000
2026-03-06 10:55:48.642 | INFO     | __main__:<module>:220 - Training time taken = 197.74 seconds, Evaluation time taken = nan seconds, loss = 0.02955, fid = None
2026-03-06 10:55:48.642 | INFO     | __main__:<module>:157 - Epoch = 1370 / 2000
2026-03-06 10:59:06.687 | INFO     | __main__:<module>:220 - Training time taken = 198.04 seconds, Evaluation time taken = nan seconds, loss = 0.02953, fid = None
2026-03-06 10:59:06.687 | INFO     | __main__:<module>:157 - Epoch = 1371 / 2000
2026-03-06 11:02:24.008 | INFO     | __main__:<module>:220 - Training time taken = 197.32 seconds, Evaluation time taken = nan seconds, loss = 0.02936, fid = None
2026-03-06 11:02:24.008 | INFO     | __main__:<module>:157 - Epoch = 1372 / 2000
2026-03-06 11:05:41.537 | INFO     | __main__:<module>:220 - Training time taken = 197.53 seconds, Evaluation time taken = nan seconds, loss = 0.02945, fid = None
2026-03-06 11:05:41.538 | INFO     | __main__:<module>:157 - Epoch = 1373 / 2000
2026-03-06 11:08:59.198 | INFO     | __main__:<module>:220 - Training time taken = 197.66 seconds, Evaluation time taken = nan seconds, loss = 0.02985, fid = None
2026-03-06 11:08:59.198 | INFO     | __main__:<module>:157 - Epoch = 1374 / 2000
2026-03-06 11:12:16.665 | INFO     | __main__:<module>:220 - Training time taken = 197.47 seconds, Evaluation time taken = nan seconds, loss = 0.02889, fid = None
2026-03-06 11:12:16.665 | INFO     | __main__:<module>:157 - Epoch = 1375 / 2000
2026-03-06 11:15:33.616 | INFO     | __main__:<module>:220 - Training time taken = 196.95 seconds, Evaluation time taken = nan seconds, loss = 0.0294, fid = None
2026-03-06 11:15:33.617 | INFO     | __main__:<module>:157 - Epoch = 1376 / 2000
2026-03-06 11:18:51.289 | INFO     | __main__:<module>:220 - Training time taken = 197.67 seconds, Evaluation time taken = nan seconds, loss = 0.02958, fid = None
2026-03-06 11:18:51.289 | INFO     | __main__:<module>:157 - Epoch = 1377 / 2000
2026-03-06 11:22:09.162 | INFO     | __main__:<module>:220 - Training time taken = 197.87 seconds, Evaluation time taken = nan seconds, loss = 0.02952, fid = None
2026-03-06 11:22:09.163 | INFO     | __main__:<module>:157 - Epoch = 1378 / 2000
2026-03-06 11:25:26.907 | INFO     | __main__:<module>:220 - Training time taken = 197.74 seconds, Evaluation time taken = nan seconds, loss = 0.02937, fid = None
2026-03-06 11:25:26.908 | INFO     | __main__:<module>:157 - Epoch = 1379 / 2000
2026-03-06 11:28:44.982 | INFO     | __main__:<module>:220 - Training time taken = 198.07 seconds, Evaluation time taken = nan seconds, loss = 0.02957, fid = None
2026-03-06 11:28:44.982 | INFO     | __main__:<module>:157 - Epoch = 1380 / 2000
2026-03-06 11:32:03.775 | INFO     | __main__:<module>:220 - Training time taken = 198.79 seconds, Evaluation time taken = nan seconds, loss = 0.02978, fid = None
2026-03-06 11:32:03.776 | INFO     | __main__:<module>:157 - Epoch = 1381 / 2000
2026-03-06 11:35:21.912 | INFO     | __main__:<module>:220 - Training time taken = 198.14 seconds, Evaluation time taken = nan seconds, loss = 0.02989, fid = None
2026-03-06 11:35:21.913 | INFO     | __main__:<module>:157 - Epoch = 1382 / 2000
2026-03-06 11:38:40.427 | INFO     | __main__:<module>:220 - Training time taken = 198.51 seconds, Evaluation time taken = nan seconds, loss = 0.02902, fid = None
2026-03-06 11:38:40.427 | INFO     | __main__:<module>:157 - Epoch = 1383 / 2000
2026-03-06 11:41:58.421 | INFO     | __main__:<module>:220 - Training time taken = 197.99 seconds, Evaluation time taken = nan seconds, loss = 0.02937, fid = None
2026-03-06 11:41:58.421 | INFO     | __main__:<module>:157 - Epoch = 1384 / 2000
2026-03-06 11:45:16.716 | INFO     | __main__:<module>:220 - Training time taken = 198.29 seconds, Evaluation time taken = nan seconds, loss = 0.02923, fid = None
2026-03-06 11:45:16.716 | INFO     | __main__:<module>:157 - Epoch = 1385 / 2000
2026-03-06 11:48:33.972 | INFO     | __main__:<module>:220 - Training time taken = 197.25 seconds, Evaluation time taken = nan seconds, loss = 0.02918, fid = None
2026-03-06 11:48:33.973 | INFO     | __main__:<module>:157 - Epoch = 1386 / 2000
2026-03-06 11:51:50.662 | INFO     | __main__:<module>:220 - Training time taken = 196.69 seconds, Evaluation time taken = nan seconds, loss = 0.02935, fid = None
2026-03-06 11:51:50.663 | INFO     | __main__:<module>:157 - Epoch = 1387 / 2000
2026-03-06 11:55:07.615 | INFO     | __main__:<module>:220 - Training time taken = 196.95 seconds, Evaluation time taken = nan seconds, loss = 0.02961, fid = None
2026-03-06 11:55:07.616 | INFO     | __main__:<module>:157 - Epoch = 1388 / 2000
2026-03-06 11:58:25.410 | INFO     | __main__:<module>:220 - Training time taken = 197.79 seconds, Evaluation time taken = nan seconds, loss = 0.02951, fid = None
2026-03-06 11:58:25.411 | INFO     | __main__:<module>:157 - Epoch = 1389 / 2000
2026-03-06 12:01:44.844 | INFO     | __main__:<module>:220 - Training time taken = 199.43 seconds, Evaluation time taken = nan seconds, loss = 0.02953, fid = None
2026-03-06 12:01:44.845 | INFO     | __main__:<module>:157 - Epoch = 1390 / 2000
2026-03-06 12:05:01.739 | INFO     | __main__:<module>:220 - Training time taken = 196.89 seconds, Evaluation time taken = nan seconds, loss = 0.0295, fid = None
2026-03-06 12:05:01.739 | INFO     | __main__:<module>:157 - Epoch = 1391 / 2000
2026-03-06 12:08:18.677 | INFO     | __main__:<module>:220 - Training time taken = 196.94 seconds, Evaluation time taken = nan seconds, loss = 0.02931, fid = None
2026-03-06 12:08:18.677 | INFO     | __main__:<module>:157 - Epoch = 1392 / 2000
2026-03-06 12:11:35.578 | INFO     | __main__:<module>:220 - Training time taken = 196.9 seconds, Evaluation time taken = nan seconds, loss = 0.02924, fid = None
2026-03-06 12:11:35.578 | INFO     | __main__:<module>:157 - Epoch = 1393 / 2000
2026-03-06 12:14:52.621 | INFO     | __main__:<module>:220 - Training time taken = 197.04 seconds, Evaluation time taken = nan seconds, loss = 0.03006, fid = None
2026-03-06 12:14:52.622 | INFO     | __main__:<module>:157 - Epoch = 1394 / 2000
2026-03-06 12:18:09.862 | INFO     | __main__:<module>:220 - Training time taken = 197.24 seconds, Evaluation time taken = nan seconds, loss = 0.02937, fid = None
2026-03-06 12:18:09.862 | INFO     | __main__:<module>:157 - Epoch = 1395 / 2000
2026-03-06 12:21:28.782 | INFO     | __main__:<module>:220 - Training time taken = 198.92 seconds, Evaluation time taken = nan seconds, loss = 0.02901, fid = None
2026-03-06 12:21:28.782 | INFO     | __main__:<module>:157 - Epoch = 1396 / 2000
2026-03-06 12:24:47.741 | INFO     | __main__:<module>:220 - Training time taken = 198.96 seconds, Evaluation time taken = nan seconds, loss = 0.02977, fid = None
2026-03-06 12:24:47.741 | INFO     | __main__:<module>:157 - Epoch = 1397 / 2000
2026-03-06 12:28:06.312 | INFO     | __main__:<module>:220 - Training time taken = 198.57 seconds, Evaluation time taken = nan seconds, loss = 0.02979, fid = None
2026-03-06 12:28:06.312 | INFO     | __main__:<module>:157 - Epoch = 1398 / 2000
2026-03-06 12:31:23.677 | INFO     | __main__:<module>:220 - Training time taken = 197.36 seconds, Evaluation time taken = nan seconds, loss = 0.02945, fid = None
2026-03-06 12:31:23.677 | INFO     | __main__:<module>:157 - Epoch = 1399 / 2000
2026-03-06 12:34:41.257 | INFO     | __main__:<module>:220 - Training time taken = 197.58 seconds, Evaluation time taken = nan seconds, loss = 0.02916, fid = None
2026-03-06 12:34:41.258 | INFO     | __main__:<module>:157 - Epoch = 1400 / 2000
2026-03-06 12:38:00.180 | INFO     | __main__:<module>:220 - Training time taken = 198.92 seconds, Evaluation time taken = nan seconds, loss = 0.02927, fid = None
2026-03-06 12:38:00.181 | INFO     | __main__:<module>:157 - Epoch = 1401 / 2000
2026-03-06 12:41:18.127 | INFO     | __main__:<module>:220 - Training time taken = 197.94 seconds, Evaluation time taken = nan seconds, loss = 0.03004, fid = None
2026-03-06 12:41:18.127 | INFO     | __main__:<module>:157 - Epoch = 1402 / 2000
2026-03-06 12:44:36.292 | INFO     | __main__:<module>:220 - Training time taken = 198.16 seconds, Evaluation time taken = nan seconds, loss = 0.02944, fid = None
2026-03-06 12:44:36.292 | INFO     | __main__:<module>:157 - Epoch = 1403 / 2000
2026-03-06 12:47:54.612 | INFO     | __main__:<module>:220 - Training time taken = 198.32 seconds, Evaluation time taken = nan seconds, loss = 0.02961, fid = None
2026-03-06 12:47:54.612 | INFO     | __main__:<module>:157 - Epoch = 1404 / 2000
2026-03-06 12:51:12.669 | INFO     | __main__:<module>:220 - Training time taken = 198.06 seconds, Evaluation time taken = nan seconds, loss = 0.02916, fid = None
2026-03-06 12:51:12.670 | INFO     | __main__:<module>:157 - Epoch = 1405 / 2000
2026-03-06 12:54:31.133 | INFO     | __main__:<module>:220 - Training time taken = 198.46 seconds, Evaluation time taken = nan seconds, loss = 0.0293, fid = None
2026-03-06 12:54:31.133 | INFO     | __main__:<module>:157 - Epoch = 1406 / 2000
2026-03-06 12:57:49.335 | INFO     | __main__:<module>:220 - Training time taken = 198.2 seconds, Evaluation time taken = nan seconds, loss = 0.03001, fid = None
2026-03-06 12:57:49.335 | INFO     | __main__:<module>:157 - Epoch = 1407 / 2000
2026-03-06 13:01:07.076 | INFO     | __main__:<module>:220 - Training time taken = 197.74 seconds, Evaluation time taken = nan seconds, loss = 0.02985, fid = None
2026-03-06 13:01:07.077 | INFO     | __main__:<module>:157 - Epoch = 1408 / 2000
2026-03-06 13:04:24.783 | INFO     | __main__:<module>:220 - Training time taken = 197.71 seconds, Evaluation time taken = nan seconds, loss = 0.02947, fid = None
2026-03-06 13:04:24.784 | INFO     | __main__:<module>:157 - Epoch = 1409 / 2000
2026-03-06 13:07:42.748 | INFO     | __main__:<module>:220 - Training time taken = 197.96 seconds, Evaluation time taken = nan seconds, loss = 0.03, fid = None
2026-03-06 13:07:42.748 | INFO     | __main__:<module>:157 - Epoch = 1410 / 2000
2026-03-06 13:11:00.629 | INFO     | __main__:<module>:220 - Training time taken = 197.88 seconds, Evaluation time taken = nan seconds, loss = 0.02862, fid = None
2026-03-06 13:11:00.630 | INFO     | __main__:<module>:157 - Epoch = 1411 / 2000
2026-03-06 13:14:18.227 | INFO     | __main__:<module>:220 - Training time taken = 197.6 seconds, Evaluation time taken = nan seconds, loss = 0.02981, fid = None
2026-03-06 13:14:18.227 | INFO     | __main__:<module>:157 - Epoch = 1412 / 2000
2026-03-06 13:17:37.055 | INFO     | __main__:<module>:220 - Training time taken = 198.83 seconds, Evaluation time taken = nan seconds, loss = 0.02933, fid = None
2026-03-06 13:17:37.056 | INFO     | __main__:<module>:157 - Epoch = 1413 / 2000
2026-03-06 13:20:55.190 | INFO     | __main__:<module>:220 - Training time taken = 198.13 seconds, Evaluation time taken = nan seconds, loss = 0.02954, fid = None
2026-03-06 13:20:55.191 | INFO     | __main__:<module>:157 - Epoch = 1414 / 2000
2026-03-06 13:24:12.868 | INFO     | __main__:<module>:220 - Training time taken = 197.68 seconds, Evaluation time taken = nan seconds, loss = 0.02939, fid = None
2026-03-06 13:24:12.869 | INFO     | __main__:<module>:157 - Epoch = 1415 / 2000
2026-03-06 13:27:30.637 | INFO     | __main__:<module>:220 - Training time taken = 197.77 seconds, Evaluation time taken = nan seconds, loss = 0.02943, fid = None
2026-03-06 13:27:30.638 | INFO     | __main__:<module>:157 - Epoch = 1416 / 2000
2026-03-06 13:30:48.616 | INFO     | __main__:<module>:220 - Training time taken = 197.98 seconds, Evaluation time taken = nan seconds, loss = 0.02963, fid = None
2026-03-06 13:30:48.616 | INFO     | __main__:<module>:157 - Epoch = 1417 / 2000
2026-03-06 13:34:06.995 | INFO     | __main__:<module>:220 - Training time taken = 198.38 seconds, Evaluation time taken = nan seconds, loss = 0.02981, fid = None
2026-03-06 13:34:06.995 | INFO     | __main__:<module>:157 - Epoch = 1418 / 2000
2026-03-06 13:37:24.484 | INFO     | __main__:<module>:220 - Training time taken = 197.49 seconds, Evaluation time taken = nan seconds, loss = 0.02934, fid = None
2026-03-06 13:37:24.484 | INFO     | __main__:<module>:157 - Epoch = 1419 / 2000
2026-03-06 13:40:42.186 | INFO     | __main__:<module>:220 - Training time taken = 197.7 seconds, Evaluation time taken = nan seconds, loss = 0.02951, fid = None
2026-03-06 13:40:42.186 | INFO     | __main__:<module>:157 - Epoch = 1420 / 2000
2026-03-06 13:44:00.172 | INFO     | __main__:<module>:220 - Training time taken = 197.98 seconds, Evaluation time taken = nan seconds, loss = 0.02962, fid = None
2026-03-06 13:44:00.172 | INFO     | __main__:<module>:157 - Epoch = 1421 / 2000
2026-03-06 13:47:18.834 | INFO     | __main__:<module>:220 - Training time taken = 198.66 seconds, Evaluation time taken = nan seconds, loss = 0.03015, fid = None
2026-03-06 13:47:18.835 | INFO     | __main__:<module>:157 - Epoch = 1422 / 2000
2026-03-06 13:50:37.709 | INFO     | __main__:<module>:220 - Training time taken = 198.87 seconds, Evaluation time taken = nan seconds, loss = 0.02987, fid = None
2026-03-06 13:50:37.709 | INFO     | __main__:<module>:157 - Epoch = 1423 / 2000
2026-03-06 13:53:56.331 | INFO     | __main__:<module>:220 - Training time taken = 198.62 seconds, Evaluation time taken = nan seconds, loss = 0.02988, fid = None
2026-03-06 13:53:56.332 | INFO     | __main__:<module>:157 - Epoch = 1424 / 2000
2026-03-06 13:57:15.306 | INFO     | __main__:<module>:220 - Training time taken = 198.97 seconds, Evaluation time taken = nan seconds, loss = 0.02925, fid = None
2026-03-06 13:57:15.307 | INFO     | __main__:<module>:157 - Epoch = 1425 / 2000
2026-03-06 14:00:34.253 | INFO     | __main__:<module>:220 - Training time taken = 198.95 seconds, Evaluation time taken = nan seconds, loss = 0.02956, fid = None
2026-03-06 14:00:34.253 | INFO     | __main__:<module>:157 - Epoch = 1426 / 2000
2026-03-06 14:03:51.694 | INFO     | __main__:<module>:220 - Training time taken = 197.44 seconds, Evaluation time taken = nan seconds, loss = 0.02967, fid = None
2026-03-06 14:03:51.694 | INFO     | __main__:<module>:157 - Epoch = 1427 / 2000
2026-03-06 14:07:08.702 | INFO     | __main__:<module>:220 - Training time taken = 197.01 seconds, Evaluation time taken = nan seconds, loss = 0.02918, fid = None
2026-03-06 14:07:08.703 | INFO     | __main__:<module>:157 - Epoch = 1428 / 2000
2026-03-06 14:10:26.212 | INFO     | __main__:<module>:220 - Training time taken = 197.51 seconds, Evaluation time taken = nan seconds, loss = 0.02922, fid = None
2026-03-06 14:10:26.212 | INFO     | __main__:<module>:157 - Epoch = 1429 / 2000
2026-03-06 14:13:43.346 | INFO     | __main__:<module>:220 - Training time taken = 197.13 seconds, Evaluation time taken = nan seconds, loss = 0.02998, fid = None
2026-03-06 14:13:43.346 | INFO     | __main__:<module>:157 - Epoch = 1430 / 2000
2026-03-06 14:17:00.796 | INFO     | __main__:<module>:220 - Training time taken = 197.45 seconds, Evaluation time taken = nan seconds, loss = 0.02984, fid = None
2026-03-06 14:17:00.796 | INFO     | __main__:<module>:157 - Epoch = 1431 / 2000
2026-03-06 14:20:18.601 | INFO     | __main__:<module>:220 - Training time taken = 197.8 seconds, Evaluation time taken = nan seconds, loss = 0.02965, fid = None
2026-03-06 14:20:18.602 | INFO     | __main__:<module>:157 - Epoch = 1432 / 2000
2026-03-06 14:23:36.881 | INFO     | __main__:<module>:220 - Training time taken = 198.28 seconds, Evaluation time taken = nan seconds, loss = 0.02933, fid = None
2026-03-06 14:23:36.881 | INFO     | __main__:<module>:157 - Epoch = 1433 / 2000
2026-03-06 14:26:55.262 | INFO     | __main__:<module>:220 - Training time taken = 198.38 seconds, Evaluation time taken = nan seconds, loss = 0.02972, fid = None
2026-03-06 14:26:55.262 | INFO     | __main__:<module>:157 - Epoch = 1434 / 2000
2026-03-06 14:30:12.876 | INFO     | __main__:<module>:220 - Training time taken = 197.61 seconds, Evaluation time taken = nan seconds, loss = 0.02962, fid = None
2026-03-06 14:30:12.877 | INFO     | __main__:<module>:157 - Epoch = 1435 / 2000
2026-03-06 14:33:30.579 | INFO     | __main__:<module>:220 - Training time taken = 197.7 seconds, Evaluation time taken = nan seconds, loss = 0.02951, fid = None
2026-03-06 14:33:30.579 | INFO     | __main__:<module>:157 - Epoch = 1436 / 2000
2026-03-06 14:36:48.876 | INFO     | __main__:<module>:220 - Training time taken = 198.3 seconds, Evaluation time taken = nan seconds, loss = 0.02953, fid = None
2026-03-06 14:36:48.876 | INFO     | __main__:<module>:157 - Epoch = 1437 / 2000
2026-03-06 14:40:06.586 | INFO     | __main__:<module>:220 - Training time taken = 197.71 seconds, Evaluation time taken = nan seconds, loss = 0.02953, fid = None
2026-03-06 14:40:06.586 | INFO     | __main__:<module>:157 - Epoch = 1438 / 2000
2026-03-06 14:43:25.096 | INFO     | __main__:<module>:220 - Training time taken = 198.51 seconds, Evaluation time taken = nan seconds, loss = 0.02964, fid = None
2026-03-06 14:43:25.096 | INFO     | __main__:<module>:157 - Epoch = 1439 / 2000
2026-03-06 14:46:43.651 | INFO     | __main__:<module>:220 - Training time taken = 198.55 seconds, Evaluation time taken = nan seconds, loss = 0.02964, fid = None
2026-03-06 14:46:43.652 | INFO     | __main__:<module>:157 - Epoch = 1440 / 2000
2026-03-06 14:50:02.962 | INFO     | __main__:<module>:220 - Training time taken = 199.31 seconds, Evaluation time taken = nan seconds, loss = 0.02929, fid = None
2026-03-06 14:50:02.962 | INFO     | __main__:<module>:157 - Epoch = 1441 / 2000
2026-03-06 14:53:22.473 | INFO     | __main__:<module>:220 - Training time taken = 199.51 seconds, Evaluation time taken = nan seconds, loss = 0.02931, fid = None
2026-03-06 14:53:22.474 | INFO     | __main__:<module>:157 - Epoch = 1442 / 2000
2026-03-06 14:56:42.007 | INFO     | __main__:<module>:220 - Training time taken = 199.53 seconds, Evaluation time taken = nan seconds, loss = 0.02952, fid = None
2026-03-06 14:56:42.007 | INFO     | __main__:<module>:157 - Epoch = 1443 / 2000
2026-03-06 15:00:01.845 | INFO     | __main__:<module>:220 - Training time taken = 199.84 seconds, Evaluation time taken = nan seconds, loss = 0.02956, fid = None
2026-03-06 15:00:01.846 | INFO     | __main__:<module>:157 - Epoch = 1444 / 2000
2026-03-06 15:03:21.250 | INFO     | __main__:<module>:220 - Training time taken = 199.4 seconds, Evaluation time taken = nan seconds, loss = 0.02924, fid = None
2026-03-06 15:03:21.250 | INFO     | __main__:<module>:157 - Epoch = 1445 / 2000
2026-03-06 15:06:40.746 | INFO     | __main__:<module>:220 - Training time taken = 199.49 seconds, Evaluation time taken = nan seconds, loss = 0.02953, fid = None
2026-03-06 15:06:40.747 | INFO     | __main__:<module>:157 - Epoch = 1446 / 2000
2026-03-06 15:09:59.964 | INFO     | __main__:<module>:220 - Training time taken = 199.22 seconds, Evaluation time taken = nan seconds, loss = 0.02986, fid = None
2026-03-06 15:09:59.964 | INFO     | __main__:<module>:157 - Epoch = 1447 / 2000
2026-03-06 15:13:19.251 | INFO     | __main__:<module>:220 - Training time taken = 199.29 seconds, Evaluation time taken = nan seconds, loss = 0.02919, fid = None
2026-03-06 15:13:19.252 | INFO     | __main__:<module>:157 - Epoch = 1448 / 2000
2026-03-06 15:16:38.503 | INFO     | __main__:<module>:220 - Training time taken = 199.25 seconds, Evaluation time taken = nan seconds, loss = 0.02928, fid = None
2026-03-06 15:16:38.503 | INFO     | __main__:<module>:157 - Epoch = 1449 / 2000
2026-03-06 15:19:58.180 | INFO     | __main__:<module>:220 - Training time taken = 199.67 seconds, Evaluation time taken = nan seconds, loss = 0.02972, fid = None
2026-03-06 15:19:58.180 | INFO     | __main__:<module>:157 - Epoch = 1450 / 2000
2026-03-06 15:23:17.524 | INFO     | __main__:<module>:220 - Training time taken = 199.34 seconds, Evaluation time taken = nan seconds, loss = 0.0296, fid = None
2026-03-06 15:23:17.525 | INFO     | __main__:<module>:157 - Epoch = 1451 / 2000
2026-03-06 15:26:37.335 | INFO     | __main__:<module>:220 - Training time taken = 199.81 seconds, Evaluation time taken = nan seconds, loss = 0.02918, fid = None
2026-03-06 15:26:37.336 | INFO     | __main__:<module>:157 - Epoch = 1452 / 2000
2026-03-06 15:29:56.895 | INFO     | __main__:<module>:220 - Training time taken = 199.56 seconds, Evaluation time taken = nan seconds, loss = 0.02977, fid = None
2026-03-06 15:29:56.895 | INFO     | __main__:<module>:157 - Epoch = 1453 / 2000
2026-03-06 15:33:16.750 | INFO     | __main__:<module>:220 - Training time taken = 199.85 seconds, Evaluation time taken = nan seconds, loss = 0.02947, fid = None
2026-03-06 15:33:16.750 | INFO     | __main__:<module>:157 - Epoch = 1454 / 2000
2026-03-06 15:36:37.155 | INFO     | __main__:<module>:220 - Training time taken = 200.4 seconds, Evaluation time taken = nan seconds, loss = 0.02924, fid = None
2026-03-06 15:36:37.156 | INFO     | __main__:<module>:157 - Epoch = 1455 / 2000
2026-03-06 15:39:57.355 | INFO     | __main__:<module>:220 - Training time taken = 200.2 seconds, Evaluation time taken = nan seconds, loss = 0.02926, fid = None
2026-03-06 15:39:57.355 | INFO     | __main__:<module>:157 - Epoch = 1456 / 2000
2026-03-06 15:43:18.091 | INFO     | __main__:<module>:220 - Training time taken = 200.73 seconds, Evaluation time taken = nan seconds, loss = 0.02944, fid = None
2026-03-06 15:43:18.091 | INFO     | __main__:<module>:157 - Epoch = 1457 / 2000
2026-03-06 15:46:38.388 | INFO     | __main__:<module>:220 - Training time taken = 200.3 seconds, Evaluation time taken = nan seconds, loss = 0.02957, fid = None
2026-03-06 15:46:38.388 | INFO     | __main__:<module>:157 - Epoch = 1458 / 2000
2026-03-06 15:49:59.283 | INFO     | __main__:<module>:220 - Training time taken = 200.89 seconds, Evaluation time taken = nan seconds, loss = 0.02956, fid = None
2026-03-06 15:49:59.284 | INFO     | __main__:<module>:157 - Epoch = 1459 / 2000
2026-03-06 15:53:19.983 | INFO     | __main__:<module>:220 - Training time taken = 200.7 seconds, Evaluation time taken = nan seconds, loss = 0.02931, fid = None
2026-03-06 15:53:19.984 | INFO     | __main__:<module>:157 - Epoch = 1460 / 2000
2026-03-06 15:56:39.690 | INFO     | __main__:<module>:220 - Training time taken = 199.7 seconds, Evaluation time taken = nan seconds, loss = 0.02954, fid = None
2026-03-06 15:56:39.690 | INFO     | __main__:<module>:157 - Epoch = 1461 / 2000
2026-03-06 15:59:59.806 | INFO     | __main__:<module>:220 - Training time taken = 200.11 seconds, Evaluation time taken = nan seconds, loss = 0.02905, fid = None
2026-03-06 15:59:59.807 | INFO     | __main__:<module>:157 - Epoch = 1462 / 2000
2026-03-06 16:03:20.402 | INFO     | __main__:<module>:220 - Training time taken = 200.59 seconds, Evaluation time taken = nan seconds, loss = 0.02941, fid = None
2026-03-06 16:03:20.402 | INFO     | __main__:<module>:157 - Epoch = 1463 / 2000
2026-03-06 16:06:41.436 | INFO     | __main__:<module>:220 - Training time taken = 201.03 seconds, Evaluation time taken = nan seconds, loss = 0.02927, fid = None
2026-03-06 16:06:41.437 | INFO     | __main__:<module>:157 - Epoch = 1464 / 2000
2026-03-06 16:10:01.007 | INFO     | __main__:<module>:220 - Training time taken = 199.57 seconds, Evaluation time taken = nan seconds, loss = 0.02977, fid = None
2026-03-06 16:10:01.008 | INFO     | __main__:<module>:157 - Epoch = 1465 / 2000
2026-03-06 16:13:20.464 | INFO     | __main__:<module>:220 - Training time taken = 199.45 seconds, Evaluation time taken = nan seconds, loss = 0.02917, fid = None
2026-03-06 16:13:20.464 | INFO     | __main__:<module>:157 - Epoch = 1466 / 2000
2026-03-06 16:16:40.804 | INFO     | __main__:<module>:220 - Training time taken = 200.34 seconds, Evaluation time taken = nan seconds, loss = 0.02961, fid = None
2026-03-06 16:16:40.804 | INFO     | __main__:<module>:157 - Epoch = 1467 / 2000
2026-03-06 16:20:01.586 | INFO     | __main__:<module>:220 - Training time taken = 200.78 seconds, Evaluation time taken = nan seconds, loss = 0.02962, fid = None
2026-03-06 16:20:01.586 | INFO     | __main__:<module>:157 - Epoch = 1468 / 2000
2026-03-06 16:23:22.080 | INFO     | __main__:<module>:220 - Training time taken = 200.49 seconds, Evaluation time taken = nan seconds, loss = 0.02959, fid = None
2026-03-06 16:23:22.081 | INFO     | __main__:<module>:157 - Epoch = 1469 / 2000
2026-03-06 16:26:41.510 | INFO     | __main__:<module>:220 - Training time taken = 199.43 seconds, Evaluation time taken = nan seconds, loss = 0.02951, fid = None
2026-03-06 16:26:41.511 | INFO     | __main__:<module>:157 - Epoch = 1470 / 2000
2026-03-06 16:29:59.890 | INFO     | __main__:<module>:220 - Training time taken = 198.38 seconds, Evaluation time taken = nan seconds, loss = 0.02975, fid = None
2026-03-06 16:29:59.893 | INFO     | __main__:<module>:157 - Epoch = 1471 / 2000
2026-03-06 16:33:18.255 | INFO     | __main__:<module>:220 - Training time taken = 198.36 seconds, Evaluation time taken = nan seconds, loss = 0.02949, fid = None
2026-03-06 16:33:18.255 | INFO     | __main__:<module>:157 - Epoch = 1472 / 2000
2026-03-06 16:36:37.075 | INFO     | __main__:<module>:220 - Training time taken = 198.82 seconds, Evaluation time taken = nan seconds, loss = 0.02975, fid = None
2026-03-06 16:36:37.075 | INFO     | __main__:<module>:157 - Epoch = 1473 / 2000
2026-03-06 16:39:55.326 | INFO     | __main__:<module>:220 - Training time taken = 198.25 seconds, Evaluation time taken = nan seconds, loss = 0.02977, fid = None
2026-03-06 16:39:55.326 | INFO     | __main__:<module>:157 - Epoch = 1474 / 2000
2026-03-06 16:43:12.154 | INFO     | __main__:<module>:220 - Training time taken = 196.83 seconds, Evaluation time taken = nan seconds, loss = 0.02895, fid = None
2026-03-06 16:43:12.155 | INFO     | __main__:<module>:157 - Epoch = 1475 / 2000
2026-03-06 16:46:29.772 | INFO     | __main__:<module>:220 - Training time taken = 197.62 seconds, Evaluation time taken = nan seconds, loss = 0.02925, fid = None
2026-03-06 16:46:29.773 | INFO     | __main__:<module>:157 - Epoch = 1476 / 2000
2026-03-06 16:49:47.332 | INFO     | __main__:<module>:220 - Training time taken = 197.56 seconds, Evaluation time taken = nan seconds, loss = 0.02896, fid = None
2026-03-06 16:49:47.332 | INFO     | __main__:<module>:157 - Epoch = 1477 / 2000
2026-03-06 16:53:05.447 | INFO     | __main__:<module>:220 - Training time taken = 198.11 seconds, Evaluation time taken = nan seconds, loss = 0.02942, fid = None
2026-03-06 16:53:05.447 | INFO     | __main__:<module>:157 - Epoch = 1478 / 2000
2026-03-06 16:56:24.225 | INFO     | __main__:<module>:220 - Training time taken = 198.78 seconds, Evaluation time taken = nan seconds, loss = 0.02976, fid = None
2026-03-06 16:56:24.225 | INFO     | __main__:<module>:157 - Epoch = 1479 / 2000
2026-03-06 16:59:42.572 | INFO     | __main__:<module>:220 - Training time taken = 198.35 seconds, Evaluation time taken = nan seconds, loss = 0.02964, fid = None
2026-03-06 16:59:42.572 | INFO     | __main__:<module>:157 - Epoch = 1480 / 2000
2026-03-06 17:03:01.130 | INFO     | __main__:<module>:220 - Training time taken = 198.56 seconds, Evaluation time taken = nan seconds, loss = 0.02981, fid = None
2026-03-06 17:03:01.130 | INFO     | __main__:<module>:157 - Epoch = 1481 / 2000
2026-03-06 17:06:18.833 | INFO     | __main__:<module>:220 - Training time taken = 197.7 seconds, Evaluation time taken = nan seconds, loss = 0.02906, fid = None
2026-03-06 17:06:18.834 | INFO     | __main__:<module>:157 - Epoch = 1482 / 2000
2026-03-06 17:09:35.915 | INFO     | __main__:<module>:220 - Training time taken = 197.08 seconds, Evaluation time taken = nan seconds, loss = 0.02958, fid = None
2026-03-06 17:09:35.915 | INFO     | __main__:<module>:157 - Epoch = 1483 / 2000
2026-03-06 17:12:52.650 | INFO     | __main__:<module>:220 - Training time taken = 196.73 seconds, Evaluation time taken = nan seconds, loss = 0.02941, fid = None
2026-03-06 17:12:52.651 | INFO     | __main__:<module>:157 - Epoch = 1484 / 2000
2026-03-06 17:16:09.384 | INFO     | __main__:<module>:220 - Training time taken = 196.73 seconds, Evaluation time taken = nan seconds, loss = 0.02953, fid = None
2026-03-06 17:16:09.384 | INFO     | __main__:<module>:157 - Epoch = 1485 / 2000
2026-03-06 17:19:26.715 | INFO     | __main__:<module>:220 - Training time taken = 197.33 seconds, Evaluation time taken = nan seconds, loss = 0.02945, fid = None
2026-03-06 17:19:26.715 | INFO     | __main__:<module>:157 - Epoch = 1486 / 2000
2026-03-06 17:22:43.790 | INFO     | __main__:<module>:220 - Training time taken = 197.07 seconds, Evaluation time taken = nan seconds, loss = 0.02906, fid = None
2026-03-06 17:22:43.791 | INFO     | __main__:<module>:157 - Epoch = 1487 / 2000
2026-03-06 17:26:01.507 | INFO     | __main__:<module>:220 - Training time taken = 197.72 seconds, Evaluation time taken = nan seconds, loss = 0.02919, fid = None
2026-03-06 17:26:01.507 | INFO     | __main__:<module>:157 - Epoch = 1488 / 2000
2026-03-06 17:29:18.082 | INFO     | __main__:<module>:220 - Training time taken = 196.57 seconds, Evaluation time taken = nan seconds, loss = 0.02957, fid = None
2026-03-06 17:29:18.083 | INFO     | __main__:<module>:157 - Epoch = 1489 / 2000
2026-03-06 17:32:35.092 | INFO     | __main__:<module>:220 - Training time taken = 197.01 seconds, Evaluation time taken = nan seconds, loss = 0.02957, fid = None
2026-03-06 17:32:35.093 | INFO     | __main__:<module>:157 - Epoch = 1490 / 2000
2026-03-06 17:35:52.287 | INFO     | __main__:<module>:220 - Training time taken = 197.19 seconds, Evaluation time taken = nan seconds, loss = 0.03004, fid = None
2026-03-06 17:35:52.287 | INFO     | __main__:<module>:157 - Epoch = 1491 / 2000
2026-03-06 17:39:10.610 | INFO     | __main__:<module>:220 - Training time taken = 198.32 seconds, Evaluation time taken = nan seconds, loss = 0.02927, fid = None
2026-03-06 17:39:10.611 | INFO     | __main__:<module>:157 - Epoch = 1492 / 2000
2026-03-06 17:42:28.540 | INFO     | __main__:<module>:220 - Training time taken = 197.93 seconds, Evaluation time taken = nan seconds, loss = 0.02963, fid = None
2026-03-06 17:42:28.541 | INFO     | __main__:<module>:157 - Epoch = 1493 / 2000
2026-03-06 17:45:46.148 | INFO     | __main__:<module>:220 - Training time taken = 197.61 seconds, Evaluation time taken = nan seconds, loss = 0.02953, fid = None
2026-03-06 17:45:46.149 | INFO     | __main__:<module>:157 - Epoch = 1494 / 2000
2026-03-06 17:49:04.027 | INFO     | __main__:<module>:220 - Training time taken = 197.88 seconds, Evaluation time taken = nan seconds, loss = 0.02907, fid = None
2026-03-06 17:49:04.027 | INFO     | __main__:<module>:157 - Epoch = 1495 / 2000
2026-03-06 17:52:22.130 | INFO     | __main__:<module>:220 - Training time taken = 198.1 seconds, Evaluation time taken = nan seconds, loss = 0.02961, fid = None
2026-03-06 17:52:22.130 | INFO     | __main__:<module>:157 - Epoch = 1496 / 2000
2026-03-06 17:55:39.899 | INFO     | __main__:<module>:220 - Training time taken = 197.77 seconds, Evaluation time taken = nan seconds, loss = 0.02921, fid = None
2026-03-06 17:55:39.899 | INFO     | __main__:<module>:157 - Epoch = 1497 / 2000
2026-03-06 17:58:57.364 | INFO     | __main__:<module>:220 - Training time taken = 197.46 seconds, Evaluation time taken = nan seconds, loss = 0.02963, fid = None
2026-03-06 17:58:57.364 | INFO     | __main__:<module>:157 - Epoch = 1498 / 2000
2026-03-06 18:02:14.718 | INFO     | __main__:<module>:220 - Training time taken = 197.35 seconds, Evaluation time taken = nan seconds, loss = 0.02982, fid = None
2026-03-06 18:02:14.719 | INFO     | __main__:<module>:157 - Epoch = 1499 / 2000
2026-03-06 18:05:32.157 | INFO     | __main__:<module>:220 - Training time taken = 197.44 seconds, Evaluation time taken = nan seconds, loss = 0.02959, fid = None
2026-03-06 18:05:32.158 | INFO     | __main__:<module>:157 - Epoch = 1500 / 2000
2026-03-06 18:08:49.302 | INFO     | __main__:<module>:220 - Training time taken = 197.14 seconds, Evaluation time taken = nan seconds, loss = 0.02971, fid = None
2026-03-06 18:08:49.303 | INFO     | __main__:<module>:157 - Epoch = 1501 / 2000
2026-03-06 18:12:05.987 | INFO     | __main__:<module>:220 - Training time taken = 196.68 seconds, Evaluation time taken = nan seconds, loss = 0.02949, fid = None
2026-03-06 18:12:05.988 | INFO     | __main__:<module>:157 - Epoch = 1502 / 2000
2026-03-06 18:15:23.165 | INFO     | __main__:<module>:220 - Training time taken = 197.18 seconds, Evaluation time taken = nan seconds, loss = 0.0295, fid = None
2026-03-06 18:15:23.165 | INFO     | __main__:<module>:157 - Epoch = 1503 / 2000
2026-03-06 18:18:40.190 | INFO     | __main__:<module>:220 - Training time taken = 197.02 seconds, Evaluation time taken = nan seconds, loss = 0.02885, fid = None
2026-03-06 18:18:40.190 | INFO     | __main__:<module>:157 - Epoch = 1504 / 2000
2026-03-06 18:21:57.470 | INFO     | __main__:<module>:220 - Training time taken = 197.28 seconds, Evaluation time taken = nan seconds, loss = 0.02962, fid = None
2026-03-06 18:21:57.471 | INFO     | __main__:<module>:157 - Epoch = 1505 / 2000
2026-03-06 18:25:14.282 | INFO     | __main__:<module>:220 - Training time taken = 196.81 seconds, Evaluation time taken = nan seconds, loss = 0.02986, fid = None
2026-03-06 18:25:14.282 | INFO     | __main__:<module>:157 - Epoch = 1506 / 2000
2026-03-06 18:28:31.503 | INFO     | __main__:<module>:220 - Training time taken = 197.22 seconds, Evaluation time taken = nan seconds, loss = 0.0295, fid = None
2026-03-06 18:28:31.503 | INFO     | __main__:<module>:157 - Epoch = 1507 / 2000
2026-03-06 18:31:48.859 | INFO     | __main__:<module>:220 - Training time taken = 197.36 seconds, Evaluation time taken = nan seconds, loss = 0.02933, fid = None
2026-03-06 18:31:48.860 | INFO     | __main__:<module>:157 - Epoch = 1508 / 2000
2026-03-06 18:35:05.749 | INFO     | __main__:<module>:220 - Training time taken = 196.89 seconds, Evaluation time taken = nan seconds, loss = 0.02933, fid = None
2026-03-06 18:35:05.749 | INFO     | __main__:<module>:157 - Epoch = 1509 / 2000
2026-03-06 18:38:22.492 | INFO     | __main__:<module>:220 - Training time taken = 196.74 seconds, Evaluation time taken = nan seconds, loss = 0.02969, fid = None
2026-03-06 18:38:22.492 | INFO     | __main__:<module>:157 - Epoch = 1510 / 2000
2026-03-06 18:41:39.751 | INFO     | __main__:<module>:220 - Training time taken = 197.26 seconds, Evaluation time taken = nan seconds, loss = 0.02983, fid = None
2026-03-06 18:41:39.751 | INFO     | __main__:<module>:157 - Epoch = 1511 / 2000
2026-03-06 18:44:57.022 | INFO     | __main__:<module>:220 - Training time taken = 197.27 seconds, Evaluation time taken = nan seconds, loss = 0.02945, fid = None
2026-03-06 18:44:57.022 | INFO     | __main__:<module>:157 - Epoch = 1512 / 2000
2026-03-06 18:48:14.247 | INFO     | __main__:<module>:220 - Training time taken = 197.22 seconds, Evaluation time taken = nan seconds, loss = 0.02986, fid = None
2026-03-06 18:48:14.247 | INFO     | __main__:<module>:157 - Epoch = 1513 / 2000
2026-03-06 18:51:31.672 | INFO     | __main__:<module>:220 - Training time taken = 197.42 seconds, Evaluation time taken = nan seconds, loss = 0.02937, fid = None
2026-03-06 18:51:31.673 | INFO     | __main__:<module>:157 - Epoch = 1514 / 2000
2026-03-06 18:54:48.718 | INFO     | __main__:<module>:220 - Training time taken = 197.04 seconds, Evaluation time taken = nan seconds, loss = 0.02921, fid = None
2026-03-06 18:54:48.718 | INFO     | __main__:<module>:157 - Epoch = 1515 / 2000
2026-03-06 18:58:05.648 | INFO     | __main__:<module>:220 - Training time taken = 196.93 seconds, Evaluation time taken = nan seconds, loss = 0.02931, fid = None
2026-03-06 18:58:05.649 | INFO     | __main__:<module>:157 - Epoch = 1516 / 2000
2026-03-06 19:01:22.877 | INFO     | __main__:<module>:220 - Training time taken = 197.23 seconds, Evaluation time taken = nan seconds, loss = 0.03001, fid = None
2026-03-06 19:01:22.877 | INFO     | __main__:<module>:157 - Epoch = 1517 / 2000
2026-03-06 19:04:40.045 | INFO     | __main__:<module>:220 - Training time taken = 197.17 seconds, Evaluation time taken = nan seconds, loss = 0.02949, fid = None
2026-03-06 19:04:40.045 | INFO     | __main__:<module>:157 - Epoch = 1518 / 2000
2026-03-06 19:07:57.370 | INFO     | __main__:<module>:220 - Training time taken = 197.32 seconds, Evaluation time taken = nan seconds, loss = 0.02937, fid = None
2026-03-06 19:07:57.370 | INFO     | __main__:<module>:157 - Epoch = 1519 / 2000
2026-03-06 19:11:15.516 | INFO     | __main__:<module>:220 - Training time taken = 198.14 seconds, Evaluation time taken = nan seconds, loss = 0.02932, fid = None
2026-03-06 19:11:15.516 | INFO     | __main__:<module>:157 - Epoch = 1520 / 2000
2026-03-06 19:14:32.156 | INFO     | __main__:<module>:220 - Training time taken = 196.64 seconds, Evaluation time taken = nan seconds, loss = 0.02918, fid = None
2026-03-06 19:14:32.156 | INFO     | __main__:<module>:157 - Epoch = 1521 / 2000
2026-03-06 19:17:49.515 | INFO     | __main__:<module>:220 - Training time taken = 197.36 seconds, Evaluation time taken = nan seconds, loss = 0.02935, fid = None
2026-03-06 19:17:49.516 | INFO     | __main__:<module>:157 - Epoch = 1522 / 2000
2026-03-06 19:21:06.196 | INFO     | __main__:<module>:220 - Training time taken = 196.68 seconds, Evaluation time taken = nan seconds, loss = 0.02988, fid = None
2026-03-06 19:21:06.196 | INFO     | __main__:<module>:157 - Epoch = 1523 / 2000
2026-03-06 19:24:23.096 | INFO     | __main__:<module>:220 - Training time taken = 196.9 seconds, Evaluation time taken = nan seconds, loss = 0.02967, fid = None
2026-03-06 19:24:23.097 | INFO     | __main__:<module>:157 - Epoch = 1524 / 2000
2026-03-06 19:27:39.875 | INFO     | __main__:<module>:220 - Training time taken = 196.78 seconds, Evaluation time taken = nan seconds, loss = 0.02955, fid = None
2026-03-06 19:27:39.875 | INFO     | __main__:<module>:157 - Epoch = 1525 / 2000
2026-03-06 19:30:56.652 | INFO     | __main__:<module>:220 - Training time taken = 196.78 seconds, Evaluation time taken = nan seconds, loss = 0.0294, fid = None
2026-03-06 19:30:56.653 | INFO     | __main__:<module>:157 - Epoch = 1526 / 2000
2026-03-06 19:34:13.592 | INFO     | __main__:<module>:220 - Training time taken = 196.94 seconds, Evaluation time taken = nan seconds, loss = 0.02945, fid = None
2026-03-06 19:34:13.592 | INFO     | __main__:<module>:157 - Epoch = 1527 / 2000
2026-03-06 19:37:30.515 | INFO     | __main__:<module>:220 - Training time taken = 196.92 seconds, Evaluation time taken = nan seconds, loss = 0.0298, fid = None
2026-03-06 19:37:30.515 | INFO     | __main__:<module>:157 - Epoch = 1528 / 2000
2026-03-06 19:40:47.376 | INFO     | __main__:<module>:220 - Training time taken = 196.86 seconds, Evaluation time taken = nan seconds, loss = 0.02899, fid = None
2026-03-06 19:40:47.376 | INFO     | __main__:<module>:157 - Epoch = 1529 / 2000
2026-03-06 19:44:04.493 | INFO     | __main__:<module>:220 - Training time taken = 197.12 seconds, Evaluation time taken = nan seconds, loss = 0.02983, fid = None
2026-03-06 19:44:04.494 | INFO     | __main__:<module>:157 - Epoch = 1530 / 2000
2026-03-06 19:47:21.164 | INFO     | __main__:<module>:220 - Training time taken = 196.67 seconds, Evaluation time taken = nan seconds, loss = 0.02989, fid = None
2026-03-06 19:47:21.164 | INFO     | __main__:<module>:157 - Epoch = 1531 / 2000
2026-03-06 19:50:38.007 | INFO     | __main__:<module>:220 - Training time taken = 196.84 seconds, Evaluation time taken = nan seconds, loss = 0.02948, fid = None
2026-03-06 19:50:38.007 | INFO     | __main__:<module>:157 - Epoch = 1532 / 2000
2026-03-06 19:53:55.159 | INFO     | __main__:<module>:220 - Training time taken = 197.15 seconds, Evaluation time taken = nan seconds, loss = 0.0296, fid = None
2026-03-06 19:53:55.159 | INFO     | __main__:<module>:157 - Epoch = 1533 / 2000
2026-03-06 19:57:12.055 | INFO     | __main__:<module>:220 - Training time taken = 196.89 seconds, Evaluation time taken = nan seconds, loss = 0.03031, fid = None
2026-03-06 19:57:12.055 | INFO     | __main__:<module>:157 - Epoch = 1534 / 2000
2026-03-06 20:00:28.707 | INFO     | __main__:<module>:220 - Training time taken = 196.65 seconds, Evaluation time taken = nan seconds, loss = 0.0295, fid = None
2026-03-06 20:00:28.707 | INFO     | __main__:<module>:157 - Epoch = 1535 / 2000
2026-03-06 20:03:45.974 | INFO     | __main__:<module>:220 - Training time taken = 197.27 seconds, Evaluation time taken = nan seconds, loss = 0.02942, fid = None
2026-03-06 20:03:45.974 | INFO     | __main__:<module>:157 - Epoch = 1536 / 2000
2026-03-06 20:07:02.965 | INFO     | __main__:<module>:220 - Training time taken = 196.99 seconds, Evaluation time taken = nan seconds, loss = 0.02926, fid = None
2026-03-06 20:07:02.966 | INFO     | __main__:<module>:157 - Epoch = 1537 / 2000
2026-03-06 20:10:19.757 | INFO     | __main__:<module>:220 - Training time taken = 196.79 seconds, Evaluation time taken = nan seconds, loss = 0.02964, fid = None
2026-03-06 20:10:19.757 | INFO     | __main__:<module>:157 - Epoch = 1538 / 2000
2026-03-06 20:13:36.379 | INFO     | __main__:<module>:220 - Training time taken = 196.62 seconds, Evaluation time taken = nan seconds, loss = 0.02933, fid = None
2026-03-06 20:13:36.379 | INFO     | __main__:<module>:157 - Epoch = 1539 / 2000
2026-03-06 20:16:52.936 | INFO     | __main__:<module>:220 - Training time taken = 196.56 seconds, Evaluation time taken = nan seconds, loss = 0.02926, fid = None
2026-03-06 20:16:52.937 | INFO     | __main__:<module>:157 - Epoch = 1540 / 2000
2026-03-06 20:20:09.437 | INFO     | __main__:<module>:220 - Training time taken = 196.5 seconds, Evaluation time taken = nan seconds, loss = 0.02917, fid = None
2026-03-06 20:20:09.437 | INFO     | __main__:<module>:157 - Epoch = 1541 / 2000
2026-03-06 20:23:26.494 | INFO     | __main__:<module>:220 - Training time taken = 197.06 seconds, Evaluation time taken = nan seconds, loss = 0.02991, fid = None
2026-03-06 20:23:26.495 | INFO     | __main__:<module>:157 - Epoch = 1542 / 2000
2026-03-06 20:26:43.409 | INFO     | __main__:<module>:220 - Training time taken = 196.91 seconds, Evaluation time taken = nan seconds, loss = 0.02948, fid = None
2026-03-06 20:26:43.409 | INFO     | __main__:<module>:157 - Epoch = 1543 / 2000
2026-03-06 20:30:00.395 | INFO     | __main__:<module>:220 - Training time taken = 196.98 seconds, Evaluation time taken = nan seconds, loss = 0.02963, fid = None
2026-03-06 20:30:00.395 | INFO     | __main__:<module>:157 - Epoch = 1544 / 2000
2026-03-06 20:33:17.390 | INFO     | __main__:<module>:220 - Training time taken = 196.99 seconds, Evaluation time taken = nan seconds, loss = 0.02947, fid = None
2026-03-06 20:33:17.391 | INFO     | __main__:<module>:157 - Epoch = 1545 / 2000
2026-03-06 20:36:34.229 | INFO     | __main__:<module>:220 - Training time taken = 196.84 seconds, Evaluation time taken = nan seconds, loss = 0.02938, fid = None
2026-03-06 20:36:34.229 | INFO     | __main__:<module>:157 - Epoch = 1546 / 2000
2026-03-06 20:39:50.825 | INFO     | __main__:<module>:220 - Training time taken = 196.6 seconds, Evaluation time taken = nan seconds, loss = 0.02941, fid = None
2026-03-06 20:39:50.826 | INFO     | __main__:<module>:157 - Epoch = 1547 / 2000
2026-03-06 20:43:07.689 | INFO     | __main__:<module>:220 - Training time taken = 196.86 seconds, Evaluation time taken = nan seconds, loss = 0.02943, fid = None
2026-03-06 20:43:07.689 | INFO     | __main__:<module>:157 - Epoch = 1548 / 2000
2026-03-06 20:46:24.314 | INFO     | __main__:<module>:220 - Training time taken = 196.62 seconds, Evaluation time taken = nan seconds, loss = 0.02958, fid = None
2026-03-06 20:46:24.315 | INFO     | __main__:<module>:157 - Epoch = 1549 / 2000
2026-03-06 20:49:41.275 | INFO     | __main__:<module>:220 - Training time taken = 196.96 seconds, Evaluation time taken = nan seconds, loss = 0.0288, fid = None
2026-03-06 20:49:41.275 | INFO     | __main__:<module>:157 - Epoch = 1550 / 2000
2026-03-06 20:52:57.912 | INFO     | __main__:<module>:220 - Training time taken = 196.64 seconds, Evaluation time taken = nan seconds, loss = 0.02935, fid = None
2026-03-06 20:52:57.912 | INFO     | __main__:<module>:157 - Epoch = 1551 / 2000
2026-03-06 20:56:14.448 | INFO     | __main__:<module>:220 - Training time taken = 196.53 seconds, Evaluation time taken = nan seconds, loss = 0.02949, fid = None
2026-03-06 20:56:14.448 | INFO     | __main__:<module>:157 - Epoch = 1552 / 2000
2026-03-06 20:59:31.175 | INFO     | __main__:<module>:220 - Training time taken = 196.73 seconds, Evaluation time taken = nan seconds, loss = 0.02951, fid = None
2026-03-06 20:59:31.175 | INFO     | __main__:<module>:157 - Epoch = 1553 / 2000
2026-03-06 21:02:48.294 | INFO     | __main__:<module>:220 - Training time taken = 197.12 seconds, Evaluation time taken = nan seconds, loss = 0.02986, fid = None
2026-03-06 21:02:48.294 | INFO     | __main__:<module>:157 - Epoch = 1554 / 2000
2026-03-06 21:06:05.007 | INFO     | __main__:<module>:220 - Training time taken = 196.71 seconds, Evaluation time taken = nan seconds, loss = 0.02944, fid = None
2026-03-06 21:06:05.008 | INFO     | __main__:<module>:157 - Epoch = 1555 / 2000
2026-03-06 21:09:21.984 | INFO     | __main__:<module>:220 - Training time taken = 196.98 seconds, Evaluation time taken = nan seconds, loss = 0.02916, fid = None
2026-03-06 21:09:21.987 | INFO     | __main__:<module>:157 - Epoch = 1556 / 2000
2026-03-06 21:12:39.311 | INFO     | __main__:<module>:220 - Training time taken = 197.32 seconds, Evaluation time taken = nan seconds, loss = 0.02933, fid = None
2026-03-06 21:12:39.312 | INFO     | __main__:<module>:157 - Epoch = 1557 / 2000
2026-03-06 21:15:56.270 | INFO     | __main__:<module>:220 - Training time taken = 196.96 seconds, Evaluation time taken = nan seconds, loss = 0.02954, fid = None
2026-03-06 21:15:56.271 | INFO     | __main__:<module>:157 - Epoch = 1558 / 2000
2026-03-06 21:19:13.041 | INFO     | __main__:<module>:220 - Training time taken = 196.77 seconds, Evaluation time taken = nan seconds, loss = 0.02931, fid = None
2026-03-06 21:19:13.041 | INFO     | __main__:<module>:157 - Epoch = 1559 / 2000
2026-03-06 21:22:29.730 | INFO     | __main__:<module>:220 - Training time taken = 196.69 seconds, Evaluation time taken = nan seconds, loss = 0.02913, fid = None
2026-03-06 21:22:29.730 | INFO     | __main__:<module>:157 - Epoch = 1560 / 2000
2026-03-06 21:25:46.675 | INFO     | __main__:<module>:220 - Training time taken = 196.94 seconds, Evaluation time taken = nan seconds, loss = 0.02948, fid = None
2026-03-06 21:25:46.676 | INFO     | __main__:<module>:157 - Epoch = 1561 / 2000
2026-03-06 21:29:03.670 | INFO     | __main__:<module>:220 - Training time taken = 196.99 seconds, Evaluation time taken = nan seconds, loss = 0.02901, fid = None
2026-03-06 21:29:03.670 | INFO     | __main__:<module>:157 - Epoch = 1562 / 2000
2026-03-06 21:32:20.590 | INFO     | __main__:<module>:220 - Training time taken = 196.92 seconds, Evaluation time taken = nan seconds, loss = 0.02963, fid = None
2026-03-06 21:32:20.590 | INFO     | __main__:<module>:157 - Epoch = 1563 / 2000
2026-03-06 21:35:37.619 | INFO     | __main__:<module>:220 - Training time taken = 197.03 seconds, Evaluation time taken = nan seconds, loss = 0.02966, fid = None
2026-03-06 21:35:37.619 | INFO     | __main__:<module>:157 - Epoch = 1564 / 2000
2026-03-06 21:38:54.495 | INFO     | __main__:<module>:220 - Training time taken = 196.87 seconds, Evaluation time taken = nan seconds, loss = 0.02918, fid = None
2026-03-06 21:38:54.495 | INFO     | __main__:<module>:157 - Epoch = 1565 / 2000
2026-03-06 21:42:11.554 | INFO     | __main__:<module>:220 - Training time taken = 197.06 seconds, Evaluation time taken = nan seconds, loss = 0.02924, fid = None
2026-03-06 21:42:11.555 | INFO     | __main__:<module>:157 - Epoch = 1566 / 2000
2026-03-06 21:45:28.348 | INFO     | __main__:<module>:220 - Training time taken = 196.79 seconds, Evaluation time taken = nan seconds, loss = 0.02932, fid = None
2026-03-06 21:45:28.348 | INFO     | __main__:<module>:157 - Epoch = 1567 / 2000
2026-03-06 21:48:45.513 | INFO     | __main__:<module>:220 - Training time taken = 197.16 seconds, Evaluation time taken = nan seconds, loss = 0.02901, fid = None
2026-03-06 21:48:45.514 | INFO     | __main__:<module>:157 - Epoch = 1568 / 2000
2026-03-06 21:52:02.519 | INFO     | __main__:<module>:220 - Training time taken = 197.0 seconds, Evaluation time taken = nan seconds, loss = 0.02991, fid = None
2026-03-06 21:52:02.519 | INFO     | __main__:<module>:157 - Epoch = 1569 / 2000
2026-03-06 21:55:19.581 | INFO     | __main__:<module>:220 - Training time taken = 197.06 seconds, Evaluation time taken = nan seconds, loss = 0.02948, fid = None
2026-03-06 21:55:19.581 | INFO     | __main__:<module>:157 - Epoch = 1570 / 2000
2026-03-06 21:58:36.145 | INFO     | __main__:<module>:220 - Training time taken = 196.56 seconds, Evaluation time taken = nan seconds, loss = 0.02946, fid = None
2026-03-06 21:58:36.145 | INFO     | __main__:<module>:157 - Epoch = 1571 / 2000
2026-03-06 22:01:52.953 | INFO     | __main__:<module>:220 - Training time taken = 196.81 seconds, Evaluation time taken = nan seconds, loss = 0.02939, fid = None
2026-03-06 22:01:52.953 | INFO     | __main__:<module>:157 - Epoch = 1572 / 2000
2026-03-06 22:05:09.413 | INFO     | __main__:<module>:220 - Training time taken = 196.46 seconds, Evaluation time taken = nan seconds, loss = 0.02929, fid = None
2026-03-06 22:05:09.413 | INFO     | __main__:<module>:157 - Epoch = 1573 / 2000
2026-03-06 22:08:26.465 | INFO     | __main__:<module>:220 - Training time taken = 197.05 seconds, Evaluation time taken = nan seconds, loss = 0.02936, fid = None
2026-03-06 22:08:26.466 | INFO     | __main__:<module>:157 - Epoch = 1574 / 2000
2026-03-06 22:11:43.270 | INFO     | __main__:<module>:220 - Training time taken = 196.8 seconds, Evaluation time taken = nan seconds, loss = 0.02919, fid = None
2026-03-06 22:11:43.271 | INFO     | __main__:<module>:157 - Epoch = 1575 / 2000
2026-03-06 22:15:00.411 | INFO     | __main__:<module>:220 - Training time taken = 197.14 seconds, Evaluation time taken = nan seconds, loss = 0.02933, fid = None
2026-03-06 22:15:00.411 | INFO     | __main__:<module>:157 - Epoch = 1576 / 2000
2026-03-06 22:18:17.058 | INFO     | __main__:<module>:220 - Training time taken = 196.65 seconds, Evaluation time taken = nan seconds, loss = 0.02982, fid = None
2026-03-06 22:18:17.058 | INFO     | __main__:<module>:157 - Epoch = 1577 / 2000
2026-03-06 22:21:33.568 | INFO     | __main__:<module>:220 - Training time taken = 196.51 seconds, Evaluation time taken = nan seconds, loss = 0.02941, fid = None
2026-03-06 22:21:33.569 | INFO     | __main__:<module>:157 - Epoch = 1578 / 2000
2026-03-06 22:24:50.160 | INFO     | __main__:<module>:220 - Training time taken = 196.59 seconds, Evaluation time taken = nan seconds, loss = 0.02957, fid = None
2026-03-06 22:24:50.160 | INFO     | __main__:<module>:157 - Epoch = 1579 / 2000
2026-03-06 22:28:06.789 | INFO     | __main__:<module>:220 - Training time taken = 196.63 seconds, Evaluation time taken = nan seconds, loss = 0.02953, fid = None
2026-03-06 22:28:06.790 | INFO     | __main__:<module>:157 - Epoch = 1580 / 2000
2026-03-06 22:31:23.401 | INFO     | __main__:<module>:220 - Training time taken = 196.61 seconds, Evaluation time taken = nan seconds, loss = 0.02916, fid = None
2026-03-06 22:31:23.401 | INFO     | __main__:<module>:157 - Epoch = 1581 / 2000
2026-03-06 22:34:40.208 | INFO     | __main__:<module>:220 - Training time taken = 196.81 seconds, Evaluation time taken = nan seconds, loss = 0.02857, fid = None
2026-03-06 22:34:40.208 | INFO     | __main__:<module>:157 - Epoch = 1582 / 2000
2026-03-06 22:37:56.853 | INFO     | __main__:<module>:220 - Training time taken = 196.64 seconds, Evaluation time taken = nan seconds, loss = 0.02936, fid = None
2026-03-06 22:37:56.853 | INFO     | __main__:<module>:157 - Epoch = 1583 / 2000
2026-03-06 22:41:13.188 | INFO     | __main__:<module>:220 - Training time taken = 196.33 seconds, Evaluation time taken = nan seconds, loss = 0.02892, fid = None
2026-03-06 22:41:13.188 | INFO     | __main__:<module>:157 - Epoch = 1584 / 2000
2026-03-06 22:44:29.844 | INFO     | __main__:<module>:220 - Training time taken = 196.65 seconds, Evaluation time taken = nan seconds, loss = 0.02972, fid = None
2026-03-06 22:44:29.844 | INFO     | __main__:<module>:157 - Epoch = 1585 / 2000
2026-03-06 22:47:46.770 | INFO     | __main__:<module>:220 - Training time taken = 196.92 seconds, Evaluation time taken = nan seconds, loss = 0.02945, fid = None
2026-03-06 22:47:46.770 | INFO     | __main__:<module>:157 - Epoch = 1586 / 2000
2026-03-06 22:51:03.705 | INFO     | __main__:<module>:220 - Training time taken = 196.93 seconds, Evaluation time taken = nan seconds, loss = 0.02992, fid = None
2026-03-06 22:51:03.705 | INFO     | __main__:<module>:157 - Epoch = 1587 / 2000
2026-03-06 22:54:20.541 | INFO     | __main__:<module>:220 - Training time taken = 196.83 seconds, Evaluation time taken = nan seconds, loss = 0.0297, fid = None
2026-03-06 22:54:20.541 | INFO     | __main__:<module>:157 - Epoch = 1588 / 2000
2026-03-06 22:57:36.881 | INFO     | __main__:<module>:220 - Training time taken = 196.34 seconds, Evaluation time taken = nan seconds, loss = 0.02967, fid = None
2026-03-06 22:57:36.882 | INFO     | __main__:<module>:157 - Epoch = 1589 / 2000
2026-03-06 23:00:53.212 | INFO     | __main__:<module>:220 - Training time taken = 196.33 seconds, Evaluation time taken = nan seconds, loss = 0.02941, fid = None
2026-03-06 23:00:53.212 | INFO     | __main__:<module>:157 - Epoch = 1590 / 2000
2026-03-06 23:04:09.735 | INFO     | __main__:<module>:220 - Training time taken = 196.52 seconds, Evaluation time taken = nan seconds, loss = 0.02907, fid = None
2026-03-06 23:04:09.735 | INFO     | __main__:<module>:157 - Epoch = 1591 / 2000
2026-03-06 23:07:26.172 | INFO     | __main__:<module>:220 - Training time taken = 196.44 seconds, Evaluation time taken = nan seconds, loss = 0.02955, fid = None
2026-03-06 23:07:26.172 | INFO     | __main__:<module>:157 - Epoch = 1592 / 2000
2026-03-06 23:10:42.642 | INFO     | __main__:<module>:220 - Training time taken = 196.47 seconds, Evaluation time taken = nan seconds, loss = 0.02901, fid = None
2026-03-06 23:10:42.642 | INFO     | __main__:<module>:157 - Epoch = 1593 / 2000
2026-03-06 23:13:59.526 | INFO     | __main__:<module>:220 - Training time taken = 196.88 seconds, Evaluation time taken = nan seconds, loss = 0.02961, fid = None
2026-03-06 23:13:59.526 | INFO     | __main__:<module>:157 - Epoch = 1594 / 2000
2026-03-06 23:17:15.854 | INFO     | __main__:<module>:220 - Training time taken = 196.33 seconds, Evaluation time taken = nan seconds, loss = 0.02962, fid = None
2026-03-06 23:17:15.855 | INFO     | __main__:<module>:157 - Epoch = 1595 / 2000
2026-03-06 23:20:32.163 | INFO     | __main__:<module>:220 - Training time taken = 196.31 seconds, Evaluation time taken = nan seconds, loss = 0.02955, fid = None
2026-03-06 23:20:32.163 | INFO     | __main__:<module>:157 - Epoch = 1596 / 2000
2026-03-06 23:23:48.402 | INFO     | __main__:<module>:220 - Training time taken = 196.24 seconds, Evaluation time taken = nan seconds, loss = 0.02923, fid = None
2026-03-06 23:23:48.402 | INFO     | __main__:<module>:157 - Epoch = 1597 / 2000
2026-03-06 23:27:04.863 | INFO     | __main__:<module>:220 - Training time taken = 196.46 seconds, Evaluation time taken = nan seconds, loss = 0.02955, fid = None
2026-03-06 23:27:04.863 | INFO     | __main__:<module>:157 - Epoch = 1598 / 2000
2026-03-06 23:30:21.539 | INFO     | __main__:<module>:220 - Training time taken = 196.67 seconds, Evaluation time taken = nan seconds, loss = 0.02941, fid = None
2026-03-06 23:30:21.539 | INFO     | __main__:<module>:157 - Epoch = 1599 / 2000
2026-03-06 23:33:38.470 | INFO     | __main__:<module>:220 - Training time taken = 196.93 seconds, Evaluation time taken = nan seconds, loss = 0.0296, fid = None
2026-03-06 23:33:38.470 | INFO     | __main__:<module>:157 - Epoch = 1600 / 2000
2026-03-06 23:36:55.331 | INFO     | __main__:<module>:220 - Training time taken = 196.86 seconds, Evaluation time taken = nan seconds, loss = 0.02954, fid = None
2026-03-06 23:36:55.331 | INFO     | __main__:<module>:157 - Epoch = 1601 / 2000
2026-03-06 23:40:12.170 | INFO     | __main__:<module>:220 - Training time taken = 196.84 seconds, Evaluation time taken = nan seconds, loss = 0.02919, fid = None
2026-03-06 23:40:12.170 | INFO     | __main__:<module>:157 - Epoch = 1602 / 2000
2026-03-06 23:43:28.966 | INFO     | __main__:<module>:220 - Training time taken = 196.8 seconds, Evaluation time taken = nan seconds, loss = 0.02959, fid = None
2026-03-06 23:43:28.967 | INFO     | __main__:<module>:157 - Epoch = 1603 / 2000
2026-03-06 23:46:45.795 | INFO     | __main__:<module>:220 - Training time taken = 196.83 seconds, Evaluation time taken = nan seconds, loss = 0.02907, fid = None
2026-03-06 23:46:45.796 | INFO     | __main__:<module>:157 - Epoch = 1604 / 2000
2026-03-06 23:50:02.635 | INFO     | __main__:<module>:220 - Training time taken = 196.84 seconds, Evaluation time taken = nan seconds, loss = 0.02907, fid = None
2026-03-06 23:50:02.636 | INFO     | __main__:<module>:157 - Epoch = 1605 / 2000
2026-03-06 23:53:19.415 | INFO     | __main__:<module>:220 - Training time taken = 196.78 seconds, Evaluation time taken = nan seconds, loss = 0.02928, fid = None
2026-03-06 23:53:19.415 | INFO     | __main__:<module>:157 - Epoch = 1606 / 2000
2026-03-06 23:56:36.394 | INFO     | __main__:<module>:220 - Training time taken = 196.98 seconds, Evaluation time taken = nan seconds, loss = 0.0288, fid = None
2026-03-06 23:56:36.395 | INFO     | __main__:<module>:157 - Epoch = 1607 / 2000
2026-03-06 23:59:53.260 | INFO     | __main__:<module>:220 - Training time taken = 196.86 seconds, Evaluation time taken = nan seconds, loss = 0.02898, fid = None
2026-03-06 23:59:53.260 | INFO     | __main__:<module>:157 - Epoch = 1608 / 2000
2026-03-07 00:03:10.250 | INFO     | __main__:<module>:220 - Training time taken = 196.99 seconds, Evaluation time taken = nan seconds, loss = 0.02922, fid = None
2026-03-07 00:03:10.250 | INFO     | __main__:<module>:157 - Epoch = 1609 / 2000
2026-03-07 00:06:27.027 | INFO     | __main__:<module>:220 - Training time taken = 196.78 seconds, Evaluation time taken = nan seconds, loss = 0.02918, fid = None
2026-03-07 00:06:27.027 | INFO     | __main__:<module>:157 - Epoch = 1610 / 2000
2026-03-07 00:09:43.579 | INFO     | __main__:<module>:220 - Training time taken = 196.55 seconds, Evaluation time taken = nan seconds, loss = 0.02964, fid = None
2026-03-07 00:09:43.579 | INFO     | __main__:<module>:157 - Epoch = 1611 / 2000
2026-03-07 00:13:00.537 | INFO     | __main__:<module>:220 - Training time taken = 196.96 seconds, Evaluation time taken = nan seconds, loss = 0.02972, fid = None
2026-03-07 00:13:00.538 | INFO     | __main__:<module>:157 - Epoch = 1612 / 2000
2026-03-07 00:16:17.246 | INFO     | __main__:<module>:220 - Training time taken = 196.71 seconds, Evaluation time taken = nan seconds, loss = 0.02975, fid = None
2026-03-07 00:16:17.246 | INFO     | __main__:<module>:157 - Epoch = 1613 / 2000
2026-03-07 00:19:33.970 | INFO     | __main__:<module>:220 - Training time taken = 196.72 seconds, Evaluation time taken = nan seconds, loss = 0.02912, fid = None
2026-03-07 00:19:33.971 | INFO     | __main__:<module>:157 - Epoch = 1614 / 2000
2026-03-07 00:22:51.366 | INFO     | __main__:<module>:220 - Training time taken = 197.39 seconds, Evaluation time taken = nan seconds, loss = 0.02952, fid = None
2026-03-07 00:22:51.366 | INFO     | __main__:<module>:157 - Epoch = 1615 / 2000
2026-03-07 00:26:08.791 | INFO     | __main__:<module>:220 - Training time taken = 197.42 seconds, Evaluation time taken = nan seconds, loss = 0.02915, fid = None
2026-03-07 00:26:08.791 | INFO     | __main__:<module>:157 - Epoch = 1616 / 2000
2026-03-07 00:29:26.082 | INFO     | __main__:<module>:220 - Training time taken = 197.29 seconds, Evaluation time taken = nan seconds, loss = 0.02911, fid = None
2026-03-07 00:29:26.082 | INFO     | __main__:<module>:157 - Epoch = 1617 / 2000
2026-03-07 00:32:43.546 | INFO     | __main__:<module>:220 - Training time taken = 197.46 seconds, Evaluation time taken = nan seconds, loss = 0.02958, fid = None
2026-03-07 00:32:43.546 | INFO     | __main__:<module>:157 - Epoch = 1618 / 2000
2026-03-07 00:36:01.146 | INFO     | __main__:<module>:220 - Training time taken = 197.6 seconds, Evaluation time taken = nan seconds, loss = 0.0297, fid = None
2026-03-07 00:36:01.146 | INFO     | __main__:<module>:157 - Epoch = 1619 / 2000
2026-03-07 00:39:18.610 | INFO     | __main__:<module>:220 - Training time taken = 197.46 seconds, Evaluation time taken = nan seconds, loss = 0.02932, fid = None
2026-03-07 00:39:18.611 | INFO     | __main__:<module>:157 - Epoch = 1620 / 2000
2026-03-07 00:42:35.156 | INFO     | __main__:<module>:220 - Training time taken = 196.54 seconds, Evaluation time taken = nan seconds, loss = 0.02936, fid = None
2026-03-07 00:42:35.156 | INFO     | __main__:<module>:157 - Epoch = 1621 / 2000
2026-03-07 00:45:52.170 | INFO     | __main__:<module>:220 - Training time taken = 197.01 seconds, Evaluation time taken = nan seconds, loss = 0.02935, fid = None
2026-03-07 00:45:52.171 | INFO     | __main__:<module>:157 - Epoch = 1622 / 2000
2026-03-07 00:49:09.011 | INFO     | __main__:<module>:220 - Training time taken = 196.84 seconds, Evaluation time taken = nan seconds, loss = 0.02956, fid = None
2026-03-07 00:49:09.012 | INFO     | __main__:<module>:157 - Epoch = 1623 / 2000
2026-03-07 00:52:25.551 | INFO     | __main__:<module>:220 - Training time taken = 196.54 seconds, Evaluation time taken = nan seconds, loss = 0.0295, fid = None
2026-03-07 00:52:25.551 | INFO     | __main__:<module>:157 - Epoch = 1624 / 2000
2026-03-07 00:55:42.022 | INFO     | __main__:<module>:220 - Training time taken = 196.47 seconds, Evaluation time taken = nan seconds, loss = 0.02942, fid = None
2026-03-07 00:55:42.022 | INFO     | __main__:<module>:157 - Epoch = 1625 / 2000
2026-03-07 00:58:58.423 | INFO     | __main__:<module>:220 - Training time taken = 196.4 seconds, Evaluation time taken = nan seconds, loss = 0.02914, fid = None
2026-03-07 00:58:58.424 | INFO     | __main__:<module>:157 - Epoch = 1626 / 2000
2026-03-07 01:02:15.283 | INFO     | __main__:<module>:220 - Training time taken = 196.86 seconds, Evaluation time taken = nan seconds, loss = 0.02951, fid = None
2026-03-07 01:02:15.283 | INFO     | __main__:<module>:157 - Epoch = 1627 / 2000
2026-03-07 01:05:31.898 | INFO     | __main__:<module>:220 - Training time taken = 196.61 seconds, Evaluation time taken = nan seconds, loss = 0.02957, fid = None
2026-03-07 01:05:31.898 | INFO     | __main__:<module>:157 - Epoch = 1628 / 2000
2026-03-07 01:08:48.771 | INFO     | __main__:<module>:220 - Training time taken = 196.87 seconds, Evaluation time taken = nan seconds, loss = 0.02966, fid = None
2026-03-07 01:08:48.771 | INFO     | __main__:<module>:157 - Epoch = 1629 / 2000
2026-03-07 01:12:05.510 | INFO     | __main__:<module>:220 - Training time taken = 196.74 seconds, Evaluation time taken = nan seconds, loss = 0.02962, fid = None
2026-03-07 01:12:05.510 | INFO     | __main__:<module>:157 - Epoch = 1630 / 2000
2026-03-07 01:15:22.243 | INFO     | __main__:<module>:220 - Training time taken = 196.73 seconds, Evaluation time taken = nan seconds, loss = 0.02954, fid = None
2026-03-07 01:15:22.244 | INFO     | __main__:<module>:157 - Epoch = 1631 / 2000
2026-03-07 01:18:39.187 | INFO     | __main__:<module>:220 - Training time taken = 196.94 seconds, Evaluation time taken = nan seconds, loss = 0.02939, fid = None
2026-03-07 01:18:39.187 | INFO     | __main__:<module>:157 - Epoch = 1632 / 2000
2026-03-07 01:21:56.119 | INFO     | __main__:<module>:220 - Training time taken = 196.93 seconds, Evaluation time taken = nan seconds, loss = 0.02953, fid = None
2026-03-07 01:21:56.120 | INFO     | __main__:<module>:157 - Epoch = 1633 / 2000
2026-03-07 01:25:13.335 | INFO     | __main__:<module>:220 - Training time taken = 197.21 seconds, Evaluation time taken = nan seconds, loss = 0.02961, fid = None
2026-03-07 01:25:13.335 | INFO     | __main__:<module>:157 - Epoch = 1634 / 2000
2026-03-07 01:28:30.045 | INFO     | __main__:<module>:220 - Training time taken = 196.71 seconds, Evaluation time taken = nan seconds, loss = 0.02934, fid = None
2026-03-07 01:28:30.046 | INFO     | __main__:<module>:157 - Epoch = 1635 / 2000
2026-03-07 01:31:46.675 | INFO     | __main__:<module>:220 - Training time taken = 196.63 seconds, Evaluation time taken = nan seconds, loss = 0.02912, fid = None
2026-03-07 01:31:46.675 | INFO     | __main__:<module>:157 - Epoch = 1636 / 2000
2026-03-07 01:35:03.359 | INFO     | __main__:<module>:220 - Training time taken = 196.68 seconds, Evaluation time taken = nan seconds, loss = 0.03004, fid = None
2026-03-07 01:35:03.360 | INFO     | __main__:<module>:157 - Epoch = 1637 / 2000
2026-03-07 01:38:20.178 | INFO     | __main__:<module>:220 - Training time taken = 196.82 seconds, Evaluation time taken = nan seconds, loss = 0.03011, fid = None
2026-03-07 01:38:20.178 | INFO     | __main__:<module>:157 - Epoch = 1638 / 2000
2026-03-07 01:41:37.006 | INFO     | __main__:<module>:220 - Training time taken = 196.83 seconds, Evaluation time taken = nan seconds, loss = 0.02943, fid = None
2026-03-07 01:41:37.007 | INFO     | __main__:<module>:157 - Epoch = 1639 / 2000
2026-03-07 01:44:53.709 | INFO     | __main__:<module>:220 - Training time taken = 196.7 seconds, Evaluation time taken = nan seconds, loss = 0.02912, fid = None
2026-03-07 01:44:53.709 | INFO     | __main__:<module>:157 - Epoch = 1640 / 2000
2026-03-07 01:48:10.593 | INFO     | __main__:<module>:220 - Training time taken = 196.88 seconds, Evaluation time taken = nan seconds, loss = 0.02998, fid = None
2026-03-07 01:48:10.593 | INFO     | __main__:<module>:157 - Epoch = 1641 / 2000
2026-03-07 01:51:27.452 | INFO     | __main__:<module>:220 - Training time taken = 196.86 seconds, Evaluation time taken = nan seconds, loss = 0.02955, fid = None
2026-03-07 01:51:27.452 | INFO     | __main__:<module>:157 - Epoch = 1642 / 2000
2026-03-07 01:54:44.433 | INFO     | __main__:<module>:220 - Training time taken = 196.98 seconds, Evaluation time taken = nan seconds, loss = 0.02906, fid = None
2026-03-07 01:54:44.433 | INFO     | __main__:<module>:157 - Epoch = 1643 / 2000
2026-03-07 01:58:01.207 | INFO     | __main__:<module>:220 - Training time taken = 196.77 seconds, Evaluation time taken = nan seconds, loss = 0.02929, fid = None
2026-03-07 01:58:01.208 | INFO     | __main__:<module>:157 - Epoch = 1644 / 2000
2026-03-07 02:01:18.586 | INFO     | __main__:<module>:220 - Training time taken = 197.38 seconds, Evaluation time taken = nan seconds, loss = 0.02936, fid = None
2026-03-07 02:01:18.586 | INFO     | __main__:<module>:157 - Epoch = 1645 / 2000
2026-03-07 02:04:35.546 | INFO     | __main__:<module>:220 - Training time taken = 196.96 seconds, Evaluation time taken = nan seconds, loss = 0.02997, fid = None
2026-03-07 02:04:35.546 | INFO     | __main__:<module>:157 - Epoch = 1646 / 2000
2026-03-07 02:07:52.761 | INFO     | __main__:<module>:220 - Training time taken = 197.21 seconds, Evaluation time taken = nan seconds, loss = 0.02914, fid = None
2026-03-07 02:07:52.761 | INFO     | __main__:<module>:157 - Epoch = 1647 / 2000
2026-03-07 02:11:09.802 | INFO     | __main__:<module>:220 - Training time taken = 197.04 seconds, Evaluation time taken = nan seconds, loss = 0.02926, fid = None
2026-03-07 02:11:09.803 | INFO     | __main__:<module>:157 - Epoch = 1648 / 2000
2026-03-07 02:14:26.296 | INFO     | __main__:<module>:220 - Training time taken = 196.49 seconds, Evaluation time taken = nan seconds, loss = 0.02953, fid = None
2026-03-07 02:14:26.296 | INFO     | __main__:<module>:157 - Epoch = 1649 / 2000
2026-03-07 02:17:42.890 | INFO     | __main__:<module>:220 - Training time taken = 196.59 seconds, Evaluation time taken = nan seconds, loss = 0.02945, fid = None
2026-03-07 02:17:42.890 | INFO     | __main__:<module>:157 - Epoch = 1650 / 2000
2026-03-07 02:21:00.173 | INFO     | __main__:<module>:220 - Training time taken = 197.28 seconds, Evaluation time taken = nan seconds, loss = 0.02919, fid = None
2026-03-07 02:21:00.173 | INFO     | __main__:<module>:157 - Epoch = 1651 / 2000
2026-03-07 02:24:16.692 | INFO     | __main__:<module>:220 - Training time taken = 196.52 seconds, Evaluation time taken = nan seconds, loss = 0.02943, fid = None
2026-03-07 02:24:16.693 | INFO     | __main__:<module>:157 - Epoch = 1652 / 2000
2026-03-07 02:27:33.003 | INFO     | __main__:<module>:220 - Training time taken = 196.31 seconds, Evaluation time taken = nan seconds, loss = 0.02926, fid = None
2026-03-07 02:27:33.004 | INFO     | __main__:<module>:157 - Epoch = 1653 / 2000
2026-03-07 02:30:49.284 | INFO     | __main__:<module>:220 - Training time taken = 196.28 seconds, Evaluation time taken = nan seconds, loss = 0.02899, fid = None
2026-03-07 02:30:49.285 | INFO     | __main__:<module>:157 - Epoch = 1654 / 2000
2026-03-07 02:34:05.393 | INFO     | __main__:<module>:220 - Training time taken = 196.11 seconds, Evaluation time taken = nan seconds, loss = 0.02954, fid = None
2026-03-07 02:34:05.393 | INFO     | __main__:<module>:157 - Epoch = 1655 / 2000
2026-03-07 02:37:21.871 | INFO     | __main__:<module>:220 - Training time taken = 196.48 seconds, Evaluation time taken = nan seconds, loss = 0.02888, fid = None
2026-03-07 02:37:21.872 | INFO     | __main__:<module>:157 - Epoch = 1656 / 2000
2026-03-07 02:40:38.311 | INFO     | __main__:<module>:220 - Training time taken = 196.44 seconds, Evaluation time taken = nan seconds, loss = 0.02956, fid = None
2026-03-07 02:40:38.311 | INFO     | __main__:<module>:157 - Epoch = 1657 / 2000
2026-03-07 02:43:54.596 | INFO     | __main__:<module>:220 - Training time taken = 196.28 seconds, Evaluation time taken = nan seconds, loss = 0.0292, fid = None
2026-03-07 02:43:54.597 | INFO     | __main__:<module>:157 - Epoch = 1658 / 2000
2026-03-07 02:47:11.289 | INFO     | __main__:<module>:220 - Training time taken = 196.69 seconds, Evaluation time taken = nan seconds, loss = 0.02962, fid = None
2026-03-07 02:47:11.289 | INFO     | __main__:<module>:157 - Epoch = 1659 / 2000
2026-03-07 02:50:28.090 | INFO     | __main__:<module>:220 - Training time taken = 196.8 seconds, Evaluation time taken = nan seconds, loss = 0.02919, fid = None
2026-03-07 02:50:28.090 | INFO     | __main__:<module>:157 - Epoch = 1660 / 2000
2026-03-07 02:53:44.719 | INFO     | __main__:<module>:220 - Training time taken = 196.63 seconds, Evaluation time taken = nan seconds, loss = 0.0292, fid = None
2026-03-07 02:53:44.720 | INFO     | __main__:<module>:157 - Epoch = 1661 / 2000
2026-03-07 02:57:01.349 | INFO     | __main__:<module>:220 - Training time taken = 196.63 seconds, Evaluation time taken = nan seconds, loss = 0.02964, fid = None
2026-03-07 02:57:01.350 | INFO     | __main__:<module>:157 - Epoch = 1662 / 2000
2026-03-07 03:00:18.251 | INFO     | __main__:<module>:220 - Training time taken = 196.9 seconds, Evaluation time taken = nan seconds, loss = 0.02917, fid = None
2026-03-07 03:00:18.252 | INFO     | __main__:<module>:157 - Epoch = 1663 / 2000
2026-03-07 03:03:35.018 | INFO     | __main__:<module>:220 - Training time taken = 196.77 seconds, Evaluation time taken = nan seconds, loss = 0.02935, fid = None
2026-03-07 03:03:35.018 | INFO     | __main__:<module>:157 - Epoch = 1664 / 2000
2026-03-07 03:06:51.455 | INFO     | __main__:<module>:220 - Training time taken = 196.44 seconds, Evaluation time taken = nan seconds, loss = 0.02947, fid = None
2026-03-07 03:06:51.455 | INFO     | __main__:<module>:157 - Epoch = 1665 / 2000
2026-03-07 03:10:08.004 | INFO     | __main__:<module>:220 - Training time taken = 196.55 seconds, Evaluation time taken = nan seconds, loss = 0.02957, fid = None
2026-03-07 03:10:08.004 | INFO     | __main__:<module>:157 - Epoch = 1666 / 2000
2026-03-07 03:13:24.891 | INFO     | __main__:<module>:220 - Training time taken = 196.89 seconds, Evaluation time taken = nan seconds, loss = 0.02965, fid = None
2026-03-07 03:13:24.892 | INFO     | __main__:<module>:157 - Epoch = 1667 / 2000
2026-03-07 03:16:41.653 | INFO     | __main__:<module>:220 - Training time taken = 196.76 seconds, Evaluation time taken = nan seconds, loss = 0.02943, fid = None
2026-03-07 03:16:41.653 | INFO     | __main__:<module>:157 - Epoch = 1668 / 2000
2026-03-07 03:19:58.078 | INFO     | __main__:<module>:220 - Training time taken = 196.42 seconds, Evaluation time taken = nan seconds, loss = 0.02968, fid = None
2026-03-07 03:19:58.078 | INFO     | __main__:<module>:157 - Epoch = 1669 / 2000
2026-03-07 03:23:14.554 | INFO     | __main__:<module>:220 - Training time taken = 196.48 seconds, Evaluation time taken = nan seconds, loss = 0.02998, fid = None
2026-03-07 03:23:14.555 | INFO     | __main__:<module>:157 - Epoch = 1670 / 2000
2026-03-07 03:26:30.980 | INFO     | __main__:<module>:220 - Training time taken = 196.42 seconds, Evaluation time taken = nan seconds, loss = 0.02905, fid = None
2026-03-07 03:26:30.980 | INFO     | __main__:<module>:157 - Epoch = 1671 / 2000
2026-03-07 03:29:47.622 | INFO     | __main__:<module>:220 - Training time taken = 196.64 seconds, Evaluation time taken = nan seconds, loss = 0.0288, fid = None
2026-03-07 03:29:47.622 | INFO     | __main__:<module>:157 - Epoch = 1672 / 2000
2026-03-07 03:33:03.981 | INFO     | __main__:<module>:220 - Training time taken = 196.36 seconds, Evaluation time taken = nan seconds, loss = 0.0294, fid = None
2026-03-07 03:33:03.981 | INFO     | __main__:<module>:157 - Epoch = 1673 / 2000
2026-03-07 03:36:20.375 | INFO     | __main__:<module>:220 - Training time taken = 196.39 seconds, Evaluation time taken = nan seconds, loss = 0.02976, fid = None
2026-03-07 03:36:20.375 | INFO     | __main__:<module>:157 - Epoch = 1674 / 2000
2026-03-07 03:39:36.756 | INFO     | __main__:<module>:220 - Training time taken = 196.38 seconds, Evaluation time taken = nan seconds, loss = 0.0292, fid = None
2026-03-07 03:39:36.756 | INFO     | __main__:<module>:157 - Epoch = 1675 / 2000
2026-03-07 03:42:53.472 | INFO     | __main__:<module>:220 - Training time taken = 196.71 seconds, Evaluation time taken = nan seconds, loss = 0.02964, fid = None
2026-03-07 03:42:53.473 | INFO     | __main__:<module>:157 - Epoch = 1676 / 2000
2026-03-07 03:46:10.222 | INFO     | __main__:<module>:220 - Training time taken = 196.75 seconds, Evaluation time taken = nan seconds, loss = 0.02935, fid = None
2026-03-07 03:46:10.223 | INFO     | __main__:<module>:157 - Epoch = 1677 / 2000
2026-03-07 03:49:26.696 | INFO     | __main__:<module>:220 - Training time taken = 196.47 seconds, Evaluation time taken = nan seconds, loss = 0.02934, fid = None
2026-03-07 03:49:26.696 | INFO     | __main__:<module>:157 - Epoch = 1678 / 2000
2026-03-07 03:52:43.543 | INFO     | __main__:<module>:220 - Training time taken = 196.85 seconds, Evaluation time taken = nan seconds, loss = 0.02947, fid = None
2026-03-07 03:52:43.543 | INFO     | __main__:<module>:157 - Epoch = 1679 / 2000
2026-03-07 03:56:00.292 | INFO     | __main__:<module>:220 - Training time taken = 196.75 seconds, Evaluation time taken = nan seconds, loss = 0.02949, fid = None
2026-03-07 03:56:00.292 | INFO     | __main__:<module>:157 - Epoch = 1680 / 2000
2026-03-07 03:59:16.824 | INFO     | __main__:<module>:220 - Training time taken = 196.53 seconds, Evaluation time taken = nan seconds, loss = 0.02938, fid = None
2026-03-07 03:59:16.824 | INFO     | __main__:<module>:157 - Epoch = 1681 / 2000
2026-03-07 04:02:33.413 | INFO     | __main__:<module>:220 - Training time taken = 196.59 seconds, Evaluation time taken = nan seconds, loss = 0.02932, fid = None
2026-03-07 04:02:33.413 | INFO     | __main__:<module>:157 - Epoch = 1682 / 2000
2026-03-07 04:05:49.971 | INFO     | __main__:<module>:220 - Training time taken = 196.56 seconds, Evaluation time taken = nan seconds, loss = 0.02878, fid = None
2026-03-07 04:05:49.971 | INFO     | __main__:<module>:157 - Epoch = 1683 / 2000
2026-03-07 04:09:06.193 | INFO     | __main__:<module>:220 - Training time taken = 196.22 seconds, Evaluation time taken = nan seconds, loss = 0.02988, fid = None
2026-03-07 04:09:06.193 | INFO     | __main__:<module>:157 - Epoch = 1684 / 2000
2026-03-07 04:12:23.035 | INFO     | __main__:<module>:220 - Training time taken = 196.84 seconds, Evaluation time taken = nan seconds, loss = 0.02996, fid = None
2026-03-07 04:12:23.036 | INFO     | __main__:<module>:157 - Epoch = 1685 / 2000
2026-03-07 04:15:39.902 | INFO     | __main__:<module>:220 - Training time taken = 196.86 seconds, Evaluation time taken = nan seconds, loss = 0.02959, fid = None
2026-03-07 04:15:39.902 | INFO     | __main__:<module>:157 - Epoch = 1686 / 2000
2026-03-07 04:18:56.490 | INFO     | __main__:<module>:220 - Training time taken = 196.59 seconds, Evaluation time taken = nan seconds, loss = 0.02887, fid = None
2026-03-07 04:18:56.491 | INFO     | __main__:<module>:157 - Epoch = 1687 / 2000
2026-03-07 04:22:13.156 | INFO     | __main__:<module>:220 - Training time taken = 196.66 seconds, Evaluation time taken = nan seconds, loss = 0.02923, fid = None
2026-03-07 04:22:13.156 | INFO     | __main__:<module>:157 - Epoch = 1688 / 2000
2026-03-07 04:25:29.652 | INFO     | __main__:<module>:220 - Training time taken = 196.49 seconds, Evaluation time taken = nan seconds, loss = 0.02913, fid = None
2026-03-07 04:25:29.652 | INFO     | __main__:<module>:157 - Epoch = 1689 / 2000
2026-03-07 04:28:46.302 | INFO     | __main__:<module>:220 - Training time taken = 196.65 seconds, Evaluation time taken = nan seconds, loss = 0.02901, fid = None
2026-03-07 04:28:46.302 | INFO     | __main__:<module>:157 - Epoch = 1690 / 2000
2026-03-07 04:32:02.440 | INFO     | __main__:<module>:220 - Training time taken = 196.14 seconds, Evaluation time taken = nan seconds, loss = 0.02923, fid = None
2026-03-07 04:32:02.441 | INFO     | __main__:<module>:157 - Epoch = 1691 / 2000
2026-03-07 04:35:18.670 | INFO     | __main__:<module>:220 - Training time taken = 196.23 seconds, Evaluation time taken = nan seconds, loss = 0.0289, fid = None
2026-03-07 04:35:18.671 | INFO     | __main__:<module>:157 - Epoch = 1692 / 2000
2026-03-07 04:38:34.748 | INFO     | __main__:<module>:220 - Training time taken = 196.08 seconds, Evaluation time taken = nan seconds, loss = 0.02925, fid = None
2026-03-07 04:38:34.748 | INFO     | __main__:<module>:157 - Epoch = 1693 / 2000
2026-03-07 04:41:51.241 | INFO     | __main__:<module>:220 - Training time taken = 196.49 seconds, Evaluation time taken = nan seconds, loss = 0.02925, fid = None
2026-03-07 04:41:51.242 | INFO     | __main__:<module>:157 - Epoch = 1694 / 2000
2026-03-07 04:45:07.564 | INFO     | __main__:<module>:220 - Training time taken = 196.32 seconds, Evaluation time taken = nan seconds, loss = 0.02974, fid = None
2026-03-07 04:45:07.564 | INFO     | __main__:<module>:157 - Epoch = 1695 / 2000
2026-03-07 04:48:23.995 | INFO     | __main__:<module>:220 - Training time taken = 196.43 seconds, Evaluation time taken = nan seconds, loss = 0.02933, fid = None
2026-03-07 04:48:23.995 | INFO     | __main__:<module>:157 - Epoch = 1696 / 2000
2026-03-07 04:51:40.778 | INFO     | __main__:<module>:220 - Training time taken = 196.78 seconds, Evaluation time taken = nan seconds, loss = 0.02957, fid = None
2026-03-07 04:51:40.779 | INFO     | __main__:<module>:157 - Epoch = 1697 / 2000
2026-03-07 04:54:57.501 | INFO     | __main__:<module>:220 - Training time taken = 196.72 seconds, Evaluation time taken = nan seconds, loss = 0.02974, fid = None
2026-03-07 04:54:57.501 | INFO     | __main__:<module>:157 - Epoch = 1698 / 2000
2026-03-07 04:58:14.363 | INFO     | __main__:<module>:220 - Training time taken = 196.86 seconds, Evaluation time taken = nan seconds, loss = 0.02984, fid = None
2026-03-07 04:58:14.363 | INFO     | __main__:<module>:157 - Epoch = 1699 / 2000
2026-03-07 05:01:31.229 | INFO     | __main__:<module>:220 - Training time taken = 196.86 seconds, Evaluation time taken = nan seconds, loss = 0.02921, fid = None
2026-03-07 05:01:31.229 | INFO     | __main__:<module>:157 - Epoch = 1700 / 2000
2026-03-07 05:04:48.227 | INFO     | __main__:<module>:220 - Training time taken = 197.0 seconds, Evaluation time taken = nan seconds, loss = 0.02986, fid = None
2026-03-07 05:04:48.228 | INFO     | __main__:<module>:157 - Epoch = 1701 / 2000
2026-03-07 05:08:04.704 | INFO     | __main__:<module>:220 - Training time taken = 196.48 seconds, Evaluation time taken = nan seconds, loss = 0.02915, fid = None
2026-03-07 05:08:04.704 | INFO     | __main__:<module>:157 - Epoch = 1702 / 2000
2026-03-07 05:11:21.276 | INFO     | __main__:<module>:220 - Training time taken = 196.57 seconds, Evaluation time taken = nan seconds, loss = 0.02961, fid = None
2026-03-07 05:11:21.277 | INFO     | __main__:<module>:157 - Epoch = 1703 / 2000
2026-03-07 05:14:37.490 | INFO     | __main__:<module>:220 - Training time taken = 196.21 seconds, Evaluation time taken = nan seconds, loss = 0.02869, fid = None
2026-03-07 05:14:37.490 | INFO     | __main__:<module>:157 - Epoch = 1704 / 2000
2026-03-07 05:17:54.258 | INFO     | __main__:<module>:220 - Training time taken = 196.77 seconds, Evaluation time taken = nan seconds, loss = 0.0293, fid = None
2026-03-07 05:17:54.258 | INFO     | __main__:<module>:157 - Epoch = 1705 / 2000
2026-03-07 05:21:10.810 | INFO     | __main__:<module>:220 - Training time taken = 196.55 seconds, Evaluation time taken = nan seconds, loss = 0.02931, fid = None
2026-03-07 05:21:10.811 | INFO     | __main__:<module>:157 - Epoch = 1706 / 2000
2026-03-07 05:24:27.609 | INFO     | __main__:<module>:220 - Training time taken = 196.8 seconds, Evaluation time taken = nan seconds, loss = 0.02963, fid = None
2026-03-07 05:24:27.609 | INFO     | __main__:<module>:157 - Epoch = 1707 / 2000
2026-03-07 05:27:44.308 | INFO     | __main__:<module>:220 - Training time taken = 196.7 seconds, Evaluation time taken = nan seconds, loss = 0.02941, fid = None
2026-03-07 05:27:44.308 | INFO     | __main__:<module>:157 - Epoch = 1708 / 2000
2026-03-07 05:31:00.923 | INFO     | __main__:<module>:220 - Training time taken = 196.61 seconds, Evaluation time taken = nan seconds, loss = 0.02932, fid = None
2026-03-07 05:31:00.923 | INFO     | __main__:<module>:157 - Epoch = 1709 / 2000
2026-03-07 05:34:17.525 | INFO     | __main__:<module>:220 - Training time taken = 196.6 seconds, Evaluation time taken = nan seconds, loss = 0.02938, fid = None
2026-03-07 05:34:17.525 | INFO     | __main__:<module>:157 - Epoch = 1710 / 2000
2026-03-07 05:37:33.703 | INFO     | __main__:<module>:220 - Training time taken = 196.18 seconds, Evaluation time taken = nan seconds, loss = 0.02909, fid = None
2026-03-07 05:37:33.703 | INFO     | __main__:<module>:157 - Epoch = 1711 / 2000
2026-03-07 05:40:49.568 | INFO     | __main__:<module>:220 - Training time taken = 195.86 seconds, Evaluation time taken = nan seconds, loss = 0.02946, fid = None
2026-03-07 05:40:49.568 | INFO     | __main__:<module>:157 - Epoch = 1712 / 2000
2026-03-07 05:44:05.918 | INFO     | __main__:<module>:220 - Training time taken = 196.35 seconds, Evaluation time taken = nan seconds, loss = 0.02935, fid = None
2026-03-07 05:44:05.919 | INFO     | __main__:<module>:157 - Epoch = 1713 / 2000
2026-03-07 05:47:22.677 | INFO     | __main__:<module>:220 - Training time taken = 196.76 seconds, Evaluation time taken = nan seconds, loss = 0.0292, fid = None
2026-03-07 05:47:22.677 | INFO     | __main__:<module>:157 - Epoch = 1714 / 2000
2026-03-07 05:50:39.556 | INFO     | __main__:<module>:220 - Training time taken = 196.88 seconds, Evaluation time taken = nan seconds, loss = 0.02922, fid = None
2026-03-07 05:50:39.557 | INFO     | __main__:<module>:157 - Epoch = 1715 / 2000
2026-03-07 05:53:56.388 | INFO     | __main__:<module>:220 - Training time taken = 196.83 seconds, Evaluation time taken = nan seconds, loss = 0.02939, fid = None
2026-03-07 05:53:56.388 | INFO     | __main__:<module>:157 - Epoch = 1716 / 2000
2026-03-07 05:57:13.201 | INFO     | __main__:<module>:220 - Training time taken = 196.81 seconds, Evaluation time taken = nan seconds, loss = 0.0288, fid = None
2026-03-07 05:57:13.201 | INFO     | __main__:<module>:157 - Epoch = 1717 / 2000
2026-03-07 06:00:29.940 | INFO     | __main__:<module>:220 - Training time taken = 196.74 seconds, Evaluation time taken = nan seconds, loss = 0.02969, fid = None
2026-03-07 06:00:29.941 | INFO     | __main__:<module>:157 - Epoch = 1718 / 2000
2026-03-07 06:03:46.356 | INFO     | __main__:<module>:220 - Training time taken = 196.41 seconds, Evaluation time taken = nan seconds, loss = 0.02943, fid = None
2026-03-07 06:03:46.356 | INFO     | __main__:<module>:157 - Epoch = 1719 / 2000
2026-03-07 06:07:02.608 | INFO     | __main__:<module>:220 - Training time taken = 196.25 seconds, Evaluation time taken = nan seconds, loss = 0.02934, fid = None
2026-03-07 06:07:02.608 | INFO     | __main__:<module>:157 - Epoch = 1720 / 2000
2026-03-07 06:10:18.867 | INFO     | __main__:<module>:220 - Training time taken = 196.26 seconds, Evaluation time taken = nan seconds, loss = 0.02909, fid = None
2026-03-07 06:10:18.867 | INFO     | __main__:<module>:157 - Epoch = 1721 / 2000
2026-03-07 06:13:35.023 | INFO     | __main__:<module>:220 - Training time taken = 196.16 seconds, Evaluation time taken = nan seconds, loss = 0.02974, fid = None
2026-03-07 06:13:35.024 | INFO     | __main__:<module>:157 - Epoch = 1722 / 2000
2026-03-07 06:16:51.115 | INFO     | __main__:<module>:220 - Training time taken = 196.09 seconds, Evaluation time taken = nan seconds, loss = 0.02915, fid = None
2026-03-07 06:16:51.115 | INFO     | __main__:<module>:157 - Epoch = 1723 / 2000
2026-03-07 06:20:07.332 | INFO     | __main__:<module>:220 - Training time taken = 196.22 seconds, Evaluation time taken = nan seconds, loss = 0.0293, fid = None
2026-03-07 06:20:07.333 | INFO     | __main__:<module>:157 - Epoch = 1724 / 2000
2026-03-07 06:23:23.908 | INFO     | __main__:<module>:220 - Training time taken = 196.57 seconds, Evaluation time taken = nan seconds, loss = 0.02927, fid = None
2026-03-07 06:23:23.908 | INFO     | __main__:<module>:157 - Epoch = 1725 / 2000
2026-03-07 06:26:40.816 | INFO     | __main__:<module>:220 - Training time taken = 196.91 seconds, Evaluation time taken = nan seconds, loss = 0.03017, fid = None
2026-03-07 06:26:40.816 | INFO     | __main__:<module>:157 - Epoch = 1726 / 2000
2026-03-07 06:29:57.473 | INFO     | __main__:<module>:220 - Training time taken = 196.66 seconds, Evaluation time taken = nan seconds, loss = 0.02917, fid = None
2026-03-07 06:29:57.474 | INFO     | __main__:<module>:157 - Epoch = 1727 / 2000
2026-03-07 06:33:13.734 | INFO     | __main__:<module>:220 - Training time taken = 196.26 seconds, Evaluation time taken = nan seconds, loss = 0.02952, fid = None
2026-03-07 06:33:13.735 | INFO     | __main__:<module>:157 - Epoch = 1728 / 2000
2026-03-07 06:36:29.897 | INFO     | __main__:<module>:220 - Training time taken = 196.16 seconds, Evaluation time taken = nan seconds, loss = 0.02982, fid = None
2026-03-07 06:36:29.897 | INFO     | __main__:<module>:157 - Epoch = 1729 / 2000
2026-03-07 06:39:45.935 | INFO     | __main__:<module>:220 - Training time taken = 196.04 seconds, Evaluation time taken = nan seconds, loss = 0.02911, fid = None
2026-03-07 06:39:45.935 | INFO     | __main__:<module>:157 - Epoch = 1730 / 2000
2026-03-07 06:43:02.174 | INFO     | __main__:<module>:220 - Training time taken = 196.24 seconds, Evaluation time taken = nan seconds, loss = 0.02943, fid = None
2026-03-07 06:43:02.174 | INFO     | __main__:<module>:157 - Epoch = 1731 / 2000
2026-03-07 06:46:18.322 | INFO     | __main__:<module>:220 - Training time taken = 196.15 seconds, Evaluation time taken = nan seconds, loss = 0.02977, fid = None
2026-03-07 06:46:18.323 | INFO     | __main__:<module>:157 - Epoch = 1732 / 2000
2026-03-07 06:49:34.712 | INFO     | __main__:<module>:220 - Training time taken = 196.39 seconds, Evaluation time taken = nan seconds, loss = 0.02922, fid = None
2026-03-07 06:49:34.712 | INFO     | __main__:<module>:157 - Epoch = 1733 / 2000
2026-03-07 06:52:51.183 | INFO     | __main__:<module>:220 - Training time taken = 196.47 seconds, Evaluation time taken = nan seconds, loss = 0.02982, fid = None
2026-03-07 06:52:51.183 | INFO     | __main__:<module>:157 - Epoch = 1734 / 2000
2026-03-07 06:56:07.290 | INFO     | __main__:<module>:220 - Training time taken = 196.11 seconds, Evaluation time taken = nan seconds, loss = 0.02938, fid = None
2026-03-07 06:56:07.290 | INFO     | __main__:<module>:157 - Epoch = 1735 / 2000
2026-03-07 06:59:23.450 | INFO     | __main__:<module>:220 - Training time taken = 196.16 seconds, Evaluation time taken = nan seconds, loss = 0.02948, fid = None
2026-03-07 06:59:23.451 | INFO     | __main__:<module>:157 - Epoch = 1736 / 2000
2026-03-07 07:02:39.672 | INFO     | __main__:<module>:220 - Training time taken = 196.22 seconds, Evaluation time taken = nan seconds, loss = 0.0288, fid = None
2026-03-07 07:02:39.672 | INFO     | __main__:<module>:157 - Epoch = 1737 / 2000
2026-03-07 07:05:56.079 | INFO     | __main__:<module>:220 - Training time taken = 196.41 seconds, Evaluation time taken = nan seconds, loss = 0.02951, fid = None
2026-03-07 07:05:56.079 | INFO     | __main__:<module>:157 - Epoch = 1738 / 2000
2026-03-07 07:09:12.746 | INFO     | __main__:<module>:220 - Training time taken = 196.67 seconds, Evaluation time taken = nan seconds, loss = 0.0294, fid = None
2026-03-07 07:09:12.746 | INFO     | __main__:<module>:157 - Epoch = 1739 / 2000
2026-03-07 07:12:28.932 | INFO     | __main__:<module>:220 - Training time taken = 196.18 seconds, Evaluation time taken = nan seconds, loss = 0.03, fid = None
2026-03-07 07:12:28.932 | INFO     | __main__:<module>:157 - Epoch = 1740 / 2000
2026-03-07 07:15:45.374 | INFO     | __main__:<module>:220 - Training time taken = 196.44 seconds, Evaluation time taken = nan seconds, loss = 0.02942, fid = None
2026-03-07 07:15:45.374 | INFO     | __main__:<module>:157 - Epoch = 1741 / 2000
2026-03-07 07:19:02.116 | INFO     | __main__:<module>:220 - Training time taken = 196.74 seconds, Evaluation time taken = nan seconds, loss = 0.02947, fid = None
2026-03-07 07:19:02.116 | INFO     | __main__:<module>:157 - Epoch = 1742 / 2000
2026-03-07 07:22:18.503 | INFO     | __main__:<module>:220 - Training time taken = 196.39 seconds, Evaluation time taken = nan seconds, loss = 0.02933, fid = None
2026-03-07 07:22:18.503 | INFO     | __main__:<module>:157 - Epoch = 1743 / 2000
2026-03-07 07:25:34.772 | INFO     | __main__:<module>:220 - Training time taken = 196.27 seconds, Evaluation time taken = nan seconds, loss = 0.02893, fid = None
2026-03-07 07:25:34.772 | INFO     | __main__:<module>:157 - Epoch = 1744 / 2000
2026-03-07 07:28:51.433 | INFO     | __main__:<module>:220 - Training time taken = 196.66 seconds, Evaluation time taken = nan seconds, loss = 0.02978, fid = None
2026-03-07 07:28:51.433 | INFO     | __main__:<module>:157 - Epoch = 1745 / 2000
2026-03-07 07:32:08.260 | INFO     | __main__:<module>:220 - Training time taken = 196.83 seconds, Evaluation time taken = nan seconds, loss = 0.02964, fid = None
2026-03-07 07:32:08.260 | INFO     | __main__:<module>:157 - Epoch = 1746 / 2000
2026-03-07 07:35:24.974 | INFO     | __main__:<module>:220 - Training time taken = 196.71 seconds, Evaluation time taken = nan seconds, loss = 0.02944, fid = None
2026-03-07 07:35:24.974 | INFO     | __main__:<module>:157 - Epoch = 1747 / 2000
2026-03-07 07:38:41.500 | INFO     | __main__:<module>:220 - Training time taken = 196.53 seconds, Evaluation time taken = nan seconds, loss = 0.02924, fid = None
2026-03-07 07:38:41.501 | INFO     | __main__:<module>:157 - Epoch = 1748 / 2000
2026-03-07 07:41:57.773 | INFO     | __main__:<module>:220 - Training time taken = 196.27 seconds, Evaluation time taken = nan seconds, loss = 0.02924, fid = None
2026-03-07 07:41:57.773 | INFO     | __main__:<module>:157 - Epoch = 1749 / 2000
2026-03-07 07:45:14.189 | INFO     | __main__:<module>:220 - Training time taken = 196.41 seconds, Evaluation time taken = nan seconds, loss = 0.02982, fid = None
2026-03-07 07:45:14.189 | INFO     | __main__:<module>:157 - Epoch = 1750 / 2000
2026-03-07 07:48:30.376 | INFO     | __main__:<module>:220 - Training time taken = 196.18 seconds, Evaluation time taken = nan seconds, loss = 0.02918, fid = None
2026-03-07 07:48:30.376 | INFO     | __main__:<module>:157 - Epoch = 1751 / 2000
2026-03-07 07:51:46.655 | INFO     | __main__:<module>:220 - Training time taken = 196.28 seconds, Evaluation time taken = nan seconds, loss = 0.02903, fid = None
2026-03-07 07:51:46.655 | INFO     | __main__:<module>:157 - Epoch = 1752 / 2000
2026-03-07 07:55:02.787 | INFO     | __main__:<module>:220 - Training time taken = 196.13 seconds, Evaluation time taken = nan seconds, loss = 0.02984, fid = None
2026-03-07 07:55:02.787 | INFO     | __main__:<module>:157 - Epoch = 1753 / 2000
2026-03-07 07:58:19.032 | INFO     | __main__:<module>:220 - Training time taken = 196.24 seconds, Evaluation time taken = nan seconds, loss = 0.02933, fid = None
2026-03-07 07:58:19.032 | INFO     | __main__:<module>:157 - Epoch = 1754 / 2000
2026-03-07 08:01:35.750 | INFO     | __main__:<module>:220 - Training time taken = 196.72 seconds, Evaluation time taken = nan seconds, loss = 0.02947, fid = None
2026-03-07 08:01:35.751 | INFO     | __main__:<module>:157 - Epoch = 1755 / 2000
2026-03-07 08:04:52.521 | INFO     | __main__:<module>:220 - Training time taken = 196.77 seconds, Evaluation time taken = nan seconds, loss = 0.02957, fid = None
2026-03-07 08:04:52.521 | INFO     | __main__:<module>:157 - Epoch = 1756 / 2000
2026-03-07 08:08:09.018 | INFO     | __main__:<module>:220 - Training time taken = 196.5 seconds, Evaluation time taken = nan seconds, loss = 0.0293, fid = None
2026-03-07 08:08:09.018 | INFO     | __main__:<module>:157 - Epoch = 1757 / 2000
2026-03-07 08:11:25.592 | INFO     | __main__:<module>:220 - Training time taken = 196.57 seconds, Evaluation time taken = nan seconds, loss = 0.02933, fid = None
2026-03-07 08:11:25.592 | INFO     | __main__:<module>:157 - Epoch = 1758 / 2000
2026-03-07 08:14:42.432 | INFO     | __main__:<module>:220 - Training time taken = 196.84 seconds, Evaluation time taken = nan seconds, loss = 0.02901, fid = None
2026-03-07 08:14:42.432 | INFO     | __main__:<module>:157 - Epoch = 1759 / 2000
2026-03-07 08:17:58.673 | INFO     | __main__:<module>:220 - Training time taken = 196.24 seconds, Evaluation time taken = nan seconds, loss = 0.02901, fid = None
2026-03-07 08:17:58.673 | INFO     | __main__:<module>:157 - Epoch = 1760 / 2000
2026-03-07 08:21:15.166 | INFO     | __main__:<module>:220 - Training time taken = 196.49 seconds, Evaluation time taken = nan seconds, loss = 0.02942, fid = None
2026-03-07 08:21:15.167 | INFO     | __main__:<module>:157 - Epoch = 1761 / 2000
2026-03-07 08:24:31.607 | INFO     | __main__:<module>:220 - Training time taken = 196.44 seconds, Evaluation time taken = nan seconds, loss = 0.02983, fid = None
2026-03-07 08:24:31.607 | INFO     | __main__:<module>:157 - Epoch = 1762 / 2000
2026-03-07 08:27:48.354 | INFO     | __main__:<module>:220 - Training time taken = 196.75 seconds, Evaluation time taken = nan seconds, loss = 0.02985, fid = None
2026-03-07 08:27:48.355 | INFO     | __main__:<module>:157 - Epoch = 1763 / 2000
2026-03-07 08:31:05.031 | INFO     | __main__:<module>:220 - Training time taken = 196.68 seconds, Evaluation time taken = nan seconds, loss = 0.02911, fid = None
2026-03-07 08:31:05.031 | INFO     | __main__:<module>:157 - Epoch = 1764 / 2000
2026-03-07 08:34:21.455 | INFO     | __main__:<module>:220 - Training time taken = 196.42 seconds, Evaluation time taken = nan seconds, loss = 0.02875, fid = None
2026-03-07 08:34:21.456 | INFO     | __main__:<module>:157 - Epoch = 1765 / 2000
2026-03-07 08:37:37.893 | INFO     | __main__:<module>:220 - Training time taken = 196.44 seconds, Evaluation time taken = nan seconds, loss = 0.02936, fid = None
2026-03-07 08:37:37.893 | INFO     | __main__:<module>:157 - Epoch = 1766 / 2000
2026-03-07 08:40:54.775 | INFO     | __main__:<module>:220 - Training time taken = 196.88 seconds, Evaluation time taken = nan seconds, loss = 0.02912, fid = None
2026-03-07 08:40:54.775 | INFO     | __main__:<module>:157 - Epoch = 1767 / 2000
2026-03-07 08:44:11.037 | INFO     | __main__:<module>:220 - Training time taken = 196.26 seconds, Evaluation time taken = nan seconds, loss = 0.02936, fid = None
2026-03-07 08:44:11.037 | INFO     | __main__:<module>:157 - Epoch = 1768 / 2000
2026-03-07 08:47:27.375 | INFO     | __main__:<module>:220 - Training time taken = 196.34 seconds, Evaluation time taken = nan seconds, loss = 0.02881, fid = None
2026-03-07 08:47:27.375 | INFO     | __main__:<module>:157 - Epoch = 1769 / 2000
2026-03-07 08:50:44.041 | INFO     | __main__:<module>:220 - Training time taken = 196.66 seconds, Evaluation time taken = nan seconds, loss = 0.02935, fid = None
2026-03-07 08:50:44.041 | INFO     | __main__:<module>:157 - Epoch = 1770 / 2000
2026-03-07 08:54:00.504 | INFO     | __main__:<module>:220 - Training time taken = 196.46 seconds, Evaluation time taken = nan seconds, loss = 0.02926, fid = None
2026-03-07 08:54:00.504 | INFO     | __main__:<module>:157 - Epoch = 1771 / 2000
2026-03-07 08:57:16.818 | INFO     | __main__:<module>:220 - Training time taken = 196.31 seconds, Evaluation time taken = nan seconds, loss = 0.02947, fid = None
2026-03-07 08:57:16.819 | INFO     | __main__:<module>:157 - Epoch = 1772 / 2000
2026-03-07 09:00:33.326 | INFO     | __main__:<module>:220 - Training time taken = 196.51 seconds, Evaluation time taken = nan seconds, loss = 0.02934, fid = None
2026-03-07 09:00:33.326 | INFO     | __main__:<module>:157 - Epoch = 1773 / 2000
2026-03-07 09:03:50.249 | INFO     | __main__:<module>:220 - Training time taken = 196.92 seconds, Evaluation time taken = nan seconds, loss = 0.02927, fid = None
2026-03-07 09:03:50.249 | INFO     | __main__:<module>:157 - Epoch = 1774 / 2000
2026-03-07 09:07:06.849 | INFO     | __main__:<module>:220 - Training time taken = 196.6 seconds, Evaluation time taken = nan seconds, loss = 0.02923, fid = None
2026-03-07 09:07:06.850 | INFO     | __main__:<module>:157 - Epoch = 1775 / 2000
2026-03-07 09:10:23.082 | INFO     | __main__:<module>:220 - Training time taken = 196.23 seconds, Evaluation time taken = nan seconds, loss = 0.02924, fid = None
2026-03-07 09:10:23.082 | INFO     | __main__:<module>:157 - Epoch = 1776 / 2000
2026-03-07 09:13:39.922 | INFO     | __main__:<module>:220 - Training time taken = 196.84 seconds, Evaluation time taken = nan seconds, loss = 0.02929, fid = None
2026-03-07 09:13:39.922 | INFO     | __main__:<module>:157 - Epoch = 1777 / 2000
2026-03-07 09:16:56.271 | INFO     | __main__:<module>:220 - Training time taken = 196.35 seconds, Evaluation time taken = nan seconds, loss = 0.02939, fid = None
2026-03-07 09:16:56.271 | INFO     | __main__:<module>:157 - Epoch = 1778 / 2000
2026-03-07 09:20:12.990 | INFO     | __main__:<module>:220 - Training time taken = 196.72 seconds, Evaluation time taken = nan seconds, loss = 0.0293, fid = None
2026-03-07 09:20:12.990 | INFO     | __main__:<module>:157 - Epoch = 1779 / 2000
2026-03-07 09:23:29.424 | INFO     | __main__:<module>:220 - Training time taken = 196.43 seconds, Evaluation time taken = nan seconds, loss = 0.02865, fid = None
2026-03-07 09:23:29.425 | INFO     | __main__:<module>:157 - Epoch = 1780 / 2000
2026-03-07 09:26:46.257 | INFO     | __main__:<module>:220 - Training time taken = 196.83 seconds, Evaluation time taken = nan seconds, loss = 0.02916, fid = None
2026-03-07 09:26:46.257 | INFO     | __main__:<module>:157 - Epoch = 1781 / 2000
2026-03-07 09:30:03.060 | INFO     | __main__:<module>:220 - Training time taken = 196.8 seconds, Evaluation time taken = nan seconds, loss = 0.02905, fid = None
2026-03-07 09:30:03.060 | INFO     | __main__:<module>:157 - Epoch = 1782 / 2000
2026-03-07 09:33:19.808 | INFO     | __main__:<module>:220 - Training time taken = 196.75 seconds, Evaluation time taken = nan seconds, loss = 0.0292, fid = None
2026-03-07 09:33:19.808 | INFO     | __main__:<module>:157 - Epoch = 1783 / 2000
2026-03-07 09:36:36.452 | INFO     | __main__:<module>:220 - Training time taken = 196.64 seconds, Evaluation time taken = nan seconds, loss = 0.02913, fid = None
2026-03-07 09:36:36.453 | INFO     | __main__:<module>:157 - Epoch = 1784 / 2000
2026-03-07 09:39:52.785 | INFO     | __main__:<module>:220 - Training time taken = 196.33 seconds, Evaluation time taken = nan seconds, loss = 0.029, fid = None
2026-03-07 09:39:52.785 | INFO     | __main__:<module>:157 - Epoch = 1785 / 2000
2026-03-07 09:43:09.752 | INFO     | __main__:<module>:220 - Training time taken = 196.97 seconds, Evaluation time taken = nan seconds, loss = 0.02919, fid = None
2026-03-07 09:43:09.753 | INFO     | __main__:<module>:157 - Epoch = 1786 / 2000
2026-03-07 09:46:26.311 | INFO     | __main__:<module>:220 - Training time taken = 196.56 seconds, Evaluation time taken = nan seconds, loss = 0.02993, fid = None
2026-03-07 09:46:26.311 | INFO     | __main__:<module>:157 - Epoch = 1787 / 2000
2026-03-07 09:49:42.571 | INFO     | __main__:<module>:220 - Training time taken = 196.26 seconds, Evaluation time taken = nan seconds, loss = 0.02933, fid = None
2026-03-07 09:49:42.571 | INFO     | __main__:<module>:157 - Epoch = 1788 / 2000
2026-03-07 09:52:59.101 | INFO     | __main__:<module>:220 - Training time taken = 196.53 seconds, Evaluation time taken = nan seconds, loss = 0.02897, fid = None
2026-03-07 09:52:59.102 | INFO     | __main__:<module>:157 - Epoch = 1789 / 2000
2026-03-07 09:56:15.654 | INFO     | __main__:<module>:220 - Training time taken = 196.55 seconds, Evaluation time taken = nan seconds, loss = 0.02916, fid = None
2026-03-07 09:56:15.655 | INFO     | __main__:<module>:157 - Epoch = 1790 / 2000
2026-03-07 09:59:32.159 | INFO     | __main__:<module>:220 - Training time taken = 196.5 seconds, Evaluation time taken = nan seconds, loss = 0.02938, fid = None
2026-03-07 09:59:32.159 | INFO     | __main__:<module>:157 - Epoch = 1791 / 2000
2026-03-07 10:02:48.431 | INFO     | __main__:<module>:220 - Training time taken = 196.27 seconds, Evaluation time taken = nan seconds, loss = 0.02932, fid = None
2026-03-07 10:02:48.431 | INFO     | __main__:<module>:157 - Epoch = 1792 / 2000
2026-03-07 10:06:04.836 | INFO     | __main__:<module>:220 - Training time taken = 196.4 seconds, Evaluation time taken = nan seconds, loss = 0.02915, fid = None
2026-03-07 10:06:04.836 | INFO     | __main__:<module>:157 - Epoch = 1793 / 2000
2026-03-07 10:09:21.748 | INFO     | __main__:<module>:220 - Training time taken = 196.91 seconds, Evaluation time taken = nan seconds, loss = 0.02903, fid = None
2026-03-07 10:09:21.749 | INFO     | __main__:<module>:157 - Epoch = 1794 / 2000
2026-03-07 10:12:38.617 | INFO     | __main__:<module>:220 - Training time taken = 196.87 seconds, Evaluation time taken = nan seconds, loss = 0.02911, fid = None
2026-03-07 10:12:38.617 | INFO     | __main__:<module>:157 - Epoch = 1795 / 2000
2026-03-07 10:15:55.349 | INFO     | __main__:<module>:220 - Training time taken = 196.73 seconds, Evaluation time taken = nan seconds, loss = 0.02963, fid = None
2026-03-07 10:15:55.349 | INFO     | __main__:<module>:157 - Epoch = 1796 / 2000
2026-03-07 10:19:11.630 | INFO     | __main__:<module>:220 - Training time taken = 196.28 seconds, Evaluation time taken = nan seconds, loss = 0.02895, fid = None
2026-03-07 10:19:11.630 | INFO     | __main__:<module>:157 - Epoch = 1797 / 2000
2026-03-07 10:22:27.999 | INFO     | __main__:<module>:220 - Training time taken = 196.37 seconds, Evaluation time taken = nan seconds, loss = 0.02975, fid = None
2026-03-07 10:22:27.999 | INFO     | __main__:<module>:157 - Epoch = 1798 / 2000
2026-03-07 10:25:44.665 | INFO     | __main__:<module>:220 - Training time taken = 196.66 seconds, Evaluation time taken = nan seconds, loss = 0.02941, fid = None
2026-03-07 10:25:44.665 | INFO     | __main__:<module>:157 - Epoch = 1799 / 2000
2026-03-07 10:29:01.593 | INFO     | __main__:<module>:220 - Training time taken = 196.93 seconds, Evaluation time taken = nan seconds, loss = 0.02946, fid = None
2026-03-07 10:29:01.593 | INFO     | __main__:<module>:157 - Epoch = 1800 / 2000
2026-03-07 10:32:18.519 | INFO     | __main__:<module>:220 - Training time taken = 196.92 seconds, Evaluation time taken = nan seconds, loss = 0.02946, fid = None
2026-03-07 10:32:18.519 | INFO     | __main__:<module>:157 - Epoch = 1801 / 2000
2026-03-07 10:35:35.269 | INFO     | __main__:<module>:220 - Training time taken = 196.75 seconds, Evaluation time taken = nan seconds, loss = 0.02985, fid = None
2026-03-07 10:35:35.269 | INFO     | __main__:<module>:157 - Epoch = 1802 / 2000
2026-03-07 10:38:51.599 | INFO     | __main__:<module>:220 - Training time taken = 196.33 seconds, Evaluation time taken = nan seconds, loss = 0.02942, fid = None
2026-03-07 10:38:51.599 | INFO     | __main__:<module>:157 - Epoch = 1803 / 2000
2026-03-07 10:42:08.077 | INFO     | __main__:<module>:220 - Training time taken = 196.48 seconds, Evaluation time taken = nan seconds, loss = 0.02867, fid = None
2026-03-07 10:42:08.077 | INFO     | __main__:<module>:157 - Epoch = 1804 / 2000
2026-03-07 10:45:24.403 | INFO     | __main__:<module>:220 - Training time taken = 196.32 seconds, Evaluation time taken = nan seconds, loss = 0.02895, fid = None
2026-03-07 10:45:24.403 | INFO     | __main__:<module>:157 - Epoch = 1805 / 2000
2026-03-07 10:48:40.959 | INFO     | __main__:<module>:220 - Training time taken = 196.55 seconds, Evaluation time taken = nan seconds, loss = 0.03008, fid = None
2026-03-07 10:48:40.959 | INFO     | __main__:<module>:157 - Epoch = 1806 / 2000
2026-03-07 10:51:57.321 | INFO     | __main__:<module>:220 - Training time taken = 196.36 seconds, Evaluation time taken = nan seconds, loss = 0.02957, fid = None
2026-03-07 10:51:57.321 | INFO     | __main__:<module>:157 - Epoch = 1807 / 2000
2026-03-07 10:55:13.888 | INFO     | __main__:<module>:220 - Training time taken = 196.57 seconds, Evaluation time taken = nan seconds, loss = 0.02922, fid = None
2026-03-07 10:55:13.888 | INFO     | __main__:<module>:157 - Epoch = 1808 / 2000
2026-03-07 10:58:30.483 | INFO     | __main__:<module>:220 - Training time taken = 196.59 seconds, Evaluation time taken = nan seconds, loss = 0.02906, fid = None
2026-03-07 10:58:30.484 | INFO     | __main__:<module>:157 - Epoch = 1809 / 2000
2026-03-07 11:01:46.911 | INFO     | __main__:<module>:220 - Training time taken = 196.43 seconds, Evaluation time taken = nan seconds, loss = 0.02903, fid = None
2026-03-07 11:01:46.911 | INFO     | __main__:<module>:157 - Epoch = 1810 / 2000
2026-03-07 11:05:03.638 | INFO     | __main__:<module>:220 - Training time taken = 196.73 seconds, Evaluation time taken = nan seconds, loss = 0.02913, fid = None
2026-03-07 11:05:03.638 | INFO     | __main__:<module>:157 - Epoch = 1811 / 2000
2026-03-07 11:08:20.426 | INFO     | __main__:<module>:220 - Training time taken = 196.79 seconds, Evaluation time taken = nan seconds, loss = 0.02889, fid = None
2026-03-07 11:08:20.426 | INFO     | __main__:<module>:157 - Epoch = 1812 / 2000
2026-03-07 11:11:36.925 | INFO     | __main__:<module>:220 - Training time taken = 196.5 seconds, Evaluation time taken = nan seconds, loss = 0.02917, fid = None
2026-03-07 11:11:36.926 | INFO     | __main__:<module>:157 - Epoch = 1813 / 2000
2026-03-07 11:14:53.545 | INFO     | __main__:<module>:220 - Training time taken = 196.62 seconds, Evaluation time taken = nan seconds, loss = 0.02931, fid = None
2026-03-07 11:14:53.545 | INFO     | __main__:<module>:157 - Epoch = 1814 / 2000
2026-03-07 11:18:10.003 | INFO     | __main__:<module>:220 - Training time taken = 196.46 seconds, Evaluation time taken = nan seconds, loss = 0.02997, fid = None
2026-03-07 11:18:10.003 | INFO     | __main__:<module>:157 - Epoch = 1815 / 2000
2026-03-07 11:21:26.524 | INFO     | __main__:<module>:220 - Training time taken = 196.52 seconds, Evaluation time taken = nan seconds, loss = 0.02985, fid = None
2026-03-07 11:21:26.524 | INFO     | __main__:<module>:157 - Epoch = 1816 / 2000
2026-03-07 11:24:42.787 | INFO     | __main__:<module>:220 - Training time taken = 196.26 seconds, Evaluation time taken = nan seconds, loss = 0.02993, fid = None
2026-03-07 11:24:42.787 | INFO     | __main__:<module>:157 - Epoch = 1817 / 2000
2026-03-07 11:27:59.710 | INFO     | __main__:<module>:220 - Training time taken = 196.92 seconds, Evaluation time taken = nan seconds, loss = 0.02911, fid = None
2026-03-07 11:27:59.711 | INFO     | __main__:<module>:157 - Epoch = 1818 / 2000
2026-03-07 11:31:16.356 | INFO     | __main__:<module>:220 - Training time taken = 196.64 seconds, Evaluation time taken = nan seconds, loss = 0.02916, fid = None
2026-03-07 11:31:16.356 | INFO     | __main__:<module>:157 - Epoch = 1819 / 2000
2026-03-07 11:34:32.782 | INFO     | __main__:<module>:220 - Training time taken = 196.42 seconds, Evaluation time taken = nan seconds, loss = 0.02927, fid = None
2026-03-07 11:34:32.782 | INFO     | __main__:<module>:157 - Epoch = 1820 / 2000
2026-03-07 11:37:49.185 | INFO     | __main__:<module>:220 - Training time taken = 196.4 seconds, Evaluation time taken = nan seconds, loss = 0.02904, fid = None
2026-03-07 11:37:49.186 | INFO     | __main__:<module>:157 - Epoch = 1821 / 2000
2026-03-07 11:41:05.638 | INFO     | __main__:<module>:220 - Training time taken = 196.45 seconds, Evaluation time taken = nan seconds, loss = 0.02886, fid = None
2026-03-07 11:41:05.638 | INFO     | __main__:<module>:157 - Epoch = 1822 / 2000
2026-03-07 11:44:22.455 | INFO     | __main__:<module>:220 - Training time taken = 196.82 seconds, Evaluation time taken = nan seconds, loss = 0.029, fid = None
2026-03-07 11:44:22.455 | INFO     | __main__:<module>:157 - Epoch = 1823 / 2000
2026-03-07 11:47:39.354 | INFO     | __main__:<module>:220 - Training time taken = 196.9 seconds, Evaluation time taken = nan seconds, loss = 0.02977, fid = None
2026-03-07 11:47:39.354 | INFO     | __main__:<module>:157 - Epoch = 1824 / 2000
2026-03-07 11:50:56.020 | INFO     | __main__:<module>:220 - Training time taken = 196.66 seconds, Evaluation time taken = nan seconds, loss = 0.02982, fid = None
2026-03-07 11:50:56.020 | INFO     | __main__:<module>:157 - Epoch = 1825 / 2000
2026-03-07 11:54:12.340 | INFO     | __main__:<module>:220 - Training time taken = 196.32 seconds, Evaluation time taken = nan seconds, loss = 0.02917, fid = None
2026-03-07 11:54:12.340 | INFO     | __main__:<module>:157 - Epoch = 1826 / 2000
2026-03-07 11:57:28.704 | INFO     | __main__:<module>:220 - Training time taken = 196.36 seconds, Evaluation time taken = nan seconds, loss = 0.02982, fid = None
2026-03-07 11:57:28.704 | INFO     | __main__:<module>:157 - Epoch = 1827 / 2000
2026-03-07 12:00:45.614 | INFO     | __main__:<module>:220 - Training time taken = 196.91 seconds, Evaluation time taken = nan seconds, loss = 0.02935, fid = None
2026-03-07 12:00:45.615 | INFO     | __main__:<module>:157 - Epoch = 1828 / 2000
2026-03-07 12:04:02.647 | INFO     | __main__:<module>:220 - Training time taken = 197.03 seconds, Evaluation time taken = nan seconds, loss = 0.02967, fid = None
2026-03-07 12:04:02.648 | INFO     | __main__:<module>:157 - Epoch = 1829 / 2000
2026-03-07 12:07:19.567 | INFO     | __main__:<module>:220 - Training time taken = 196.92 seconds, Evaluation time taken = nan seconds, loss = 0.02952, fid = None
2026-03-07 12:07:19.567 | INFO     | __main__:<module>:157 - Epoch = 1830 / 2000
2026-03-07 12:10:36.395 | INFO     | __main__:<module>:220 - Training time taken = 196.83 seconds, Evaluation time taken = nan seconds, loss = 0.02947, fid = None
2026-03-07 12:10:36.395 | INFO     | __main__:<module>:157 - Epoch = 1831 / 2000
2026-03-07 12:13:53.225 | INFO     | __main__:<module>:220 - Training time taken = 196.83 seconds, Evaluation time taken = nan seconds, loss = 0.02941, fid = None
2026-03-07 12:13:53.225 | INFO     | __main__:<module>:157 - Epoch = 1832 / 2000
2026-03-07 12:17:09.855 | INFO     | __main__:<module>:220 - Training time taken = 196.63 seconds, Evaluation time taken = nan seconds, loss = 0.02937, fid = None
2026-03-07 12:17:09.856 | INFO     | __main__:<module>:157 - Epoch = 1833 / 2000
2026-03-07 12:20:26.717 | INFO     | __main__:<module>:220 - Training time taken = 196.86 seconds, Evaluation time taken = nan seconds, loss = 0.029, fid = None
2026-03-07 12:20:26.717 | INFO     | __main__:<module>:157 - Epoch = 1834 / 2000
2026-03-07 12:23:43.294 | INFO     | __main__:<module>:220 - Training time taken = 196.58 seconds, Evaluation time taken = nan seconds, loss = 0.02957, fid = None
2026-03-07 12:23:43.294 | INFO     | __main__:<module>:157 - Epoch = 1835 / 2000
2026-03-07 12:26:59.696 | INFO     | __main__:<module>:220 - Training time taken = 196.4 seconds, Evaluation time taken = nan seconds, loss = 0.02968, fid = None
2026-03-07 12:26:59.697 | INFO     | __main__:<module>:157 - Epoch = 1836 / 2000
2026-03-07 12:30:16.150 | INFO     | __main__:<module>:220 - Training time taken = 196.45 seconds, Evaluation time taken = nan seconds, loss = 0.02931, fid = None
2026-03-07 12:30:16.151 | INFO     | __main__:<module>:157 - Epoch = 1837 / 2000
2026-03-07 12:33:32.765 | INFO     | __main__:<module>:220 - Training time taken = 196.61 seconds, Evaluation time taken = nan seconds, loss = 0.02916, fid = None
2026-03-07 12:33:32.765 | INFO     | __main__:<module>:157 - Epoch = 1838 / 2000
2026-03-07 12:36:49.577 | INFO     | __main__:<module>:220 - Training time taken = 196.81 seconds, Evaluation time taken = nan seconds, loss = 0.02873, fid = None
2026-03-07 12:36:49.577 | INFO     | __main__:<module>:157 - Epoch = 1839 / 2000
2026-03-07 12:40:06.154 | INFO     | __main__:<module>:220 - Training time taken = 196.58 seconds, Evaluation time taken = nan seconds, loss = 0.02921, fid = None
2026-03-07 12:40:06.155 | INFO     | __main__:<module>:157 - Epoch = 1840 / 2000
2026-03-07 12:43:22.467 | INFO     | __main__:<module>:220 - Training time taken = 196.31 seconds, Evaluation time taken = nan seconds, loss = 0.02949, fid = None
2026-03-07 12:43:22.468 | INFO     | __main__:<module>:157 - Epoch = 1841 / 2000
2026-03-07 12:46:38.982 | INFO     | __main__:<module>:220 - Training time taken = 196.51 seconds, Evaluation time taken = nan seconds, loss = 0.02937, fid = None
2026-03-07 12:46:38.983 | INFO     | __main__:<module>:157 - Epoch = 1842 / 2000
2026-03-07 12:49:55.761 | INFO     | __main__:<module>:220 - Training time taken = 196.78 seconds, Evaluation time taken = nan seconds, loss = 0.02879, fid = None
2026-03-07 12:49:55.762 | INFO     | __main__:<module>:157 - Epoch = 1843 / 2000
2026-03-07 12:53:12.626 | INFO     | __main__:<module>:220 - Training time taken = 196.86 seconds, Evaluation time taken = nan seconds, loss = 0.02918, fid = None
2026-03-07 12:53:12.626 | INFO     | __main__:<module>:157 - Epoch = 1844 / 2000
2026-03-07 12:56:29.173 | INFO     | __main__:<module>:220 - Training time taken = 196.55 seconds, Evaluation time taken = nan seconds, loss = 0.02927, fid = None
2026-03-07 12:56:29.173 | INFO     | __main__:<module>:157 - Epoch = 1845 / 2000
2026-03-07 12:59:45.928 | INFO     | __main__:<module>:220 - Training time taken = 196.75 seconds, Evaluation time taken = nan seconds, loss = 0.02931, fid = None
2026-03-07 12:59:45.928 | INFO     | __main__:<module>:157 - Epoch = 1846 / 2000
2026-03-07 13:03:03.120 | INFO     | __main__:<module>:220 - Training time taken = 197.19 seconds, Evaluation time taken = nan seconds, loss = 0.02959, fid = None
2026-03-07 13:03:03.120 | INFO     | __main__:<module>:157 - Epoch = 1847 / 2000
2026-03-07 13:06:19.729 | INFO     | __main__:<module>:220 - Training time taken = 196.61 seconds, Evaluation time taken = nan seconds, loss = 0.02904, fid = None
2026-03-07 13:06:19.730 | INFO     | __main__:<module>:157 - Epoch = 1848 / 2000
2026-03-07 13:09:36.293 | INFO     | __main__:<module>:220 - Training time taken = 196.56 seconds, Evaluation time taken = nan seconds, loss = 0.02955, fid = None
2026-03-07 13:09:36.293 | INFO     | __main__:<module>:157 - Epoch = 1849 / 2000
2026-03-07 13:12:52.991 | INFO     | __main__:<module>:220 - Training time taken = 196.7 seconds, Evaluation time taken = nan seconds, loss = 0.0296, fid = None
2026-03-07 13:12:52.991 | INFO     | __main__:<module>:157 - Epoch = 1850 / 2000
2026-03-07 13:16:10.076 | INFO     | __main__:<module>:220 - Training time taken = 197.08 seconds, Evaluation time taken = nan seconds, loss = 0.02932, fid = None
2026-03-07 13:16:10.076 | INFO     | __main__:<module>:157 - Epoch = 1851 / 2000
2026-03-07 13:19:26.522 | INFO     | __main__:<module>:220 - Training time taken = 196.44 seconds, Evaluation time taken = nan seconds, loss = 0.02937, fid = None
2026-03-07 13:19:26.522 | INFO     | __main__:<module>:157 - Epoch = 1852 / 2000
2026-03-07 13:22:43.091 | INFO     | __main__:<module>:220 - Training time taken = 196.57 seconds, Evaluation time taken = nan seconds, loss = 0.02888, fid = None
2026-03-07 13:22:43.092 | INFO     | __main__:<module>:157 - Epoch = 1853 / 2000
2026-03-07 13:25:59.730 | INFO     | __main__:<module>:220 - Training time taken = 196.64 seconds, Evaluation time taken = nan seconds, loss = 0.02902, fid = None
2026-03-07 13:25:59.730 | INFO     | __main__:<module>:157 - Epoch = 1854 / 2000
2026-03-07 13:29:16.645 | INFO     | __main__:<module>:220 - Training time taken = 196.91 seconds, Evaluation time taken = nan seconds, loss = 0.02953, fid = None
2026-03-07 13:29:16.645 | INFO     | __main__:<module>:157 - Epoch = 1855 / 2000
2026-03-07 13:32:33.509 | INFO     | __main__:<module>:220 - Training time taken = 196.86 seconds, Evaluation time taken = nan seconds, loss = 0.02932, fid = None
2026-03-07 13:32:33.510 | INFO     | __main__:<module>:157 - Epoch = 1856 / 2000
2026-03-07 13:35:50.185 | INFO     | __main__:<module>:220 - Training time taken = 196.67 seconds, Evaluation time taken = nan seconds, loss = 0.02927, fid = None
2026-03-07 13:35:50.185 | INFO     | __main__:<module>:157 - Epoch = 1857 / 2000
2026-03-07 13:39:07.521 | INFO     | __main__:<module>:220 - Training time taken = 197.34 seconds, Evaluation time taken = nan seconds, loss = 0.02931, fid = None
2026-03-07 13:39:07.522 | INFO     | __main__:<module>:157 - Epoch = 1858 / 2000
2026-03-07 13:42:24.690 | INFO     | __main__:<module>:220 - Training time taken = 197.17 seconds, Evaluation time taken = nan seconds, loss = 0.0296, fid = None
2026-03-07 13:42:24.690 | INFO     | __main__:<module>:157 - Epoch = 1859 / 2000
2026-03-07 13:45:41.882 | INFO     | __main__:<module>:220 - Training time taken = 197.19 seconds, Evaluation time taken = nan seconds, loss = 0.02888, fid = None
2026-03-07 13:45:41.882 | INFO     | __main__:<module>:157 - Epoch = 1860 / 2000
2026-03-07 13:48:58.297 | INFO     | __main__:<module>:220 - Training time taken = 196.41 seconds, Evaluation time taken = nan seconds, loss = 0.02862, fid = None
2026-03-07 13:48:58.298 | INFO     | __main__:<module>:157 - Epoch = 1861 / 2000
2026-03-07 13:52:14.851 | INFO     | __main__:<module>:220 - Training time taken = 196.55 seconds, Evaluation time taken = nan seconds, loss = 0.02888, fid = None
2026-03-07 13:52:14.851 | INFO     | __main__:<module>:157 - Epoch = 1862 / 2000
2026-03-07 13:55:31.483 | INFO     | __main__:<module>:220 - Training time taken = 196.63 seconds, Evaluation time taken = nan seconds, loss = 0.02959, fid = None
2026-03-07 13:55:31.484 | INFO     | __main__:<module>:157 - Epoch = 1863 / 2000
2026-03-07 13:58:48.360 | INFO     | __main__:<module>:220 - Training time taken = 196.87 seconds, Evaluation time taken = nan seconds, loss = 0.02969, fid = None
2026-03-07 13:58:48.360 | INFO     | __main__:<module>:157 - Epoch = 1864 / 2000
2026-03-07 14:02:04.930 | INFO     | __main__:<module>:220 - Training time taken = 196.57 seconds, Evaluation time taken = nan seconds, loss = 0.02932, fid = None
2026-03-07 14:02:04.930 | INFO     | __main__:<module>:157 - Epoch = 1865 / 2000
2026-03-07 14:05:21.480 | INFO     | __main__:<module>:220 - Training time taken = 196.55 seconds, Evaluation time taken = nan seconds, loss = 0.02965, fid = None
2026-03-07 14:05:21.480 | INFO     | __main__:<module>:157 - Epoch = 1866 / 2000
2026-03-07 14:08:38.023 | INFO     | __main__:<module>:220 - Training time taken = 196.54 seconds, Evaluation time taken = nan seconds, loss = 0.02967, fid = None
2026-03-07 14:08:38.023 | INFO     | __main__:<module>:157 - Epoch = 1867 / 2000
2026-03-07 14:11:54.773 | INFO     | __main__:<module>:220 - Training time taken = 196.75 seconds, Evaluation time taken = nan seconds, loss = 0.0295, fid = None
2026-03-07 14:11:54.774 | INFO     | __main__:<module>:157 - Epoch = 1868 / 2000
2026-03-07 14:15:11.402 | INFO     | __main__:<module>:220 - Training time taken = 196.63 seconds, Evaluation time taken = nan seconds, loss = 0.02881, fid = None
2026-03-07 14:15:11.402 | INFO     | __main__:<module>:157 - Epoch = 1869 / 2000
2026-03-07 14:18:27.957 | INFO     | __main__:<module>:220 - Training time taken = 196.55 seconds, Evaluation time taken = nan seconds, loss = 0.03016, fid = None
2026-03-07 14:18:27.957 | INFO     | __main__:<module>:157 - Epoch = 1870 / 2000
2026-03-07 14:21:44.347 | INFO     | __main__:<module>:220 - Training time taken = 196.39 seconds, Evaluation time taken = nan seconds, loss = 0.02959, fid = None
2026-03-07 14:21:44.348 | INFO     | __main__:<module>:157 - Epoch = 1871 / 2000
2026-03-07 14:25:00.875 | INFO     | __main__:<module>:220 - Training time taken = 196.53 seconds, Evaluation time taken = nan seconds, loss = 0.02897, fid = None
2026-03-07 14:25:00.876 | INFO     | __main__:<module>:157 - Epoch = 1872 / 2000
2026-03-07 14:28:17.660 | INFO     | __main__:<module>:220 - Training time taken = 196.78 seconds, Evaluation time taken = nan seconds, loss = 0.02979, fid = None
2026-03-07 14:28:17.661 | INFO     | __main__:<module>:157 - Epoch = 1873 / 2000
2026-03-07 14:31:34.338 | INFO     | __main__:<module>:220 - Training time taken = 196.68 seconds, Evaluation time taken = nan seconds, loss = 0.0295, fid = None
2026-03-07 14:31:34.338 | INFO     | __main__:<module>:157 - Epoch = 1874 / 2000
2026-03-07 14:34:51.014 | INFO     | __main__:<module>:220 - Training time taken = 196.67 seconds, Evaluation time taken = nan seconds, loss = 0.02927, fid = None
2026-03-07 14:34:51.014 | INFO     | __main__:<module>:157 - Epoch = 1875 / 2000
2026-03-07 14:38:07.993 | INFO     | __main__:<module>:220 - Training time taken = 196.98 seconds, Evaluation time taken = nan seconds, loss = 0.02934, fid = None
2026-03-07 14:38:07.993 | INFO     | __main__:<module>:157 - Epoch = 1876 / 2000
2026-03-07 14:41:24.943 | INFO     | __main__:<module>:220 - Training time taken = 196.95 seconds, Evaluation time taken = nan seconds, loss = 0.029, fid = None
2026-03-07 14:41:24.944 | INFO     | __main__:<module>:157 - Epoch = 1877 / 2000
2026-03-07 14:44:41.608 | INFO     | __main__:<module>:220 - Training time taken = 196.66 seconds, Evaluation time taken = nan seconds, loss = 0.02939, fid = None
2026-03-07 14:44:41.609 | INFO     | __main__:<module>:157 - Epoch = 1878 / 2000
2026-03-07 14:47:58.476 | INFO     | __main__:<module>:220 - Training time taken = 196.87 seconds, Evaluation time taken = nan seconds, loss = 0.02924, fid = None
2026-03-07 14:47:58.476 | INFO     | __main__:<module>:157 - Epoch = 1879 / 2000
2026-03-07 14:51:15.548 | INFO     | __main__:<module>:220 - Training time taken = 197.07 seconds, Evaluation time taken = nan seconds, loss = 0.02923, fid = None
2026-03-07 14:51:15.548 | INFO     | __main__:<module>:157 - Epoch = 1880 / 2000
2026-03-07 14:54:32.319 | INFO     | __main__:<module>:220 - Training time taken = 196.77 seconds, Evaluation time taken = nan seconds, loss = 0.02925, fid = None
2026-03-07 14:54:32.320 | INFO     | __main__:<module>:157 - Epoch = 1881 / 2000
2026-03-07 14:57:48.979 | INFO     | __main__:<module>:220 - Training time taken = 196.66 seconds, Evaluation time taken = nan seconds, loss = 0.02951, fid = None
2026-03-07 14:57:48.979 | INFO     | __main__:<module>:157 - Epoch = 1882 / 2000
2026-03-07 15:01:05.493 | INFO     | __main__:<module>:220 - Training time taken = 196.51 seconds, Evaluation time taken = nan seconds, loss = 0.02899, fid = None
2026-03-07 15:01:05.493 | INFO     | __main__:<module>:157 - Epoch = 1883 / 2000
2026-03-07 15:04:22.554 | INFO     | __main__:<module>:220 - Training time taken = 197.06 seconds, Evaluation time taken = nan seconds, loss = 0.02951, fid = None
2026-03-07 15:04:22.554 | INFO     | __main__:<module>:157 - Epoch = 1884 / 2000
2026-03-07 15:07:39.411 | INFO     | __main__:<module>:220 - Training time taken = 196.86 seconds, Evaluation time taken = nan seconds, loss = 0.02922, fid = None
2026-03-07 15:07:39.411 | INFO     | __main__:<module>:157 - Epoch = 1885 / 2000
2026-03-07 15:10:56.332 | INFO     | __main__:<module>:220 - Training time taken = 196.92 seconds, Evaluation time taken = nan seconds, loss = 0.02915, fid = None
2026-03-07 15:10:56.332 | INFO     | __main__:<module>:157 - Epoch = 1886 / 2000
2026-03-07 15:14:13.227 | INFO     | __main__:<module>:220 - Training time taken = 196.89 seconds, Evaluation time taken = nan seconds, loss = 0.02936, fid = None
2026-03-07 15:14:13.228 | INFO     | __main__:<module>:157 - Epoch = 1887 / 2000
2026-03-07 15:17:29.733 | INFO     | __main__:<module>:220 - Training time taken = 196.5 seconds, Evaluation time taken = nan seconds, loss = 0.02933, fid = None
2026-03-07 15:17:29.734 | INFO     | __main__:<module>:157 - Epoch = 1888 / 2000
2026-03-07 15:20:46.135 | INFO     | __main__:<module>:220 - Training time taken = 196.4 seconds, Evaluation time taken = nan seconds, loss = 0.02937, fid = None
2026-03-07 15:20:46.135 | INFO     | __main__:<module>:157 - Epoch = 1889 / 2000
2026-03-07 15:24:03.334 | INFO     | __main__:<module>:220 - Training time taken = 197.2 seconds, Evaluation time taken = nan seconds, loss = 0.02866, fid = None
2026-03-07 15:24:03.334 | INFO     | __main__:<module>:157 - Epoch = 1890 / 2000
2026-03-07 15:27:19.952 | INFO     | __main__:<module>:220 - Training time taken = 196.62 seconds, Evaluation time taken = nan seconds, loss = 0.02904, fid = None
2026-03-07 15:27:19.952 | INFO     | __main__:<module>:157 - Epoch = 1891 / 2000
2026-03-07 15:30:37.041 | INFO     | __main__:<module>:220 - Training time taken = 197.09 seconds, Evaluation time taken = nan seconds, loss = 0.02946, fid = None
2026-03-07 15:30:37.041 | INFO     | __main__:<module>:157 - Epoch = 1892 / 2000
2026-03-07 15:33:54.036 | INFO     | __main__:<module>:220 - Training time taken = 196.99 seconds, Evaluation time taken = nan seconds, loss = 0.02926, fid = None
2026-03-07 15:33:54.036 | INFO     | __main__:<module>:157 - Epoch = 1893 / 2000
2026-03-07 15:37:10.824 | INFO     | __main__:<module>:220 - Training time taken = 196.79 seconds, Evaluation time taken = nan seconds, loss = 0.02912, fid = None
2026-03-07 15:37:10.824 | INFO     | __main__:<module>:157 - Epoch = 1894 / 2000
2026-03-07 15:40:27.293 | INFO     | __main__:<module>:220 - Training time taken = 196.47 seconds, Evaluation time taken = nan seconds, loss = 0.02915, fid = None
2026-03-07 15:40:27.293 | INFO     | __main__:<module>:157 - Epoch = 1895 / 2000
2026-03-07 15:43:44.285 | INFO     | __main__:<module>:220 - Training time taken = 196.99 seconds, Evaluation time taken = nan seconds, loss = 0.02965, fid = None
2026-03-07 15:43:44.285 | INFO     | __main__:<module>:157 - Epoch = 1896 / 2000
2026-03-07 15:47:00.884 | INFO     | __main__:<module>:220 - Training time taken = 196.6 seconds, Evaluation time taken = nan seconds, loss = 0.02943, fid = None
2026-03-07 15:47:00.884 | INFO     | __main__:<module>:157 - Epoch = 1897 / 2000
2026-03-07 15:50:17.441 | INFO     | __main__:<module>:220 - Training time taken = 196.56 seconds, Evaluation time taken = nan seconds, loss = 0.0289, fid = None
2026-03-07 15:50:17.441 | INFO     | __main__:<module>:157 - Epoch = 1898 / 2000
2026-03-07 15:53:34.140 | INFO     | __main__:<module>:220 - Training time taken = 196.7 seconds, Evaluation time taken = nan seconds, loss = 0.02942, fid = None
2026-03-07 15:53:34.140 | INFO     | __main__:<module>:157 - Epoch = 1899 / 2000
2026-03-07 15:56:50.812 | INFO     | __main__:<module>:220 - Training time taken = 196.67 seconds, Evaluation time taken = nan seconds, loss = 0.02925, fid = None
2026-03-07 15:56:50.812 | INFO     | __main__:<module>:157 - Epoch = 1900 / 2000
2026-03-07 16:00:07.764 | INFO     | __main__:<module>:220 - Training time taken = 196.95 seconds, Evaluation time taken = nan seconds, loss = 0.02949, fid = None
2026-03-07 16:00:07.764 | INFO     | __main__:<module>:157 - Epoch = 1901 / 2000
2026-03-07 16:03:24.812 | INFO     | __main__:<module>:220 - Training time taken = 197.05 seconds, Evaluation time taken = nan seconds, loss = 0.02976, fid = None
2026-03-07 16:03:24.812 | INFO     | __main__:<module>:157 - Epoch = 1902 / 2000
2026-03-07 16:06:42.120 | INFO     | __main__:<module>:220 - Training time taken = 197.31 seconds, Evaluation time taken = nan seconds, loss = 0.02933, fid = None
2026-03-07 16:06:42.120 | INFO     | __main__:<module>:157 - Epoch = 1903 / 2000
2026-03-07 16:09:59.113 | INFO     | __main__:<module>:220 - Training time taken = 196.99 seconds, Evaluation time taken = nan seconds, loss = 0.02952, fid = None
2026-03-07 16:09:59.114 | INFO     | __main__:<module>:157 - Epoch = 1904 / 2000
2026-03-07 16:13:15.667 | INFO     | __main__:<module>:220 - Training time taken = 196.55 seconds, Evaluation time taken = nan seconds, loss = 0.02934, fid = None
2026-03-07 16:13:15.667 | INFO     | __main__:<module>:157 - Epoch = 1905 / 2000
2026-03-07 16:16:32.351 | INFO     | __main__:<module>:220 - Training time taken = 196.68 seconds, Evaluation time taken = nan seconds, loss = 0.02934, fid = None
2026-03-07 16:16:32.351 | INFO     | __main__:<module>:157 - Epoch = 1906 / 2000
2026-03-07 16:19:48.842 | INFO     | __main__:<module>:220 - Training time taken = 196.49 seconds, Evaluation time taken = nan seconds, loss = 0.02943, fid = None
2026-03-07 16:19:48.842 | INFO     | __main__:<module>:157 - Epoch = 1907 / 2000
2026-03-07 16:23:05.427 | INFO     | __main__:<module>:220 - Training time taken = 196.58 seconds, Evaluation time taken = nan seconds, loss = 0.02929, fid = None
2026-03-07 16:23:05.427 | INFO     | __main__:<module>:157 - Epoch = 1908 / 2000
2026-03-07 16:26:22.173 | INFO     | __main__:<module>:220 - Training time taken = 196.75 seconds, Evaluation time taken = nan seconds, loss = 0.02919, fid = None
2026-03-07 16:26:22.174 | INFO     | __main__:<module>:157 - Epoch = 1909 / 2000
2026-03-07 16:29:39.055 | INFO     | __main__:<module>:220 - Training time taken = 196.88 seconds, Evaluation time taken = nan seconds, loss = 0.02932, fid = None
2026-03-07 16:29:39.056 | INFO     | __main__:<module>:157 - Epoch = 1910 / 2000
2026-03-07 16:32:55.745 | INFO     | __main__:<module>:220 - Training time taken = 196.69 seconds, Evaluation time taken = nan seconds, loss = 0.02915, fid = None
2026-03-07 16:32:55.745 | INFO     | __main__:<module>:157 - Epoch = 1911 / 2000
2026-03-07 16:36:12.499 | INFO     | __main__:<module>:220 - Training time taken = 196.75 seconds, Evaluation time taken = nan seconds, loss = 0.02945, fid = None
2026-03-07 16:36:12.499 | INFO     | __main__:<module>:157 - Epoch = 1912 / 2000
2026-03-07 16:39:29.112 | INFO     | __main__:<module>:220 - Training time taken = 196.61 seconds, Evaluation time taken = nan seconds, loss = 0.02983, fid = None
2026-03-07 16:39:29.112 | INFO     | __main__:<module>:157 - Epoch = 1913 / 2000
2026-03-07 16:42:45.737 | INFO     | __main__:<module>:220 - Training time taken = 196.62 seconds, Evaluation time taken = nan seconds, loss = 0.02944, fid = None
2026-03-07 16:42:45.737 | INFO     | __main__:<module>:157 - Epoch = 1914 / 2000
2026-03-07 16:46:02.400 | INFO     | __main__:<module>:220 - Training time taken = 196.66 seconds, Evaluation time taken = nan seconds, loss = 0.02909, fid = None
2026-03-07 16:46:02.401 | INFO     | __main__:<module>:157 - Epoch = 1915 / 2000
2026-03-07 16:49:19.426 | INFO     | __main__:<module>:220 - Training time taken = 197.02 seconds, Evaluation time taken = nan seconds, loss = 0.02948, fid = None
2026-03-07 16:49:19.427 | INFO     | __main__:<module>:157 - Epoch = 1916 / 2000
2026-03-07 16:52:36.413 | INFO     | __main__:<module>:220 - Training time taken = 196.98 seconds, Evaluation time taken = nan seconds, loss = 0.02938, fid = None
2026-03-07 16:52:36.413 | INFO     | __main__:<module>:157 - Epoch = 1917 / 2000
2026-03-07 16:55:53.415 | INFO     | __main__:<module>:220 - Training time taken = 197.0 seconds, Evaluation time taken = nan seconds, loss = 0.02931, fid = None
2026-03-07 16:55:53.415 | INFO     | __main__:<module>:157 - Epoch = 1918 / 2000
2026-03-07 16:59:10.093 | INFO     | __main__:<module>:220 - Training time taken = 196.68 seconds, Evaluation time taken = nan seconds, loss = 0.02903, fid = None
2026-03-07 16:59:10.093 | INFO     | __main__:<module>:157 - Epoch = 1919 / 2000
2026-03-07 17:02:26.725 | INFO     | __main__:<module>:220 - Training time taken = 196.63 seconds, Evaluation time taken = nan seconds, loss = 0.02926, fid = None
2026-03-07 17:02:26.725 | INFO     | __main__:<module>:157 - Epoch = 1920 / 2000
2026-03-07 17:05:43.563 | INFO     | __main__:<module>:220 - Training time taken = 196.84 seconds, Evaluation time taken = nan seconds, loss = 0.02938, fid = None
2026-03-07 17:05:43.564 | INFO     | __main__:<module>:157 - Epoch = 1921 / 2000
2026-03-07 17:08:59.709 | INFO     | __main__:<module>:220 - Training time taken = 196.14 seconds, Evaluation time taken = nan seconds, loss = 0.02905, fid = None
2026-03-07 17:08:59.709 | INFO     | __main__:<module>:157 - Epoch = 1922 / 2000
2026-03-07 17:12:15.842 | INFO     | __main__:<module>:220 - Training time taken = 196.13 seconds, Evaluation time taken = nan seconds, loss = 0.02887, fid = None
2026-03-07 17:12:15.842 | INFO     | __main__:<module>:157 - Epoch = 1923 / 2000
2026-03-07 17:15:32.283 | INFO     | __main__:<module>:220 - Training time taken = 196.44 seconds, Evaluation time taken = nan seconds, loss = 0.02941, fid = None
2026-03-07 17:15:32.283 | INFO     | __main__:<module>:157 - Epoch = 1924 / 2000
2026-03-07 17:18:48.792 | INFO     | __main__:<module>:220 - Training time taken = 196.51 seconds, Evaluation time taken = nan seconds, loss = 0.02963, fid = None
2026-03-07 17:18:48.792 | INFO     | __main__:<module>:157 - Epoch = 1925 / 2000
2026-03-07 17:22:04.900 | INFO     | __main__:<module>:220 - Training time taken = 196.11 seconds, Evaluation time taken = nan seconds, loss = 0.0292, fid = None
2026-03-07 17:22:04.901 | INFO     | __main__:<module>:157 - Epoch = 1926 / 2000
2026-03-07 17:25:21.475 | INFO     | __main__:<module>:220 - Training time taken = 196.57 seconds, Evaluation time taken = nan seconds, loss = 0.02963, fid = None
2026-03-07 17:25:21.475 | INFO     | __main__:<module>:157 - Epoch = 1927 / 2000
2026-03-07 17:28:38.095 | INFO     | __main__:<module>:220 - Training time taken = 196.62 seconds, Evaluation time taken = nan seconds, loss = 0.02904, fid = None
2026-03-07 17:28:38.095 | INFO     | __main__:<module>:157 - Epoch = 1928 / 2000
2026-03-07 17:31:54.213 | INFO     | __main__:<module>:220 - Training time taken = 196.12 seconds, Evaluation time taken = nan seconds, loss = 0.0294, fid = None
2026-03-07 17:31:54.214 | INFO     | __main__:<module>:157 - Epoch = 1929 / 2000
2026-03-07 17:35:10.329 | INFO     | __main__:<module>:220 - Training time taken = 196.11 seconds, Evaluation time taken = nan seconds, loss = 0.02943, fid = None
2026-03-07 17:35:10.329 | INFO     | __main__:<module>:157 - Epoch = 1930 / 2000
2026-03-07 17:38:26.653 | INFO     | __main__:<module>:220 - Training time taken = 196.32 seconds, Evaluation time taken = nan seconds, loss = 0.02976, fid = None
2026-03-07 17:38:26.653 | INFO     | __main__:<module>:157 - Epoch = 1931 / 2000
2026-03-07 17:41:43.001 | INFO     | __main__:<module>:220 - Training time taken = 196.35 seconds, Evaluation time taken = nan seconds, loss = 0.02884, fid = None
2026-03-07 17:41:43.001 | INFO     | __main__:<module>:157 - Epoch = 1932 / 2000
2026-03-07 17:44:59.075 | INFO     | __main__:<module>:220 - Training time taken = 196.07 seconds, Evaluation time taken = nan seconds, loss = 0.0294, fid = None
2026-03-07 17:44:59.075 | INFO     | __main__:<module>:157 - Epoch = 1933 / 2000
2026-03-07 17:48:15.148 | INFO     | __main__:<module>:220 - Training time taken = 196.07 seconds, Evaluation time taken = nan seconds, loss = 0.02947, fid = None
2026-03-07 17:48:15.148 | INFO     | __main__:<module>:157 - Epoch = 1934 / 2000
2026-03-07 17:51:31.188 | INFO     | __main__:<module>:220 - Training time taken = 196.04 seconds, Evaluation time taken = nan seconds, loss = 0.02913, fid = None
2026-03-07 17:51:31.188 | INFO     | __main__:<module>:157 - Epoch = 1935 / 2000
2026-03-07 17:54:47.511 | INFO     | __main__:<module>:220 - Training time taken = 196.32 seconds, Evaluation time taken = nan seconds, loss = 0.02885, fid = None
2026-03-07 17:54:47.511 | INFO     | __main__:<module>:157 - Epoch = 1936 / 2000
2026-03-07 17:58:03.677 | INFO     | __main__:<module>:220 - Training time taken = 196.16 seconds, Evaluation time taken = nan seconds, loss = 0.02938, fid = None
2026-03-07 17:58:03.678 | INFO     | __main__:<module>:157 - Epoch = 1937 / 2000
2026-03-07 18:01:19.992 | INFO     | __main__:<module>:220 - Training time taken = 196.31 seconds, Evaluation time taken = nan seconds, loss = 0.02894, fid = None
2026-03-07 18:01:19.992 | INFO     | __main__:<module>:157 - Epoch = 1938 / 2000
2026-03-07 18:04:36.246 | INFO     | __main__:<module>:220 - Training time taken = 196.25 seconds, Evaluation time taken = nan seconds, loss = 0.02932, fid = None
2026-03-07 18:04:36.246 | INFO     | __main__:<module>:157 - Epoch = 1939 / 2000
2026-03-07 18:07:52.069 | INFO     | __main__:<module>:220 - Training time taken = 195.82 seconds, Evaluation time taken = nan seconds, loss = 0.02861, fid = None
2026-03-07 18:07:52.070 | INFO     | __main__:<module>:157 - Epoch = 1940 / 2000
2026-03-07 18:11:07.942 | INFO     | __main__:<module>:220 - Training time taken = 195.87 seconds, Evaluation time taken = nan seconds, loss = 0.02946, fid = None
2026-03-07 18:11:07.942 | INFO     | __main__:<module>:157 - Epoch = 1941 / 2000
2026-03-07 18:14:23.566 | INFO     | __main__:<module>:220 - Training time taken = 195.62 seconds, Evaluation time taken = nan seconds, loss = 0.0294, fid = None
2026-03-07 18:14:23.566 | INFO     | __main__:<module>:157 - Epoch = 1942 / 2000
2026-03-07 18:17:39.065 | INFO     | __main__:<module>:220 - Training time taken = 195.5 seconds, Evaluation time taken = nan seconds, loss = 0.02935, fid = None
2026-03-07 18:17:39.065 | INFO     | __main__:<module>:157 - Epoch = 1943 / 2000
2026-03-07 18:20:54.712 | INFO     | __main__:<module>:220 - Training time taken = 195.65 seconds, Evaluation time taken = nan seconds, loss = 0.0291, fid = None
2026-03-07 18:20:54.712 | INFO     | __main__:<module>:157 - Epoch = 1944 / 2000
2026-03-07 18:24:10.430 | INFO     | __main__:<module>:220 - Training time taken = 195.72 seconds, Evaluation time taken = nan seconds, loss = 0.02933, fid = None
2026-03-07 18:24:10.430 | INFO     | __main__:<module>:157 - Epoch = 1945 / 2000
2026-03-07 18:27:26.215 | INFO     | __main__:<module>:220 - Training time taken = 195.78 seconds, Evaluation time taken = nan seconds, loss = 0.02951, fid = None
2026-03-07 18:27:26.215 | INFO     | __main__:<module>:157 - Epoch = 1946 / 2000
2026-03-07 18:30:42.033 | INFO     | __main__:<module>:220 - Training time taken = 195.82 seconds, Evaluation time taken = nan seconds, loss = 0.02936, fid = None
2026-03-07 18:30:42.033 | INFO     | __main__:<module>:157 - Epoch = 1947 / 2000
2026-03-07 18:33:58.200 | INFO     | __main__:<module>:220 - Training time taken = 196.17 seconds, Evaluation time taken = nan seconds, loss = 0.02899, fid = None
2026-03-07 18:33:58.201 | INFO     | __main__:<module>:157 - Epoch = 1948 / 2000
2026-03-07 18:37:14.842 | INFO     | __main__:<module>:220 - Training time taken = 196.64 seconds, Evaluation time taken = nan seconds, loss = 0.02917, fid = None
2026-03-07 18:37:14.842 | INFO     | __main__:<module>:157 - Epoch = 1949 / 2000
2026-03-07 18:40:31.330 | INFO     | __main__:<module>:220 - Training time taken = 196.49 seconds, Evaluation time taken = nan seconds, loss = 0.02925, fid = None
2026-03-07 18:40:31.330 | INFO     | __main__:<module>:157 - Epoch = 1950 / 2000
2026-03-07 18:43:47.098 | INFO     | __main__:<module>:220 - Training time taken = 195.77 seconds, Evaluation time taken = nan seconds, loss = 0.02905, fid = None
2026-03-07 18:43:47.098 | INFO     | __main__:<module>:157 - Epoch = 1951 / 2000
2026-03-07 18:47:02.783 | INFO     | __main__:<module>:220 - Training time taken = 195.68 seconds, Evaluation time taken = nan seconds, loss = 0.02929, fid = None
2026-03-07 18:47:02.784 | INFO     | __main__:<module>:157 - Epoch = 1952 / 2000
2026-03-07 18:50:19.034 | INFO     | __main__:<module>:220 - Training time taken = 196.25 seconds, Evaluation time taken = nan seconds, loss = 0.02923, fid = None
2026-03-07 18:50:19.034 | INFO     | __main__:<module>:157 - Epoch = 1953 / 2000
2026-03-07 18:53:34.762 | INFO     | __main__:<module>:220 - Training time taken = 195.73 seconds, Evaluation time taken = nan seconds, loss = 0.02954, fid = None
2026-03-07 18:53:34.763 | INFO     | __main__:<module>:157 - Epoch = 1954 / 2000
2026-03-07 18:56:50.564 | INFO     | __main__:<module>:220 - Training time taken = 195.8 seconds, Evaluation time taken = nan seconds, loss = 0.02947, fid = None
2026-03-07 18:56:50.564 | INFO     | __main__:<module>:157 - Epoch = 1955 / 2000
2026-03-07 19:00:06.337 | INFO     | __main__:<module>:220 - Training time taken = 195.77 seconds, Evaluation time taken = nan seconds, loss = 0.02921, fid = None
2026-03-07 19:00:06.337 | INFO     | __main__:<module>:157 - Epoch = 1956 / 2000
2026-03-07 19:03:22.149 | INFO     | __main__:<module>:220 - Training time taken = 195.81 seconds, Evaluation time taken = nan seconds, loss = 0.02933, fid = None
2026-03-07 19:03:22.149 | INFO     | __main__:<module>:157 - Epoch = 1957 / 2000
2026-03-07 19:06:38.145 | INFO     | __main__:<module>:220 - Training time taken = 195.99 seconds, Evaluation time taken = nan seconds, loss = 0.02926, fid = None
2026-03-07 19:06:38.145 | INFO     | __main__:<module>:157 - Epoch = 1958 / 2000
2026-03-07 19:09:54.151 | INFO     | __main__:<module>:220 - Training time taken = 196.01 seconds, Evaluation time taken = nan seconds, loss = 0.02916, fid = None
2026-03-07 19:09:54.152 | INFO     | __main__:<module>:157 - Epoch = 1959 / 2000
2026-03-07 19:13:10.064 | INFO     | __main__:<module>:220 - Training time taken = 195.91 seconds, Evaluation time taken = nan seconds, loss = 0.02949, fid = None
2026-03-07 19:13:10.064 | INFO     | __main__:<module>:157 - Epoch = 1960 / 2000
2026-03-07 19:16:25.895 | INFO     | __main__:<module>:220 - Training time taken = 195.83 seconds, Evaluation time taken = nan seconds, loss = 0.02881, fid = None
2026-03-07 19:16:25.895 | INFO     | __main__:<module>:157 - Epoch = 1961 / 2000
2026-03-07 19:19:41.777 | INFO     | __main__:<module>:220 - Training time taken = 195.88 seconds, Evaluation time taken = nan seconds, loss = 0.02901, fid = None
2026-03-07 19:19:41.778 | INFO     | __main__:<module>:157 - Epoch = 1962 / 2000
2026-03-07 19:22:57.552 | INFO     | __main__:<module>:220 - Training time taken = 195.77 seconds, Evaluation time taken = nan seconds, loss = 0.02936, fid = None
2026-03-07 19:22:57.552 | INFO     | __main__:<module>:157 - Epoch = 1963 / 2000
2026-03-07 19:26:13.309 | INFO     | __main__:<module>:220 - Training time taken = 195.76 seconds, Evaluation time taken = nan seconds, loss = 0.02915, fid = None
2026-03-07 19:26:13.310 | INFO     | __main__:<module>:157 - Epoch = 1964 / 2000
2026-03-07 19:29:29.033 | INFO     | __main__:<module>:220 - Training time taken = 195.72 seconds, Evaluation time taken = nan seconds, loss = 0.0289, fid = None
2026-03-07 19:29:29.034 | INFO     | __main__:<module>:157 - Epoch = 1965 / 2000
2026-03-07 19:32:44.842 | INFO     | __main__:<module>:220 - Training time taken = 195.81 seconds, Evaluation time taken = nan seconds, loss = 0.02964, fid = None
2026-03-07 19:32:44.843 | INFO     | __main__:<module>:157 - Epoch = 1966 / 2000
2026-03-07 19:36:00.562 | INFO     | __main__:<module>:220 - Training time taken = 195.72 seconds, Evaluation time taken = nan seconds, loss = 0.02911, fid = None
2026-03-07 19:36:00.563 | INFO     | __main__:<module>:157 - Epoch = 1967 / 2000
2026-03-07 19:39:16.440 | INFO     | __main__:<module>:220 - Training time taken = 195.88 seconds, Evaluation time taken = nan seconds, loss = 0.02901, fid = None
2026-03-07 19:39:16.440 | INFO     | __main__:<module>:157 - Epoch = 1968 / 2000
2026-03-07 19:42:33.190 | INFO     | __main__:<module>:220 - Training time taken = 196.75 seconds, Evaluation time taken = nan seconds, loss = 0.02931, fid = None
2026-03-07 19:42:33.190 | INFO     | __main__:<module>:157 - Epoch = 1969 / 2000
2026-03-07 19:45:50.116 | INFO     | __main__:<module>:220 - Training time taken = 196.92 seconds, Evaluation time taken = nan seconds, loss = 0.02912, fid = None
2026-03-07 19:45:50.116 | INFO     | __main__:<module>:157 - Epoch = 1970 / 2000
2026-03-07 19:49:06.729 | INFO     | __main__:<module>:220 - Training time taken = 196.61 seconds, Evaluation time taken = nan seconds, loss = 0.0294, fid = None
2026-03-07 19:49:06.730 | INFO     | __main__:<module>:157 - Epoch = 1971 / 2000
2026-03-07 19:52:23.148 | INFO     | __main__:<module>:220 - Training time taken = 196.42 seconds, Evaluation time taken = nan seconds, loss = 0.02967, fid = None
2026-03-07 19:52:23.148 | INFO     | __main__:<module>:157 - Epoch = 1972 / 2000
2026-03-07 19:55:39.495 | INFO     | __main__:<module>:220 - Training time taken = 196.35 seconds, Evaluation time taken = nan seconds, loss = 0.02908, fid = None
2026-03-07 19:55:39.496 | INFO     | __main__:<module>:157 - Epoch = 1973 / 2000
2026-03-07 19:58:55.879 | INFO     | __main__:<module>:220 - Training time taken = 196.38 seconds, Evaluation time taken = nan seconds, loss = 0.02959, fid = None
2026-03-07 19:58:55.879 | INFO     | __main__:<module>:157 - Epoch = 1974 / 2000
2026-03-07 20:02:12.217 | INFO     | __main__:<module>:220 - Training time taken = 196.34 seconds, Evaluation time taken = nan seconds, loss = 0.02913, fid = None
2026-03-07 20:02:12.217 | INFO     | __main__:<module>:157 - Epoch = 1975 / 2000
2026-03-07 20:05:28.478 | INFO     | __main__:<module>:220 - Training time taken = 196.26 seconds, Evaluation time taken = nan seconds, loss = 0.0292, fid = None
2026-03-07 20:05:28.478 | INFO     | __main__:<module>:157 - Epoch = 1976 / 2000
2026-03-07 20:08:44.926 | INFO     | __main__:<module>:220 - Training time taken = 196.45 seconds, Evaluation time taken = nan seconds, loss = 0.0295, fid = None
2026-03-07 20:08:44.926 | INFO     | __main__:<module>:157 - Epoch = 1977 / 2000
2026-03-07 20:12:01.312 | INFO     | __main__:<module>:220 - Training time taken = 196.38 seconds, Evaluation time taken = nan seconds, loss = 0.02948, fid = None
2026-03-07 20:12:01.312 | INFO     | __main__:<module>:157 - Epoch = 1978 / 2000
2026-03-07 20:15:17.743 | INFO     | __main__:<module>:220 - Training time taken = 196.43 seconds, Evaluation time taken = nan seconds, loss = 0.02958, fid = None
2026-03-07 20:15:17.743 | INFO     | __main__:<module>:157 - Epoch = 1979 / 2000
2026-03-07 20:18:34.183 | INFO     | __main__:<module>:220 - Training time taken = 196.44 seconds, Evaluation time taken = nan seconds, loss = 0.02954, fid = None
2026-03-07 20:18:34.183 | INFO     | __main__:<module>:157 - Epoch = 1980 / 2000
2026-03-07 20:21:50.510 | INFO     | __main__:<module>:220 - Training time taken = 196.33 seconds, Evaluation time taken = nan seconds, loss = 0.02908, fid = None
2026-03-07 20:21:50.510 | INFO     | __main__:<module>:157 - Epoch = 1981 / 2000
2026-03-07 20:25:06.745 | INFO     | __main__:<module>:220 - Training time taken = 196.23 seconds, Evaluation time taken = nan seconds, loss = 0.02928, fid = None
2026-03-07 20:25:06.745 | INFO     | __main__:<module>:157 - Epoch = 1982 / 2000
2026-03-07 20:28:23.023 | INFO     | __main__:<module>:220 - Training time taken = 196.28 seconds, Evaluation time taken = nan seconds, loss = 0.02962, fid = None
2026-03-07 20:28:23.023 | INFO     | __main__:<module>:157 - Epoch = 1983 / 2000
2026-03-07 20:31:39.276 | INFO     | __main__:<module>:220 - Training time taken = 196.25 seconds, Evaluation time taken = nan seconds, loss = 0.02948, fid = None
2026-03-07 20:31:39.276 | INFO     | __main__:<module>:157 - Epoch = 1984 / 2000
2026-03-07 20:34:55.308 | INFO     | __main__:<module>:220 - Training time taken = 196.03 seconds, Evaluation time taken = nan seconds, loss = 0.02914, fid = None
2026-03-07 20:34:55.308 | INFO     | __main__:<module>:157 - Epoch = 1985 / 2000
2026-03-07 20:38:11.337 | INFO     | __main__:<module>:220 - Training time taken = 196.03 seconds, Evaluation time taken = nan seconds, loss = 0.02914, fid = None
2026-03-07 20:38:11.338 | INFO     | __main__:<module>:157 - Epoch = 1986 / 2000
2026-03-07 20:41:27.947 | INFO     | __main__:<module>:220 - Training time taken = 196.61 seconds, Evaluation time taken = nan seconds, loss = 0.02903, fid = None
2026-03-07 20:41:27.947 | INFO     | __main__:<module>:157 - Epoch = 1987 / 2000
2026-03-07 20:44:44.148 | INFO     | __main__:<module>:220 - Training time taken = 196.2 seconds, Evaluation time taken = nan seconds, loss = 0.0295, fid = None
2026-03-07 20:44:44.149 | INFO     | __main__:<module>:157 - Epoch = 1988 / 2000
2026-03-07 20:48:00.817 | INFO     | __main__:<module>:220 - Training time taken = 196.67 seconds, Evaluation time taken = nan seconds, loss = 0.02909, fid = None
2026-03-07 20:48:00.818 | INFO     | __main__:<module>:157 - Epoch = 1989 / 2000
2026-03-07 20:51:16.796 | INFO     | __main__:<module>:220 - Training time taken = 195.98 seconds, Evaluation time taken = nan seconds, loss = 0.02947, fid = None
2026-03-07 20:51:16.797 | INFO     | __main__:<module>:157 - Epoch = 1990 / 2000
2026-03-07 20:54:32.565 | INFO     | __main__:<module>:220 - Training time taken = 195.77 seconds, Evaluation time taken = nan seconds, loss = 0.02886, fid = None
2026-03-07 20:54:32.565 | INFO     | __main__:<module>:157 - Epoch = 1991 / 2000
2026-03-07 20:57:48.391 | INFO     | __main__:<module>:220 - Training time taken = 195.82 seconds, Evaluation time taken = nan seconds, loss = 0.02947, fid = None
2026-03-07 20:57:48.391 | INFO     | __main__:<module>:157 - Epoch = 1992 / 2000
2026-03-07 21:01:04.186 | INFO     | __main__:<module>:220 - Training time taken = 195.79 seconds, Evaluation time taken = nan seconds, loss = 0.02936, fid = None
2026-03-07 21:01:04.187 | INFO     | __main__:<module>:157 - Epoch = 1993 / 2000
2026-03-07 21:04:20.099 | INFO     | __main__:<module>:220 - Training time taken = 195.91 seconds, Evaluation time taken = nan seconds, loss = 0.02968, fid = None
2026-03-07 21:04:20.099 | INFO     | __main__:<module>:157 - Epoch = 1994 / 2000
2026-03-07 21:07:36.029 | INFO     | __main__:<module>:220 - Training time taken = 195.93 seconds, Evaluation time taken = nan seconds, loss = 0.02975, fid = None
2026-03-07 21:07:36.029 | INFO     | __main__:<module>:157 - Epoch = 1995 / 2000
2026-03-07 21:10:51.916 | INFO     | __main__:<module>:220 - Training time taken = 195.89 seconds, Evaluation time taken = nan seconds, loss = 0.02882, fid = None
2026-03-07 21:10:51.917 | INFO     | __main__:<module>:157 - Epoch = 1996 / 2000
2026-03-07 21:14:08.353 | INFO     | __main__:<module>:220 - Training time taken = 196.44 seconds, Evaluation time taken = nan seconds, loss = 0.02939, fid = None
2026-03-07 21:14:08.353 | INFO     | __main__:<module>:157 - Epoch = 1997 / 2000
2026-03-07 21:17:24.629 | INFO     | __main__:<module>:220 - Training time taken = 196.27 seconds, Evaluation time taken = nan seconds, loss = 0.02925, fid = None
2026-03-07 21:17:24.630 | INFO     | __main__:<module>:157 - Epoch = 1998 / 2000
2026-03-07 21:20:40.993 | INFO     | __main__:<module>:220 - Training time taken = 196.36 seconds, Evaluation time taken = nan seconds, loss = 0.02919, fid = None
2026-03-07 21:20:40.993 | INFO     | __main__:<module>:157 - Epoch = 1999 / 2000
2026-03-07 21:23:57.422 | INFO     | __main__:<module>:220 - Training time taken = 196.43 seconds, Evaluation time taken = nan seconds, loss = 0.02965, fid = None
2026-03-07 21:23:57.422 | INFO     | __main__:<module>:157 - Epoch = 2000 / 2000
2026-03-07 21:27:14.027 | INFO     | __main__:<module>:184 - Running evaluation
2026-03-07 21:27:14.028 | INFO     | eval_utils:eval:164 - Generating samples and computing activations
2026-03-08 15:00:46.225 | INFO     | eval_utils:eval:166 - fake activations shape = (50176, 2048). Computing statistics on generated sample activations
2026-03-08 15:00:47.348 | INFO     | eval_utils:eval:169 - real activation mean = (2048,), cov = (2048, 2048)
2026-03-08 15:00:47.348 | INFO     | eval_utils:eval:170 - fake activation mean = (2048,), cov = (2048, 2048)
2026-03-08 15:00:54.185 | INFO     | __main__:<module>:195 - Generating 100 samples
2026-03-08 15:03:05.844 | INFO     | __main__:<module>:206 - Generation completed in 131.66 seconds
2026-03-08 15:03:05.844 | INFO     | __main__:<module>:210 - Saving the model at path = runs/cifar10/v8/model-epoch-2000.bin
2026-03-08 15:03:06.185 | INFO     | __main__:<module>:220 - Training time taken = 196.6 seconds, Evaluation time taken = 63220.16 seconds, loss = 0.02932, fid = 13.83218523199315
