2026-03-10 10:47:54.650 | INFO     | __main__:<module>:60 - Using seed = 42, device = cuda:6 and output dir = runs/cifar10/v9/
2026-03-10 10:47:54.651 | INFO     | __main__:<module>:64 - Saving the config json at path = runs/cifar10/v9/run_config.json
2026-03-10 10:47:55.707 | INFO     | __main__:<module>:73 - length of the dataset = 50000
2026-03-10 10:47:56.951 | INFO     | __main__:<module>:79 - Computing betas, alphas with timesteps = 1000
2026-03-10 10:47:57.728 | INFO     | __main__:<module>:89 - Using variance type = fixed_large for sampling
2026-03-10 10:47:58.082 | INFO     | __main__:<module>:111 - Initializing the model
2026-03-10 10:47:58.689 | INFO     | __main__:<module>:129 - Initializaing EMA with decay = 0.999
2026-03-10 10:47:58.707 | INFO     | __main__:<module>:135 - Initializing the Adam optimizer with learning rate = 5e-05
2026-03-10 10:48:00.170 | INFO     | __main__:<module>:155 - Running for epochs = 2000
2026-03-10 10:48:00.170 | INFO     | __main__:<module>:157 - Epoch = 1 / 2000
2026-03-10 10:51:21.417 | INFO     | __main__:<module>:220 - Training time taken = 201.25 seconds, Evaluation time taken = nan seconds, loss = 0.84794, fid = None
2026-03-10 10:51:21.418 | INFO     | __main__:<module>:157 - Epoch = 2 / 2000
2026-03-10 10:54:40.171 | INFO     | __main__:<module>:220 - Training time taken = 198.75 seconds, Evaluation time taken = nan seconds, loss = 0.30728, fid = None
2026-03-10 10:54:40.172 | INFO     | __main__:<module>:157 - Epoch = 3 / 2000
2026-03-10 10:57:59.543 | INFO     | __main__:<module>:220 - Training time taken = 199.37 seconds, Evaluation time taken = nan seconds, loss = 0.0762, fid = None
2026-03-10 10:57:59.543 | INFO     | __main__:<module>:157 - Epoch = 4 / 2000
2026-03-10 11:01:16.527 | INFO     | __main__:<module>:220 - Training time taken = 196.98 seconds, Evaluation time taken = nan seconds, loss = 0.06016, fid = None
2026-03-10 11:01:16.527 | INFO     | __main__:<module>:157 - Epoch = 5 / 2000
2026-03-10 11:04:33.786 | INFO     | __main__:<module>:220 - Training time taken = 197.26 seconds, Evaluation time taken = nan seconds, loss = 0.05573, fid = None
2026-03-10 11:04:33.787 | INFO     | __main__:<module>:157 - Epoch = 6 / 2000
2026-03-10 11:07:50.683 | INFO     | __main__:<module>:220 - Training time taken = 196.9 seconds, Evaluation time taken = nan seconds, loss = 0.05214, fid = None
2026-03-10 11:07:50.683 | INFO     | __main__:<module>:157 - Epoch = 7 / 2000
2026-03-10 11:11:08.230 | INFO     | __main__:<module>:220 - Training time taken = 197.55 seconds, Evaluation time taken = nan seconds, loss = 0.05096, fid = None
2026-03-10 11:11:08.230 | INFO     | __main__:<module>:157 - Epoch = 8 / 2000
2026-03-10 11:14:26.513 | INFO     | __main__:<module>:220 - Training time taken = 198.28 seconds, Evaluation time taken = nan seconds, loss = 0.04848, fid = None
2026-03-10 11:14:26.514 | INFO     | __main__:<module>:157 - Epoch = 9 / 2000
2026-03-10 11:17:43.916 | INFO     | __main__:<module>:220 - Training time taken = 197.4 seconds, Evaluation time taken = nan seconds, loss = 0.04695, fid = None
2026-03-10 11:17:43.916 | INFO     | __main__:<module>:157 - Epoch = 10 / 2000
2026-03-10 11:21:00.949 | INFO     | __main__:<module>:220 - Training time taken = 197.03 seconds, Evaluation time taken = nan seconds, loss = 0.04675, fid = None
2026-03-10 11:21:00.949 | INFO     | __main__:<module>:157 - Epoch = 11 / 2000
2026-03-10 11:24:19.819 | INFO     | __main__:<module>:220 - Training time taken = 198.87 seconds, Evaluation time taken = nan seconds, loss = 0.04485, fid = None
2026-03-10 11:24:19.819 | INFO     | __main__:<module>:157 - Epoch = 12 / 2000
2026-03-10 11:27:36.809 | INFO     | __main__:<module>:220 - Training time taken = 196.99 seconds, Evaluation time taken = nan seconds, loss = 0.04418, fid = None
2026-03-10 11:27:36.809 | INFO     | __main__:<module>:157 - Epoch = 13 / 2000
2026-03-10 11:30:54.150 | INFO     | __main__:<module>:220 - Training time taken = 197.34 seconds, Evaluation time taken = nan seconds, loss = 0.04376, fid = None
2026-03-10 11:30:54.150 | INFO     | __main__:<module>:157 - Epoch = 14 / 2000
2026-03-10 11:34:11.898 | INFO     | __main__:<module>:220 - Training time taken = 197.75 seconds, Evaluation time taken = nan seconds, loss = 0.04243, fid = None
2026-03-10 11:34:11.898 | INFO     | __main__:<module>:157 - Epoch = 15 / 2000
2026-03-10 11:37:29.904 | INFO     | __main__:<module>:220 - Training time taken = 198.0 seconds, Evaluation time taken = nan seconds, loss = 0.04185, fid = None
2026-03-10 11:37:29.905 | INFO     | __main__:<module>:157 - Epoch = 16 / 2000
2026-03-10 11:40:48.363 | INFO     | __main__:<module>:220 - Training time taken = 198.46 seconds, Evaluation time taken = nan seconds, loss = 0.04147, fid = None
2026-03-10 11:40:48.364 | INFO     | __main__:<module>:157 - Epoch = 17 / 2000
2026-03-10 11:44:07.214 | INFO     | __main__:<module>:220 - Training time taken = 198.85 seconds, Evaluation time taken = nan seconds, loss = 0.04124, fid = None
2026-03-10 11:44:07.214 | INFO     | __main__:<module>:157 - Epoch = 18 / 2000
2026-03-10 11:47:27.399 | INFO     | __main__:<module>:220 - Training time taken = 200.18 seconds, Evaluation time taken = nan seconds, loss = 0.04096, fid = None
2026-03-10 11:47:27.399 | INFO     | __main__:<module>:157 - Epoch = 19 / 2000
2026-03-10 11:50:47.241 | INFO     | __main__:<module>:220 - Training time taken = 199.84 seconds, Evaluation time taken = nan seconds, loss = 0.04039, fid = None
2026-03-10 11:50:47.241 | INFO     | __main__:<module>:157 - Epoch = 20 / 2000
2026-03-10 11:54:08.427 | INFO     | __main__:<module>:220 - Training time taken = 201.19 seconds, Evaluation time taken = nan seconds, loss = 0.03968, fid = None
2026-03-10 11:54:08.428 | INFO     | __main__:<module>:157 - Epoch = 21 / 2000
2026-03-10 11:57:28.733 | INFO     | __main__:<module>:220 - Training time taken = 200.3 seconds, Evaluation time taken = nan seconds, loss = 0.03926, fid = None
2026-03-10 11:57:28.733 | INFO     | __main__:<module>:157 - Epoch = 22 / 2000
2026-03-10 12:00:47.348 | INFO     | __main__:<module>:220 - Training time taken = 198.61 seconds, Evaluation time taken = nan seconds, loss = 0.03894, fid = None
2026-03-10 12:00:47.349 | INFO     | __main__:<module>:157 - Epoch = 23 / 2000
2026-03-10 12:04:07.722 | INFO     | __main__:<module>:220 - Training time taken = 200.37 seconds, Evaluation time taken = nan seconds, loss = 0.03825, fid = None
2026-03-10 12:04:07.723 | INFO     | __main__:<module>:157 - Epoch = 24 / 2000
2026-03-10 12:07:28.657 | INFO     | __main__:<module>:220 - Training time taken = 200.93 seconds, Evaluation time taken = nan seconds, loss = 0.03868, fid = None
2026-03-10 12:07:28.658 | INFO     | __main__:<module>:157 - Epoch = 25 / 2000
2026-03-10 12:10:48.137 | INFO     | __main__:<module>:220 - Training time taken = 199.48 seconds, Evaluation time taken = nan seconds, loss = 0.03796, fid = None
2026-03-10 12:10:48.137 | INFO     | __main__:<module>:157 - Epoch = 26 / 2000
2026-03-10 12:14:09.630 | INFO     | __main__:<module>:220 - Training time taken = 201.49 seconds, Evaluation time taken = nan seconds, loss = 0.03793, fid = None
2026-03-10 12:14:09.631 | INFO     | __main__:<module>:157 - Epoch = 27 / 2000
2026-03-10 12:17:29.000 | INFO     | __main__:<module>:220 - Training time taken = 199.37 seconds, Evaluation time taken = nan seconds, loss = 0.03768, fid = None
2026-03-10 12:17:29.001 | INFO     | __main__:<module>:157 - Epoch = 28 / 2000
2026-03-10 12:20:49.541 | INFO     | __main__:<module>:220 - Training time taken = 200.54 seconds, Evaluation time taken = nan seconds, loss = 0.0378, fid = None
2026-03-10 12:20:49.542 | INFO     | __main__:<module>:157 - Epoch = 29 / 2000
2026-03-10 12:24:10.264 | INFO     | __main__:<module>:220 - Training time taken = 200.72 seconds, Evaluation time taken = nan seconds, loss = 0.03712, fid = None
2026-03-10 12:24:10.265 | INFO     | __main__:<module>:157 - Epoch = 30 / 2000
2026-03-10 12:27:32.301 | INFO     | __main__:<module>:220 - Training time taken = 202.04 seconds, Evaluation time taken = nan seconds, loss = 0.03677, fid = None
2026-03-10 12:27:32.302 | INFO     | __main__:<module>:157 - Epoch = 31 / 2000
2026-03-10 12:30:52.712 | INFO     | __main__:<module>:220 - Training time taken = 200.41 seconds, Evaluation time taken = nan seconds, loss = 0.03718, fid = None
2026-03-10 12:30:52.713 | INFO     | __main__:<module>:157 - Epoch = 32 / 2000
2026-03-10 12:34:09.543 | INFO     | __main__:<module>:220 - Training time taken = 196.83 seconds, Evaluation time taken = nan seconds, loss = 0.03619, fid = None
2026-03-10 12:34:09.543 | INFO     | __main__:<module>:157 - Epoch = 33 / 2000
2026-03-10 12:37:26.391 | INFO     | __main__:<module>:220 - Training time taken = 196.85 seconds, Evaluation time taken = nan seconds, loss = 0.03696, fid = None
2026-03-10 12:37:26.392 | INFO     | __main__:<module>:157 - Epoch = 34 / 2000
2026-03-10 12:40:43.456 | INFO     | __main__:<module>:220 - Training time taken = 197.06 seconds, Evaluation time taken = nan seconds, loss = 0.03691, fid = None
2026-03-10 12:40:43.456 | INFO     | __main__:<module>:157 - Epoch = 35 / 2000
2026-03-10 12:44:02.367 | INFO     | __main__:<module>:220 - Training time taken = 198.91 seconds, Evaluation time taken = nan seconds, loss = 0.03668, fid = None
2026-03-10 12:44:02.368 | INFO     | __main__:<module>:157 - Epoch = 36 / 2000
2026-03-10 12:47:22.443 | INFO     | __main__:<module>:220 - Training time taken = 200.07 seconds, Evaluation time taken = nan seconds, loss = 0.03611, fid = None
2026-03-10 12:47:22.444 | INFO     | __main__:<module>:157 - Epoch = 37 / 2000
2026-03-10 12:50:39.812 | INFO     | __main__:<module>:220 - Training time taken = 197.37 seconds, Evaluation time taken = nan seconds, loss = 0.03558, fid = None
2026-03-10 12:50:39.812 | INFO     | __main__:<module>:157 - Epoch = 38 / 2000
2026-03-10 12:53:57.564 | INFO     | __main__:<module>:220 - Training time taken = 197.75 seconds, Evaluation time taken = nan seconds, loss = 0.03529, fid = None
2026-03-10 12:53:57.565 | INFO     | __main__:<module>:157 - Epoch = 39 / 2000
2026-03-10 12:57:19.055 | INFO     | __main__:<module>:220 - Training time taken = 201.49 seconds, Evaluation time taken = nan seconds, loss = 0.03547, fid = None
2026-03-10 12:57:19.056 | INFO     | __main__:<module>:157 - Epoch = 40 / 2000
2026-03-10 13:00:40.010 | INFO     | __main__:<module>:220 - Training time taken = 200.95 seconds, Evaluation time taken = nan seconds, loss = 0.03563, fid = None
2026-03-10 13:00:40.011 | INFO     | __main__:<module>:157 - Epoch = 41 / 2000
2026-03-10 13:04:02.314 | INFO     | __main__:<module>:220 - Training time taken = 202.3 seconds, Evaluation time taken = nan seconds, loss = 0.03555, fid = None
2026-03-10 13:04:02.315 | INFO     | __main__:<module>:157 - Epoch = 42 / 2000
2026-03-10 13:07:24.686 | INFO     | __main__:<module>:220 - Training time taken = 202.37 seconds, Evaluation time taken = nan seconds, loss = 0.03533, fid = None
2026-03-10 13:07:24.686 | INFO     | __main__:<module>:157 - Epoch = 43 / 2000
2026-03-10 13:10:47.356 | INFO     | __main__:<module>:220 - Training time taken = 202.67 seconds, Evaluation time taken = nan seconds, loss = 0.03548, fid = None
2026-03-10 13:10:47.356 | INFO     | __main__:<module>:157 - Epoch = 44 / 2000
2026-03-10 13:14:09.630 | INFO     | __main__:<module>:220 - Training time taken = 202.27 seconds, Evaluation time taken = nan seconds, loss = 0.03517, fid = None
2026-03-10 13:14:09.630 | INFO     | __main__:<module>:157 - Epoch = 45 / 2000
2026-03-10 13:17:31.851 | INFO     | __main__:<module>:220 - Training time taken = 202.22 seconds, Evaluation time taken = nan seconds, loss = 0.03528, fid = None
2026-03-10 13:17:31.851 | INFO     | __main__:<module>:157 - Epoch = 46 / 2000
2026-03-10 13:20:53.925 | INFO     | __main__:<module>:220 - Training time taken = 202.07 seconds, Evaluation time taken = nan seconds, loss = 0.0352, fid = None
2026-03-10 13:20:53.925 | INFO     | __main__:<module>:157 - Epoch = 47 / 2000
2026-03-10 13:24:15.949 | INFO     | __main__:<module>:220 - Training time taken = 202.02 seconds, Evaluation time taken = nan seconds, loss = 0.03496, fid = None
2026-03-10 13:24:15.950 | INFO     | __main__:<module>:157 - Epoch = 48 / 2000
2026-03-10 13:27:37.710 | INFO     | __main__:<module>:220 - Training time taken = 201.76 seconds, Evaluation time taken = nan seconds, loss = 0.03488, fid = None
2026-03-10 13:27:37.711 | INFO     | __main__:<module>:157 - Epoch = 49 / 2000
2026-03-10 13:31:00.863 | INFO     | __main__:<module>:220 - Training time taken = 203.15 seconds, Evaluation time taken = nan seconds, loss = 0.03456, fid = None
2026-03-10 13:31:00.863 | INFO     | __main__:<module>:157 - Epoch = 50 / 2000
2026-03-10 13:34:25.682 | INFO     | __main__:<module>:220 - Training time taken = 204.82 seconds, Evaluation time taken = nan seconds, loss = 0.03468, fid = None
2026-03-10 13:34:25.683 | INFO     | __main__:<module>:157 - Epoch = 51 / 2000
2026-03-10 13:37:50.543 | INFO     | __main__:<module>:220 - Training time taken = 204.86 seconds, Evaluation time taken = nan seconds, loss = 0.03452, fid = None
2026-03-10 13:37:50.543 | INFO     | __main__:<module>:157 - Epoch = 52 / 2000
2026-03-10 13:41:14.080 | INFO     | __main__:<module>:220 - Training time taken = 203.54 seconds, Evaluation time taken = nan seconds, loss = 0.03421, fid = None
2026-03-10 13:41:14.081 | INFO     | __main__:<module>:157 - Epoch = 53 / 2000
2026-03-10 13:44:36.397 | INFO     | __main__:<module>:220 - Training time taken = 202.31 seconds, Evaluation time taken = nan seconds, loss = 0.03448, fid = None
2026-03-10 13:44:36.398 | INFO     | __main__:<module>:157 - Epoch = 54 / 2000
2026-03-10 13:47:58.477 | INFO     | __main__:<module>:220 - Training time taken = 202.08 seconds, Evaluation time taken = nan seconds, loss = 0.0347, fid = None
2026-03-10 13:47:58.478 | INFO     | __main__:<module>:157 - Epoch = 55 / 2000
2026-03-10 13:51:20.886 | INFO     | __main__:<module>:220 - Training time taken = 202.41 seconds, Evaluation time taken = nan seconds, loss = 0.0345, fid = None
2026-03-10 13:51:20.887 | INFO     | __main__:<module>:157 - Epoch = 56 / 2000
2026-03-10 13:54:43.902 | INFO     | __main__:<module>:220 - Training time taken = 203.01 seconds, Evaluation time taken = nan seconds, loss = 0.03414, fid = None
2026-03-10 13:54:43.903 | INFO     | __main__:<module>:157 - Epoch = 57 / 2000
2026-03-10 13:58:58.177 | INFO     | __main__:<module>:220 - Training time taken = 254.27 seconds, Evaluation time taken = nan seconds, loss = 0.03416, fid = None
2026-03-10 13:58:58.178 | INFO     | __main__:<module>:157 - Epoch = 58 / 2000
2026-03-10 14:03:26.977 | INFO     | __main__:<module>:220 - Training time taken = 268.8 seconds, Evaluation time taken = nan seconds, loss = 0.03328, fid = None
2026-03-10 14:03:26.977 | INFO     | __main__:<module>:157 - Epoch = 59 / 2000
2026-03-10 14:07:55.662 | INFO     | __main__:<module>:220 - Training time taken = 268.68 seconds, Evaluation time taken = nan seconds, loss = 0.03376, fid = None
2026-03-10 14:07:55.663 | INFO     | __main__:<module>:157 - Epoch = 60 / 2000
2026-03-10 14:12:24.684 | INFO     | __main__:<module>:220 - Training time taken = 269.02 seconds, Evaluation time taken = nan seconds, loss = 0.03376, fid = None
2026-03-10 14:12:24.685 | INFO     | __main__:<module>:157 - Epoch = 61 / 2000
2026-03-10 14:16:52.221 | INFO     | __main__:<module>:220 - Training time taken = 267.53 seconds, Evaluation time taken = nan seconds, loss = 0.03315, fid = None
2026-03-10 14:16:52.221 | INFO     | __main__:<module>:157 - Epoch = 62 / 2000
2026-03-10 14:21:20.792 | INFO     | __main__:<module>:220 - Training time taken = 268.57 seconds, Evaluation time taken = nan seconds, loss = 0.03377, fid = None
2026-03-10 14:21:20.793 | INFO     | __main__:<module>:157 - Epoch = 63 / 2000
2026-03-10 14:25:54.553 | INFO     | __main__:<module>:220 - Training time taken = 273.76 seconds, Evaluation time taken = nan seconds, loss = 0.034, fid = None
2026-03-10 14:25:54.553 | INFO     | __main__:<module>:157 - Epoch = 64 / 2000
2026-03-10 14:29:50.171 | INFO     | __main__:<module>:220 - Training time taken = 235.62 seconds, Evaluation time taken = nan seconds, loss = 0.03312, fid = None
2026-03-10 14:29:50.172 | INFO     | __main__:<module>:157 - Epoch = 65 / 2000
2026-03-10 14:33:13.565 | INFO     | __main__:<module>:220 - Training time taken = 203.39 seconds, Evaluation time taken = nan seconds, loss = 0.0338, fid = None
2026-03-10 14:33:13.565 | INFO     | __main__:<module>:157 - Epoch = 66 / 2000
2026-03-10 14:36:37.075 | INFO     | __main__:<module>:220 - Training time taken = 203.51 seconds, Evaluation time taken = nan seconds, loss = 0.03356, fid = None
2026-03-10 14:36:37.076 | INFO     | __main__:<module>:157 - Epoch = 67 / 2000
2026-03-10 14:39:59.817 | INFO     | __main__:<module>:220 - Training time taken = 202.74 seconds, Evaluation time taken = nan seconds, loss = 0.03403, fid = None
2026-03-10 14:39:59.818 | INFO     | __main__:<module>:157 - Epoch = 68 / 2000
2026-03-10 14:43:49.306 | INFO     | __main__:<module>:220 - Training time taken = 229.49 seconds, Evaluation time taken = nan seconds, loss = 0.0341, fid = None
2026-03-10 14:43:49.306 | INFO     | __main__:<module>:157 - Epoch = 69 / 2000
2026-03-10 14:47:47.964 | INFO     | __main__:<module>:220 - Training time taken = 238.66 seconds, Evaluation time taken = nan seconds, loss = 0.03385, fid = None
2026-03-10 14:47:47.964 | INFO     | __main__:<module>:157 - Epoch = 70 / 2000
2026-03-10 14:51:25.327 | INFO     | __main__:<module>:220 - Training time taken = 217.36 seconds, Evaluation time taken = nan seconds, loss = 0.03362, fid = None
2026-03-10 14:51:25.327 | INFO     | __main__:<module>:157 - Epoch = 71 / 2000
2026-03-10 14:55:06.022 | INFO     | __main__:<module>:220 - Training time taken = 220.69 seconds, Evaluation time taken = nan seconds, loss = 0.03351, fid = None
2026-03-10 14:55:06.023 | INFO     | __main__:<module>:157 - Epoch = 72 / 2000
2026-03-10 14:59:00.894 | INFO     | __main__:<module>:220 - Training time taken = 234.87 seconds, Evaluation time taken = nan seconds, loss = 0.03376, fid = None
2026-03-10 14:59:00.894 | INFO     | __main__:<module>:157 - Epoch = 73 / 2000
2026-03-10 15:02:55.794 | INFO     | __main__:<module>:220 - Training time taken = 234.9 seconds, Evaluation time taken = nan seconds, loss = 0.03334, fid = None
2026-03-10 15:02:55.795 | INFO     | __main__:<module>:157 - Epoch = 74 / 2000
2026-03-10 15:06:19.815 | INFO     | __main__:<module>:220 - Training time taken = 204.02 seconds, Evaluation time taken = nan seconds, loss = 0.03348, fid = None
2026-03-10 15:06:19.815 | INFO     | __main__:<module>:157 - Epoch = 75 / 2000
2026-03-10 15:09:43.208 | INFO     | __main__:<module>:220 - Training time taken = 203.39 seconds, Evaluation time taken = nan seconds, loss = 0.03383, fid = None
2026-03-10 15:09:43.209 | INFO     | __main__:<module>:157 - Epoch = 76 / 2000
2026-03-10 15:13:06.138 | INFO     | __main__:<module>:220 - Training time taken = 202.93 seconds, Evaluation time taken = nan seconds, loss = 0.03315, fid = None
2026-03-10 15:13:06.138 | INFO     | __main__:<module>:157 - Epoch = 77 / 2000
2026-03-10 15:16:29.365 | INFO     | __main__:<module>:220 - Training time taken = 203.22 seconds, Evaluation time taken = nan seconds, loss = 0.0331, fid = None
2026-03-10 15:16:29.365 | INFO     | __main__:<module>:157 - Epoch = 78 / 2000
2026-03-10 15:19:52.673 | INFO     | __main__:<module>:220 - Training time taken = 203.31 seconds, Evaluation time taken = nan seconds, loss = 0.03355, fid = None
2026-03-10 15:19:52.673 | INFO     | __main__:<module>:157 - Epoch = 79 / 2000
2026-03-10 15:23:47.544 | INFO     | __main__:<module>:220 - Training time taken = 234.87 seconds, Evaluation time taken = nan seconds, loss = 0.03356, fid = None
2026-03-10 15:23:47.544 | INFO     | __main__:<module>:157 - Epoch = 80 / 2000
2026-03-10 15:27:10.776 | INFO     | __main__:<module>:220 - Training time taken = 203.23 seconds, Evaluation time taken = nan seconds, loss = 0.03331, fid = None
2026-03-10 15:27:10.778 | INFO     | __main__:<module>:157 - Epoch = 81 / 2000
2026-03-10 15:30:33.743 | INFO     | __main__:<module>:220 - Training time taken = 202.96 seconds, Evaluation time taken = nan seconds, loss = 0.03326, fid = None
2026-03-10 15:30:33.743 | INFO     | __main__:<module>:157 - Epoch = 82 / 2000
2026-03-10 15:33:56.670 | INFO     | __main__:<module>:220 - Training time taken = 202.92 seconds, Evaluation time taken = nan seconds, loss = 0.0327, fid = None
2026-03-10 15:33:56.671 | INFO     | __main__:<module>:157 - Epoch = 83 / 2000
2026-03-10 15:37:19.821 | INFO     | __main__:<module>:220 - Training time taken = 203.15 seconds, Evaluation time taken = nan seconds, loss = 0.03336, fid = None
2026-03-10 15:37:19.821 | INFO     | __main__:<module>:157 - Epoch = 84 / 2000
2026-03-10 15:40:42.538 | INFO     | __main__:<module>:220 - Training time taken = 202.71 seconds, Evaluation time taken = nan seconds, loss = 0.03288, fid = None
2026-03-10 15:40:42.538 | INFO     | __main__:<module>:157 - Epoch = 85 / 2000
2026-03-10 15:44:05.857 | INFO     | __main__:<module>:220 - Training time taken = 203.32 seconds, Evaluation time taken = nan seconds, loss = 0.03314, fid = None
2026-03-10 15:44:05.857 | INFO     | __main__:<module>:157 - Epoch = 86 / 2000
2026-03-10 15:47:28.920 | INFO     | __main__:<module>:220 - Training time taken = 203.06 seconds, Evaluation time taken = nan seconds, loss = 0.03413, fid = None
2026-03-10 15:47:28.921 | INFO     | __main__:<module>:157 - Epoch = 87 / 2000
2026-03-10 15:50:52.056 | INFO     | __main__:<module>:220 - Training time taken = 203.13 seconds, Evaluation time taken = nan seconds, loss = 0.03297, fid = None
2026-03-10 15:50:52.056 | INFO     | __main__:<module>:157 - Epoch = 88 / 2000
2026-03-10 15:54:15.037 | INFO     | __main__:<module>:220 - Training time taken = 202.98 seconds, Evaluation time taken = nan seconds, loss = 0.03343, fid = None
2026-03-10 15:54:15.038 | INFO     | __main__:<module>:157 - Epoch = 89 / 2000
2026-03-10 15:57:38.933 | INFO     | __main__:<module>:220 - Training time taken = 203.89 seconds, Evaluation time taken = nan seconds, loss = 0.03279, fid = None
2026-03-10 15:57:38.934 | INFO     | __main__:<module>:157 - Epoch = 90 / 2000
2026-03-10 16:01:02.463 | INFO     | __main__:<module>:220 - Training time taken = 203.53 seconds, Evaluation time taken = nan seconds, loss = 0.03257, fid = None
2026-03-10 16:01:02.463 | INFO     | __main__:<module>:157 - Epoch = 91 / 2000
2026-03-10 16:05:28.448 | INFO     | __main__:<module>:220 - Training time taken = 265.98 seconds, Evaluation time taken = nan seconds, loss = 0.03291, fid = None
2026-03-10 16:05:28.448 | INFO     | __main__:<module>:157 - Epoch = 92 / 2000
2026-03-10 16:10:09.073 | INFO     | __main__:<module>:220 - Training time taken = 280.62 seconds, Evaluation time taken = nan seconds, loss = 0.03223, fid = None
2026-03-10 16:10:09.073 | INFO     | __main__:<module>:157 - Epoch = 93 / 2000
2026-03-10 16:15:03.243 | INFO     | __main__:<module>:220 - Training time taken = 294.17 seconds, Evaluation time taken = nan seconds, loss = 0.03304, fid = None
2026-03-10 16:15:03.243 | INFO     | __main__:<module>:157 - Epoch = 94 / 2000
2026-03-10 16:20:01.336 | INFO     | __main__:<module>:220 - Training time taken = 298.09 seconds, Evaluation time taken = nan seconds, loss = 0.03288, fid = None
2026-03-10 16:20:01.336 | INFO     | __main__:<module>:157 - Epoch = 95 / 2000
2026-03-10 16:25:01.690 | INFO     | __main__:<module>:220 - Training time taken = 300.35 seconds, Evaluation time taken = nan seconds, loss = 0.03307, fid = None
2026-03-10 16:25:01.690 | INFO     | __main__:<module>:157 - Epoch = 96 / 2000
2026-03-10 16:29:55.664 | INFO     | __main__:<module>:220 - Training time taken = 293.97 seconds, Evaluation time taken = nan seconds, loss = 0.03261, fid = None
2026-03-10 16:29:55.665 | INFO     | __main__:<module>:157 - Epoch = 97 / 2000
2026-03-10 16:34:56.515 | INFO     | __main__:<module>:220 - Training time taken = 300.85 seconds, Evaluation time taken = nan seconds, loss = 0.03272, fid = None
2026-03-10 16:34:56.515 | INFO     | __main__:<module>:157 - Epoch = 98 / 2000
2026-03-10 16:39:54.467 | INFO     | __main__:<module>:220 - Training time taken = 297.95 seconds, Evaluation time taken = nan seconds, loss = 0.03253, fid = None
2026-03-10 16:39:54.468 | INFO     | __main__:<module>:157 - Epoch = 99 / 2000
2026-03-10 16:43:29.825 | INFO     | __main__:<module>:220 - Training time taken = 215.36 seconds, Evaluation time taken = nan seconds, loss = 0.03252, fid = None
2026-03-10 16:43:29.826 | INFO     | __main__:<module>:157 - Epoch = 100 / 2000
2026-03-10 16:46:52.431 | INFO     | __main__:<module>:220 - Training time taken = 202.6 seconds, Evaluation time taken = nan seconds, loss = 0.03299, fid = None
2026-03-10 16:46:52.431 | INFO     | __main__:<module>:157 - Epoch = 101 / 2000
2026-03-10 16:50:14.878 | INFO     | __main__:<module>:220 - Training time taken = 202.45 seconds, Evaluation time taken = nan seconds, loss = 0.03241, fid = None
2026-03-10 16:50:14.879 | INFO     | __main__:<module>:157 - Epoch = 102 / 2000
2026-03-10 16:53:37.511 | INFO     | __main__:<module>:220 - Training time taken = 202.63 seconds, Evaluation time taken = nan seconds, loss = 0.03221, fid = None
2026-03-10 16:53:37.511 | INFO     | __main__:<module>:157 - Epoch = 103 / 2000
2026-03-10 16:57:00.170 | INFO     | __main__:<module>:220 - Training time taken = 202.66 seconds, Evaluation time taken = nan seconds, loss = 0.03281, fid = None
2026-03-10 16:57:00.170 | INFO     | __main__:<module>:157 - Epoch = 104 / 2000
2026-03-10 17:00:22.686 | INFO     | __main__:<module>:220 - Training time taken = 202.51 seconds, Evaluation time taken = nan seconds, loss = 0.03238, fid = None
2026-03-10 17:00:22.686 | INFO     | __main__:<module>:157 - Epoch = 105 / 2000
2026-03-10 17:03:45.354 | INFO     | __main__:<module>:220 - Training time taken = 202.67 seconds, Evaluation time taken = nan seconds, loss = 0.03246, fid = None
2026-03-10 17:03:45.354 | INFO     | __main__:<module>:157 - Epoch = 106 / 2000
2026-03-10 17:07:08.139 | INFO     | __main__:<module>:220 - Training time taken = 202.78 seconds, Evaluation time taken = nan seconds, loss = 0.03235, fid = None
2026-03-10 17:07:08.139 | INFO     | __main__:<module>:157 - Epoch = 107 / 2000
2026-03-10 17:10:30.795 | INFO     | __main__:<module>:220 - Training time taken = 202.65 seconds, Evaluation time taken = nan seconds, loss = 0.0319, fid = None
2026-03-10 17:10:30.796 | INFO     | __main__:<module>:157 - Epoch = 108 / 2000
2026-03-10 17:13:53.449 | INFO     | __main__:<module>:220 - Training time taken = 202.65 seconds, Evaluation time taken = nan seconds, loss = 0.03307, fid = None
2026-03-10 17:13:53.450 | INFO     | __main__:<module>:157 - Epoch = 109 / 2000
2026-03-10 17:17:15.682 | INFO     | __main__:<module>:220 - Training time taken = 202.23 seconds, Evaluation time taken = nan seconds, loss = 0.03209, fid = None
2026-03-10 17:17:15.683 | INFO     | __main__:<module>:157 - Epoch = 110 / 2000
2026-03-10 17:20:38.316 | INFO     | __main__:<module>:220 - Training time taken = 202.63 seconds, Evaluation time taken = nan seconds, loss = 0.03247, fid = None
2026-03-10 17:20:38.317 | INFO     | __main__:<module>:157 - Epoch = 111 / 2000
2026-03-10 17:24:00.460 | INFO     | __main__:<module>:220 - Training time taken = 202.14 seconds, Evaluation time taken = nan seconds, loss = 0.03273, fid = None
2026-03-10 17:24:00.460 | INFO     | __main__:<module>:157 - Epoch = 112 / 2000
2026-03-10 17:27:23.038 | INFO     | __main__:<module>:220 - Training time taken = 202.58 seconds, Evaluation time taken = nan seconds, loss = 0.03231, fid = None
2026-03-10 17:27:23.038 | INFO     | __main__:<module>:157 - Epoch = 113 / 2000
2026-03-10 17:30:45.698 | INFO     | __main__:<module>:220 - Training time taken = 202.66 seconds, Evaluation time taken = nan seconds, loss = 0.0325, fid = None
2026-03-10 17:30:45.698 | INFO     | __main__:<module>:157 - Epoch = 114 / 2000
2026-03-10 17:34:07.964 | INFO     | __main__:<module>:220 - Training time taken = 202.26 seconds, Evaluation time taken = nan seconds, loss = 0.03217, fid = None
2026-03-10 17:34:07.966 | INFO     | __main__:<module>:157 - Epoch = 115 / 2000
2026-03-10 17:37:30.486 | INFO     | __main__:<module>:220 - Training time taken = 202.52 seconds, Evaluation time taken = nan seconds, loss = 0.03254, fid = None
2026-03-10 17:37:30.486 | INFO     | __main__:<module>:157 - Epoch = 116 / 2000
2026-03-10 17:40:52.913 | INFO     | __main__:<module>:220 - Training time taken = 202.42 seconds, Evaluation time taken = nan seconds, loss = 0.03241, fid = None
2026-03-10 17:40:52.914 | INFO     | __main__:<module>:157 - Epoch = 117 / 2000
2026-03-10 17:44:15.309 | INFO     | __main__:<module>:220 - Training time taken = 202.39 seconds, Evaluation time taken = nan seconds, loss = 0.0324, fid = None
2026-03-10 17:44:15.309 | INFO     | __main__:<module>:157 - Epoch = 118 / 2000
2026-03-10 17:47:38.284 | INFO     | __main__:<module>:220 - Training time taken = 202.97 seconds, Evaluation time taken = nan seconds, loss = 0.03274, fid = None
2026-03-10 17:47:38.284 | INFO     | __main__:<module>:157 - Epoch = 119 / 2000
2026-03-10 17:51:00.758 | INFO     | __main__:<module>:220 - Training time taken = 202.47 seconds, Evaluation time taken = nan seconds, loss = 0.03258, fid = None
2026-03-10 17:51:00.759 | INFO     | __main__:<module>:157 - Epoch = 120 / 2000
2026-03-10 17:54:23.279 | INFO     | __main__:<module>:220 - Training time taken = 202.52 seconds, Evaluation time taken = nan seconds, loss = 0.03245, fid = None
2026-03-10 17:54:23.280 | INFO     | __main__:<module>:157 - Epoch = 121 / 2000
2026-03-10 17:57:45.812 | INFO     | __main__:<module>:220 - Training time taken = 202.53 seconds, Evaluation time taken = nan seconds, loss = 0.0326, fid = None
2026-03-10 17:57:45.812 | INFO     | __main__:<module>:157 - Epoch = 122 / 2000
2026-03-10 18:01:08.590 | INFO     | __main__:<module>:220 - Training time taken = 202.78 seconds, Evaluation time taken = nan seconds, loss = 0.03222, fid = None
2026-03-10 18:01:08.590 | INFO     | __main__:<module>:157 - Epoch = 123 / 2000
2026-03-10 18:04:31.314 | INFO     | __main__:<module>:220 - Training time taken = 202.72 seconds, Evaluation time taken = nan seconds, loss = 0.03256, fid = None
2026-03-10 18:04:31.315 | INFO     | __main__:<module>:157 - Epoch = 124 / 2000
2026-03-10 18:07:53.718 | INFO     | __main__:<module>:220 - Training time taken = 202.4 seconds, Evaluation time taken = nan seconds, loss = 0.03255, fid = None
2026-03-10 18:07:53.718 | INFO     | __main__:<module>:157 - Epoch = 125 / 2000
2026-03-10 18:11:15.768 | INFO     | __main__:<module>:220 - Training time taken = 202.05 seconds, Evaluation time taken = nan seconds, loss = 0.03242, fid = None
2026-03-10 18:11:15.768 | INFO     | __main__:<module>:157 - Epoch = 126 / 2000
2026-03-10 18:14:38.456 | INFO     | __main__:<module>:220 - Training time taken = 202.69 seconds, Evaluation time taken = nan seconds, loss = 0.03234, fid = None
2026-03-10 18:14:38.457 | INFO     | __main__:<module>:157 - Epoch = 127 / 2000
2026-03-10 18:18:00.857 | INFO     | __main__:<module>:220 - Training time taken = 202.4 seconds, Evaluation time taken = nan seconds, loss = 0.03246, fid = None
2026-03-10 18:18:00.857 | INFO     | __main__:<module>:157 - Epoch = 128 / 2000
2026-03-10 18:21:23.054 | INFO     | __main__:<module>:220 - Training time taken = 202.2 seconds, Evaluation time taken = nan seconds, loss = 0.03231, fid = None
2026-03-10 18:21:23.055 | INFO     | __main__:<module>:157 - Epoch = 129 / 2000
2026-03-10 18:24:45.977 | INFO     | __main__:<module>:220 - Training time taken = 202.92 seconds, Evaluation time taken = nan seconds, loss = 0.0322, fid = None
2026-03-10 18:24:45.978 | INFO     | __main__:<module>:157 - Epoch = 130 / 2000
2026-03-10 18:28:08.601 | INFO     | __main__:<module>:220 - Training time taken = 202.62 seconds, Evaluation time taken = nan seconds, loss = 0.03187, fid = None
2026-03-10 18:28:08.602 | INFO     | __main__:<module>:157 - Epoch = 131 / 2000
2026-03-10 18:31:31.033 | INFO     | __main__:<module>:220 - Training time taken = 202.43 seconds, Evaluation time taken = nan seconds, loss = 0.03252, fid = None
2026-03-10 18:31:31.033 | INFO     | __main__:<module>:157 - Epoch = 132 / 2000
2026-03-10 18:34:53.666 | INFO     | __main__:<module>:220 - Training time taken = 202.63 seconds, Evaluation time taken = nan seconds, loss = 0.03207, fid = None
2026-03-10 18:34:53.666 | INFO     | __main__:<module>:157 - Epoch = 133 / 2000
2026-03-10 18:38:16.299 | INFO     | __main__:<module>:220 - Training time taken = 202.63 seconds, Evaluation time taken = nan seconds, loss = 0.03197, fid = None
2026-03-10 18:38:16.300 | INFO     | __main__:<module>:157 - Epoch = 134 / 2000
2026-03-10 18:41:38.798 | INFO     | __main__:<module>:220 - Training time taken = 202.5 seconds, Evaluation time taken = nan seconds, loss = 0.03263, fid = None
2026-03-10 18:41:38.798 | INFO     | __main__:<module>:157 - Epoch = 135 / 2000
2026-03-10 18:45:01.171 | INFO     | __main__:<module>:220 - Training time taken = 202.37 seconds, Evaluation time taken = nan seconds, loss = 0.0328, fid = None
2026-03-10 18:45:01.171 | INFO     | __main__:<module>:157 - Epoch = 136 / 2000
2026-03-10 18:48:24.010 | INFO     | __main__:<module>:220 - Training time taken = 202.84 seconds, Evaluation time taken = nan seconds, loss = 0.03204, fid = None
2026-03-10 18:48:24.011 | INFO     | __main__:<module>:157 - Epoch = 137 / 2000
2026-03-10 18:51:46.769 | INFO     | __main__:<module>:220 - Training time taken = 202.76 seconds, Evaluation time taken = nan seconds, loss = 0.03219, fid = None
2026-03-10 18:51:46.770 | INFO     | __main__:<module>:157 - Epoch = 138 / 2000
2026-03-10 18:55:09.062 | INFO     | __main__:<module>:220 - Training time taken = 202.29 seconds, Evaluation time taken = nan seconds, loss = 0.03238, fid = None
2026-03-10 18:55:09.063 | INFO     | __main__:<module>:157 - Epoch = 139 / 2000
2026-03-10 18:58:31.437 | INFO     | __main__:<module>:220 - Training time taken = 202.37 seconds, Evaluation time taken = nan seconds, loss = 0.03241, fid = None
2026-03-10 18:58:31.438 | INFO     | __main__:<module>:157 - Epoch = 140 / 2000
2026-03-10 19:01:53.648 | INFO     | __main__:<module>:220 - Training time taken = 202.21 seconds, Evaluation time taken = nan seconds, loss = 0.0324, fid = None
2026-03-10 19:01:53.649 | INFO     | __main__:<module>:157 - Epoch = 141 / 2000
2026-03-10 19:05:15.920 | INFO     | __main__:<module>:220 - Training time taken = 202.27 seconds, Evaluation time taken = nan seconds, loss = 0.03264, fid = None
2026-03-10 19:05:15.921 | INFO     | __main__:<module>:157 - Epoch = 142 / 2000
2026-03-10 19:08:38.100 | INFO     | __main__:<module>:220 - Training time taken = 202.18 seconds, Evaluation time taken = nan seconds, loss = 0.03179, fid = None
2026-03-10 19:08:38.101 | INFO     | __main__:<module>:157 - Epoch = 143 / 2000
2026-03-10 19:12:00.168 | INFO     | __main__:<module>:220 - Training time taken = 202.07 seconds, Evaluation time taken = nan seconds, loss = 0.03284, fid = None
2026-03-10 19:12:00.168 | INFO     | __main__:<module>:157 - Epoch = 144 / 2000
2026-03-10 19:15:22.436 | INFO     | __main__:<module>:220 - Training time taken = 202.27 seconds, Evaluation time taken = nan seconds, loss = 0.03136, fid = None
2026-03-10 19:15:22.436 | INFO     | __main__:<module>:157 - Epoch = 145 / 2000
2026-03-10 19:18:44.834 | INFO     | __main__:<module>:220 - Training time taken = 202.4 seconds, Evaluation time taken = nan seconds, loss = 0.0321, fid = None
2026-03-10 19:18:44.834 | INFO     | __main__:<module>:157 - Epoch = 146 / 2000
2026-03-10 19:22:07.246 | INFO     | __main__:<module>:220 - Training time taken = 202.41 seconds, Evaluation time taken = nan seconds, loss = 0.03195, fid = None
2026-03-10 19:22:07.246 | INFO     | __main__:<module>:157 - Epoch = 147 / 2000
2026-03-10 19:25:29.465 | INFO     | __main__:<module>:220 - Training time taken = 202.22 seconds, Evaluation time taken = nan seconds, loss = 0.03255, fid = None
2026-03-10 19:25:29.466 | INFO     | __main__:<module>:157 - Epoch = 148 / 2000
2026-03-10 19:28:52.021 | INFO     | __main__:<module>:220 - Training time taken = 202.55 seconds, Evaluation time taken = nan seconds, loss = 0.03237, fid = None
2026-03-10 19:28:52.022 | INFO     | __main__:<module>:157 - Epoch = 149 / 2000
2026-03-10 19:32:14.775 | INFO     | __main__:<module>:220 - Training time taken = 202.75 seconds, Evaluation time taken = nan seconds, loss = 0.03177, fid = None
2026-03-10 19:32:14.776 | INFO     | __main__:<module>:157 - Epoch = 150 / 2000
2026-03-10 19:35:37.564 | INFO     | __main__:<module>:220 - Training time taken = 202.79 seconds, Evaluation time taken = nan seconds, loss = 0.03207, fid = None
2026-03-10 19:35:37.565 | INFO     | __main__:<module>:157 - Epoch = 151 / 2000
2026-03-10 19:39:00.363 | INFO     | __main__:<module>:220 - Training time taken = 202.8 seconds, Evaluation time taken = nan seconds, loss = 0.03169, fid = None
2026-03-10 19:39:00.364 | INFO     | __main__:<module>:157 - Epoch = 152 / 2000
2026-03-10 19:42:22.752 | INFO     | __main__:<module>:220 - Training time taken = 202.39 seconds, Evaluation time taken = nan seconds, loss = 0.03173, fid = None
2026-03-10 19:42:22.752 | INFO     | __main__:<module>:157 - Epoch = 153 / 2000
2026-03-10 19:45:45.263 | INFO     | __main__:<module>:220 - Training time taken = 202.51 seconds, Evaluation time taken = nan seconds, loss = 0.03196, fid = None
2026-03-10 19:45:45.263 | INFO     | __main__:<module>:157 - Epoch = 154 / 2000
2026-03-10 19:49:07.702 | INFO     | __main__:<module>:220 - Training time taken = 202.44 seconds, Evaluation time taken = nan seconds, loss = 0.03143, fid = None
2026-03-10 19:49:07.702 | INFO     | __main__:<module>:157 - Epoch = 155 / 2000
2026-03-10 19:52:30.305 | INFO     | __main__:<module>:220 - Training time taken = 202.6 seconds, Evaluation time taken = nan seconds, loss = 0.03171, fid = None
2026-03-10 19:52:30.306 | INFO     | __main__:<module>:157 - Epoch = 156 / 2000
2026-03-10 19:55:53.074 | INFO     | __main__:<module>:220 - Training time taken = 202.77 seconds, Evaluation time taken = nan seconds, loss = 0.03191, fid = None
2026-03-10 19:55:53.075 | INFO     | __main__:<module>:157 - Epoch = 157 / 2000
2026-03-10 19:59:15.906 | INFO     | __main__:<module>:220 - Training time taken = 202.83 seconds, Evaluation time taken = nan seconds, loss = 0.03151, fid = None
2026-03-10 19:59:15.906 | INFO     | __main__:<module>:157 - Epoch = 158 / 2000
2026-03-10 20:02:38.017 | INFO     | __main__:<module>:220 - Training time taken = 202.11 seconds, Evaluation time taken = nan seconds, loss = 0.0318, fid = None
2026-03-10 20:02:38.018 | INFO     | __main__:<module>:157 - Epoch = 159 / 2000
2026-03-10 20:05:57.504 | INFO     | __main__:<module>:220 - Training time taken = 199.48 seconds, Evaluation time taken = nan seconds, loss = 0.03215, fid = None
2026-03-10 20:05:57.504 | INFO     | __main__:<module>:157 - Epoch = 160 / 2000
2026-03-10 20:09:14.323 | INFO     | __main__:<module>:220 - Training time taken = 196.82 seconds, Evaluation time taken = nan seconds, loss = 0.03138, fid = None
2026-03-10 20:09:14.323 | INFO     | __main__:<module>:157 - Epoch = 161 / 2000
2026-03-10 20:12:31.189 | INFO     | __main__:<module>:220 - Training time taken = 196.87 seconds, Evaluation time taken = nan seconds, loss = 0.03224, fid = None
2026-03-10 20:12:31.190 | INFO     | __main__:<module>:157 - Epoch = 162 / 2000
2026-03-10 20:15:48.674 | INFO     | __main__:<module>:220 - Training time taken = 197.48 seconds, Evaluation time taken = nan seconds, loss = 0.03178, fid = None
2026-03-10 20:15:48.674 | INFO     | __main__:<module>:157 - Epoch = 163 / 2000
2026-03-10 20:19:06.358 | INFO     | __main__:<module>:220 - Training time taken = 197.68 seconds, Evaluation time taken = nan seconds, loss = 0.03184, fid = None
2026-03-10 20:19:06.359 | INFO     | __main__:<module>:157 - Epoch = 164 / 2000
2026-03-10 20:22:24.349 | INFO     | __main__:<module>:220 - Training time taken = 197.99 seconds, Evaluation time taken = nan seconds, loss = 0.03149, fid = None
2026-03-10 20:22:24.349 | INFO     | __main__:<module>:157 - Epoch = 165 / 2000
2026-03-10 20:25:41.434 | INFO     | __main__:<module>:220 - Training time taken = 197.08 seconds, Evaluation time taken = nan seconds, loss = 0.03248, fid = None
2026-03-10 20:25:41.434 | INFO     | __main__:<module>:157 - Epoch = 166 / 2000
2026-03-10 20:28:58.358 | INFO     | __main__:<module>:220 - Training time taken = 196.92 seconds, Evaluation time taken = nan seconds, loss = 0.03167, fid = None
2026-03-10 20:28:58.359 | INFO     | __main__:<module>:157 - Epoch = 167 / 2000
2026-03-10 20:32:16.369 | INFO     | __main__:<module>:220 - Training time taken = 198.01 seconds, Evaluation time taken = nan seconds, loss = 0.03176, fid = None
2026-03-10 20:32:16.370 | INFO     | __main__:<module>:157 - Epoch = 168 / 2000
2026-03-10 20:35:34.242 | INFO     | __main__:<module>:220 - Training time taken = 197.87 seconds, Evaluation time taken = nan seconds, loss = 0.0315, fid = None
2026-03-10 20:35:34.242 | INFO     | __main__:<module>:157 - Epoch = 169 / 2000
2026-03-10 20:38:52.150 | INFO     | __main__:<module>:220 - Training time taken = 197.91 seconds, Evaluation time taken = nan seconds, loss = 0.03185, fid = None
2026-03-10 20:38:52.150 | INFO     | __main__:<module>:157 - Epoch = 170 / 2000
2026-03-10 20:42:09.764 | INFO     | __main__:<module>:220 - Training time taken = 197.61 seconds, Evaluation time taken = nan seconds, loss = 0.03172, fid = None
2026-03-10 20:42:09.764 | INFO     | __main__:<module>:157 - Epoch = 171 / 2000
2026-03-10 20:45:27.471 | INFO     | __main__:<module>:220 - Training time taken = 197.71 seconds, Evaluation time taken = nan seconds, loss = 0.03212, fid = None
2026-03-10 20:45:27.471 | INFO     | __main__:<module>:157 - Epoch = 172 / 2000
2026-03-10 20:48:45.032 | INFO     | __main__:<module>:220 - Training time taken = 197.56 seconds, Evaluation time taken = nan seconds, loss = 0.03191, fid = None
2026-03-10 20:48:45.032 | INFO     | __main__:<module>:157 - Epoch = 173 / 2000
2026-03-10 20:52:02.688 | INFO     | __main__:<module>:220 - Training time taken = 197.65 seconds, Evaluation time taken = nan seconds, loss = 0.03192, fid = None
2026-03-10 20:52:02.689 | INFO     | __main__:<module>:157 - Epoch = 174 / 2000
2026-03-10 20:55:20.115 | INFO     | __main__:<module>:220 - Training time taken = 197.43 seconds, Evaluation time taken = nan seconds, loss = 0.03166, fid = None
2026-03-10 20:55:20.116 | INFO     | __main__:<module>:157 - Epoch = 175 / 2000
2026-03-10 20:58:37.230 | INFO     | __main__:<module>:220 - Training time taken = 197.11 seconds, Evaluation time taken = nan seconds, loss = 0.03129, fid = None
2026-03-10 20:58:37.231 | INFO     | __main__:<module>:157 - Epoch = 176 / 2000
2026-03-10 21:01:54.247 | INFO     | __main__:<module>:220 - Training time taken = 197.01 seconds, Evaluation time taken = nan seconds, loss = 0.03214, fid = None
2026-03-10 21:01:54.247 | INFO     | __main__:<module>:157 - Epoch = 177 / 2000
2026-03-10 21:05:11.663 | INFO     | __main__:<module>:220 - Training time taken = 197.42 seconds, Evaluation time taken = nan seconds, loss = 0.03196, fid = None
2026-03-10 21:05:11.664 | INFO     | __main__:<module>:157 - Epoch = 178 / 2000
2026-03-10 21:08:29.443 | INFO     | __main__:<module>:220 - Training time taken = 197.78 seconds, Evaluation time taken = nan seconds, loss = 0.03168, fid = None
2026-03-10 21:08:29.444 | INFO     | __main__:<module>:157 - Epoch = 179 / 2000
2026-03-10 21:11:48.193 | INFO     | __main__:<module>:220 - Training time taken = 198.75 seconds, Evaluation time taken = nan seconds, loss = 0.03151, fid = None
2026-03-10 21:11:48.193 | INFO     | __main__:<module>:157 - Epoch = 180 / 2000
2026-03-10 21:15:07.752 | INFO     | __main__:<module>:220 - Training time taken = 199.56 seconds, Evaluation time taken = nan seconds, loss = 0.0316, fid = None
2026-03-10 21:15:07.752 | INFO     | __main__:<module>:157 - Epoch = 181 / 2000
2026-03-10 21:18:27.272 | INFO     | __main__:<module>:220 - Training time taken = 199.52 seconds, Evaluation time taken = nan seconds, loss = 0.03166, fid = None
2026-03-10 21:18:27.272 | INFO     | __main__:<module>:157 - Epoch = 182 / 2000
2026-03-10 21:21:45.293 | INFO     | __main__:<module>:220 - Training time taken = 198.02 seconds, Evaluation time taken = nan seconds, loss = 0.03197, fid = None
2026-03-10 21:21:45.293 | INFO     | __main__:<module>:157 - Epoch = 183 / 2000
2026-03-10 21:25:03.499 | INFO     | __main__:<module>:220 - Training time taken = 198.2 seconds, Evaluation time taken = nan seconds, loss = 0.03142, fid = None
2026-03-10 21:25:03.500 | INFO     | __main__:<module>:157 - Epoch = 184 / 2000
2026-03-10 21:28:21.562 | INFO     | __main__:<module>:220 - Training time taken = 198.06 seconds, Evaluation time taken = nan seconds, loss = 0.03082, fid = None
2026-03-10 21:28:21.563 | INFO     | __main__:<module>:157 - Epoch = 185 / 2000
2026-03-10 21:31:39.878 | INFO     | __main__:<module>:220 - Training time taken = 198.31 seconds, Evaluation time taken = nan seconds, loss = 0.03148, fid = None
2026-03-10 21:31:39.878 | INFO     | __main__:<module>:157 - Epoch = 186 / 2000
2026-03-10 21:34:57.863 | INFO     | __main__:<module>:220 - Training time taken = 197.98 seconds, Evaluation time taken = nan seconds, loss = 0.03142, fid = None
2026-03-10 21:34:57.863 | INFO     | __main__:<module>:157 - Epoch = 187 / 2000
2026-03-10 21:38:15.705 | INFO     | __main__:<module>:220 - Training time taken = 197.84 seconds, Evaluation time taken = nan seconds, loss = 0.03159, fid = None
2026-03-10 21:38:15.706 | INFO     | __main__:<module>:157 - Epoch = 188 / 2000
2026-03-10 21:41:33.573 | INFO     | __main__:<module>:220 - Training time taken = 197.87 seconds, Evaluation time taken = nan seconds, loss = 0.03184, fid = None
2026-03-10 21:41:33.573 | INFO     | __main__:<module>:157 - Epoch = 189 / 2000
2026-03-10 21:44:51.083 | INFO     | __main__:<module>:220 - Training time taken = 197.51 seconds, Evaluation time taken = nan seconds, loss = 0.03201, fid = None
2026-03-10 21:44:51.083 | INFO     | __main__:<module>:157 - Epoch = 190 / 2000
2026-03-10 21:48:08.641 | INFO     | __main__:<module>:220 - Training time taken = 197.56 seconds, Evaluation time taken = nan seconds, loss = 0.03176, fid = None
2026-03-10 21:48:08.642 | INFO     | __main__:<module>:157 - Epoch = 191 / 2000
2026-03-10 21:51:26.017 | INFO     | __main__:<module>:220 - Training time taken = 197.37 seconds, Evaluation time taken = nan seconds, loss = 0.03213, fid = None
2026-03-10 21:51:26.018 | INFO     | __main__:<module>:157 - Epoch = 192 / 2000
2026-03-10 21:54:44.017 | INFO     | __main__:<module>:220 - Training time taken = 198.0 seconds, Evaluation time taken = nan seconds, loss = 0.03163, fid = None
2026-03-10 21:54:44.018 | INFO     | __main__:<module>:157 - Epoch = 193 / 2000
2026-03-10 21:58:01.779 | INFO     | __main__:<module>:220 - Training time taken = 197.76 seconds, Evaluation time taken = nan seconds, loss = 0.03155, fid = None
2026-03-10 21:58:01.780 | INFO     | __main__:<module>:157 - Epoch = 194 / 2000
2026-03-10 22:01:19.570 | INFO     | __main__:<module>:220 - Training time taken = 197.79 seconds, Evaluation time taken = nan seconds, loss = 0.03172, fid = None
2026-03-10 22:01:19.570 | INFO     | __main__:<module>:157 - Epoch = 195 / 2000
2026-03-10 22:04:38.138 | INFO     | __main__:<module>:220 - Training time taken = 198.57 seconds, Evaluation time taken = nan seconds, loss = 0.03122, fid = None
2026-03-10 22:04:38.139 | INFO     | __main__:<module>:157 - Epoch = 196 / 2000
2026-03-10 22:07:55.549 | INFO     | __main__:<module>:220 - Training time taken = 197.41 seconds, Evaluation time taken = nan seconds, loss = 0.03171, fid = None
2026-03-10 22:07:55.549 | INFO     | __main__:<module>:157 - Epoch = 197 / 2000
2026-03-10 22:11:13.870 | INFO     | __main__:<module>:220 - Training time taken = 198.32 seconds, Evaluation time taken = nan seconds, loss = 0.03161, fid = None
2026-03-10 22:11:13.870 | INFO     | __main__:<module>:157 - Epoch = 198 / 2000
2026-03-10 22:14:32.221 | INFO     | __main__:<module>:220 - Training time taken = 198.35 seconds, Evaluation time taken = nan seconds, loss = 0.03151, fid = None
2026-03-10 22:14:32.222 | INFO     | __main__:<module>:157 - Epoch = 199 / 2000
2026-03-10 22:17:49.883 | INFO     | __main__:<module>:220 - Training time taken = 197.66 seconds, Evaluation time taken = nan seconds, loss = 0.032, fid = None
2026-03-10 22:17:49.883 | INFO     | __main__:<module>:157 - Epoch = 200 / 2000
2026-03-10 22:21:08.091 | INFO     | __main__:<module>:220 - Training time taken = 198.21 seconds, Evaluation time taken = nan seconds, loss = 0.03117, fid = None
2026-03-10 22:21:08.091 | INFO     | __main__:<module>:157 - Epoch = 201 / 2000
2026-03-10 22:24:25.905 | INFO     | __main__:<module>:220 - Training time taken = 197.81 seconds, Evaluation time taken = nan seconds, loss = 0.03156, fid = None
2026-03-10 22:24:25.905 | INFO     | __main__:<module>:157 - Epoch = 202 / 2000
2026-03-10 22:27:43.640 | INFO     | __main__:<module>:220 - Training time taken = 197.73 seconds, Evaluation time taken = nan seconds, loss = 0.03157, fid = None
2026-03-10 22:27:43.641 | INFO     | __main__:<module>:157 - Epoch = 203 / 2000
2026-03-10 22:31:01.770 | INFO     | __main__:<module>:220 - Training time taken = 198.13 seconds, Evaluation time taken = nan seconds, loss = 0.0314, fid = None
2026-03-10 22:31:01.770 | INFO     | __main__:<module>:157 - Epoch = 204 / 2000
2026-03-10 22:34:20.207 | INFO     | __main__:<module>:220 - Training time taken = 198.44 seconds, Evaluation time taken = nan seconds, loss = 0.03163, fid = None
2026-03-10 22:34:20.208 | INFO     | __main__:<module>:157 - Epoch = 205 / 2000
2026-03-10 22:37:38.037 | INFO     | __main__:<module>:220 - Training time taken = 197.83 seconds, Evaluation time taken = nan seconds, loss = 0.03121, fid = None
2026-03-10 22:37:38.037 | INFO     | __main__:<module>:157 - Epoch = 206 / 2000
2026-03-10 22:40:56.230 | INFO     | __main__:<module>:220 - Training time taken = 198.19 seconds, Evaluation time taken = nan seconds, loss = 0.03135, fid = None
2026-03-10 22:40:56.230 | INFO     | __main__:<module>:157 - Epoch = 207 / 2000
2026-03-10 22:44:14.874 | INFO     | __main__:<module>:220 - Training time taken = 198.64 seconds, Evaluation time taken = nan seconds, loss = 0.03163, fid = None
2026-03-10 22:44:14.875 | INFO     | __main__:<module>:157 - Epoch = 208 / 2000
2026-03-10 22:47:33.439 | INFO     | __main__:<module>:220 - Training time taken = 198.56 seconds, Evaluation time taken = nan seconds, loss = 0.03183, fid = None
2026-03-10 22:47:33.439 | INFO     | __main__:<module>:157 - Epoch = 209 / 2000
2026-03-10 22:50:51.589 | INFO     | __main__:<module>:220 - Training time taken = 198.15 seconds, Evaluation time taken = nan seconds, loss = 0.03142, fid = None
2026-03-10 22:50:51.589 | INFO     | __main__:<module>:157 - Epoch = 210 / 2000
2026-03-10 22:54:09.488 | INFO     | __main__:<module>:220 - Training time taken = 197.9 seconds, Evaluation time taken = nan seconds, loss = 0.03159, fid = None
2026-03-10 22:54:09.488 | INFO     | __main__:<module>:157 - Epoch = 211 / 2000
2026-03-10 22:57:27.758 | INFO     | __main__:<module>:220 - Training time taken = 198.27 seconds, Evaluation time taken = nan seconds, loss = 0.03169, fid = None
2026-03-10 22:57:27.758 | INFO     | __main__:<module>:157 - Epoch = 212 / 2000
2026-03-10 23:00:46.083 | INFO     | __main__:<module>:220 - Training time taken = 198.32 seconds, Evaluation time taken = nan seconds, loss = 0.03135, fid = None
2026-03-10 23:00:46.084 | INFO     | __main__:<module>:157 - Epoch = 213 / 2000
2026-03-10 23:04:03.934 | INFO     | __main__:<module>:220 - Training time taken = 197.85 seconds, Evaluation time taken = nan seconds, loss = 0.03139, fid = None
2026-03-10 23:04:03.935 | INFO     | __main__:<module>:157 - Epoch = 214 / 2000
2026-03-10 23:07:22.128 | INFO     | __main__:<module>:220 - Training time taken = 198.19 seconds, Evaluation time taken = nan seconds, loss = 0.03073, fid = None
2026-03-10 23:07:22.128 | INFO     | __main__:<module>:157 - Epoch = 215 / 2000
2026-03-10 23:10:40.744 | INFO     | __main__:<module>:220 - Training time taken = 198.62 seconds, Evaluation time taken = nan seconds, loss = 0.03163, fid = None
2026-03-10 23:10:40.745 | INFO     | __main__:<module>:157 - Epoch = 216 / 2000
2026-03-10 23:13:58.920 | INFO     | __main__:<module>:220 - Training time taken = 198.17 seconds, Evaluation time taken = nan seconds, loss = 0.03128, fid = None
2026-03-10 23:13:58.920 | INFO     | __main__:<module>:157 - Epoch = 217 / 2000
2026-03-10 23:17:16.815 | INFO     | __main__:<module>:220 - Training time taken = 197.89 seconds, Evaluation time taken = nan seconds, loss = 0.03178, fid = None
2026-03-10 23:17:16.815 | INFO     | __main__:<module>:157 - Epoch = 218 / 2000
2026-03-10 23:20:34.312 | INFO     | __main__:<module>:220 - Training time taken = 197.5 seconds, Evaluation time taken = nan seconds, loss = 0.0315, fid = None
2026-03-10 23:20:34.312 | INFO     | __main__:<module>:157 - Epoch = 219 / 2000
2026-03-10 23:23:51.858 | INFO     | __main__:<module>:220 - Training time taken = 197.54 seconds, Evaluation time taken = nan seconds, loss = 0.03122, fid = None
2026-03-10 23:23:51.858 | INFO     | __main__:<module>:157 - Epoch = 220 / 2000
2026-03-10 23:27:09.849 | INFO     | __main__:<module>:220 - Training time taken = 197.99 seconds, Evaluation time taken = nan seconds, loss = 0.03243, fid = None
2026-03-10 23:27:09.850 | INFO     | __main__:<module>:157 - Epoch = 221 / 2000
2026-03-10 23:30:27.376 | INFO     | __main__:<module>:220 - Training time taken = 197.53 seconds, Evaluation time taken = nan seconds, loss = 0.03113, fid = None
2026-03-10 23:30:27.376 | INFO     | __main__:<module>:157 - Epoch = 222 / 2000
2026-03-10 23:33:45.230 | INFO     | __main__:<module>:220 - Training time taken = 197.85 seconds, Evaluation time taken = nan seconds, loss = 0.03135, fid = None
2026-03-10 23:33:45.230 | INFO     | __main__:<module>:157 - Epoch = 223 / 2000
2026-03-10 23:37:02.816 | INFO     | __main__:<module>:220 - Training time taken = 197.58 seconds, Evaluation time taken = nan seconds, loss = 0.0311, fid = None
2026-03-10 23:37:02.816 | INFO     | __main__:<module>:157 - Epoch = 224 / 2000
2026-03-10 23:40:20.941 | INFO     | __main__:<module>:220 - Training time taken = 198.12 seconds, Evaluation time taken = nan seconds, loss = 0.03205, fid = None
2026-03-10 23:40:20.941 | INFO     | __main__:<module>:157 - Epoch = 225 / 2000
2026-03-10 23:43:38.909 | INFO     | __main__:<module>:220 - Training time taken = 197.97 seconds, Evaluation time taken = nan seconds, loss = 0.03149, fid = None
2026-03-10 23:43:38.909 | INFO     | __main__:<module>:157 - Epoch = 226 / 2000
2026-03-10 23:46:56.840 | INFO     | __main__:<module>:220 - Training time taken = 197.93 seconds, Evaluation time taken = nan seconds, loss = 0.0311, fid = None
2026-03-10 23:46:56.841 | INFO     | __main__:<module>:157 - Epoch = 227 / 2000
2026-03-10 23:50:15.447 | INFO     | __main__:<module>:220 - Training time taken = 198.6 seconds, Evaluation time taken = nan seconds, loss = 0.03125, fid = None
2026-03-10 23:50:15.447 | INFO     | __main__:<module>:157 - Epoch = 228 / 2000
2026-03-10 23:53:33.829 | INFO     | __main__:<module>:220 - Training time taken = 198.38 seconds, Evaluation time taken = nan seconds, loss = 0.03163, fid = None
2026-03-10 23:53:33.830 | INFO     | __main__:<module>:157 - Epoch = 229 / 2000
2026-03-10 23:56:52.140 | INFO     | __main__:<module>:220 - Training time taken = 198.31 seconds, Evaluation time taken = nan seconds, loss = 0.03219, fid = None
2026-03-10 23:56:52.140 | INFO     | __main__:<module>:157 - Epoch = 230 / 2000
2026-03-11 00:00:10.677 | INFO     | __main__:<module>:220 - Training time taken = 198.54 seconds, Evaluation time taken = nan seconds, loss = 0.03162, fid = None
2026-03-11 00:00:10.678 | INFO     | __main__:<module>:157 - Epoch = 231 / 2000
2026-03-11 00:03:28.813 | INFO     | __main__:<module>:220 - Training time taken = 198.13 seconds, Evaluation time taken = nan seconds, loss = 0.03151, fid = None
2026-03-11 00:03:28.813 | INFO     | __main__:<module>:157 - Epoch = 232 / 2000
2026-03-11 00:06:47.205 | INFO     | __main__:<module>:220 - Training time taken = 198.39 seconds, Evaluation time taken = nan seconds, loss = 0.03159, fid = None
2026-03-11 00:06:47.206 | INFO     | __main__:<module>:157 - Epoch = 233 / 2000
2026-03-11 00:10:05.065 | INFO     | __main__:<module>:220 - Training time taken = 197.86 seconds, Evaluation time taken = nan seconds, loss = 0.03155, fid = None
2026-03-11 00:10:05.065 | INFO     | __main__:<module>:157 - Epoch = 234 / 2000
2026-03-11 00:13:23.303 | INFO     | __main__:<module>:220 - Training time taken = 198.24 seconds, Evaluation time taken = nan seconds, loss = 0.03118, fid = None
2026-03-11 00:13:23.303 | INFO     | __main__:<module>:157 - Epoch = 235 / 2000
2026-03-11 00:16:41.282 | INFO     | __main__:<module>:220 - Training time taken = 197.98 seconds, Evaluation time taken = nan seconds, loss = 0.03124, fid = None
2026-03-11 00:16:41.282 | INFO     | __main__:<module>:157 - Epoch = 236 / 2000
2026-03-11 00:19:58.831 | INFO     | __main__:<module>:220 - Training time taken = 197.55 seconds, Evaluation time taken = nan seconds, loss = 0.03108, fid = None
2026-03-11 00:19:58.831 | INFO     | __main__:<module>:157 - Epoch = 237 / 2000
2026-03-11 00:23:16.325 | INFO     | __main__:<module>:220 - Training time taken = 197.49 seconds, Evaluation time taken = nan seconds, loss = 0.03124, fid = None
2026-03-11 00:23:16.325 | INFO     | __main__:<module>:157 - Epoch = 238 / 2000
2026-03-11 00:26:34.213 | INFO     | __main__:<module>:220 - Training time taken = 197.89 seconds, Evaluation time taken = nan seconds, loss = 0.03154, fid = None
2026-03-11 00:26:34.213 | INFO     | __main__:<module>:157 - Epoch = 239 / 2000
2026-03-11 00:29:51.881 | INFO     | __main__:<module>:220 - Training time taken = 197.67 seconds, Evaluation time taken = nan seconds, loss = 0.03171, fid = None
2026-03-11 00:29:51.882 | INFO     | __main__:<module>:157 - Epoch = 240 / 2000
2026-03-11 00:33:09.623 | INFO     | __main__:<module>:220 - Training time taken = 197.74 seconds, Evaluation time taken = nan seconds, loss = 0.03134, fid = None
2026-03-11 00:33:09.623 | INFO     | __main__:<module>:157 - Epoch = 241 / 2000
2026-03-11 00:36:27.557 | INFO     | __main__:<module>:220 - Training time taken = 197.93 seconds, Evaluation time taken = nan seconds, loss = 0.03091, fid = None
2026-03-11 00:36:27.557 | INFO     | __main__:<module>:157 - Epoch = 242 / 2000
2026-03-11 00:39:44.951 | INFO     | __main__:<module>:220 - Training time taken = 197.39 seconds, Evaluation time taken = nan seconds, loss = 0.03116, fid = None
2026-03-11 00:39:44.951 | INFO     | __main__:<module>:157 - Epoch = 243 / 2000
2026-03-11 00:43:02.385 | INFO     | __main__:<module>:220 - Training time taken = 197.43 seconds, Evaluation time taken = nan seconds, loss = 0.0315, fid = None
2026-03-11 00:43:02.386 | INFO     | __main__:<module>:157 - Epoch = 244 / 2000
2026-03-11 00:46:19.903 | INFO     | __main__:<module>:220 - Training time taken = 197.52 seconds, Evaluation time taken = nan seconds, loss = 0.03104, fid = None
2026-03-11 00:46:19.904 | INFO     | __main__:<module>:157 - Epoch = 245 / 2000
2026-03-11 00:49:37.877 | INFO     | __main__:<module>:220 - Training time taken = 197.97 seconds, Evaluation time taken = nan seconds, loss = 0.03162, fid = None
2026-03-11 00:49:37.877 | INFO     | __main__:<module>:157 - Epoch = 246 / 2000
2026-03-11 00:52:55.068 | INFO     | __main__:<module>:220 - Training time taken = 197.19 seconds, Evaluation time taken = nan seconds, loss = 0.03096, fid = None
2026-03-11 00:52:55.069 | INFO     | __main__:<module>:157 - Epoch = 247 / 2000
2026-03-11 00:56:12.605 | INFO     | __main__:<module>:220 - Training time taken = 197.54 seconds, Evaluation time taken = nan seconds, loss = 0.03106, fid = None
2026-03-11 00:56:12.606 | INFO     | __main__:<module>:157 - Epoch = 248 / 2000
2026-03-11 00:59:29.830 | INFO     | __main__:<module>:220 - Training time taken = 197.22 seconds, Evaluation time taken = nan seconds, loss = 0.03128, fid = None
2026-03-11 00:59:29.831 | INFO     | __main__:<module>:157 - Epoch = 249 / 2000
2026-03-11 01:02:47.597 | INFO     | __main__:<module>:220 - Training time taken = 197.76 seconds, Evaluation time taken = nan seconds, loss = 0.03171, fid = None
2026-03-11 01:02:47.597 | INFO     | __main__:<module>:157 - Epoch = 250 / 2000
2026-03-11 01:06:05.400 | INFO     | __main__:<module>:220 - Training time taken = 197.8 seconds, Evaluation time taken = nan seconds, loss = 0.03187, fid = None
2026-03-11 01:06:05.400 | INFO     | __main__:<module>:157 - Epoch = 251 / 2000
2026-03-11 01:09:23.569 | INFO     | __main__:<module>:220 - Training time taken = 198.17 seconds, Evaluation time taken = nan seconds, loss = 0.03137, fid = None
2026-03-11 01:09:23.569 | INFO     | __main__:<module>:157 - Epoch = 252 / 2000
2026-03-11 01:12:40.968 | INFO     | __main__:<module>:220 - Training time taken = 197.4 seconds, Evaluation time taken = nan seconds, loss = 0.03059, fid = None
2026-03-11 01:12:40.968 | INFO     | __main__:<module>:157 - Epoch = 253 / 2000
2026-03-11 01:15:58.760 | INFO     | __main__:<module>:220 - Training time taken = 197.79 seconds, Evaluation time taken = nan seconds, loss = 0.03105, fid = None
2026-03-11 01:15:58.760 | INFO     | __main__:<module>:157 - Epoch = 254 / 2000
2026-03-11 01:19:16.372 | INFO     | __main__:<module>:220 - Training time taken = 197.61 seconds, Evaluation time taken = nan seconds, loss = 0.0314, fid = None
2026-03-11 01:19:16.372 | INFO     | __main__:<module>:157 - Epoch = 255 / 2000
2026-03-11 01:22:33.469 | INFO     | __main__:<module>:220 - Training time taken = 197.1 seconds, Evaluation time taken = nan seconds, loss = 0.03091, fid = None
2026-03-11 01:22:33.469 | INFO     | __main__:<module>:157 - Epoch = 256 / 2000
2026-03-11 01:25:50.659 | INFO     | __main__:<module>:220 - Training time taken = 197.19 seconds, Evaluation time taken = nan seconds, loss = 0.03134, fid = None
2026-03-11 01:25:50.659 | INFO     | __main__:<module>:157 - Epoch = 257 / 2000
2026-03-11 01:29:08.222 | INFO     | __main__:<module>:220 - Training time taken = 197.56 seconds, Evaluation time taken = nan seconds, loss = 0.03081, fid = None
2026-03-11 01:29:08.222 | INFO     | __main__:<module>:157 - Epoch = 258 / 2000
2026-03-11 01:32:26.020 | INFO     | __main__:<module>:220 - Training time taken = 197.8 seconds, Evaluation time taken = nan seconds, loss = 0.03104, fid = None
2026-03-11 01:32:26.020 | INFO     | __main__:<module>:157 - Epoch = 259 / 2000
2026-03-11 01:35:44.026 | INFO     | __main__:<module>:220 - Training time taken = 198.0 seconds, Evaluation time taken = nan seconds, loss = 0.03129, fid = None
2026-03-11 01:35:44.026 | INFO     | __main__:<module>:157 - Epoch = 260 / 2000
2026-03-11 01:39:01.200 | INFO     | __main__:<module>:220 - Training time taken = 197.17 seconds, Evaluation time taken = nan seconds, loss = 0.03098, fid = None
2026-03-11 01:39:01.201 | INFO     | __main__:<module>:157 - Epoch = 261 / 2000
2026-03-11 01:42:18.788 | INFO     | __main__:<module>:220 - Training time taken = 197.59 seconds, Evaluation time taken = nan seconds, loss = 0.03081, fid = None
2026-03-11 01:42:18.788 | INFO     | __main__:<module>:157 - Epoch = 262 / 2000
2026-03-11 01:45:36.358 | INFO     | __main__:<module>:220 - Training time taken = 197.57 seconds, Evaluation time taken = nan seconds, loss = 0.03095, fid = None
2026-03-11 01:45:36.359 | INFO     | __main__:<module>:157 - Epoch = 263 / 2000
2026-03-11 01:48:53.278 | INFO     | __main__:<module>:220 - Training time taken = 196.92 seconds, Evaluation time taken = nan seconds, loss = 0.03154, fid = None
2026-03-11 01:48:53.278 | INFO     | __main__:<module>:157 - Epoch = 264 / 2000
2026-03-11 01:52:10.277 | INFO     | __main__:<module>:220 - Training time taken = 197.0 seconds, Evaluation time taken = nan seconds, loss = 0.03131, fid = None
2026-03-11 01:52:10.277 | INFO     | __main__:<module>:157 - Epoch = 265 / 2000
2026-03-11 01:55:28.343 | INFO     | __main__:<module>:220 - Training time taken = 198.06 seconds, Evaluation time taken = nan seconds, loss = 0.03099, fid = None
2026-03-11 01:55:28.343 | INFO     | __main__:<module>:157 - Epoch = 266 / 2000
2026-03-11 01:58:45.837 | INFO     | __main__:<module>:220 - Training time taken = 197.49 seconds, Evaluation time taken = nan seconds, loss = 0.03092, fid = None
2026-03-11 01:58:45.837 | INFO     | __main__:<module>:157 - Epoch = 267 / 2000
2026-03-11 02:02:03.242 | INFO     | __main__:<module>:220 - Training time taken = 197.4 seconds, Evaluation time taken = nan seconds, loss = 0.03062, fid = None
2026-03-11 02:02:03.242 | INFO     | __main__:<module>:157 - Epoch = 268 / 2000
2026-03-11 02:05:21.070 | INFO     | __main__:<module>:220 - Training time taken = 197.83 seconds, Evaluation time taken = nan seconds, loss = 0.03088, fid = None
2026-03-11 02:05:21.071 | INFO     | __main__:<module>:157 - Epoch = 269 / 2000
2026-03-11 02:08:38.189 | INFO     | __main__:<module>:220 - Training time taken = 197.12 seconds, Evaluation time taken = nan seconds, loss = 0.03116, fid = None
2026-03-11 02:08:38.189 | INFO     | __main__:<module>:157 - Epoch = 270 / 2000
2026-03-11 02:11:55.786 | INFO     | __main__:<module>:220 - Training time taken = 197.6 seconds, Evaluation time taken = nan seconds, loss = 0.0311, fid = None
2026-03-11 02:11:55.787 | INFO     | __main__:<module>:157 - Epoch = 271 / 2000
2026-03-11 02:15:13.452 | INFO     | __main__:<module>:220 - Training time taken = 197.66 seconds, Evaluation time taken = nan seconds, loss = 0.03066, fid = None
2026-03-11 02:15:13.452 | INFO     | __main__:<module>:157 - Epoch = 272 / 2000
2026-03-11 02:18:31.030 | INFO     | __main__:<module>:220 - Training time taken = 197.58 seconds, Evaluation time taken = nan seconds, loss = 0.03122, fid = None
2026-03-11 02:18:31.030 | INFO     | __main__:<module>:157 - Epoch = 273 / 2000
2026-03-11 02:21:48.572 | INFO     | __main__:<module>:220 - Training time taken = 197.54 seconds, Evaluation time taken = nan seconds, loss = 0.03109, fid = None
2026-03-11 02:21:48.573 | INFO     | __main__:<module>:157 - Epoch = 274 / 2000
2026-03-11 02:25:06.285 | INFO     | __main__:<module>:220 - Training time taken = 197.71 seconds, Evaluation time taken = nan seconds, loss = 0.03109, fid = None
2026-03-11 02:25:06.285 | INFO     | __main__:<module>:157 - Epoch = 275 / 2000
2026-03-11 02:28:23.856 | INFO     | __main__:<module>:220 - Training time taken = 197.57 seconds, Evaluation time taken = nan seconds, loss = 0.03138, fid = None
2026-03-11 02:28:23.856 | INFO     | __main__:<module>:157 - Epoch = 276 / 2000
2026-03-11 02:31:41.429 | INFO     | __main__:<module>:220 - Training time taken = 197.57 seconds, Evaluation time taken = nan seconds, loss = 0.03109, fid = None
2026-03-11 02:31:41.429 | INFO     | __main__:<module>:157 - Epoch = 277 / 2000
2026-03-11 02:34:58.311 | INFO     | __main__:<module>:220 - Training time taken = 196.88 seconds, Evaluation time taken = nan seconds, loss = 0.03111, fid = None
2026-03-11 02:34:58.311 | INFO     | __main__:<module>:157 - Epoch = 278 / 2000
2026-03-11 02:38:15.908 | INFO     | __main__:<module>:220 - Training time taken = 197.6 seconds, Evaluation time taken = nan seconds, loss = 0.03111, fid = None
2026-03-11 02:38:15.909 | INFO     | __main__:<module>:157 - Epoch = 279 / 2000
2026-03-11 02:41:33.923 | INFO     | __main__:<module>:220 - Training time taken = 198.01 seconds, Evaluation time taken = nan seconds, loss = 0.03136, fid = None
2026-03-11 02:41:33.923 | INFO     | __main__:<module>:157 - Epoch = 280 / 2000
2026-03-11 02:44:51.719 | INFO     | __main__:<module>:220 - Training time taken = 197.79 seconds, Evaluation time taken = nan seconds, loss = 0.03081, fid = None
2026-03-11 02:44:51.720 | INFO     | __main__:<module>:157 - Epoch = 281 / 2000
2026-03-11 02:48:09.216 | INFO     | __main__:<module>:220 - Training time taken = 197.5 seconds, Evaluation time taken = nan seconds, loss = 0.0313, fid = None
2026-03-11 02:48:09.217 | INFO     | __main__:<module>:157 - Epoch = 282 / 2000
2026-03-11 02:51:26.569 | INFO     | __main__:<module>:220 - Training time taken = 197.35 seconds, Evaluation time taken = nan seconds, loss = 0.03139, fid = None
2026-03-11 02:51:26.569 | INFO     | __main__:<module>:157 - Epoch = 283 / 2000
2026-03-11 02:54:44.095 | INFO     | __main__:<module>:220 - Training time taken = 197.52 seconds, Evaluation time taken = nan seconds, loss = 0.0313, fid = None
2026-03-11 02:54:44.095 | INFO     | __main__:<module>:157 - Epoch = 284 / 2000
2026-03-11 02:58:01.968 | INFO     | __main__:<module>:220 - Training time taken = 197.87 seconds, Evaluation time taken = nan seconds, loss = 0.03089, fid = None
2026-03-11 02:58:01.969 | INFO     | __main__:<module>:157 - Epoch = 285 / 2000
2026-03-11 03:01:19.472 | INFO     | __main__:<module>:220 - Training time taken = 197.5 seconds, Evaluation time taken = nan seconds, loss = 0.03082, fid = None
2026-03-11 03:01:19.472 | INFO     | __main__:<module>:157 - Epoch = 286 / 2000
2026-03-11 03:04:36.865 | INFO     | __main__:<module>:220 - Training time taken = 197.39 seconds, Evaluation time taken = nan seconds, loss = 0.03133, fid = None
2026-03-11 03:04:36.866 | INFO     | __main__:<module>:157 - Epoch = 287 / 2000
2026-03-11 03:07:53.958 | INFO     | __main__:<module>:220 - Training time taken = 197.09 seconds, Evaluation time taken = nan seconds, loss = 0.03112, fid = None
2026-03-11 03:07:53.959 | INFO     | __main__:<module>:157 - Epoch = 288 / 2000
2026-03-11 03:11:11.465 | INFO     | __main__:<module>:220 - Training time taken = 197.51 seconds, Evaluation time taken = nan seconds, loss = 0.03119, fid = None
2026-03-11 03:11:11.466 | INFO     | __main__:<module>:157 - Epoch = 289 / 2000
2026-03-11 03:14:28.755 | INFO     | __main__:<module>:220 - Training time taken = 197.29 seconds, Evaluation time taken = nan seconds, loss = 0.03117, fid = None
2026-03-11 03:14:28.756 | INFO     | __main__:<module>:157 - Epoch = 290 / 2000
2026-03-11 03:17:47.179 | INFO     | __main__:<module>:220 - Training time taken = 198.42 seconds, Evaluation time taken = nan seconds, loss = 0.03087, fid = None
2026-03-11 03:17:47.179 | INFO     | __main__:<module>:157 - Epoch = 291 / 2000
2026-03-11 03:21:04.349 | INFO     | __main__:<module>:220 - Training time taken = 197.17 seconds, Evaluation time taken = nan seconds, loss = 0.03054, fid = None
2026-03-11 03:21:04.349 | INFO     | __main__:<module>:157 - Epoch = 292 / 2000
2026-03-11 03:24:21.772 | INFO     | __main__:<module>:220 - Training time taken = 197.42 seconds, Evaluation time taken = nan seconds, loss = 0.03099, fid = None
2026-03-11 03:24:21.773 | INFO     | __main__:<module>:157 - Epoch = 293 / 2000
2026-03-11 03:27:38.862 | INFO     | __main__:<module>:220 - Training time taken = 197.09 seconds, Evaluation time taken = nan seconds, loss = 0.03104, fid = None
2026-03-11 03:27:38.863 | INFO     | __main__:<module>:157 - Epoch = 294 / 2000
2026-03-11 03:30:55.728 | INFO     | __main__:<module>:220 - Training time taken = 196.86 seconds, Evaluation time taken = nan seconds, loss = 0.03118, fid = None
2026-03-11 03:30:55.729 | INFO     | __main__:<module>:157 - Epoch = 295 / 2000
2026-03-11 03:34:12.928 | INFO     | __main__:<module>:220 - Training time taken = 197.2 seconds, Evaluation time taken = nan seconds, loss = 0.03114, fid = None
2026-03-11 03:34:12.929 | INFO     | __main__:<module>:157 - Epoch = 296 / 2000
2026-03-11 03:37:29.650 | INFO     | __main__:<module>:220 - Training time taken = 196.72 seconds, Evaluation time taken = nan seconds, loss = 0.03105, fid = None
2026-03-11 03:37:29.651 | INFO     | __main__:<module>:157 - Epoch = 297 / 2000
2026-03-11 03:40:46.588 | INFO     | __main__:<module>:220 - Training time taken = 196.94 seconds, Evaluation time taken = nan seconds, loss = 0.03118, fid = None
2026-03-11 03:40:46.588 | INFO     | __main__:<module>:157 - Epoch = 298 / 2000
2026-03-11 03:44:03.415 | INFO     | __main__:<module>:220 - Training time taken = 196.83 seconds, Evaluation time taken = nan seconds, loss = 0.03107, fid = None
2026-03-11 03:44:03.416 | INFO     | __main__:<module>:157 - Epoch = 299 / 2000
2026-03-11 03:47:20.565 | INFO     | __main__:<module>:220 - Training time taken = 197.15 seconds, Evaluation time taken = nan seconds, loss = 0.03059, fid = None
2026-03-11 03:47:20.565 | INFO     | __main__:<module>:157 - Epoch = 300 / 2000
2026-03-11 03:50:38.064 | INFO     | __main__:<module>:220 - Training time taken = 197.5 seconds, Evaluation time taken = nan seconds, loss = 0.03088, fid = None
2026-03-11 03:50:38.064 | INFO     | __main__:<module>:157 - Epoch = 301 / 2000
2026-03-11 03:53:55.623 | INFO     | __main__:<module>:220 - Training time taken = 197.56 seconds, Evaluation time taken = nan seconds, loss = 0.03119, fid = None
2026-03-11 03:53:55.624 | INFO     | __main__:<module>:157 - Epoch = 302 / 2000
2026-03-11 03:57:13.598 | INFO     | __main__:<module>:220 - Training time taken = 197.97 seconds, Evaluation time taken = nan seconds, loss = 0.03073, fid = None
2026-03-11 03:57:13.598 | INFO     | __main__:<module>:157 - Epoch = 303 / 2000
2026-03-11 04:00:31.411 | INFO     | __main__:<module>:220 - Training time taken = 197.81 seconds, Evaluation time taken = nan seconds, loss = 0.03101, fid = None
2026-03-11 04:00:31.411 | INFO     | __main__:<module>:157 - Epoch = 304 / 2000
2026-03-11 04:03:48.772 | INFO     | __main__:<module>:220 - Training time taken = 197.36 seconds, Evaluation time taken = nan seconds, loss = 0.03118, fid = None
2026-03-11 04:03:48.772 | INFO     | __main__:<module>:157 - Epoch = 305 / 2000
2026-03-11 04:07:05.936 | INFO     | __main__:<module>:220 - Training time taken = 197.16 seconds, Evaluation time taken = nan seconds, loss = 0.03127, fid = None
2026-03-11 04:07:05.937 | INFO     | __main__:<module>:157 - Epoch = 306 / 2000
2026-03-11 04:10:23.185 | INFO     | __main__:<module>:220 - Training time taken = 197.25 seconds, Evaluation time taken = nan seconds, loss = 0.03146, fid = None
2026-03-11 04:10:23.186 | INFO     | __main__:<module>:157 - Epoch = 307 / 2000
2026-03-11 04:13:40.307 | INFO     | __main__:<module>:220 - Training time taken = 197.12 seconds, Evaluation time taken = nan seconds, loss = 0.03078, fid = None
2026-03-11 04:13:40.307 | INFO     | __main__:<module>:157 - Epoch = 308 / 2000
2026-03-11 04:16:57.833 | INFO     | __main__:<module>:220 - Training time taken = 197.52 seconds, Evaluation time taken = nan seconds, loss = 0.03124, fid = None
2026-03-11 04:16:57.833 | INFO     | __main__:<module>:157 - Epoch = 309 / 2000
2026-03-11 04:20:14.871 | INFO     | __main__:<module>:220 - Training time taken = 197.04 seconds, Evaluation time taken = nan seconds, loss = 0.03033, fid = None
2026-03-11 04:20:14.871 | INFO     | __main__:<module>:157 - Epoch = 310 / 2000
2026-03-11 04:23:32.264 | INFO     | __main__:<module>:220 - Training time taken = 197.39 seconds, Evaluation time taken = nan seconds, loss = 0.03102, fid = None
2026-03-11 04:23:32.264 | INFO     | __main__:<module>:157 - Epoch = 311 / 2000
2026-03-11 04:26:49.348 | INFO     | __main__:<module>:220 - Training time taken = 197.08 seconds, Evaluation time taken = nan seconds, loss = 0.03061, fid = None
2026-03-11 04:26:49.349 | INFO     | __main__:<module>:157 - Epoch = 312 / 2000
2026-03-11 04:30:06.333 | INFO     | __main__:<module>:220 - Training time taken = 196.98 seconds, Evaluation time taken = nan seconds, loss = 0.03116, fid = None
2026-03-11 04:30:06.333 | INFO     | __main__:<module>:157 - Epoch = 313 / 2000
2026-03-11 04:33:23.235 | INFO     | __main__:<module>:220 - Training time taken = 196.9 seconds, Evaluation time taken = nan seconds, loss = 0.03092, fid = None
2026-03-11 04:33:23.235 | INFO     | __main__:<module>:157 - Epoch = 314 / 2000
2026-03-11 04:36:40.574 | INFO     | __main__:<module>:220 - Training time taken = 197.34 seconds, Evaluation time taken = nan seconds, loss = 0.03131, fid = None
2026-03-11 04:36:40.574 | INFO     | __main__:<module>:157 - Epoch = 315 / 2000
2026-03-11 04:39:57.431 | INFO     | __main__:<module>:220 - Training time taken = 196.86 seconds, Evaluation time taken = nan seconds, loss = 0.0311, fid = None
2026-03-11 04:39:57.432 | INFO     | __main__:<module>:157 - Epoch = 316 / 2000
2026-03-11 04:43:14.838 | INFO     | __main__:<module>:220 - Training time taken = 197.41 seconds, Evaluation time taken = nan seconds, loss = 0.03114, fid = None
2026-03-11 04:43:14.839 | INFO     | __main__:<module>:157 - Epoch = 317 / 2000
2026-03-11 04:46:31.866 | INFO     | __main__:<module>:220 - Training time taken = 197.03 seconds, Evaluation time taken = nan seconds, loss = 0.03078, fid = None
2026-03-11 04:46:31.866 | INFO     | __main__:<module>:157 - Epoch = 318 / 2000
2026-03-11 04:49:49.272 | INFO     | __main__:<module>:220 - Training time taken = 197.4 seconds, Evaluation time taken = nan seconds, loss = 0.03058, fid = None
2026-03-11 04:49:49.273 | INFO     | __main__:<module>:157 - Epoch = 319 / 2000
2026-03-11 04:53:06.464 | INFO     | __main__:<module>:220 - Training time taken = 197.19 seconds, Evaluation time taken = nan seconds, loss = 0.03096, fid = None
2026-03-11 04:53:06.464 | INFO     | __main__:<module>:157 - Epoch = 320 / 2000
2026-03-11 04:56:23.802 | INFO     | __main__:<module>:220 - Training time taken = 197.34 seconds, Evaluation time taken = nan seconds, loss = 0.03062, fid = None
2026-03-11 04:56:23.803 | INFO     | __main__:<module>:157 - Epoch = 321 / 2000
2026-03-11 04:59:40.908 | INFO     | __main__:<module>:220 - Training time taken = 197.1 seconds, Evaluation time taken = nan seconds, loss = 0.03062, fid = None
2026-03-11 04:59:40.909 | INFO     | __main__:<module>:157 - Epoch = 322 / 2000
2026-03-11 05:02:58.223 | INFO     | __main__:<module>:220 - Training time taken = 197.31 seconds, Evaluation time taken = nan seconds, loss = 0.03045, fid = None
2026-03-11 05:02:58.224 | INFO     | __main__:<module>:157 - Epoch = 323 / 2000
2026-03-11 05:06:15.581 | INFO     | __main__:<module>:220 - Training time taken = 197.36 seconds, Evaluation time taken = nan seconds, loss = 0.03145, fid = None
2026-03-11 05:06:15.581 | INFO     | __main__:<module>:157 - Epoch = 324 / 2000
2026-03-11 05:09:33.105 | INFO     | __main__:<module>:220 - Training time taken = 197.52 seconds, Evaluation time taken = nan seconds, loss = 0.03113, fid = None
2026-03-11 05:09:33.105 | INFO     | __main__:<module>:157 - Epoch = 325 / 2000
2026-03-11 05:12:50.806 | INFO     | __main__:<module>:220 - Training time taken = 197.7 seconds, Evaluation time taken = nan seconds, loss = 0.03074, fid = None
2026-03-11 05:12:50.807 | INFO     | __main__:<module>:157 - Epoch = 326 / 2000
2026-03-11 05:16:08.984 | INFO     | __main__:<module>:220 - Training time taken = 198.18 seconds, Evaluation time taken = nan seconds, loss = 0.03148, fid = None
2026-03-11 05:16:08.984 | INFO     | __main__:<module>:157 - Epoch = 327 / 2000
2026-03-11 05:19:26.410 | INFO     | __main__:<module>:220 - Training time taken = 197.42 seconds, Evaluation time taken = nan seconds, loss = 0.03083, fid = None
2026-03-11 05:19:26.410 | INFO     | __main__:<module>:157 - Epoch = 328 / 2000
2026-03-11 05:22:44.044 | INFO     | __main__:<module>:220 - Training time taken = 197.63 seconds, Evaluation time taken = nan seconds, loss = 0.03051, fid = None
2026-03-11 05:22:44.045 | INFO     | __main__:<module>:157 - Epoch = 329 / 2000
2026-03-11 05:26:01.684 | INFO     | __main__:<module>:220 - Training time taken = 197.64 seconds, Evaluation time taken = nan seconds, loss = 0.03069, fid = None
2026-03-11 05:26:01.684 | INFO     | __main__:<module>:157 - Epoch = 330 / 2000
2026-03-11 05:29:19.237 | INFO     | __main__:<module>:220 - Training time taken = 197.55 seconds, Evaluation time taken = nan seconds, loss = 0.03101, fid = None
2026-03-11 05:29:19.238 | INFO     | __main__:<module>:157 - Epoch = 331 / 2000
2026-03-11 05:32:36.440 | INFO     | __main__:<module>:220 - Training time taken = 197.2 seconds, Evaluation time taken = nan seconds, loss = 0.0307, fid = None
2026-03-11 05:32:36.440 | INFO     | __main__:<module>:157 - Epoch = 332 / 2000
2026-03-11 05:35:53.464 | INFO     | __main__:<module>:220 - Training time taken = 197.02 seconds, Evaluation time taken = nan seconds, loss = 0.03083, fid = None
2026-03-11 05:35:53.465 | INFO     | __main__:<module>:157 - Epoch = 333 / 2000
2026-03-11 05:39:10.843 | INFO     | __main__:<module>:220 - Training time taken = 197.38 seconds, Evaluation time taken = nan seconds, loss = 0.0305, fid = None
2026-03-11 05:39:10.844 | INFO     | __main__:<module>:157 - Epoch = 334 / 2000
2026-03-11 05:42:28.210 | INFO     | __main__:<module>:220 - Training time taken = 197.37 seconds, Evaluation time taken = nan seconds, loss = 0.03119, fid = None
2026-03-11 05:42:28.211 | INFO     | __main__:<module>:157 - Epoch = 335 / 2000
2026-03-11 05:45:45.423 | INFO     | __main__:<module>:220 - Training time taken = 197.21 seconds, Evaluation time taken = nan seconds, loss = 0.03096, fid = None
2026-03-11 05:45:45.424 | INFO     | __main__:<module>:157 - Epoch = 336 / 2000
2026-03-11 05:49:02.340 | INFO     | __main__:<module>:220 - Training time taken = 196.92 seconds, Evaluation time taken = nan seconds, loss = 0.03095, fid = None
2026-03-11 05:49:02.341 | INFO     | __main__:<module>:157 - Epoch = 337 / 2000
2026-03-11 05:52:19.539 | INFO     | __main__:<module>:220 - Training time taken = 197.2 seconds, Evaluation time taken = nan seconds, loss = 0.03047, fid = None
2026-03-11 05:52:19.539 | INFO     | __main__:<module>:157 - Epoch = 338 / 2000
2026-03-11 05:55:37.209 | INFO     | __main__:<module>:220 - Training time taken = 197.67 seconds, Evaluation time taken = nan seconds, loss = 0.03063, fid = None
2026-03-11 05:55:37.209 | INFO     | __main__:<module>:157 - Epoch = 339 / 2000
2026-03-11 05:58:54.711 | INFO     | __main__:<module>:220 - Training time taken = 197.5 seconds, Evaluation time taken = nan seconds, loss = 0.03118, fid = None
2026-03-11 05:58:54.712 | INFO     | __main__:<module>:157 - Epoch = 340 / 2000
2026-03-11 06:02:11.751 | INFO     | __main__:<module>:220 - Training time taken = 197.04 seconds, Evaluation time taken = nan seconds, loss = 0.0313, fid = None
2026-03-11 06:02:11.752 | INFO     | __main__:<module>:157 - Epoch = 341 / 2000
2026-03-11 06:05:28.974 | INFO     | __main__:<module>:220 - Training time taken = 197.22 seconds, Evaluation time taken = nan seconds, loss = 0.03124, fid = None
2026-03-11 06:05:28.974 | INFO     | __main__:<module>:157 - Epoch = 342 / 2000
2026-03-11 06:08:46.478 | INFO     | __main__:<module>:220 - Training time taken = 197.5 seconds, Evaluation time taken = nan seconds, loss = 0.03095, fid = None
2026-03-11 06:08:46.479 | INFO     | __main__:<module>:157 - Epoch = 343 / 2000
2026-03-11 06:12:04.031 | INFO     | __main__:<module>:220 - Training time taken = 197.55 seconds, Evaluation time taken = nan seconds, loss = 0.03118, fid = None
2026-03-11 06:12:04.031 | INFO     | __main__:<module>:157 - Epoch = 344 / 2000
2026-03-11 06:15:21.543 | INFO     | __main__:<module>:220 - Training time taken = 197.51 seconds, Evaluation time taken = nan seconds, loss = 0.03139, fid = None
2026-03-11 06:15:21.543 | INFO     | __main__:<module>:157 - Epoch = 345 / 2000
2026-03-11 06:18:39.710 | INFO     | __main__:<module>:220 - Training time taken = 198.17 seconds, Evaluation time taken = nan seconds, loss = 0.03093, fid = None
2026-03-11 06:18:39.711 | INFO     | __main__:<module>:157 - Epoch = 346 / 2000
2026-03-11 06:21:57.474 | INFO     | __main__:<module>:220 - Training time taken = 197.76 seconds, Evaluation time taken = nan seconds, loss = 0.03107, fid = None
2026-03-11 06:21:57.474 | INFO     | __main__:<module>:157 - Epoch = 347 / 2000
2026-03-11 06:25:15.517 | INFO     | __main__:<module>:220 - Training time taken = 198.04 seconds, Evaluation time taken = nan seconds, loss = 0.03158, fid = None
2026-03-11 06:25:15.517 | INFO     | __main__:<module>:157 - Epoch = 348 / 2000
2026-03-11 06:28:33.717 | INFO     | __main__:<module>:220 - Training time taken = 198.2 seconds, Evaluation time taken = nan seconds, loss = 0.03018, fid = None
2026-03-11 06:28:33.717 | INFO     | __main__:<module>:157 - Epoch = 349 / 2000
2026-03-11 06:31:51.844 | INFO     | __main__:<module>:220 - Training time taken = 198.13 seconds, Evaluation time taken = nan seconds, loss = 0.03043, fid = None
2026-03-11 06:31:51.844 | INFO     | __main__:<module>:157 - Epoch = 350 / 2000
2026-03-11 06:35:09.438 | INFO     | __main__:<module>:220 - Training time taken = 197.59 seconds, Evaluation time taken = nan seconds, loss = 0.03079, fid = None
2026-03-11 06:35:09.439 | INFO     | __main__:<module>:157 - Epoch = 351 / 2000
2026-03-11 06:38:26.600 | INFO     | __main__:<module>:220 - Training time taken = 197.16 seconds, Evaluation time taken = nan seconds, loss = 0.03082, fid = None
2026-03-11 06:38:26.601 | INFO     | __main__:<module>:157 - Epoch = 352 / 2000
2026-03-11 06:41:43.542 | INFO     | __main__:<module>:220 - Training time taken = 196.94 seconds, Evaluation time taken = nan seconds, loss = 0.03081, fid = None
2026-03-11 06:41:43.542 | INFO     | __main__:<module>:157 - Epoch = 353 / 2000
2026-03-11 06:45:00.541 | INFO     | __main__:<module>:220 - Training time taken = 197.0 seconds, Evaluation time taken = nan seconds, loss = 0.0304, fid = None
2026-03-11 06:45:00.541 | INFO     | __main__:<module>:157 - Epoch = 354 / 2000
2026-03-11 06:48:17.396 | INFO     | __main__:<module>:220 - Training time taken = 196.85 seconds, Evaluation time taken = nan seconds, loss = 0.03068, fid = None
2026-03-11 06:48:17.396 | INFO     | __main__:<module>:157 - Epoch = 355 / 2000
2026-03-11 06:51:34.531 | INFO     | __main__:<module>:220 - Training time taken = 197.13 seconds, Evaluation time taken = nan seconds, loss = 0.03044, fid = None
2026-03-11 06:51:34.531 | INFO     | __main__:<module>:157 - Epoch = 356 / 2000
2026-03-11 06:54:51.793 | INFO     | __main__:<module>:220 - Training time taken = 197.26 seconds, Evaluation time taken = nan seconds, loss = 0.03097, fid = None
2026-03-11 06:54:51.793 | INFO     | __main__:<module>:157 - Epoch = 357 / 2000
2026-03-11 06:58:08.816 | INFO     | __main__:<module>:220 - Training time taken = 197.02 seconds, Evaluation time taken = nan seconds, loss = 0.03051, fid = None
2026-03-11 06:58:08.817 | INFO     | __main__:<module>:157 - Epoch = 358 / 2000
2026-03-11 07:01:26.287 | INFO     | __main__:<module>:220 - Training time taken = 197.47 seconds, Evaluation time taken = nan seconds, loss = 0.03092, fid = None
2026-03-11 07:01:26.288 | INFO     | __main__:<module>:157 - Epoch = 359 / 2000
2026-03-11 07:04:43.744 | INFO     | __main__:<module>:220 - Training time taken = 197.45 seconds, Evaluation time taken = nan seconds, loss = 0.03084, fid = None
2026-03-11 07:04:43.744 | INFO     | __main__:<module>:157 - Epoch = 360 / 2000
2026-03-11 07:08:01.411 | INFO     | __main__:<module>:220 - Training time taken = 197.67 seconds, Evaluation time taken = nan seconds, loss = 0.03081, fid = None
2026-03-11 07:08:01.411 | INFO     | __main__:<module>:157 - Epoch = 361 / 2000
2026-03-11 07:11:19.066 | INFO     | __main__:<module>:220 - Training time taken = 197.65 seconds, Evaluation time taken = nan seconds, loss = 0.03091, fid = None
2026-03-11 07:11:19.067 | INFO     | __main__:<module>:157 - Epoch = 362 / 2000
2026-03-11 07:14:35.993 | INFO     | __main__:<module>:220 - Training time taken = 196.93 seconds, Evaluation time taken = nan seconds, loss = 0.03062, fid = None
2026-03-11 07:14:35.993 | INFO     | __main__:<module>:157 - Epoch = 363 / 2000
2026-03-11 07:17:53.301 | INFO     | __main__:<module>:220 - Training time taken = 197.31 seconds, Evaluation time taken = nan seconds, loss = 0.03066, fid = None
2026-03-11 07:17:53.301 | INFO     | __main__:<module>:157 - Epoch = 364 / 2000
2026-03-11 07:21:11.207 | INFO     | __main__:<module>:220 - Training time taken = 197.9 seconds, Evaluation time taken = nan seconds, loss = 0.03111, fid = None
2026-03-11 07:21:11.207 | INFO     | __main__:<module>:157 - Epoch = 365 / 2000
2026-03-11 07:24:28.358 | INFO     | __main__:<module>:220 - Training time taken = 197.15 seconds, Evaluation time taken = nan seconds, loss = 0.03092, fid = None
2026-03-11 07:24:28.359 | INFO     | __main__:<module>:157 - Epoch = 366 / 2000
2026-03-11 07:27:45.475 | INFO     | __main__:<module>:220 - Training time taken = 197.11 seconds, Evaluation time taken = nan seconds, loss = 0.03075, fid = None
2026-03-11 07:27:45.475 | INFO     | __main__:<module>:157 - Epoch = 367 / 2000
2026-03-11 07:31:03.158 | INFO     | __main__:<module>:220 - Training time taken = 197.68 seconds, Evaluation time taken = nan seconds, loss = 0.03079, fid = None
2026-03-11 07:31:03.159 | INFO     | __main__:<module>:157 - Epoch = 368 / 2000
2026-03-11 07:34:20.050 | INFO     | __main__:<module>:220 - Training time taken = 196.89 seconds, Evaluation time taken = nan seconds, loss = 0.0301, fid = None
2026-03-11 07:34:20.050 | INFO     | __main__:<module>:157 - Epoch = 369 / 2000
2026-03-11 07:37:37.202 | INFO     | __main__:<module>:220 - Training time taken = 197.15 seconds, Evaluation time taken = nan seconds, loss = 0.03066, fid = None
2026-03-11 07:37:37.202 | INFO     | __main__:<module>:157 - Epoch = 370 / 2000
2026-03-11 07:40:54.349 | INFO     | __main__:<module>:220 - Training time taken = 197.15 seconds, Evaluation time taken = nan seconds, loss = 0.03052, fid = None
2026-03-11 07:40:54.349 | INFO     | __main__:<module>:157 - Epoch = 371 / 2000
2026-03-11 07:44:11.703 | INFO     | __main__:<module>:220 - Training time taken = 197.35 seconds, Evaluation time taken = nan seconds, loss = 0.03076, fid = None
2026-03-11 07:44:11.703 | INFO     | __main__:<module>:157 - Epoch = 372 / 2000
2026-03-11 07:47:28.571 | INFO     | __main__:<module>:220 - Training time taken = 196.87 seconds, Evaluation time taken = nan seconds, loss = 0.0303, fid = None
2026-03-11 07:47:28.571 | INFO     | __main__:<module>:157 - Epoch = 373 / 2000
2026-03-11 07:50:46.006 | INFO     | __main__:<module>:220 - Training time taken = 197.43 seconds, Evaluation time taken = nan seconds, loss = 0.03097, fid = None
2026-03-11 07:50:46.006 | INFO     | __main__:<module>:157 - Epoch = 374 / 2000
2026-03-11 07:54:03.353 | INFO     | __main__:<module>:220 - Training time taken = 197.35 seconds, Evaluation time taken = nan seconds, loss = 0.03029, fid = None
2026-03-11 07:54:03.354 | INFO     | __main__:<module>:157 - Epoch = 375 / 2000
2026-03-11 07:57:20.464 | INFO     | __main__:<module>:220 - Training time taken = 197.11 seconds, Evaluation time taken = nan seconds, loss = 0.03066, fid = None
2026-03-11 07:57:20.465 | INFO     | __main__:<module>:157 - Epoch = 376 / 2000
2026-03-11 08:00:37.622 | INFO     | __main__:<module>:220 - Training time taken = 197.16 seconds, Evaluation time taken = nan seconds, loss = 0.03101, fid = None
2026-03-11 08:00:37.622 | INFO     | __main__:<module>:157 - Epoch = 377 / 2000
2026-03-11 08:03:54.977 | INFO     | __main__:<module>:220 - Training time taken = 197.35 seconds, Evaluation time taken = nan seconds, loss = 0.03073, fid = None
2026-03-11 08:03:54.978 | INFO     | __main__:<module>:157 - Epoch = 378 / 2000
2026-03-11 08:07:12.280 | INFO     | __main__:<module>:220 - Training time taken = 197.3 seconds, Evaluation time taken = nan seconds, loss = 0.03103, fid = None
2026-03-11 08:07:12.280 | INFO     | __main__:<module>:157 - Epoch = 379 / 2000
2026-03-11 08:10:29.387 | INFO     | __main__:<module>:220 - Training time taken = 197.11 seconds, Evaluation time taken = nan seconds, loss = 0.03074, fid = None
2026-03-11 08:10:29.388 | INFO     | __main__:<module>:157 - Epoch = 380 / 2000
2026-03-11 08:13:46.425 | INFO     | __main__:<module>:220 - Training time taken = 197.04 seconds, Evaluation time taken = nan seconds, loss = 0.0308, fid = None
2026-03-11 08:13:46.425 | INFO     | __main__:<module>:157 - Epoch = 381 / 2000
2026-03-11 08:17:03.753 | INFO     | __main__:<module>:220 - Training time taken = 197.33 seconds, Evaluation time taken = nan seconds, loss = 0.03087, fid = None
2026-03-11 08:17:03.753 | INFO     | __main__:<module>:157 - Epoch = 382 / 2000
2026-03-11 08:20:21.717 | INFO     | __main__:<module>:220 - Training time taken = 197.96 seconds, Evaluation time taken = nan seconds, loss = 0.03082, fid = None
2026-03-11 08:20:21.717 | INFO     | __main__:<module>:157 - Epoch = 383 / 2000
2026-03-11 08:23:39.343 | INFO     | __main__:<module>:220 - Training time taken = 197.62 seconds, Evaluation time taken = nan seconds, loss = 0.03092, fid = None
2026-03-11 08:23:39.343 | INFO     | __main__:<module>:157 - Epoch = 384 / 2000
2026-03-11 08:26:56.888 | INFO     | __main__:<module>:220 - Training time taken = 197.54 seconds, Evaluation time taken = nan seconds, loss = 0.03102, fid = None
2026-03-11 08:26:56.888 | INFO     | __main__:<module>:157 - Epoch = 385 / 2000
2026-03-11 08:30:14.098 | INFO     | __main__:<module>:220 - Training time taken = 197.21 seconds, Evaluation time taken = nan seconds, loss = 0.03067, fid = None
2026-03-11 08:30:14.099 | INFO     | __main__:<module>:157 - Epoch = 386 / 2000
2026-03-11 08:33:31.399 | INFO     | __main__:<module>:220 - Training time taken = 197.3 seconds, Evaluation time taken = nan seconds, loss = 0.03103, fid = None
2026-03-11 08:33:31.400 | INFO     | __main__:<module>:157 - Epoch = 387 / 2000
2026-03-11 08:36:48.851 | INFO     | __main__:<module>:220 - Training time taken = 197.45 seconds, Evaluation time taken = nan seconds, loss = 0.03027, fid = None
2026-03-11 08:36:48.851 | INFO     | __main__:<module>:157 - Epoch = 388 / 2000
2026-03-11 08:40:06.701 | INFO     | __main__:<module>:220 - Training time taken = 197.85 seconds, Evaluation time taken = nan seconds, loss = 0.03056, fid = None
2026-03-11 08:40:06.702 | INFO     | __main__:<module>:157 - Epoch = 389 / 2000
2026-03-11 08:43:24.375 | INFO     | __main__:<module>:220 - Training time taken = 197.67 seconds, Evaluation time taken = nan seconds, loss = 0.03068, fid = None
2026-03-11 08:43:24.375 | INFO     | __main__:<module>:157 - Epoch = 390 / 2000
2026-03-11 08:46:41.913 | INFO     | __main__:<module>:220 - Training time taken = 197.54 seconds, Evaluation time taken = nan seconds, loss = 0.03092, fid = None
2026-03-11 08:46:41.913 | INFO     | __main__:<module>:157 - Epoch = 391 / 2000
2026-03-11 08:49:59.354 | INFO     | __main__:<module>:220 - Training time taken = 197.44 seconds, Evaluation time taken = nan seconds, loss = 0.03039, fid = None
2026-03-11 08:49:59.354 | INFO     | __main__:<module>:157 - Epoch = 392 / 2000
2026-03-11 08:53:17.203 | INFO     | __main__:<module>:220 - Training time taken = 197.85 seconds, Evaluation time taken = nan seconds, loss = 0.03076, fid = None
2026-03-11 08:53:17.204 | INFO     | __main__:<module>:157 - Epoch = 393 / 2000
2026-03-11 08:56:34.820 | INFO     | __main__:<module>:220 - Training time taken = 197.61 seconds, Evaluation time taken = nan seconds, loss = 0.03096, fid = None
2026-03-11 08:56:34.820 | INFO     | __main__:<module>:157 - Epoch = 394 / 2000
2026-03-11 08:59:52.725 | INFO     | __main__:<module>:220 - Training time taken = 197.9 seconds, Evaluation time taken = nan seconds, loss = 0.03104, fid = None
2026-03-11 08:59:52.726 | INFO     | __main__:<module>:157 - Epoch = 395 / 2000
2026-03-11 09:03:10.376 | INFO     | __main__:<module>:220 - Training time taken = 197.65 seconds, Evaluation time taken = nan seconds, loss = 0.03017, fid = None
2026-03-11 09:03:10.377 | INFO     | __main__:<module>:157 - Epoch = 396 / 2000
2026-03-11 09:06:28.379 | INFO     | __main__:<module>:220 - Training time taken = 198.0 seconds, Evaluation time taken = nan seconds, loss = 0.0304, fid = None
2026-03-11 09:06:28.380 | INFO     | __main__:<module>:157 - Epoch = 397 / 2000
2026-03-11 09:09:46.150 | INFO     | __main__:<module>:220 - Training time taken = 197.77 seconds, Evaluation time taken = nan seconds, loss = 0.03069, fid = None
2026-03-11 09:09:46.150 | INFO     | __main__:<module>:157 - Epoch = 398 / 2000
2026-03-11 09:13:04.052 | INFO     | __main__:<module>:220 - Training time taken = 197.9 seconds, Evaluation time taken = nan seconds, loss = 0.0308, fid = None
2026-03-11 09:13:04.052 | INFO     | __main__:<module>:157 - Epoch = 399 / 2000
2026-03-11 09:16:21.629 | INFO     | __main__:<module>:220 - Training time taken = 197.58 seconds, Evaluation time taken = nan seconds, loss = 0.03113, fid = None
2026-03-11 09:16:21.629 | INFO     | __main__:<module>:157 - Epoch = 400 / 2000
2026-03-11 09:19:39.918 | INFO     | __main__:<module>:220 - Training time taken = 198.29 seconds, Evaluation time taken = nan seconds, loss = 0.03088, fid = None
2026-03-11 09:19:39.918 | INFO     | __main__:<module>:157 - Epoch = 401 / 2000
2026-03-11 09:22:57.720 | INFO     | __main__:<module>:220 - Training time taken = 197.8 seconds, Evaluation time taken = nan seconds, loss = 0.03057, fid = None
2026-03-11 09:22:57.720 | INFO     | __main__:<module>:157 - Epoch = 402 / 2000
2026-03-11 09:26:15.617 | INFO     | __main__:<module>:220 - Training time taken = 197.9 seconds, Evaluation time taken = nan seconds, loss = 0.03099, fid = None
2026-03-11 09:26:15.617 | INFO     | __main__:<module>:157 - Epoch = 403 / 2000
2026-03-11 09:29:33.239 | INFO     | __main__:<module>:220 - Training time taken = 197.62 seconds, Evaluation time taken = nan seconds, loss = 0.03055, fid = None
2026-03-11 09:29:33.239 | INFO     | __main__:<module>:157 - Epoch = 404 / 2000
2026-03-11 09:32:50.996 | INFO     | __main__:<module>:220 - Training time taken = 197.76 seconds, Evaluation time taken = nan seconds, loss = 0.03092, fid = None
2026-03-11 09:32:50.997 | INFO     | __main__:<module>:157 - Epoch = 405 / 2000
2026-03-11 09:36:08.472 | INFO     | __main__:<module>:220 - Training time taken = 197.47 seconds, Evaluation time taken = nan seconds, loss = 0.03081, fid = None
2026-03-11 09:36:08.472 | INFO     | __main__:<module>:157 - Epoch = 406 / 2000
2026-03-11 09:39:26.489 | INFO     | __main__:<module>:220 - Training time taken = 198.01 seconds, Evaluation time taken = nan seconds, loss = 0.03096, fid = None
2026-03-11 09:39:26.489 | INFO     | __main__:<module>:157 - Epoch = 407 / 2000
2026-03-11 09:42:44.276 | INFO     | __main__:<module>:220 - Training time taken = 197.79 seconds, Evaluation time taken = nan seconds, loss = 0.03022, fid = None
2026-03-11 09:42:44.277 | INFO     | __main__:<module>:157 - Epoch = 408 / 2000
2026-03-11 09:46:01.888 | INFO     | __main__:<module>:220 - Training time taken = 197.61 seconds, Evaluation time taken = nan seconds, loss = 0.03093, fid = None
2026-03-11 09:46:01.888 | INFO     | __main__:<module>:157 - Epoch = 409 / 2000
2026-03-11 09:49:19.207 | INFO     | __main__:<module>:220 - Training time taken = 197.32 seconds, Evaluation time taken = nan seconds, loss = 0.03046, fid = None
2026-03-11 09:49:19.207 | INFO     | __main__:<module>:157 - Epoch = 410 / 2000
2026-03-11 09:52:36.917 | INFO     | __main__:<module>:220 - Training time taken = 197.71 seconds, Evaluation time taken = nan seconds, loss = 0.0305, fid = None
2026-03-11 09:52:36.918 | INFO     | __main__:<module>:157 - Epoch = 411 / 2000
2026-03-11 09:55:54.430 | INFO     | __main__:<module>:220 - Training time taken = 197.51 seconds, Evaluation time taken = nan seconds, loss = 0.0306, fid = None
2026-03-11 09:55:54.430 | INFO     | __main__:<module>:157 - Epoch = 412 / 2000
2026-03-11 09:59:12.307 | INFO     | __main__:<module>:220 - Training time taken = 197.88 seconds, Evaluation time taken = nan seconds, loss = 0.03105, fid = None
2026-03-11 09:59:12.308 | INFO     | __main__:<module>:157 - Epoch = 413 / 2000
2026-03-11 10:02:30.226 | INFO     | __main__:<module>:220 - Training time taken = 197.92 seconds, Evaluation time taken = nan seconds, loss = 0.03056, fid = None
2026-03-11 10:02:30.226 | INFO     | __main__:<module>:157 - Epoch = 414 / 2000
2026-03-11 10:05:47.939 | INFO     | __main__:<module>:220 - Training time taken = 197.71 seconds, Evaluation time taken = nan seconds, loss = 0.03049, fid = None
2026-03-11 10:05:47.939 | INFO     | __main__:<module>:157 - Epoch = 415 / 2000
2026-03-11 10:09:06.220 | INFO     | __main__:<module>:220 - Training time taken = 198.28 seconds, Evaluation time taken = nan seconds, loss = 0.03024, fid = None
2026-03-11 10:09:06.220 | INFO     | __main__:<module>:157 - Epoch = 416 / 2000
2026-03-11 10:12:23.994 | INFO     | __main__:<module>:220 - Training time taken = 197.77 seconds, Evaluation time taken = nan seconds, loss = 0.03036, fid = None
2026-03-11 10:12:23.994 | INFO     | __main__:<module>:157 - Epoch = 417 / 2000
2026-03-11 10:15:42.164 | INFO     | __main__:<module>:220 - Training time taken = 198.17 seconds, Evaluation time taken = nan seconds, loss = 0.03085, fid = None
2026-03-11 10:15:42.164 | INFO     | __main__:<module>:157 - Epoch = 418 / 2000
2026-03-11 10:19:00.029 | INFO     | __main__:<module>:220 - Training time taken = 197.86 seconds, Evaluation time taken = nan seconds, loss = 0.03103, fid = None
2026-03-11 10:19:00.029 | INFO     | __main__:<module>:157 - Epoch = 419 / 2000
2026-03-11 10:22:18.368 | INFO     | __main__:<module>:220 - Training time taken = 198.34 seconds, Evaluation time taken = nan seconds, loss = 0.0305, fid = None
2026-03-11 10:22:18.368 | INFO     | __main__:<module>:157 - Epoch = 420 / 2000
2026-03-11 10:25:36.812 | INFO     | __main__:<module>:220 - Training time taken = 198.44 seconds, Evaluation time taken = nan seconds, loss = 0.03045, fid = None
2026-03-11 10:25:36.813 | INFO     | __main__:<module>:157 - Epoch = 421 / 2000
2026-03-11 10:28:54.563 | INFO     | __main__:<module>:220 - Training time taken = 197.75 seconds, Evaluation time taken = nan seconds, loss = 0.03068, fid = None
2026-03-11 10:28:54.563 | INFO     | __main__:<module>:157 - Epoch = 422 / 2000
2026-03-11 10:32:12.578 | INFO     | __main__:<module>:220 - Training time taken = 198.01 seconds, Evaluation time taken = nan seconds, loss = 0.03085, fid = None
2026-03-11 10:32:12.579 | INFO     | __main__:<module>:157 - Epoch = 423 / 2000
2026-03-11 10:35:30.921 | INFO     | __main__:<module>:220 - Training time taken = 198.34 seconds, Evaluation time taken = nan seconds, loss = 0.03053, fid = None
2026-03-11 10:35:30.921 | INFO     | __main__:<module>:157 - Epoch = 424 / 2000
2026-03-11 10:38:48.576 | INFO     | __main__:<module>:220 - Training time taken = 197.65 seconds, Evaluation time taken = nan seconds, loss = 0.03083, fid = None
2026-03-11 10:38:48.577 | INFO     | __main__:<module>:157 - Epoch = 425 / 2000
2026-03-11 10:42:06.774 | INFO     | __main__:<module>:220 - Training time taken = 198.2 seconds, Evaluation time taken = nan seconds, loss = 0.0309, fid = None
2026-03-11 10:42:06.774 | INFO     | __main__:<module>:157 - Epoch = 426 / 2000
2026-03-11 10:45:24.808 | INFO     | __main__:<module>:220 - Training time taken = 198.03 seconds, Evaluation time taken = nan seconds, loss = 0.03029, fid = None
2026-03-11 10:45:24.808 | INFO     | __main__:<module>:157 - Epoch = 427 / 2000
2026-03-11 10:48:42.328 | INFO     | __main__:<module>:220 - Training time taken = 197.52 seconds, Evaluation time taken = nan seconds, loss = 0.03082, fid = None
2026-03-11 10:48:42.328 | INFO     | __main__:<module>:157 - Epoch = 428 / 2000
2026-03-11 10:51:59.583 | INFO     | __main__:<module>:220 - Training time taken = 197.25 seconds, Evaluation time taken = nan seconds, loss = 0.03047, fid = None
2026-03-11 10:51:59.584 | INFO     | __main__:<module>:157 - Epoch = 429 / 2000
2026-03-11 10:55:17.408 | INFO     | __main__:<module>:220 - Training time taken = 197.82 seconds, Evaluation time taken = nan seconds, loss = 0.03044, fid = None
2026-03-11 10:55:17.408 | INFO     | __main__:<module>:157 - Epoch = 430 / 2000
2026-03-11 10:58:34.804 | INFO     | __main__:<module>:220 - Training time taken = 197.39 seconds, Evaluation time taken = nan seconds, loss = 0.03073, fid = None
2026-03-11 10:58:34.804 | INFO     | __main__:<module>:157 - Epoch = 431 / 2000
2026-03-11 11:01:51.921 | INFO     | __main__:<module>:220 - Training time taken = 197.12 seconds, Evaluation time taken = nan seconds, loss = 0.03118, fid = None
2026-03-11 11:01:51.922 | INFO     | __main__:<module>:157 - Epoch = 432 / 2000
2026-03-11 11:05:09.537 | INFO     | __main__:<module>:220 - Training time taken = 197.61 seconds, Evaluation time taken = nan seconds, loss = 0.03105, fid = None
2026-03-11 11:05:09.537 | INFO     | __main__:<module>:157 - Epoch = 433 / 2000
2026-03-11 11:08:27.738 | INFO     | __main__:<module>:220 - Training time taken = 198.2 seconds, Evaluation time taken = nan seconds, loss = 0.03074, fid = None
2026-03-11 11:08:27.739 | INFO     | __main__:<module>:157 - Epoch = 434 / 2000
2026-03-11 11:11:45.940 | INFO     | __main__:<module>:220 - Training time taken = 198.2 seconds, Evaluation time taken = nan seconds, loss = 0.03009, fid = None
2026-03-11 11:11:45.941 | INFO     | __main__:<module>:157 - Epoch = 435 / 2000
2026-03-11 11:15:03.626 | INFO     | __main__:<module>:220 - Training time taken = 197.68 seconds, Evaluation time taken = nan seconds, loss = 0.03068, fid = None
2026-03-11 11:15:03.627 | INFO     | __main__:<module>:157 - Epoch = 436 / 2000
2026-03-11 11:18:21.812 | INFO     | __main__:<module>:220 - Training time taken = 198.18 seconds, Evaluation time taken = nan seconds, loss = 0.03043, fid = None
2026-03-11 11:18:21.813 | INFO     | __main__:<module>:157 - Epoch = 437 / 2000
2026-03-11 11:21:39.940 | INFO     | __main__:<module>:220 - Training time taken = 198.13 seconds, Evaluation time taken = nan seconds, loss = 0.03035, fid = None
2026-03-11 11:21:39.940 | INFO     | __main__:<module>:157 - Epoch = 438 / 2000
2026-03-11 11:24:57.926 | INFO     | __main__:<module>:220 - Training time taken = 197.98 seconds, Evaluation time taken = nan seconds, loss = 0.03107, fid = None
2026-03-11 11:24:57.927 | INFO     | __main__:<module>:157 - Epoch = 439 / 2000
2026-03-11 11:28:15.951 | INFO     | __main__:<module>:220 - Training time taken = 198.02 seconds, Evaluation time taken = nan seconds, loss = 0.03016, fid = None
2026-03-11 11:28:15.951 | INFO     | __main__:<module>:157 - Epoch = 440 / 2000
2026-03-11 11:31:34.221 | INFO     | __main__:<module>:220 - Training time taken = 198.27 seconds, Evaluation time taken = nan seconds, loss = 0.03055, fid = None
2026-03-11 11:31:34.221 | INFO     | __main__:<module>:157 - Epoch = 441 / 2000
2026-03-11 11:34:52.341 | INFO     | __main__:<module>:220 - Training time taken = 198.12 seconds, Evaluation time taken = nan seconds, loss = 0.03067, fid = None
2026-03-11 11:34:52.342 | INFO     | __main__:<module>:157 - Epoch = 442 / 2000
2026-03-11 11:38:09.596 | INFO     | __main__:<module>:220 - Training time taken = 197.25 seconds, Evaluation time taken = nan seconds, loss = 0.03096, fid = None
2026-03-11 11:38:09.596 | INFO     | __main__:<module>:157 - Epoch = 443 / 2000
2026-03-11 11:41:27.579 | INFO     | __main__:<module>:220 - Training time taken = 197.98 seconds, Evaluation time taken = nan seconds, loss = 0.03028, fid = None
2026-03-11 11:41:27.580 | INFO     | __main__:<module>:157 - Epoch = 444 / 2000
2026-03-11 11:44:45.514 | INFO     | __main__:<module>:220 - Training time taken = 197.93 seconds, Evaluation time taken = nan seconds, loss = 0.03102, fid = None
2026-03-11 11:44:45.515 | INFO     | __main__:<module>:157 - Epoch = 445 / 2000
2026-03-11 11:48:03.045 | INFO     | __main__:<module>:220 - Training time taken = 197.53 seconds, Evaluation time taken = nan seconds, loss = 0.03045, fid = None
2026-03-11 11:48:03.046 | INFO     | __main__:<module>:157 - Epoch = 446 / 2000
2026-03-11 11:51:20.775 | INFO     | __main__:<module>:220 - Training time taken = 197.73 seconds, Evaluation time taken = nan seconds, loss = 0.02989, fid = None
2026-03-11 11:51:20.775 | INFO     | __main__:<module>:157 - Epoch = 447 / 2000
2026-03-11 11:54:38.182 | INFO     | __main__:<module>:220 - Training time taken = 197.41 seconds, Evaluation time taken = nan seconds, loss = 0.03084, fid = None
2026-03-11 11:54:38.182 | INFO     | __main__:<module>:157 - Epoch = 448 / 2000
2026-03-11 11:57:55.355 | INFO     | __main__:<module>:220 - Training time taken = 197.17 seconds, Evaluation time taken = nan seconds, loss = 0.03077, fid = None
2026-03-11 11:57:55.356 | INFO     | __main__:<module>:157 - Epoch = 449 / 2000
2026-03-11 12:01:12.874 | INFO     | __main__:<module>:220 - Training time taken = 197.52 seconds, Evaluation time taken = nan seconds, loss = 0.03047, fid = None
2026-03-11 12:01:12.875 | INFO     | __main__:<module>:157 - Epoch = 450 / 2000
2026-03-11 12:04:30.268 | INFO     | __main__:<module>:220 - Training time taken = 197.39 seconds, Evaluation time taken = nan seconds, loss = 0.03085, fid = None
2026-03-11 12:04:30.269 | INFO     | __main__:<module>:157 - Epoch = 451 / 2000
2026-03-11 12:07:47.555 | INFO     | __main__:<module>:220 - Training time taken = 197.28 seconds, Evaluation time taken = nan seconds, loss = 0.03086, fid = None
2026-03-11 12:07:47.556 | INFO     | __main__:<module>:157 - Epoch = 452 / 2000
2026-03-11 12:11:05.141 | INFO     | __main__:<module>:220 - Training time taken = 197.58 seconds, Evaluation time taken = nan seconds, loss = 0.03085, fid = None
2026-03-11 12:11:05.141 | INFO     | __main__:<module>:157 - Epoch = 453 / 2000
2026-03-11 12:14:22.655 | INFO     | __main__:<module>:220 - Training time taken = 197.51 seconds, Evaluation time taken = nan seconds, loss = 0.03081, fid = None
2026-03-11 12:14:22.656 | INFO     | __main__:<module>:157 - Epoch = 454 / 2000
2026-03-11 12:17:39.745 | INFO     | __main__:<module>:220 - Training time taken = 197.09 seconds, Evaluation time taken = nan seconds, loss = 0.03087, fid = None
2026-03-11 12:17:39.745 | INFO     | __main__:<module>:157 - Epoch = 455 / 2000
2026-03-11 12:20:57.124 | INFO     | __main__:<module>:220 - Training time taken = 197.38 seconds, Evaluation time taken = nan seconds, loss = 0.03057, fid = None
2026-03-11 12:20:57.124 | INFO     | __main__:<module>:157 - Epoch = 456 / 2000
2026-03-11 12:24:14.937 | INFO     | __main__:<module>:220 - Training time taken = 197.81 seconds, Evaluation time taken = nan seconds, loss = 0.03059, fid = None
2026-03-11 12:24:14.937 | INFO     | __main__:<module>:157 - Epoch = 457 / 2000
2026-03-11 12:27:32.845 | INFO     | __main__:<module>:220 - Training time taken = 197.91 seconds, Evaluation time taken = nan seconds, loss = 0.03032, fid = None
2026-03-11 12:27:32.845 | INFO     | __main__:<module>:157 - Epoch = 458 / 2000
2026-03-11 12:30:50.471 | INFO     | __main__:<module>:220 - Training time taken = 197.62 seconds, Evaluation time taken = nan seconds, loss = 0.03037, fid = None
2026-03-11 12:30:50.471 | INFO     | __main__:<module>:157 - Epoch = 459 / 2000
2026-03-11 12:34:09.248 | INFO     | __main__:<module>:220 - Training time taken = 198.78 seconds, Evaluation time taken = nan seconds, loss = 0.03071, fid = None
2026-03-11 12:34:09.248 | INFO     | __main__:<module>:157 - Epoch = 460 / 2000
2026-03-11 12:37:26.971 | INFO     | __main__:<module>:220 - Training time taken = 197.72 seconds, Evaluation time taken = nan seconds, loss = 0.03049, fid = None
2026-03-11 12:37:26.971 | INFO     | __main__:<module>:157 - Epoch = 461 / 2000
2026-03-11 12:40:44.171 | INFO     | __main__:<module>:220 - Training time taken = 197.2 seconds, Evaluation time taken = nan seconds, loss = 0.03095, fid = None
2026-03-11 12:40:44.171 | INFO     | __main__:<module>:157 - Epoch = 462 / 2000
2026-03-11 12:45:40.487 | INFO     | __main__:<module>:220 - Training time taken = 296.31 seconds, Evaluation time taken = nan seconds, loss = 0.03026, fid = None
2026-03-11 12:45:40.487 | INFO     | __main__:<module>:157 - Epoch = 463 / 2000
2026-03-11 12:51:07.062 | INFO     | __main__:<module>:220 - Training time taken = 326.57 seconds, Evaluation time taken = nan seconds, loss = 0.03026, fid = None
2026-03-11 12:51:07.062 | INFO     | __main__:<module>:157 - Epoch = 464 / 2000
2026-03-11 12:55:55.020 | INFO     | __main__:<module>:220 - Training time taken = 287.96 seconds, Evaluation time taken = nan seconds, loss = 0.03062, fid = None
2026-03-11 12:55:55.021 | INFO     | __main__:<module>:157 - Epoch = 465 / 2000
2026-03-11 12:59:23.286 | INFO     | __main__:<module>:220 - Training time taken = 208.26 seconds, Evaluation time taken = nan seconds, loss = 0.03049, fid = None
2026-03-11 12:59:23.287 | INFO     | __main__:<module>:157 - Epoch = 466 / 2000
2026-03-11 13:02:41.017 | INFO     | __main__:<module>:220 - Training time taken = 197.73 seconds, Evaluation time taken = nan seconds, loss = 0.03067, fid = None
2026-03-11 13:02:41.018 | INFO     | __main__:<module>:157 - Epoch = 467 / 2000
2026-03-11 13:06:50.913 | INFO     | __main__:<module>:220 - Training time taken = 249.89 seconds, Evaluation time taken = nan seconds, loss = 0.03038, fid = None
2026-03-11 13:06:50.913 | INFO     | __main__:<module>:157 - Epoch = 468 / 2000
2026-03-11 13:10:56.688 | INFO     | __main__:<module>:220 - Training time taken = 245.77 seconds, Evaluation time taken = nan seconds, loss = 0.03096, fid = None
2026-03-11 13:10:56.689 | INFO     | __main__:<module>:157 - Epoch = 469 / 2000
2026-03-11 13:14:20.108 | INFO     | __main__:<module>:220 - Training time taken = 203.42 seconds, Evaluation time taken = nan seconds, loss = 0.03069, fid = None
2026-03-11 13:14:20.109 | INFO     | __main__:<module>:157 - Epoch = 470 / 2000
2026-03-11 13:17:44.053 | INFO     | __main__:<module>:220 - Training time taken = 203.94 seconds, Evaluation time taken = nan seconds, loss = 0.03061, fid = None
2026-03-11 13:17:44.054 | INFO     | __main__:<module>:157 - Epoch = 471 / 2000
2026-03-11 13:21:07.845 | INFO     | __main__:<module>:220 - Training time taken = 203.79 seconds, Evaluation time taken = nan seconds, loss = 0.03074, fid = None
2026-03-11 13:21:07.845 | INFO     | __main__:<module>:157 - Epoch = 472 / 2000
2026-03-11 13:24:31.474 | INFO     | __main__:<module>:220 - Training time taken = 203.63 seconds, Evaluation time taken = nan seconds, loss = 0.03086, fid = None
2026-03-11 13:24:31.474 | INFO     | __main__:<module>:157 - Epoch = 473 / 2000
2026-03-11 13:27:56.589 | INFO     | __main__:<module>:220 - Training time taken = 205.11 seconds, Evaluation time taken = nan seconds, loss = 0.03047, fid = None
2026-03-11 13:27:56.589 | INFO     | __main__:<module>:157 - Epoch = 474 / 2000
2026-03-11 13:31:22.391 | INFO     | __main__:<module>:220 - Training time taken = 205.8 seconds, Evaluation time taken = nan seconds, loss = 0.03055, fid = None
2026-03-11 13:31:22.391 | INFO     | __main__:<module>:157 - Epoch = 475 / 2000
2026-03-11 13:34:41.486 | INFO     | __main__:<module>:220 - Training time taken = 199.09 seconds, Evaluation time taken = nan seconds, loss = 0.03067, fid = None
2026-03-11 13:34:41.486 | INFO     | __main__:<module>:157 - Epoch = 476 / 2000
2026-03-11 13:38:04.953 | INFO     | __main__:<module>:220 - Training time taken = 203.47 seconds, Evaluation time taken = nan seconds, loss = 0.03105, fid = None
2026-03-11 13:38:04.953 | INFO     | __main__:<module>:157 - Epoch = 477 / 2000
2026-03-11 13:41:30.511 | INFO     | __main__:<module>:220 - Training time taken = 205.56 seconds, Evaluation time taken = nan seconds, loss = 0.03044, fid = None
2026-03-11 13:41:30.512 | INFO     | __main__:<module>:157 - Epoch = 478 / 2000
2026-03-11 13:44:54.848 | INFO     | __main__:<module>:220 - Training time taken = 204.33 seconds, Evaluation time taken = nan seconds, loss = 0.03037, fid = None
2026-03-11 13:44:54.848 | INFO     | __main__:<module>:157 - Epoch = 479 / 2000
2026-03-11 13:48:18.321 | INFO     | __main__:<module>:220 - Training time taken = 203.47 seconds, Evaluation time taken = nan seconds, loss = 0.03043, fid = None
2026-03-11 13:48:18.321 | INFO     | __main__:<module>:157 - Epoch = 480 / 2000
2026-03-11 13:51:41.247 | INFO     | __main__:<module>:220 - Training time taken = 202.92 seconds, Evaluation time taken = nan seconds, loss = 0.03067, fid = None
2026-03-11 13:51:41.247 | INFO     | __main__:<module>:157 - Epoch = 481 / 2000
2026-03-11 13:55:04.359 | INFO     | __main__:<module>:220 - Training time taken = 203.11 seconds, Evaluation time taken = nan seconds, loss = 0.03055, fid = None
2026-03-11 13:55:04.360 | INFO     | __main__:<module>:157 - Epoch = 482 / 2000
2026-03-11 13:58:27.567 | INFO     | __main__:<module>:220 - Training time taken = 203.21 seconds, Evaluation time taken = nan seconds, loss = 0.03013, fid = None
2026-03-11 13:58:27.568 | INFO     | __main__:<module>:157 - Epoch = 483 / 2000
2026-03-11 14:01:52.461 | INFO     | __main__:<module>:220 - Training time taken = 204.89 seconds, Evaluation time taken = nan seconds, loss = 0.03049, fid = None
2026-03-11 14:01:52.462 | INFO     | __main__:<module>:157 - Epoch = 484 / 2000
2026-03-11 14:05:15.971 | INFO     | __main__:<module>:220 - Training time taken = 203.51 seconds, Evaluation time taken = nan seconds, loss = 0.0308, fid = None
2026-03-11 14:05:15.972 | INFO     | __main__:<module>:157 - Epoch = 485 / 2000
2026-03-11 14:08:45.891 | INFO     | __main__:<module>:220 - Training time taken = 209.92 seconds, Evaluation time taken = nan seconds, loss = 0.0307, fid = None
2026-03-11 14:08:45.892 | INFO     | __main__:<module>:157 - Epoch = 486 / 2000
2026-03-11 14:13:53.799 | INFO     | __main__:<module>:220 - Training time taken = 307.91 seconds, Evaluation time taken = nan seconds, loss = 0.03099, fid = None
2026-03-11 14:13:53.801 | INFO     | __main__:<module>:157 - Epoch = 487 / 2000
2026-03-11 14:17:17.504 | INFO     | __main__:<module>:220 - Training time taken = 203.7 seconds, Evaluation time taken = nan seconds, loss = 0.03033, fid = None
2026-03-11 14:17:17.504 | INFO     | __main__:<module>:157 - Epoch = 488 / 2000
2026-03-11 14:20:41.733 | INFO     | __main__:<module>:220 - Training time taken = 204.23 seconds, Evaluation time taken = nan seconds, loss = 0.03115, fid = None
2026-03-11 14:20:41.734 | INFO     | __main__:<module>:157 - Epoch = 489 / 2000
2026-03-11 14:24:18.155 | INFO     | __main__:<module>:220 - Training time taken = 216.42 seconds, Evaluation time taken = nan seconds, loss = 0.03048, fid = None
2026-03-11 14:24:18.155 | INFO     | __main__:<module>:157 - Epoch = 490 / 2000
2026-03-11 14:27:46.373 | INFO     | __main__:<module>:220 - Training time taken = 208.22 seconds, Evaluation time taken = nan seconds, loss = 0.02978, fid = None
2026-03-11 14:27:46.373 | INFO     | __main__:<module>:157 - Epoch = 491 / 2000
2026-03-11 14:31:39.498 | INFO     | __main__:<module>:220 - Training time taken = 233.12 seconds, Evaluation time taken = nan seconds, loss = 0.03007, fid = None
2026-03-11 14:31:39.498 | INFO     | __main__:<module>:157 - Epoch = 492 / 2000
2026-03-11 14:35:26.051 | INFO     | __main__:<module>:220 - Training time taken = 226.55 seconds, Evaluation time taken = nan seconds, loss = 0.0308, fid = None
2026-03-11 14:35:26.051 | INFO     | __main__:<module>:157 - Epoch = 493 / 2000
2026-03-11 14:39:09.832 | INFO     | __main__:<module>:220 - Training time taken = 223.78 seconds, Evaluation time taken = nan seconds, loss = 0.03024, fid = None
2026-03-11 14:39:09.832 | INFO     | __main__:<module>:157 - Epoch = 494 / 2000
2026-03-11 14:42:55.183 | INFO     | __main__:<module>:220 - Training time taken = 225.35 seconds, Evaluation time taken = nan seconds, loss = 0.03047, fid = None
2026-03-11 14:42:55.184 | INFO     | __main__:<module>:157 - Epoch = 495 / 2000
2026-03-11 14:46:52.615 | INFO     | __main__:<module>:220 - Training time taken = 237.43 seconds, Evaluation time taken = nan seconds, loss = 0.03039, fid = None
2026-03-11 14:46:52.616 | INFO     | __main__:<module>:157 - Epoch = 496 / 2000
2026-03-11 14:50:52.883 | INFO     | __main__:<module>:220 - Training time taken = 240.27 seconds, Evaluation time taken = nan seconds, loss = 0.03041, fid = None
2026-03-11 14:50:52.884 | INFO     | __main__:<module>:157 - Epoch = 497 / 2000
2026-03-11 14:54:47.859 | INFO     | __main__:<module>:220 - Training time taken = 234.97 seconds, Evaluation time taken = nan seconds, loss = 0.03041, fid = None
2026-03-11 14:54:47.860 | INFO     | __main__:<module>:157 - Epoch = 498 / 2000
2026-03-11 14:58:35.875 | INFO     | __main__:<module>:220 - Training time taken = 228.01 seconds, Evaluation time taken = nan seconds, loss = 0.03054, fid = None
2026-03-11 14:58:35.876 | INFO     | __main__:<module>:157 - Epoch = 499 / 2000
2026-03-11 15:02:16.413 | INFO     | __main__:<module>:220 - Training time taken = 220.54 seconds, Evaluation time taken = nan seconds, loss = 0.03032, fid = None
2026-03-11 15:02:16.414 | INFO     | __main__:<module>:157 - Epoch = 500 / 2000
2026-03-11 15:06:02.528 | INFO     | __main__:<module>:220 - Training time taken = 226.11 seconds, Evaluation time taken = nan seconds, loss = 0.03027, fid = None
2026-03-11 15:06:02.529 | INFO     | __main__:<module>:157 - Epoch = 501 / 2000
2026-03-11 15:09:50.739 | INFO     | __main__:<module>:220 - Training time taken = 228.19 seconds, Evaluation time taken = nan seconds, loss = 0.03061, fid = None
2026-03-11 15:09:50.739 | INFO     | __main__:<module>:157 - Epoch = 502 / 2000
2026-03-11 15:13:36.167 | INFO     | __main__:<module>:220 - Training time taken = 225.43 seconds, Evaluation time taken = nan seconds, loss = 0.0305, fid = None
2026-03-11 15:13:36.168 | INFO     | __main__:<module>:157 - Epoch = 503 / 2000
2026-03-11 15:17:22.691 | INFO     | __main__:<module>:220 - Training time taken = 226.52 seconds, Evaluation time taken = nan seconds, loss = 0.03002, fid = None
2026-03-11 15:17:22.692 | INFO     | __main__:<module>:157 - Epoch = 504 / 2000
2026-03-11 15:21:11.848 | INFO     | __main__:<module>:220 - Training time taken = 229.15 seconds, Evaluation time taken = nan seconds, loss = 0.03029, fid = None
2026-03-11 15:21:11.848 | INFO     | __main__:<module>:157 - Epoch = 505 / 2000
2026-03-11 15:25:00.269 | INFO     | __main__:<module>:220 - Training time taken = 228.42 seconds, Evaluation time taken = nan seconds, loss = 0.03059, fid = None
2026-03-11 15:25:00.270 | INFO     | __main__:<module>:157 - Epoch = 506 / 2000
2026-03-11 15:28:49.055 | INFO     | __main__:<module>:220 - Training time taken = 228.78 seconds, Evaluation time taken = nan seconds, loss = 0.03069, fid = None
2026-03-11 15:28:49.056 | INFO     | __main__:<module>:157 - Epoch = 507 / 2000
2026-03-11 15:32:40.484 | INFO     | __main__:<module>:220 - Training time taken = 231.43 seconds, Evaluation time taken = nan seconds, loss = 0.03048, fid = None
2026-03-11 15:32:40.485 | INFO     | __main__:<module>:157 - Epoch = 508 / 2000
2026-03-11 15:36:34.883 | INFO     | __main__:<module>:220 - Training time taken = 234.4 seconds, Evaluation time taken = nan seconds, loss = 0.03039, fid = None
2026-03-11 15:36:34.883 | INFO     | __main__:<module>:157 - Epoch = 509 / 2000
2026-03-11 15:40:27.720 | INFO     | __main__:<module>:220 - Training time taken = 232.83 seconds, Evaluation time taken = nan seconds, loss = 0.0299, fid = None
2026-03-11 15:40:27.720 | INFO     | __main__:<module>:157 - Epoch = 510 / 2000
2026-03-11 15:44:13.948 | INFO     | __main__:<module>:220 - Training time taken = 226.23 seconds, Evaluation time taken = nan seconds, loss = 0.03062, fid = None
2026-03-11 15:44:13.948 | INFO     | __main__:<module>:157 - Epoch = 511 / 2000
2026-03-11 15:48:01.412 | INFO     | __main__:<module>:220 - Training time taken = 227.46 seconds, Evaluation time taken = nan seconds, loss = 0.03014, fid = None
2026-03-11 15:48:01.413 | INFO     | __main__:<module>:157 - Epoch = 512 / 2000
2026-03-11 15:51:53.563 | INFO     | __main__:<module>:220 - Training time taken = 232.15 seconds, Evaluation time taken = nan seconds, loss = 0.03095, fid = None
2026-03-11 15:51:53.564 | INFO     | __main__:<module>:157 - Epoch = 513 / 2000
2026-03-11 15:55:45.123 | INFO     | __main__:<module>:220 - Training time taken = 231.56 seconds, Evaluation time taken = nan seconds, loss = 0.03035, fid = None
2026-03-11 15:55:45.124 | INFO     | __main__:<module>:157 - Epoch = 514 / 2000
2026-03-11 15:59:37.125 | INFO     | __main__:<module>:220 - Training time taken = 232.0 seconds, Evaluation time taken = nan seconds, loss = 0.03025, fid = None
2026-03-11 15:59:37.125 | INFO     | __main__:<module>:157 - Epoch = 515 / 2000
2026-03-11 16:03:24.575 | INFO     | __main__:<module>:220 - Training time taken = 227.45 seconds, Evaluation time taken = nan seconds, loss = 0.03041, fid = None
2026-03-11 16:03:24.576 | INFO     | __main__:<module>:157 - Epoch = 516 / 2000
2026-03-11 16:07:12.895 | INFO     | __main__:<module>:220 - Training time taken = 228.32 seconds, Evaluation time taken = nan seconds, loss = 0.03068, fid = None
2026-03-11 16:07:12.896 | INFO     | __main__:<module>:157 - Epoch = 517 / 2000
2026-03-11 16:11:05.128 | INFO     | __main__:<module>:220 - Training time taken = 232.23 seconds, Evaluation time taken = nan seconds, loss = 0.03048, fid = None
2026-03-11 16:11:05.128 | INFO     | __main__:<module>:157 - Epoch = 518 / 2000
2026-03-11 16:15:04.590 | INFO     | __main__:<module>:220 - Training time taken = 239.46 seconds, Evaluation time taken = nan seconds, loss = 0.03034, fid = None
2026-03-11 16:15:04.590 | INFO     | __main__:<module>:157 - Epoch = 519 / 2000
2026-03-11 16:18:59.187 | INFO     | __main__:<module>:220 - Training time taken = 234.6 seconds, Evaluation time taken = nan seconds, loss = 0.03, fid = None
2026-03-11 16:18:59.188 | INFO     | __main__:<module>:157 - Epoch = 520 / 2000
2026-03-11 16:22:51.695 | INFO     | __main__:<module>:220 - Training time taken = 232.51 seconds, Evaluation time taken = nan seconds, loss = 0.03028, fid = None
2026-03-11 16:22:51.696 | INFO     | __main__:<module>:157 - Epoch = 521 / 2000
2026-03-11 16:26:47.517 | INFO     | __main__:<module>:220 - Training time taken = 235.82 seconds, Evaluation time taken = nan seconds, loss = 0.03016, fid = None
2026-03-11 16:26:47.518 | INFO     | __main__:<module>:157 - Epoch = 522 / 2000
2026-03-11 16:30:50.579 | INFO     | __main__:<module>:220 - Training time taken = 243.06 seconds, Evaluation time taken = nan seconds, loss = 0.0304, fid = None
2026-03-11 16:30:50.580 | INFO     | __main__:<module>:157 - Epoch = 523 / 2000
2026-03-11 16:34:50.004 | INFO     | __main__:<module>:220 - Training time taken = 239.42 seconds, Evaluation time taken = nan seconds, loss = 0.0306, fid = None
2026-03-11 16:34:50.004 | INFO     | __main__:<module>:157 - Epoch = 524 / 2000
2026-03-11 16:38:50.152 | INFO     | __main__:<module>:220 - Training time taken = 240.15 seconds, Evaluation time taken = nan seconds, loss = 0.03062, fid = None
2026-03-11 16:38:50.152 | INFO     | __main__:<module>:157 - Epoch = 525 / 2000
2026-03-11 16:42:50.498 | INFO     | __main__:<module>:220 - Training time taken = 240.32 seconds, Evaluation time taken = nan seconds, loss = 0.03066, fid = None
2026-03-11 16:42:50.498 | INFO     | __main__:<module>:157 - Epoch = 526 / 2000
2026-03-11 16:46:43.411 | INFO     | __main__:<module>:220 - Training time taken = 232.91 seconds, Evaluation time taken = nan seconds, loss = 0.03057, fid = None
2026-03-11 16:46:43.411 | INFO     | __main__:<module>:157 - Epoch = 527 / 2000
2026-03-11 16:50:34.535 | INFO     | __main__:<module>:220 - Training time taken = 231.12 seconds, Evaluation time taken = nan seconds, loss = 0.03033, fid = None
2026-03-11 16:50:34.536 | INFO     | __main__:<module>:157 - Epoch = 528 / 2000
2026-03-11 16:54:28.990 | INFO     | __main__:<module>:220 - Training time taken = 234.45 seconds, Evaluation time taken = nan seconds, loss = 0.03071, fid = None
2026-03-11 16:54:28.990 | INFO     | __main__:<module>:157 - Epoch = 529 / 2000
2026-03-11 16:58:24.496 | INFO     | __main__:<module>:220 - Training time taken = 235.5 seconds, Evaluation time taken = nan seconds, loss = 0.03055, fid = None
2026-03-11 16:58:24.497 | INFO     | __main__:<module>:157 - Epoch = 530 / 2000
2026-03-11 17:02:18.171 | INFO     | __main__:<module>:220 - Training time taken = 233.66 seconds, Evaluation time taken = nan seconds, loss = 0.03018, fid = None
2026-03-11 17:02:18.172 | INFO     | __main__:<module>:157 - Epoch = 531 / 2000
2026-03-11 17:06:16.239 | INFO     | __main__:<module>:220 - Training time taken = 238.07 seconds, Evaluation time taken = nan seconds, loss = 0.0303, fid = None
2026-03-11 17:06:16.240 | INFO     | __main__:<module>:157 - Epoch = 532 / 2000
2026-03-11 17:10:09.045 | INFO     | __main__:<module>:220 - Training time taken = 232.8 seconds, Evaluation time taken = nan seconds, loss = 0.0299, fid = None
2026-03-11 17:10:09.046 | INFO     | __main__:<module>:157 - Epoch = 533 / 2000
2026-03-11 17:14:10.571 | INFO     | __main__:<module>:220 - Training time taken = 241.52 seconds, Evaluation time taken = nan seconds, loss = 0.02993, fid = None
2026-03-11 17:14:10.572 | INFO     | __main__:<module>:157 - Epoch = 534 / 2000
2026-03-11 17:18:16.847 | INFO     | __main__:<module>:220 - Training time taken = 246.27 seconds, Evaluation time taken = nan seconds, loss = 0.02996, fid = None
2026-03-11 17:18:16.847 | INFO     | __main__:<module>:157 - Epoch = 535 / 2000
2026-03-11 17:22:14.529 | INFO     | __main__:<module>:220 - Training time taken = 237.68 seconds, Evaluation time taken = nan seconds, loss = 0.03045, fid = None
2026-03-11 17:22:14.529 | INFO     | __main__:<module>:157 - Epoch = 536 / 2000
2026-03-11 17:26:13.419 | INFO     | __main__:<module>:220 - Training time taken = 238.89 seconds, Evaluation time taken = nan seconds, loss = 0.02992, fid = None
2026-03-11 17:26:13.420 | INFO     | __main__:<module>:157 - Epoch = 537 / 2000
2026-03-11 17:30:04.899 | INFO     | __main__:<module>:220 - Training time taken = 231.48 seconds, Evaluation time taken = nan seconds, loss = 0.03056, fid = None
2026-03-11 17:30:04.900 | INFO     | __main__:<module>:157 - Epoch = 538 / 2000
2026-03-11 17:34:01.100 | INFO     | __main__:<module>:220 - Training time taken = 236.2 seconds, Evaluation time taken = nan seconds, loss = 0.03095, fid = None
2026-03-11 17:34:01.100 | INFO     | __main__:<module>:157 - Epoch = 539 / 2000
2026-03-11 17:37:58.353 | INFO     | __main__:<module>:220 - Training time taken = 237.23 seconds, Evaluation time taken = nan seconds, loss = 0.03046, fid = None
2026-03-11 17:37:58.353 | INFO     | __main__:<module>:157 - Epoch = 540 / 2000
2026-03-11 17:41:53.923 | INFO     | __main__:<module>:220 - Training time taken = 235.57 seconds, Evaluation time taken = nan seconds, loss = 0.03022, fid = None
2026-03-11 17:41:53.924 | INFO     | __main__:<module>:157 - Epoch = 541 / 2000
2026-03-11 17:45:48.572 | INFO     | __main__:<module>:220 - Training time taken = 234.65 seconds, Evaluation time taken = nan seconds, loss = 0.03016, fid = None
2026-03-11 17:45:48.572 | INFO     | __main__:<module>:157 - Epoch = 542 / 2000
2026-03-11 17:49:36.659 | INFO     | __main__:<module>:220 - Training time taken = 228.09 seconds, Evaluation time taken = nan seconds, loss = 0.03032, fid = None
2026-03-11 17:49:36.660 | INFO     | __main__:<module>:157 - Epoch = 543 / 2000
2026-03-11 17:53:29.644 | INFO     | __main__:<module>:220 - Training time taken = 232.98 seconds, Evaluation time taken = nan seconds, loss = 0.03025, fid = None
2026-03-11 17:53:29.644 | INFO     | __main__:<module>:157 - Epoch = 544 / 2000
2026-03-11 17:57:16.770 | INFO     | __main__:<module>:220 - Training time taken = 227.12 seconds, Evaluation time taken = nan seconds, loss = 0.03038, fid = None
2026-03-11 17:57:16.771 | INFO     | __main__:<module>:157 - Epoch = 545 / 2000
2026-03-11 18:01:03.603 | INFO     | __main__:<module>:220 - Training time taken = 226.83 seconds, Evaluation time taken = nan seconds, loss = 0.03039, fid = None
2026-03-11 18:01:03.604 | INFO     | __main__:<module>:157 - Epoch = 546 / 2000
2026-03-11 18:04:39.328 | INFO     | __main__:<module>:220 - Training time taken = 215.72 seconds, Evaluation time taken = nan seconds, loss = 0.03032, fid = None
2026-03-11 18:04:39.329 | INFO     | __main__:<module>:157 - Epoch = 547 / 2000
2026-03-11 18:08:03.252 | INFO     | __main__:<module>:220 - Training time taken = 203.92 seconds, Evaluation time taken = nan seconds, loss = 0.03092, fid = None
2026-03-11 18:08:03.253 | INFO     | __main__:<module>:157 - Epoch = 548 / 2000
2026-03-11 18:11:27.089 | INFO     | __main__:<module>:220 - Training time taken = 203.83 seconds, Evaluation time taken = nan seconds, loss = 0.03026, fid = None
2026-03-11 18:11:27.090 | INFO     | __main__:<module>:157 - Epoch = 549 / 2000
2026-03-11 18:14:50.117 | INFO     | __main__:<module>:220 - Training time taken = 203.03 seconds, Evaluation time taken = nan seconds, loss = 0.0307, fid = None
2026-03-11 18:14:50.117 | INFO     | __main__:<module>:157 - Epoch = 550 / 2000
2026-03-11 18:18:13.017 | INFO     | __main__:<module>:220 - Training time taken = 202.9 seconds, Evaluation time taken = nan seconds, loss = 0.03063, fid = None
2026-03-11 18:18:13.017 | INFO     | __main__:<module>:157 - Epoch = 551 / 2000
2026-03-11 18:21:37.409 | INFO     | __main__:<module>:220 - Training time taken = 204.39 seconds, Evaluation time taken = nan seconds, loss = 0.03017, fid = None
2026-03-11 18:21:37.409 | INFO     | __main__:<module>:157 - Epoch = 552 / 2000
2026-03-11 18:25:01.291 | INFO     | __main__:<module>:220 - Training time taken = 203.88 seconds, Evaluation time taken = nan seconds, loss = 0.03002, fid = None
2026-03-11 18:25:01.292 | INFO     | __main__:<module>:157 - Epoch = 553 / 2000
2026-03-11 18:28:24.324 | INFO     | __main__:<module>:220 - Training time taken = 203.03 seconds, Evaluation time taken = nan seconds, loss = 0.03015, fid = None
2026-03-11 18:28:24.324 | INFO     | __main__:<module>:157 - Epoch = 554 / 2000
2026-03-11 18:31:48.671 | INFO     | __main__:<module>:220 - Training time taken = 204.35 seconds, Evaluation time taken = nan seconds, loss = 0.03021, fid = None
2026-03-11 18:31:48.672 | INFO     | __main__:<module>:157 - Epoch = 555 / 2000
2026-03-11 18:35:12.452 | INFO     | __main__:<module>:220 - Training time taken = 203.78 seconds, Evaluation time taken = nan seconds, loss = 0.03012, fid = None
2026-03-11 18:35:12.452 | INFO     | __main__:<module>:157 - Epoch = 556 / 2000
2026-03-11 18:38:36.675 | INFO     | __main__:<module>:220 - Training time taken = 204.22 seconds, Evaluation time taken = nan seconds, loss = 0.03041, fid = None
2026-03-11 18:38:36.675 | INFO     | __main__:<module>:157 - Epoch = 557 / 2000
2026-03-11 18:42:01.304 | INFO     | __main__:<module>:220 - Training time taken = 204.63 seconds, Evaluation time taken = nan seconds, loss = 0.02989, fid = None
2026-03-11 18:42:01.305 | INFO     | __main__:<module>:157 - Epoch = 558 / 2000
2026-03-11 18:45:25.867 | INFO     | __main__:<module>:220 - Training time taken = 204.56 seconds, Evaluation time taken = nan seconds, loss = 0.03048, fid = None
2026-03-11 18:45:25.868 | INFO     | __main__:<module>:157 - Epoch = 559 / 2000
2026-03-11 18:48:50.878 | INFO     | __main__:<module>:220 - Training time taken = 205.01 seconds, Evaluation time taken = nan seconds, loss = 0.03039, fid = None
2026-03-11 18:48:50.878 | INFO     | __main__:<module>:157 - Epoch = 560 / 2000
2026-03-11 18:52:14.782 | INFO     | __main__:<module>:220 - Training time taken = 203.9 seconds, Evaluation time taken = nan seconds, loss = 0.03085, fid = None
2026-03-11 18:52:14.782 | INFO     | __main__:<module>:157 - Epoch = 561 / 2000
2026-03-11 18:55:39.697 | INFO     | __main__:<module>:220 - Training time taken = 204.91 seconds, Evaluation time taken = nan seconds, loss = 0.03035, fid = None
2026-03-11 18:55:39.698 | INFO     | __main__:<module>:157 - Epoch = 562 / 2000
2026-03-11 18:59:04.816 | INFO     | __main__:<module>:220 - Training time taken = 205.12 seconds, Evaluation time taken = nan seconds, loss = 0.03064, fid = None
2026-03-11 18:59:04.817 | INFO     | __main__:<module>:157 - Epoch = 563 / 2000
2026-03-11 19:02:29.772 | INFO     | __main__:<module>:220 - Training time taken = 204.95 seconds, Evaluation time taken = nan seconds, loss = 0.03077, fid = None
2026-03-11 19:02:29.773 | INFO     | __main__:<module>:157 - Epoch = 564 / 2000
2026-03-11 19:05:55.195 | INFO     | __main__:<module>:220 - Training time taken = 205.42 seconds, Evaluation time taken = nan seconds, loss = 0.03059, fid = None
2026-03-11 19:05:55.195 | INFO     | __main__:<module>:157 - Epoch = 565 / 2000
2026-03-11 19:09:20.739 | INFO     | __main__:<module>:220 - Training time taken = 205.54 seconds, Evaluation time taken = nan seconds, loss = 0.03054, fid = None
2026-03-11 19:09:20.740 | INFO     | __main__:<module>:157 - Epoch = 566 / 2000
2026-03-11 19:12:45.063 | INFO     | __main__:<module>:220 - Training time taken = 204.32 seconds, Evaluation time taken = nan seconds, loss = 0.03018, fid = None
2026-03-11 19:12:45.064 | INFO     | __main__:<module>:157 - Epoch = 567 / 2000
2026-03-11 19:16:09.941 | INFO     | __main__:<module>:220 - Training time taken = 204.88 seconds, Evaluation time taken = nan seconds, loss = 0.03055, fid = None
2026-03-11 19:16:09.942 | INFO     | __main__:<module>:157 - Epoch = 568 / 2000
2026-03-11 19:19:35.034 | INFO     | __main__:<module>:220 - Training time taken = 205.09 seconds, Evaluation time taken = nan seconds, loss = 0.03023, fid = None
2026-03-11 19:19:35.035 | INFO     | __main__:<module>:157 - Epoch = 569 / 2000
2026-03-11 19:22:59.786 | INFO     | __main__:<module>:220 - Training time taken = 204.75 seconds, Evaluation time taken = nan seconds, loss = 0.0298, fid = None
2026-03-11 19:22:59.786 | INFO     | __main__:<module>:157 - Epoch = 570 / 2000
2026-03-11 19:26:23.497 | INFO     | __main__:<module>:220 - Training time taken = 203.71 seconds, Evaluation time taken = nan seconds, loss = 0.0301, fid = None
2026-03-11 19:26:23.498 | INFO     | __main__:<module>:157 - Epoch = 571 / 2000
2026-03-11 19:29:47.420 | INFO     | __main__:<module>:220 - Training time taken = 203.92 seconds, Evaluation time taken = nan seconds, loss = 0.03029, fid = None
2026-03-11 19:29:47.420 | INFO     | __main__:<module>:157 - Epoch = 572 / 2000
2026-03-11 19:33:13.363 | INFO     | __main__:<module>:220 - Training time taken = 205.94 seconds, Evaluation time taken = nan seconds, loss = 0.03058, fid = None
2026-03-11 19:33:13.364 | INFO     | __main__:<module>:157 - Epoch = 573 / 2000
2026-03-11 19:36:37.328 | INFO     | __main__:<module>:220 - Training time taken = 203.96 seconds, Evaluation time taken = nan seconds, loss = 0.03028, fid = None
2026-03-11 19:36:37.328 | INFO     | __main__:<module>:157 - Epoch = 574 / 2000
2026-03-11 19:40:01.413 | INFO     | __main__:<module>:220 - Training time taken = 204.08 seconds, Evaluation time taken = nan seconds, loss = 0.0303, fid = None
2026-03-11 19:40:01.413 | INFO     | __main__:<module>:157 - Epoch = 575 / 2000
2026-03-11 19:43:26.756 | INFO     | __main__:<module>:220 - Training time taken = 205.34 seconds, Evaluation time taken = nan seconds, loss = 0.03082, fid = None
2026-03-11 19:43:26.756 | INFO     | __main__:<module>:157 - Epoch = 576 / 2000
2026-03-11 19:46:52.010 | INFO     | __main__:<module>:220 - Training time taken = 205.25 seconds, Evaluation time taken = nan seconds, loss = 0.03014, fid = None
2026-03-11 19:46:52.012 | INFO     | __main__:<module>:157 - Epoch = 577 / 2000
2026-03-11 19:50:16.956 | INFO     | __main__:<module>:220 - Training time taken = 204.94 seconds, Evaluation time taken = nan seconds, loss = 0.03019, fid = None
2026-03-11 19:50:16.957 | INFO     | __main__:<module>:157 - Epoch = 578 / 2000
2026-03-11 19:53:42.458 | INFO     | __main__:<module>:220 - Training time taken = 205.5 seconds, Evaluation time taken = nan seconds, loss = 0.03082, fid = None
2026-03-11 19:53:42.459 | INFO     | __main__:<module>:157 - Epoch = 579 / 2000
2026-03-11 19:57:08.000 | INFO     | __main__:<module>:220 - Training time taken = 205.54 seconds, Evaluation time taken = nan seconds, loss = 0.03001, fid = None
2026-03-11 19:57:08.001 | INFO     | __main__:<module>:157 - Epoch = 580 / 2000
2026-03-11 20:00:33.554 | INFO     | __main__:<module>:220 - Training time taken = 205.55 seconds, Evaluation time taken = nan seconds, loss = 0.03008, fid = None
2026-03-11 20:00:33.554 | INFO     | __main__:<module>:157 - Epoch = 581 / 2000
2026-03-11 20:03:59.132 | INFO     | __main__:<module>:220 - Training time taken = 205.58 seconds, Evaluation time taken = nan seconds, loss = 0.02991, fid = None
2026-03-11 20:03:59.132 | INFO     | __main__:<module>:157 - Epoch = 582 / 2000
2026-03-11 20:07:23.641 | INFO     | __main__:<module>:220 - Training time taken = 204.51 seconds, Evaluation time taken = nan seconds, loss = 0.02992, fid = None
2026-03-11 20:07:23.641 | INFO     | __main__:<module>:157 - Epoch = 583 / 2000
2026-03-11 20:10:49.460 | INFO     | __main__:<module>:220 - Training time taken = 205.82 seconds, Evaluation time taken = nan seconds, loss = 0.02988, fid = None
2026-03-11 20:10:49.461 | INFO     | __main__:<module>:157 - Epoch = 584 / 2000
2026-03-11 20:14:14.107 | INFO     | __main__:<module>:220 - Training time taken = 204.64 seconds, Evaluation time taken = nan seconds, loss = 0.03011, fid = None
2026-03-11 20:14:14.107 | INFO     | __main__:<module>:157 - Epoch = 585 / 2000
2026-03-11 20:17:39.105 | INFO     | __main__:<module>:220 - Training time taken = 205.0 seconds, Evaluation time taken = nan seconds, loss = 0.03025, fid = None
2026-03-11 20:17:39.106 | INFO     | __main__:<module>:157 - Epoch = 586 / 2000
2026-03-11 20:21:04.074 | INFO     | __main__:<module>:220 - Training time taken = 204.97 seconds, Evaluation time taken = nan seconds, loss = 0.03059, fid = None
2026-03-11 20:21:04.075 | INFO     | __main__:<module>:157 - Epoch = 587 / 2000
2026-03-11 20:24:28.802 | INFO     | __main__:<module>:220 - Training time taken = 204.73 seconds, Evaluation time taken = nan seconds, loss = 0.03008, fid = None
2026-03-11 20:24:28.803 | INFO     | __main__:<module>:157 - Epoch = 588 / 2000
2026-03-11 20:27:52.986 | INFO     | __main__:<module>:220 - Training time taken = 204.18 seconds, Evaluation time taken = nan seconds, loss = 0.03035, fid = None
2026-03-11 20:27:52.987 | INFO     | __main__:<module>:157 - Epoch = 589 / 2000
2026-03-11 20:31:17.337 | INFO     | __main__:<module>:220 - Training time taken = 204.35 seconds, Evaluation time taken = nan seconds, loss = 0.03034, fid = None
2026-03-11 20:31:17.338 | INFO     | __main__:<module>:157 - Epoch = 590 / 2000
2026-03-11 20:34:42.337 | INFO     | __main__:<module>:220 - Training time taken = 205.0 seconds, Evaluation time taken = nan seconds, loss = 0.03058, fid = None
2026-03-11 20:34:42.338 | INFO     | __main__:<module>:157 - Epoch = 591 / 2000
2026-03-11 20:38:07.561 | INFO     | __main__:<module>:220 - Training time taken = 205.22 seconds, Evaluation time taken = nan seconds, loss = 0.03035, fid = None
2026-03-11 20:38:07.562 | INFO     | __main__:<module>:157 - Epoch = 592 / 2000
2026-03-11 20:41:32.351 | INFO     | __main__:<module>:220 - Training time taken = 204.79 seconds, Evaluation time taken = nan seconds, loss = 0.03017, fid = None
2026-03-11 20:41:32.352 | INFO     | __main__:<module>:157 - Epoch = 593 / 2000
2026-03-11 20:44:57.375 | INFO     | __main__:<module>:220 - Training time taken = 205.02 seconds, Evaluation time taken = nan seconds, loss = 0.02996, fid = None
2026-03-11 20:44:57.375 | INFO     | __main__:<module>:157 - Epoch = 594 / 2000
2026-03-11 20:48:21.329 | INFO     | __main__:<module>:220 - Training time taken = 203.95 seconds, Evaluation time taken = nan seconds, loss = 0.03026, fid = None
2026-03-11 20:48:21.346 | INFO     | __main__:<module>:157 - Epoch = 595 / 2000
2026-03-11 20:51:45.955 | INFO     | __main__:<module>:220 - Training time taken = 204.61 seconds, Evaluation time taken = nan seconds, loss = 0.03016, fid = None
2026-03-11 20:51:45.955 | INFO     | __main__:<module>:157 - Epoch = 596 / 2000
2026-03-11 20:55:10.478 | INFO     | __main__:<module>:220 - Training time taken = 204.52 seconds, Evaluation time taken = nan seconds, loss = 0.03058, fid = None
2026-03-11 20:55:10.478 | INFO     | __main__:<module>:157 - Epoch = 597 / 2000
2026-03-11 20:58:34.688 | INFO     | __main__:<module>:220 - Training time taken = 204.21 seconds, Evaluation time taken = nan seconds, loss = 0.03029, fid = None
2026-03-11 20:58:34.688 | INFO     | __main__:<module>:157 - Epoch = 598 / 2000
2026-03-11 21:01:58.876 | INFO     | __main__:<module>:220 - Training time taken = 204.19 seconds, Evaluation time taken = nan seconds, loss = 0.03035, fid = None
2026-03-11 21:01:58.877 | INFO     | __main__:<module>:157 - Epoch = 599 / 2000
2026-03-11 21:05:23.196 | INFO     | __main__:<module>:220 - Training time taken = 204.32 seconds, Evaluation time taken = nan seconds, loss = 0.03095, fid = None
2026-03-11 21:05:23.197 | INFO     | __main__:<module>:157 - Epoch = 600 / 2000
2026-03-11 21:08:47.521 | INFO     | __main__:<module>:220 - Training time taken = 204.32 seconds, Evaluation time taken = nan seconds, loss = 0.03012, fid = None
2026-03-11 21:08:47.521 | INFO     | __main__:<module>:157 - Epoch = 601 / 2000
2026-03-11 21:12:12.233 | INFO     | __main__:<module>:220 - Training time taken = 204.7 seconds, Evaluation time taken = nan seconds, loss = 0.03045, fid = None
2026-03-11 21:12:12.234 | INFO     | __main__:<module>:157 - Epoch = 602 / 2000
2026-03-11 21:15:36.945 | INFO     | __main__:<module>:220 - Training time taken = 204.71 seconds, Evaluation time taken = nan seconds, loss = 0.03012, fid = None
2026-03-11 21:15:36.946 | INFO     | __main__:<module>:157 - Epoch = 603 / 2000
2026-03-11 21:19:01.247 | INFO     | __main__:<module>:220 - Training time taken = 204.3 seconds, Evaluation time taken = nan seconds, loss = 0.03015, fid = None
2026-03-11 21:19:01.248 | INFO     | __main__:<module>:157 - Epoch = 604 / 2000
2026-03-11 21:22:25.732 | INFO     | __main__:<module>:220 - Training time taken = 204.48 seconds, Evaluation time taken = nan seconds, loss = 0.03031, fid = None
2026-03-11 21:22:25.732 | INFO     | __main__:<module>:157 - Epoch = 605 / 2000
2026-03-11 21:25:50.548 | INFO     | __main__:<module>:220 - Training time taken = 204.81 seconds, Evaluation time taken = nan seconds, loss = 0.03055, fid = None
2026-03-11 21:25:50.548 | INFO     | __main__:<module>:157 - Epoch = 606 / 2000
2026-03-11 21:29:15.638 | INFO     | __main__:<module>:220 - Training time taken = 205.09 seconds, Evaluation time taken = nan seconds, loss = 0.03051, fid = None
2026-03-11 21:29:15.639 | INFO     | __main__:<module>:157 - Epoch = 607 / 2000
2026-03-11 21:32:40.254 | INFO     | __main__:<module>:220 - Training time taken = 204.61 seconds, Evaluation time taken = nan seconds, loss = 0.03077, fid = None
2026-03-11 21:32:40.255 | INFO     | __main__:<module>:157 - Epoch = 608 / 2000
2026-03-11 21:36:04.475 | INFO     | __main__:<module>:220 - Training time taken = 204.22 seconds, Evaluation time taken = nan seconds, loss = 0.03017, fid = None
2026-03-11 21:36:04.475 | INFO     | __main__:<module>:157 - Epoch = 609 / 2000
2026-03-11 21:39:29.676 | INFO     | __main__:<module>:220 - Training time taken = 205.2 seconds, Evaluation time taken = nan seconds, loss = 0.02993, fid = None
2026-03-11 21:39:29.676 | INFO     | __main__:<module>:157 - Epoch = 610 / 2000
2026-03-11 21:42:54.620 | INFO     | __main__:<module>:220 - Training time taken = 204.94 seconds, Evaluation time taken = nan seconds, loss = 0.03063, fid = None
2026-03-11 21:42:54.620 | INFO     | __main__:<module>:157 - Epoch = 611 / 2000
2026-03-11 21:46:18.857 | INFO     | __main__:<module>:220 - Training time taken = 204.23 seconds, Evaluation time taken = nan seconds, loss = 0.03013, fid = None
2026-03-11 21:46:18.858 | INFO     | __main__:<module>:157 - Epoch = 612 / 2000
2026-03-11 21:49:43.817 | INFO     | __main__:<module>:220 - Training time taken = 204.96 seconds, Evaluation time taken = nan seconds, loss = 0.03047, fid = None
2026-03-11 21:49:43.817 | INFO     | __main__:<module>:157 - Epoch = 613 / 2000
2026-03-11 21:53:09.226 | INFO     | __main__:<module>:220 - Training time taken = 205.41 seconds, Evaluation time taken = nan seconds, loss = 0.03068, fid = None
2026-03-11 21:53:09.226 | INFO     | __main__:<module>:157 - Epoch = 614 / 2000
2026-03-11 21:56:33.599 | INFO     | __main__:<module>:220 - Training time taken = 204.37 seconds, Evaluation time taken = nan seconds, loss = 0.03084, fid = None
2026-03-11 21:56:33.599 | INFO     | __main__:<module>:157 - Epoch = 615 / 2000
2026-03-11 21:59:58.112 | INFO     | __main__:<module>:220 - Training time taken = 204.51 seconds, Evaluation time taken = nan seconds, loss = 0.03062, fid = None
2026-03-11 21:59:58.112 | INFO     | __main__:<module>:157 - Epoch = 616 / 2000
2026-03-11 22:03:22.631 | INFO     | __main__:<module>:220 - Training time taken = 204.52 seconds, Evaluation time taken = nan seconds, loss = 0.02993, fid = None
2026-03-11 22:03:22.632 | INFO     | __main__:<module>:157 - Epoch = 617 / 2000
2026-03-11 22:06:46.235 | INFO     | __main__:<module>:220 - Training time taken = 203.6 seconds, Evaluation time taken = nan seconds, loss = 0.02992, fid = None
2026-03-11 22:06:46.236 | INFO     | __main__:<module>:157 - Epoch = 618 / 2000
2026-03-11 22:10:11.052 | INFO     | __main__:<module>:220 - Training time taken = 204.81 seconds, Evaluation time taken = nan seconds, loss = 0.03042, fid = None
2026-03-11 22:10:11.052 | INFO     | __main__:<module>:157 - Epoch = 619 / 2000
2026-03-11 22:13:35.084 | INFO     | __main__:<module>:220 - Training time taken = 204.03 seconds, Evaluation time taken = nan seconds, loss = 0.03023, fid = None
2026-03-11 22:13:35.084 | INFO     | __main__:<module>:157 - Epoch = 620 / 2000
2026-03-11 22:16:58.907 | INFO     | __main__:<module>:220 - Training time taken = 203.82 seconds, Evaluation time taken = nan seconds, loss = 0.03003, fid = None
2026-03-11 22:16:58.907 | INFO     | __main__:<module>:157 - Epoch = 621 / 2000
2026-03-11 22:20:23.177 | INFO     | __main__:<module>:220 - Training time taken = 204.27 seconds, Evaluation time taken = nan seconds, loss = 0.03026, fid = None
2026-03-11 22:20:23.177 | INFO     | __main__:<module>:157 - Epoch = 622 / 2000
2026-03-11 22:23:47.507 | INFO     | __main__:<module>:220 - Training time taken = 204.33 seconds, Evaluation time taken = nan seconds, loss = 0.03063, fid = None
2026-03-11 22:23:47.507 | INFO     | __main__:<module>:157 - Epoch = 623 / 2000
2026-03-11 22:27:11.953 | INFO     | __main__:<module>:220 - Training time taken = 204.44 seconds, Evaluation time taken = nan seconds, loss = 0.0298, fid = None
2026-03-11 22:27:11.954 | INFO     | __main__:<module>:157 - Epoch = 624 / 2000
2026-03-11 22:30:36.222 | INFO     | __main__:<module>:220 - Training time taken = 204.27 seconds, Evaluation time taken = nan seconds, loss = 0.03029, fid = None
2026-03-11 22:30:36.222 | INFO     | __main__:<module>:157 - Epoch = 625 / 2000
2026-03-11 22:34:00.250 | INFO     | __main__:<module>:220 - Training time taken = 204.03 seconds, Evaluation time taken = nan seconds, loss = 0.03032, fid = None
2026-03-11 22:34:00.251 | INFO     | __main__:<module>:157 - Epoch = 626 / 2000
2026-03-11 22:37:24.189 | INFO     | __main__:<module>:220 - Training time taken = 203.94 seconds, Evaluation time taken = nan seconds, loss = 0.0305, fid = None
2026-03-11 22:37:24.189 | INFO     | __main__:<module>:157 - Epoch = 627 / 2000
2026-03-11 22:40:48.844 | INFO     | __main__:<module>:220 - Training time taken = 204.65 seconds, Evaluation time taken = nan seconds, loss = 0.0302, fid = None
2026-03-11 22:40:48.844 | INFO     | __main__:<module>:157 - Epoch = 628 / 2000
2026-03-11 22:44:13.693 | INFO     | __main__:<module>:220 - Training time taken = 204.85 seconds, Evaluation time taken = nan seconds, loss = 0.03063, fid = None
2026-03-11 22:44:13.693 | INFO     | __main__:<module>:157 - Epoch = 629 / 2000
2026-03-11 22:47:38.747 | INFO     | __main__:<module>:220 - Training time taken = 205.05 seconds, Evaluation time taken = nan seconds, loss = 0.0299, fid = None
2026-03-11 22:47:38.747 | INFO     | __main__:<module>:157 - Epoch = 630 / 2000
2026-03-11 22:51:04.077 | INFO     | __main__:<module>:220 - Training time taken = 205.33 seconds, Evaluation time taken = nan seconds, loss = 0.03051, fid = None
2026-03-11 22:51:04.078 | INFO     | __main__:<module>:157 - Epoch = 631 / 2000
2026-03-11 22:54:30.233 | INFO     | __main__:<module>:220 - Training time taken = 206.15 seconds, Evaluation time taken = nan seconds, loss = 0.03004, fid = None
2026-03-11 22:54:30.234 | INFO     | __main__:<module>:157 - Epoch = 632 / 2000
2026-03-11 22:57:55.821 | INFO     | __main__:<module>:220 - Training time taken = 205.59 seconds, Evaluation time taken = nan seconds, loss = 0.0303, fid = None
2026-03-11 22:57:55.822 | INFO     | __main__:<module>:157 - Epoch = 633 / 2000
2026-03-11 23:01:42.375 | INFO     | __main__:<module>:220 - Training time taken = 226.55 seconds, Evaluation time taken = nan seconds, loss = 0.03013, fid = None
2026-03-11 23:01:42.376 | INFO     | __main__:<module>:157 - Epoch = 634 / 2000
2026-03-11 23:05:18.412 | INFO     | __main__:<module>:220 - Training time taken = 216.04 seconds, Evaluation time taken = nan seconds, loss = 0.02993, fid = None
2026-03-11 23:05:18.413 | INFO     | __main__:<module>:157 - Epoch = 635 / 2000
2026-03-11 23:08:47.481 | INFO     | __main__:<module>:220 - Training time taken = 209.07 seconds, Evaluation time taken = nan seconds, loss = 0.03039, fid = None
2026-03-11 23:08:47.482 | INFO     | __main__:<module>:157 - Epoch = 636 / 2000
2026-03-11 23:12:11.729 | INFO     | __main__:<module>:220 - Training time taken = 204.24 seconds, Evaluation time taken = nan seconds, loss = 0.03018, fid = None
2026-03-11 23:12:11.729 | INFO     | __main__:<module>:157 - Epoch = 637 / 2000
2026-03-11 23:15:36.564 | INFO     | __main__:<module>:220 - Training time taken = 204.83 seconds, Evaluation time taken = nan seconds, loss = 0.02981, fid = None
2026-03-11 23:15:36.564 | INFO     | __main__:<module>:157 - Epoch = 638 / 2000
2026-03-11 23:19:01.243 | INFO     | __main__:<module>:220 - Training time taken = 204.68 seconds, Evaluation time taken = nan seconds, loss = 0.03029, fid = None
2026-03-11 23:19:01.244 | INFO     | __main__:<module>:157 - Epoch = 639 / 2000
2026-03-11 23:22:25.733 | INFO     | __main__:<module>:220 - Training time taken = 204.49 seconds, Evaluation time taken = nan seconds, loss = 0.03032, fid = None
2026-03-11 23:22:25.734 | INFO     | __main__:<module>:157 - Epoch = 640 / 2000
2026-03-11 23:25:50.315 | INFO     | __main__:<module>:220 - Training time taken = 204.58 seconds, Evaluation time taken = nan seconds, loss = 0.02994, fid = None
2026-03-11 23:25:50.316 | INFO     | __main__:<module>:157 - Epoch = 641 / 2000
2026-03-11 23:29:15.348 | INFO     | __main__:<module>:220 - Training time taken = 205.03 seconds, Evaluation time taken = nan seconds, loss = 0.03014, fid = None
2026-03-11 23:29:15.349 | INFO     | __main__:<module>:157 - Epoch = 642 / 2000
2026-03-11 23:32:39.474 | INFO     | __main__:<module>:220 - Training time taken = 204.12 seconds, Evaluation time taken = nan seconds, loss = 0.03032, fid = None
2026-03-11 23:32:39.474 | INFO     | __main__:<module>:157 - Epoch = 643 / 2000
2026-03-11 23:36:08.377 | INFO     | __main__:<module>:220 - Training time taken = 208.9 seconds, Evaluation time taken = nan seconds, loss = 0.02986, fid = None
2026-03-11 23:36:08.377 | INFO     | __main__:<module>:157 - Epoch = 644 / 2000
2026-03-11 23:39:39.058 | INFO     | __main__:<module>:220 - Training time taken = 210.68 seconds, Evaluation time taken = nan seconds, loss = 0.03006, fid = None
2026-03-11 23:39:39.059 | INFO     | __main__:<module>:157 - Epoch = 645 / 2000
2026-03-11 23:43:04.217 | INFO     | __main__:<module>:220 - Training time taken = 205.16 seconds, Evaluation time taken = nan seconds, loss = 0.02982, fid = None
2026-03-11 23:43:04.218 | INFO     | __main__:<module>:157 - Epoch = 646 / 2000
2026-03-11 23:46:28.463 | INFO     | __main__:<module>:220 - Training time taken = 204.24 seconds, Evaluation time taken = nan seconds, loss = 0.03039, fid = None
2026-03-11 23:46:28.464 | INFO     | __main__:<module>:157 - Epoch = 647 / 2000
2026-03-11 23:49:53.210 | INFO     | __main__:<module>:220 - Training time taken = 204.74 seconds, Evaluation time taken = nan seconds, loss = 0.03034, fid = None
2026-03-11 23:49:53.211 | INFO     | __main__:<module>:157 - Epoch = 648 / 2000
2026-03-11 23:53:17.208 | INFO     | __main__:<module>:220 - Training time taken = 204.0 seconds, Evaluation time taken = nan seconds, loss = 0.02991, fid = None
2026-03-11 23:53:17.208 | INFO     | __main__:<module>:157 - Epoch = 649 / 2000
2026-03-11 23:56:42.650 | INFO     | __main__:<module>:220 - Training time taken = 205.44 seconds, Evaluation time taken = nan seconds, loss = 0.03012, fid = None
2026-03-11 23:56:42.651 | INFO     | __main__:<module>:157 - Epoch = 650 / 2000
2026-03-12 00:00:07.722 | INFO     | __main__:<module>:220 - Training time taken = 205.07 seconds, Evaluation time taken = nan seconds, loss = 0.03033, fid = None
2026-03-12 00:00:07.722 | INFO     | __main__:<module>:157 - Epoch = 651 / 2000
2026-03-12 00:03:32.378 | INFO     | __main__:<module>:220 - Training time taken = 204.65 seconds, Evaluation time taken = nan seconds, loss = 0.02994, fid = None
2026-03-12 00:03:32.378 | INFO     | __main__:<module>:157 - Epoch = 652 / 2000
2026-03-12 00:06:57.805 | INFO     | __main__:<module>:220 - Training time taken = 205.42 seconds, Evaluation time taken = nan seconds, loss = 0.0296, fid = None
2026-03-12 00:06:57.805 | INFO     | __main__:<module>:157 - Epoch = 653 / 2000
2026-03-12 00:10:22.564 | INFO     | __main__:<module>:220 - Training time taken = 204.76 seconds, Evaluation time taken = nan seconds, loss = 0.03028, fid = None
2026-03-12 00:10:22.565 | INFO     | __main__:<module>:157 - Epoch = 654 / 2000
2026-03-12 00:13:48.440 | INFO     | __main__:<module>:220 - Training time taken = 205.87 seconds, Evaluation time taken = nan seconds, loss = 0.02988, fid = None
2026-03-12 00:13:48.441 | INFO     | __main__:<module>:157 - Epoch = 655 / 2000
2026-03-12 00:17:14.444 | INFO     | __main__:<module>:220 - Training time taken = 206.0 seconds, Evaluation time taken = nan seconds, loss = 0.02998, fid = None
2026-03-12 00:17:14.445 | INFO     | __main__:<module>:157 - Epoch = 656 / 2000
2026-03-12 00:20:39.191 | INFO     | __main__:<module>:220 - Training time taken = 204.74 seconds, Evaluation time taken = nan seconds, loss = 0.03006, fid = None
2026-03-12 00:20:39.192 | INFO     | __main__:<module>:157 - Epoch = 657 / 2000
2026-03-12 00:24:03.698 | INFO     | __main__:<module>:220 - Training time taken = 204.5 seconds, Evaluation time taken = nan seconds, loss = 0.03027, fid = None
2026-03-12 00:24:03.699 | INFO     | __main__:<module>:157 - Epoch = 658 / 2000
2026-03-12 00:27:29.386 | INFO     | __main__:<module>:220 - Training time taken = 205.68 seconds, Evaluation time taken = nan seconds, loss = 0.02992, fid = None
2026-03-12 00:27:29.386 | INFO     | __main__:<module>:157 - Epoch = 659 / 2000
2026-03-12 00:30:54.008 | INFO     | __main__:<module>:220 - Training time taken = 204.62 seconds, Evaluation time taken = nan seconds, loss = 0.02975, fid = None
2026-03-12 00:30:54.009 | INFO     | __main__:<module>:157 - Epoch = 660 / 2000
2026-03-12 00:34:18.862 | INFO     | __main__:<module>:220 - Training time taken = 204.85 seconds, Evaluation time taken = nan seconds, loss = 0.02995, fid = None
2026-03-12 00:34:18.862 | INFO     | __main__:<module>:157 - Epoch = 661 / 2000
2026-03-12 00:37:43.858 | INFO     | __main__:<module>:220 - Training time taken = 204.99 seconds, Evaluation time taken = nan seconds, loss = 0.03032, fid = None
2026-03-12 00:37:43.858 | INFO     | __main__:<module>:157 - Epoch = 662 / 2000
2026-03-12 00:41:08.551 | INFO     | __main__:<module>:220 - Training time taken = 204.69 seconds, Evaluation time taken = nan seconds, loss = 0.03, fid = None
2026-03-12 00:41:08.552 | INFO     | __main__:<module>:157 - Epoch = 663 / 2000
2026-03-12 00:44:32.500 | INFO     | __main__:<module>:220 - Training time taken = 203.95 seconds, Evaluation time taken = nan seconds, loss = 0.02995, fid = None
2026-03-12 00:44:32.500 | INFO     | __main__:<module>:157 - Epoch = 664 / 2000
2026-03-12 00:47:57.887 | INFO     | __main__:<module>:220 - Training time taken = 205.39 seconds, Evaluation time taken = nan seconds, loss = 0.0304, fid = None
2026-03-12 00:47:57.888 | INFO     | __main__:<module>:157 - Epoch = 665 / 2000
2026-03-12 00:51:23.666 | INFO     | __main__:<module>:220 - Training time taken = 205.78 seconds, Evaluation time taken = nan seconds, loss = 0.03043, fid = None
2026-03-12 00:51:23.667 | INFO     | __main__:<module>:157 - Epoch = 666 / 2000
2026-03-12 00:54:48.589 | INFO     | __main__:<module>:220 - Training time taken = 204.92 seconds, Evaluation time taken = nan seconds, loss = 0.03008, fid = None
2026-03-12 00:54:48.589 | INFO     | __main__:<module>:157 - Epoch = 667 / 2000
2026-03-12 00:58:13.662 | INFO     | __main__:<module>:220 - Training time taken = 205.07 seconds, Evaluation time taken = nan seconds, loss = 0.0296, fid = None
2026-03-12 00:58:13.662 | INFO     | __main__:<module>:157 - Epoch = 668 / 2000
2026-03-12 01:01:38.342 | INFO     | __main__:<module>:220 - Training time taken = 204.68 seconds, Evaluation time taken = nan seconds, loss = 0.02956, fid = None
2026-03-12 01:01:38.343 | INFO     | __main__:<module>:157 - Epoch = 669 / 2000
2026-03-12 01:05:03.007 | INFO     | __main__:<module>:220 - Training time taken = 204.66 seconds, Evaluation time taken = nan seconds, loss = 0.03025, fid = None
2026-03-12 01:05:03.008 | INFO     | __main__:<module>:157 - Epoch = 670 / 2000
2026-03-12 01:08:27.650 | INFO     | __main__:<module>:220 - Training time taken = 204.64 seconds, Evaluation time taken = nan seconds, loss = 0.02993, fid = None
2026-03-12 01:08:27.651 | INFO     | __main__:<module>:157 - Epoch = 671 / 2000
2026-03-12 01:11:52.503 | INFO     | __main__:<module>:220 - Training time taken = 204.85 seconds, Evaluation time taken = nan seconds, loss = 0.0298, fid = None
2026-03-12 01:11:52.503 | INFO     | __main__:<module>:157 - Epoch = 672 / 2000
2026-03-12 01:15:17.125 | INFO     | __main__:<module>:220 - Training time taken = 204.62 seconds, Evaluation time taken = nan seconds, loss = 0.03063, fid = None
2026-03-12 01:15:17.126 | INFO     | __main__:<module>:157 - Epoch = 673 / 2000
2026-03-12 01:18:42.369 | INFO     | __main__:<module>:220 - Training time taken = 205.24 seconds, Evaluation time taken = nan seconds, loss = 0.02968, fid = None
2026-03-12 01:18:42.369 | INFO     | __main__:<module>:157 - Epoch = 674 / 2000
2026-03-12 01:22:07.466 | INFO     | __main__:<module>:220 - Training time taken = 205.1 seconds, Evaluation time taken = nan seconds, loss = 0.03013, fid = None
2026-03-12 01:22:07.467 | INFO     | __main__:<module>:157 - Epoch = 675 / 2000
2026-03-12 01:25:32.279 | INFO     | __main__:<module>:220 - Training time taken = 204.81 seconds, Evaluation time taken = nan seconds, loss = 0.02948, fid = None
2026-03-12 01:25:32.280 | INFO     | __main__:<module>:157 - Epoch = 676 / 2000
2026-03-12 01:28:57.355 | INFO     | __main__:<module>:220 - Training time taken = 205.07 seconds, Evaluation time taken = nan seconds, loss = 0.03027, fid = None
2026-03-12 01:28:57.355 | INFO     | __main__:<module>:157 - Epoch = 677 / 2000
2026-03-12 01:32:21.610 | INFO     | __main__:<module>:220 - Training time taken = 204.25 seconds, Evaluation time taken = nan seconds, loss = 0.03031, fid = None
2026-03-12 01:32:21.611 | INFO     | __main__:<module>:157 - Epoch = 678 / 2000
2026-03-12 01:35:46.572 | INFO     | __main__:<module>:220 - Training time taken = 204.96 seconds, Evaluation time taken = nan seconds, loss = 0.02999, fid = None
2026-03-12 01:35:46.572 | INFO     | __main__:<module>:157 - Epoch = 679 / 2000
2026-03-12 01:39:11.599 | INFO     | __main__:<module>:220 - Training time taken = 205.02 seconds, Evaluation time taken = nan seconds, loss = 0.03, fid = None
2026-03-12 01:39:11.599 | INFO     | __main__:<module>:157 - Epoch = 680 / 2000
2026-03-12 01:42:36.047 | INFO     | __main__:<module>:220 - Training time taken = 204.45 seconds, Evaluation time taken = nan seconds, loss = 0.03049, fid = None
2026-03-12 01:42:36.047 | INFO     | __main__:<module>:157 - Epoch = 681 / 2000
2026-03-12 01:46:00.619 | INFO     | __main__:<module>:220 - Training time taken = 204.57 seconds, Evaluation time taken = nan seconds, loss = 0.03017, fid = None
2026-03-12 01:46:00.619 | INFO     | __main__:<module>:157 - Epoch = 682 / 2000
2026-03-12 01:49:26.090 | INFO     | __main__:<module>:220 - Training time taken = 205.47 seconds, Evaluation time taken = nan seconds, loss = 0.02967, fid = None
2026-03-12 01:49:26.091 | INFO     | __main__:<module>:157 - Epoch = 683 / 2000
2026-03-12 01:52:50.873 | INFO     | __main__:<module>:220 - Training time taken = 204.78 seconds, Evaluation time taken = nan seconds, loss = 0.03016, fid = None
2026-03-12 01:52:50.873 | INFO     | __main__:<module>:157 - Epoch = 684 / 2000
2026-03-12 01:56:16.458 | INFO     | __main__:<module>:220 - Training time taken = 205.58 seconds, Evaluation time taken = nan seconds, loss = 0.03057, fid = None
2026-03-12 01:56:16.458 | INFO     | __main__:<module>:157 - Epoch = 685 / 2000
2026-03-12 01:59:41.446 | INFO     | __main__:<module>:220 - Training time taken = 204.99 seconds, Evaluation time taken = nan seconds, loss = 0.02987, fid = None
2026-03-12 01:59:41.446 | INFO     | __main__:<module>:157 - Epoch = 686 / 2000
2026-03-12 02:03:06.044 | INFO     | __main__:<module>:220 - Training time taken = 204.6 seconds, Evaluation time taken = nan seconds, loss = 0.03011, fid = None
2026-03-12 02:03:06.044 | INFO     | __main__:<module>:157 - Epoch = 687 / 2000
2026-03-12 02:06:30.881 | INFO     | __main__:<module>:220 - Training time taken = 204.84 seconds, Evaluation time taken = nan seconds, loss = 0.03007, fid = None
2026-03-12 02:06:30.881 | INFO     | __main__:<module>:157 - Epoch = 688 / 2000
2026-03-12 02:09:56.107 | INFO     | __main__:<module>:220 - Training time taken = 205.22 seconds, Evaluation time taken = nan seconds, loss = 0.03054, fid = None
2026-03-12 02:09:56.107 | INFO     | __main__:<module>:157 - Epoch = 689 / 2000
2026-03-12 02:13:20.852 | INFO     | __main__:<module>:220 - Training time taken = 204.74 seconds, Evaluation time taken = nan seconds, loss = 0.03016, fid = None
2026-03-12 02:13:20.852 | INFO     | __main__:<module>:157 - Epoch = 690 / 2000
2026-03-12 02:16:46.068 | INFO     | __main__:<module>:220 - Training time taken = 205.21 seconds, Evaluation time taken = nan seconds, loss = 0.03024, fid = None
2026-03-12 02:16:46.068 | INFO     | __main__:<module>:157 - Epoch = 691 / 2000
2026-03-12 02:20:11.156 | INFO     | __main__:<module>:220 - Training time taken = 205.09 seconds, Evaluation time taken = nan seconds, loss = 0.03065, fid = None
2026-03-12 02:20:11.157 | INFO     | __main__:<module>:157 - Epoch = 692 / 2000
2026-03-12 02:23:35.256 | INFO     | __main__:<module>:220 - Training time taken = 204.1 seconds, Evaluation time taken = nan seconds, loss = 0.03036, fid = None
2026-03-12 02:23:35.257 | INFO     | __main__:<module>:157 - Epoch = 693 / 2000
2026-03-12 02:27:00.028 | INFO     | __main__:<module>:220 - Training time taken = 204.77 seconds, Evaluation time taken = nan seconds, loss = 0.03021, fid = None
2026-03-12 02:27:00.029 | INFO     | __main__:<module>:157 - Epoch = 694 / 2000
2026-03-12 02:30:24.935 | INFO     | __main__:<module>:220 - Training time taken = 204.91 seconds, Evaluation time taken = nan seconds, loss = 0.0299, fid = None
2026-03-12 02:30:24.936 | INFO     | __main__:<module>:157 - Epoch = 695 / 2000
2026-03-12 02:33:49.525 | INFO     | __main__:<module>:220 - Training time taken = 204.59 seconds, Evaluation time taken = nan seconds, loss = 0.03012, fid = None
2026-03-12 02:33:49.525 | INFO     | __main__:<module>:157 - Epoch = 696 / 2000
2026-03-12 02:37:14.815 | INFO     | __main__:<module>:220 - Training time taken = 205.29 seconds, Evaluation time taken = nan seconds, loss = 0.02994, fid = None
2026-03-12 02:37:14.815 | INFO     | __main__:<module>:157 - Epoch = 697 / 2000
2026-03-12 02:40:39.565 | INFO     | __main__:<module>:220 - Training time taken = 204.75 seconds, Evaluation time taken = nan seconds, loss = 0.02961, fid = None
2026-03-12 02:40:39.565 | INFO     | __main__:<module>:157 - Epoch = 698 / 2000
2026-03-12 02:44:04.865 | INFO     | __main__:<module>:220 - Training time taken = 205.3 seconds, Evaluation time taken = nan seconds, loss = 0.03028, fid = None
2026-03-12 02:44:04.865 | INFO     | __main__:<module>:157 - Epoch = 699 / 2000
2026-03-12 02:47:29.917 | INFO     | __main__:<module>:220 - Training time taken = 205.05 seconds, Evaluation time taken = nan seconds, loss = 0.03042, fid = None
2026-03-12 02:47:29.918 | INFO     | __main__:<module>:157 - Epoch = 700 / 2000
2026-03-12 02:50:55.124 | INFO     | __main__:<module>:220 - Training time taken = 205.2 seconds, Evaluation time taken = nan seconds, loss = 0.03016, fid = None
2026-03-12 02:50:55.125 | INFO     | __main__:<module>:157 - Epoch = 701 / 2000
2026-03-12 02:54:19.523 | INFO     | __main__:<module>:220 - Training time taken = 204.4 seconds, Evaluation time taken = nan seconds, loss = 0.03057, fid = None
2026-03-12 02:54:19.523 | INFO     | __main__:<module>:157 - Epoch = 702 / 2000
2026-03-12 02:57:44.144 | INFO     | __main__:<module>:220 - Training time taken = 204.62 seconds, Evaluation time taken = nan seconds, loss = 0.0298, fid = None
2026-03-12 02:57:44.144 | INFO     | __main__:<module>:157 - Epoch = 703 / 2000
2026-03-12 03:01:09.163 | INFO     | __main__:<module>:220 - Training time taken = 205.02 seconds, Evaluation time taken = nan seconds, loss = 0.0306, fid = None
2026-03-12 03:01:09.163 | INFO     | __main__:<module>:157 - Epoch = 704 / 2000
2026-03-12 03:04:34.190 | INFO     | __main__:<module>:220 - Training time taken = 205.02 seconds, Evaluation time taken = nan seconds, loss = 0.03051, fid = None
2026-03-12 03:04:34.190 | INFO     | __main__:<module>:157 - Epoch = 705 / 2000
2026-03-12 03:07:59.182 | INFO     | __main__:<module>:220 - Training time taken = 204.99 seconds, Evaluation time taken = nan seconds, loss = 0.02981, fid = None
2026-03-12 03:07:59.183 | INFO     | __main__:<module>:157 - Epoch = 706 / 2000
2026-03-12 03:11:23.939 | INFO     | __main__:<module>:220 - Training time taken = 204.75 seconds, Evaluation time taken = nan seconds, loss = 0.03053, fid = None
2026-03-12 03:11:23.940 | INFO     | __main__:<module>:157 - Epoch = 707 / 2000
2026-03-12 03:14:48.222 | INFO     | __main__:<module>:220 - Training time taken = 204.28 seconds, Evaluation time taken = nan seconds, loss = 0.03011, fid = None
2026-03-12 03:14:48.222 | INFO     | __main__:<module>:157 - Epoch = 708 / 2000
2026-03-12 03:18:13.341 | INFO     | __main__:<module>:220 - Training time taken = 205.12 seconds, Evaluation time taken = nan seconds, loss = 0.03042, fid = None
2026-03-12 03:18:13.341 | INFO     | __main__:<module>:157 - Epoch = 709 / 2000
2026-03-12 03:21:38.405 | INFO     | __main__:<module>:220 - Training time taken = 205.06 seconds, Evaluation time taken = nan seconds, loss = 0.03006, fid = None
2026-03-12 03:21:38.406 | INFO     | __main__:<module>:157 - Epoch = 710 / 2000
2026-03-12 03:25:03.179 | INFO     | __main__:<module>:220 - Training time taken = 204.77 seconds, Evaluation time taken = nan seconds, loss = 0.03021, fid = None
2026-03-12 03:25:03.180 | INFO     | __main__:<module>:157 - Epoch = 711 / 2000
2026-03-12 03:28:28.910 | INFO     | __main__:<module>:220 - Training time taken = 205.73 seconds, Evaluation time taken = nan seconds, loss = 0.03024, fid = None
2026-03-12 03:28:28.911 | INFO     | __main__:<module>:157 - Epoch = 712 / 2000
2026-03-12 03:31:53.613 | INFO     | __main__:<module>:220 - Training time taken = 204.7 seconds, Evaluation time taken = nan seconds, loss = 0.03042, fid = None
2026-03-12 03:31:53.613 | INFO     | __main__:<module>:157 - Epoch = 713 / 2000
2026-03-12 03:35:18.147 | INFO     | __main__:<module>:220 - Training time taken = 204.53 seconds, Evaluation time taken = nan seconds, loss = 0.03009, fid = None
2026-03-12 03:35:18.147 | INFO     | __main__:<module>:157 - Epoch = 714 / 2000
2026-03-12 03:38:42.391 | INFO     | __main__:<module>:220 - Training time taken = 204.24 seconds, Evaluation time taken = nan seconds, loss = 0.03039, fid = None
2026-03-12 03:38:42.392 | INFO     | __main__:<module>:157 - Epoch = 715 / 2000
2026-03-12 03:42:06.881 | INFO     | __main__:<module>:220 - Training time taken = 204.49 seconds, Evaluation time taken = nan seconds, loss = 0.02977, fid = None
2026-03-12 03:42:06.881 | INFO     | __main__:<module>:157 - Epoch = 716 / 2000
2026-03-12 03:45:31.620 | INFO     | __main__:<module>:220 - Training time taken = 204.74 seconds, Evaluation time taken = nan seconds, loss = 0.03038, fid = None
2026-03-12 03:45:31.620 | INFO     | __main__:<module>:157 - Epoch = 717 / 2000
2026-03-12 03:48:56.804 | INFO     | __main__:<module>:220 - Training time taken = 205.18 seconds, Evaluation time taken = nan seconds, loss = 0.03025, fid = None
2026-03-12 03:48:56.804 | INFO     | __main__:<module>:157 - Epoch = 718 / 2000
2026-03-12 03:52:22.673 | INFO     | __main__:<module>:220 - Training time taken = 205.87 seconds, Evaluation time taken = nan seconds, loss = 0.0301, fid = None
2026-03-12 03:52:22.674 | INFO     | __main__:<module>:157 - Epoch = 719 / 2000
2026-03-12 03:55:47.528 | INFO     | __main__:<module>:220 - Training time taken = 204.85 seconds, Evaluation time taken = nan seconds, loss = 0.03051, fid = None
2026-03-12 03:55:47.528 | INFO     | __main__:<module>:157 - Epoch = 720 / 2000
2026-03-12 03:59:12.698 | INFO     | __main__:<module>:220 - Training time taken = 205.17 seconds, Evaluation time taken = nan seconds, loss = 0.03034, fid = None
2026-03-12 03:59:12.699 | INFO     | __main__:<module>:157 - Epoch = 721 / 2000
2026-03-12 04:02:37.707 | INFO     | __main__:<module>:220 - Training time taken = 205.01 seconds, Evaluation time taken = nan seconds, loss = 0.0301, fid = None
2026-03-12 04:02:37.707 | INFO     | __main__:<module>:157 - Epoch = 722 / 2000
2026-03-12 04:06:02.161 | INFO     | __main__:<module>:220 - Training time taken = 204.45 seconds, Evaluation time taken = nan seconds, loss = 0.0307, fid = None
2026-03-12 04:06:02.162 | INFO     | __main__:<module>:157 - Epoch = 723 / 2000
2026-03-12 04:09:26.973 | INFO     | __main__:<module>:220 - Training time taken = 204.81 seconds, Evaluation time taken = nan seconds, loss = 0.03002, fid = None
2026-03-12 04:09:26.973 | INFO     | __main__:<module>:157 - Epoch = 724 / 2000
2026-03-12 04:12:51.900 | INFO     | __main__:<module>:220 - Training time taken = 204.93 seconds, Evaluation time taken = nan seconds, loss = 0.03005, fid = None
2026-03-12 04:12:51.901 | INFO     | __main__:<module>:157 - Epoch = 725 / 2000
2026-03-12 04:16:16.780 | INFO     | __main__:<module>:220 - Training time taken = 204.88 seconds, Evaluation time taken = nan seconds, loss = 0.02949, fid = None
2026-03-12 04:16:16.780 | INFO     | __main__:<module>:157 - Epoch = 726 / 2000
2026-03-12 04:19:41.524 | INFO     | __main__:<module>:220 - Training time taken = 204.74 seconds, Evaluation time taken = nan seconds, loss = 0.03027, fid = None
2026-03-12 04:19:41.526 | INFO     | __main__:<module>:157 - Epoch = 727 / 2000
2026-03-12 04:23:06.161 | INFO     | __main__:<module>:220 - Training time taken = 204.63 seconds, Evaluation time taken = nan seconds, loss = 0.03001, fid = None
2026-03-12 04:23:06.162 | INFO     | __main__:<module>:157 - Epoch = 728 / 2000
2026-03-12 04:26:30.306 | INFO     | __main__:<module>:220 - Training time taken = 204.14 seconds, Evaluation time taken = nan seconds, loss = 0.03015, fid = None
2026-03-12 04:26:30.307 | INFO     | __main__:<module>:157 - Epoch = 729 / 2000
2026-03-12 04:29:55.773 | INFO     | __main__:<module>:220 - Training time taken = 205.46 seconds, Evaluation time taken = nan seconds, loss = 0.0302, fid = None
2026-03-12 04:29:55.774 | INFO     | __main__:<module>:157 - Epoch = 730 / 2000
2026-03-12 04:33:20.218 | INFO     | __main__:<module>:220 - Training time taken = 204.44 seconds, Evaluation time taken = nan seconds, loss = 0.03048, fid = None
2026-03-12 04:33:20.219 | INFO     | __main__:<module>:157 - Epoch = 731 / 2000
2026-03-12 04:36:44.793 | INFO     | __main__:<module>:220 - Training time taken = 204.57 seconds, Evaluation time taken = nan seconds, loss = 0.02972, fid = None
2026-03-12 04:36:44.793 | INFO     | __main__:<module>:157 - Epoch = 732 / 2000
2026-03-12 04:40:09.203 | INFO     | __main__:<module>:220 - Training time taken = 204.41 seconds, Evaluation time taken = nan seconds, loss = 0.03009, fid = None
2026-03-12 04:40:09.204 | INFO     | __main__:<module>:157 - Epoch = 733 / 2000
2026-03-12 04:43:33.987 | INFO     | __main__:<module>:220 - Training time taken = 204.78 seconds, Evaluation time taken = nan seconds, loss = 0.03097, fid = None
2026-03-12 04:43:33.987 | INFO     | __main__:<module>:157 - Epoch = 734 / 2000
2026-03-12 04:46:58.591 | INFO     | __main__:<module>:220 - Training time taken = 204.6 seconds, Evaluation time taken = nan seconds, loss = 0.03004, fid = None
2026-03-12 04:46:58.591 | INFO     | __main__:<module>:157 - Epoch = 735 / 2000
2026-03-12 04:50:23.021 | INFO     | __main__:<module>:220 - Training time taken = 204.43 seconds, Evaluation time taken = nan seconds, loss = 0.03034, fid = None
2026-03-12 04:50:23.021 | INFO     | __main__:<module>:157 - Epoch = 736 / 2000
2026-03-12 04:53:47.328 | INFO     | __main__:<module>:220 - Training time taken = 204.31 seconds, Evaluation time taken = nan seconds, loss = 0.03014, fid = None
2026-03-12 04:53:47.329 | INFO     | __main__:<module>:157 - Epoch = 737 / 2000
2026-03-12 04:57:12.922 | INFO     | __main__:<module>:220 - Training time taken = 205.59 seconds, Evaluation time taken = nan seconds, loss = 0.03019, fid = None
2026-03-12 04:57:12.923 | INFO     | __main__:<module>:157 - Epoch = 738 / 2000
2026-03-12 05:00:37.823 | INFO     | __main__:<module>:220 - Training time taken = 204.9 seconds, Evaluation time taken = nan seconds, loss = 0.03013, fid = None
2026-03-12 05:00:37.824 | INFO     | __main__:<module>:157 - Epoch = 739 / 2000
2026-03-12 05:04:02.521 | INFO     | __main__:<module>:220 - Training time taken = 204.69 seconds, Evaluation time taken = nan seconds, loss = 0.03003, fid = None
2026-03-12 05:04:02.521 | INFO     | __main__:<module>:157 - Epoch = 740 / 2000
2026-03-12 05:07:26.619 | INFO     | __main__:<module>:220 - Training time taken = 204.1 seconds, Evaluation time taken = nan seconds, loss = 0.02978, fid = None
2026-03-12 05:07:26.619 | INFO     | __main__:<module>:157 - Epoch = 741 / 2000
2026-03-12 05:10:51.291 | INFO     | __main__:<module>:220 - Training time taken = 204.67 seconds, Evaluation time taken = nan seconds, loss = 0.0302, fid = None
2026-03-12 05:10:51.291 | INFO     | __main__:<module>:157 - Epoch = 742 / 2000
2026-03-12 05:14:16.720 | INFO     | __main__:<module>:220 - Training time taken = 205.43 seconds, Evaluation time taken = nan seconds, loss = 0.02985, fid = None
2026-03-12 05:14:16.720 | INFO     | __main__:<module>:157 - Epoch = 743 / 2000
2026-03-12 05:17:40.994 | INFO     | __main__:<module>:220 - Training time taken = 204.27 seconds, Evaluation time taken = nan seconds, loss = 0.02967, fid = None
2026-03-12 05:17:40.995 | INFO     | __main__:<module>:157 - Epoch = 744 / 2000
2026-03-12 05:21:06.078 | INFO     | __main__:<module>:220 - Training time taken = 205.08 seconds, Evaluation time taken = nan seconds, loss = 0.02958, fid = None
2026-03-12 05:21:06.078 | INFO     | __main__:<module>:157 - Epoch = 745 / 2000
2026-03-12 05:24:30.683 | INFO     | __main__:<module>:220 - Training time taken = 204.6 seconds, Evaluation time taken = nan seconds, loss = 0.02972, fid = None
2026-03-12 05:24:30.683 | INFO     | __main__:<module>:157 - Epoch = 746 / 2000
2026-03-12 05:27:55.101 | INFO     | __main__:<module>:220 - Training time taken = 204.42 seconds, Evaluation time taken = nan seconds, loss = 0.03017, fid = None
2026-03-12 05:27:55.101 | INFO     | __main__:<module>:157 - Epoch = 747 / 2000
2026-03-12 05:31:19.679 | INFO     | __main__:<module>:220 - Training time taken = 204.58 seconds, Evaluation time taken = nan seconds, loss = 0.03026, fid = None
2026-03-12 05:31:19.680 | INFO     | __main__:<module>:157 - Epoch = 748 / 2000
2026-03-12 05:34:44.416 | INFO     | __main__:<module>:220 - Training time taken = 204.73 seconds, Evaluation time taken = nan seconds, loss = 0.0299, fid = None
2026-03-12 05:34:44.416 | INFO     | __main__:<module>:157 - Epoch = 749 / 2000
2026-03-12 05:38:08.888 | INFO     | __main__:<module>:220 - Training time taken = 204.47 seconds, Evaluation time taken = nan seconds, loss = 0.03009, fid = None
2026-03-12 05:38:08.888 | INFO     | __main__:<module>:157 - Epoch = 750 / 2000
2026-03-12 05:41:33.299 | INFO     | __main__:<module>:220 - Training time taken = 204.41 seconds, Evaluation time taken = nan seconds, loss = 0.03025, fid = None
2026-03-12 05:41:33.300 | INFO     | __main__:<module>:157 - Epoch = 751 / 2000
2026-03-12 05:44:57.696 | INFO     | __main__:<module>:220 - Training time taken = 204.39 seconds, Evaluation time taken = nan seconds, loss = 0.02986, fid = None
2026-03-12 05:44:57.697 | INFO     | __main__:<module>:157 - Epoch = 752 / 2000
2026-03-12 05:48:21.738 | INFO     | __main__:<module>:220 - Training time taken = 204.04 seconds, Evaluation time taken = nan seconds, loss = 0.02979, fid = None
2026-03-12 05:48:21.738 | INFO     | __main__:<module>:157 - Epoch = 753 / 2000
2026-03-12 05:51:46.511 | INFO     | __main__:<module>:220 - Training time taken = 204.77 seconds, Evaluation time taken = nan seconds, loss = 0.03028, fid = None
2026-03-12 05:51:46.511 | INFO     | __main__:<module>:157 - Epoch = 754 / 2000
2026-03-12 05:55:11.332 | INFO     | __main__:<module>:220 - Training time taken = 204.82 seconds, Evaluation time taken = nan seconds, loss = 0.03028, fid = None
2026-03-12 05:55:11.332 | INFO     | __main__:<module>:157 - Epoch = 755 / 2000
2026-03-12 05:58:36.241 | INFO     | __main__:<module>:220 - Training time taken = 204.91 seconds, Evaluation time taken = nan seconds, loss = 0.02958, fid = None
2026-03-12 05:58:36.241 | INFO     | __main__:<module>:157 - Epoch = 756 / 2000
2026-03-12 06:02:02.114 | INFO     | __main__:<module>:220 - Training time taken = 205.87 seconds, Evaluation time taken = nan seconds, loss = 0.02972, fid = None
2026-03-12 06:02:02.115 | INFO     | __main__:<module>:157 - Epoch = 757 / 2000
2026-03-12 06:05:27.169 | INFO     | __main__:<module>:220 - Training time taken = 205.05 seconds, Evaluation time taken = nan seconds, loss = 0.03008, fid = None
2026-03-12 06:05:27.170 | INFO     | __main__:<module>:157 - Epoch = 758 / 2000
2026-03-12 06:08:51.733 | INFO     | __main__:<module>:220 - Training time taken = 204.56 seconds, Evaluation time taken = nan seconds, loss = 0.02981, fid = None
2026-03-12 06:08:51.733 | INFO     | __main__:<module>:157 - Epoch = 759 / 2000
2026-03-12 06:12:17.023 | INFO     | __main__:<module>:220 - Training time taken = 205.29 seconds, Evaluation time taken = nan seconds, loss = 0.03051, fid = None
2026-03-12 06:12:17.024 | INFO     | __main__:<module>:157 - Epoch = 760 / 2000
2026-03-12 06:15:41.776 | INFO     | __main__:<module>:220 - Training time taken = 204.75 seconds, Evaluation time taken = nan seconds, loss = 0.03031, fid = None
2026-03-12 06:15:41.777 | INFO     | __main__:<module>:157 - Epoch = 761 / 2000
2026-03-12 06:19:06.108 | INFO     | __main__:<module>:220 - Training time taken = 204.33 seconds, Evaluation time taken = nan seconds, loss = 0.02992, fid = None
2026-03-12 06:19:06.109 | INFO     | __main__:<module>:157 - Epoch = 762 / 2000
2026-03-12 06:22:31.172 | INFO     | __main__:<module>:220 - Training time taken = 205.06 seconds, Evaluation time taken = nan seconds, loss = 0.03015, fid = None
2026-03-12 06:22:31.173 | INFO     | __main__:<module>:157 - Epoch = 763 / 2000
2026-03-12 06:25:55.995 | INFO     | __main__:<module>:220 - Training time taken = 204.82 seconds, Evaluation time taken = nan seconds, loss = 0.02993, fid = None
2026-03-12 06:25:55.995 | INFO     | __main__:<module>:157 - Epoch = 764 / 2000
2026-03-12 06:29:20.668 | INFO     | __main__:<module>:220 - Training time taken = 204.67 seconds, Evaluation time taken = nan seconds, loss = 0.02996, fid = None
2026-03-12 06:29:20.668 | INFO     | __main__:<module>:157 - Epoch = 765 / 2000
2026-03-12 06:32:45.336 | INFO     | __main__:<module>:220 - Training time taken = 204.67 seconds, Evaluation time taken = nan seconds, loss = 0.02988, fid = None
2026-03-12 06:32:45.337 | INFO     | __main__:<module>:157 - Epoch = 766 / 2000
2026-03-12 06:36:10.733 | INFO     | __main__:<module>:220 - Training time taken = 205.39 seconds, Evaluation time taken = nan seconds, loss = 0.03014, fid = None
2026-03-12 06:36:10.733 | INFO     | __main__:<module>:157 - Epoch = 767 / 2000
2026-03-12 06:39:35.932 | INFO     | __main__:<module>:220 - Training time taken = 205.2 seconds, Evaluation time taken = nan seconds, loss = 0.02971, fid = None
2026-03-12 06:39:35.932 | INFO     | __main__:<module>:157 - Epoch = 768 / 2000
2026-03-12 06:43:00.489 | INFO     | __main__:<module>:220 - Training time taken = 204.55 seconds, Evaluation time taken = nan seconds, loss = 0.0304, fid = None
2026-03-12 06:43:00.490 | INFO     | __main__:<module>:157 - Epoch = 769 / 2000
2026-03-12 06:46:24.575 | INFO     | __main__:<module>:220 - Training time taken = 204.08 seconds, Evaluation time taken = nan seconds, loss = 0.03012, fid = None
2026-03-12 06:46:24.576 | INFO     | __main__:<module>:157 - Epoch = 770 / 2000
2026-03-12 06:49:49.059 | INFO     | __main__:<module>:220 - Training time taken = 204.48 seconds, Evaluation time taken = nan seconds, loss = 0.02978, fid = None
2026-03-12 06:49:49.060 | INFO     | __main__:<module>:157 - Epoch = 771 / 2000
2026-03-12 06:53:13.576 | INFO     | __main__:<module>:220 - Training time taken = 204.51 seconds, Evaluation time taken = nan seconds, loss = 0.0302, fid = None
2026-03-12 06:53:13.576 | INFO     | __main__:<module>:157 - Epoch = 772 / 2000
2026-03-12 06:56:37.934 | INFO     | __main__:<module>:220 - Training time taken = 204.36 seconds, Evaluation time taken = nan seconds, loss = 0.03051, fid = None
2026-03-12 06:56:37.935 | INFO     | __main__:<module>:157 - Epoch = 773 / 2000
2026-03-12 07:00:02.499 | INFO     | __main__:<module>:220 - Training time taken = 204.56 seconds, Evaluation time taken = nan seconds, loss = 0.03007, fid = None
2026-03-12 07:00:02.500 | INFO     | __main__:<module>:157 - Epoch = 774 / 2000
2026-03-12 07:03:26.769 | INFO     | __main__:<module>:220 - Training time taken = 204.27 seconds, Evaluation time taken = nan seconds, loss = 0.03006, fid = None
2026-03-12 07:03:26.769 | INFO     | __main__:<module>:157 - Epoch = 775 / 2000
2026-03-12 07:06:51.329 | INFO     | __main__:<module>:220 - Training time taken = 204.56 seconds, Evaluation time taken = nan seconds, loss = 0.03076, fid = None
2026-03-12 07:06:51.329 | INFO     | __main__:<module>:157 - Epoch = 776 / 2000
2026-03-12 07:10:15.962 | INFO     | __main__:<module>:220 - Training time taken = 204.63 seconds, Evaluation time taken = nan seconds, loss = 0.03011, fid = None
2026-03-12 07:10:15.962 | INFO     | __main__:<module>:157 - Epoch = 777 / 2000
2026-03-12 07:13:41.278 | INFO     | __main__:<module>:220 - Training time taken = 205.31 seconds, Evaluation time taken = nan seconds, loss = 0.02942, fid = None
2026-03-12 07:13:41.278 | INFO     | __main__:<module>:157 - Epoch = 778 / 2000
2026-03-12 07:17:06.045 | INFO     | __main__:<module>:220 - Training time taken = 204.77 seconds, Evaluation time taken = nan seconds, loss = 0.03033, fid = None
2026-03-12 07:17:06.046 | INFO     | __main__:<module>:157 - Epoch = 779 / 2000
2026-03-12 07:20:30.668 | INFO     | __main__:<module>:220 - Training time taken = 204.62 seconds, Evaluation time taken = nan seconds, loss = 0.03011, fid = None
2026-03-12 07:20:30.669 | INFO     | __main__:<module>:157 - Epoch = 780 / 2000
2026-03-12 07:23:55.649 | INFO     | __main__:<module>:220 - Training time taken = 204.98 seconds, Evaluation time taken = nan seconds, loss = 0.02975, fid = None
2026-03-12 07:23:55.649 | INFO     | __main__:<module>:157 - Epoch = 781 / 2000
2026-03-12 07:27:20.446 | INFO     | __main__:<module>:220 - Training time taken = 204.8 seconds, Evaluation time taken = nan seconds, loss = 0.02987, fid = None
2026-03-12 07:27:20.447 | INFO     | __main__:<module>:157 - Epoch = 782 / 2000
2026-03-12 07:30:45.017 | INFO     | __main__:<module>:220 - Training time taken = 204.57 seconds, Evaluation time taken = nan seconds, loss = 0.03007, fid = None
2026-03-12 07:30:45.017 | INFO     | __main__:<module>:157 - Epoch = 783 / 2000
2026-03-12 07:34:10.129 | INFO     | __main__:<module>:220 - Training time taken = 205.11 seconds, Evaluation time taken = nan seconds, loss = 0.03028, fid = None
2026-03-12 07:34:10.130 | INFO     | __main__:<module>:157 - Epoch = 784 / 2000
2026-03-12 07:37:34.612 | INFO     | __main__:<module>:220 - Training time taken = 204.48 seconds, Evaluation time taken = nan seconds, loss = 0.02982, fid = None
2026-03-12 07:37:34.613 | INFO     | __main__:<module>:157 - Epoch = 785 / 2000
2026-03-12 07:40:59.904 | INFO     | __main__:<module>:220 - Training time taken = 205.29 seconds, Evaluation time taken = nan seconds, loss = 0.02981, fid = None
2026-03-12 07:40:59.905 | INFO     | __main__:<module>:157 - Epoch = 786 / 2000
2026-03-12 07:44:25.085 | INFO     | __main__:<module>:220 - Training time taken = 205.18 seconds, Evaluation time taken = nan seconds, loss = 0.02986, fid = None
2026-03-12 07:44:25.086 | INFO     | __main__:<module>:157 - Epoch = 787 / 2000
2026-03-12 07:47:49.754 | INFO     | __main__:<module>:220 - Training time taken = 204.67 seconds, Evaluation time taken = nan seconds, loss = 0.02997, fid = None
2026-03-12 07:47:49.755 | INFO     | __main__:<module>:157 - Epoch = 788 / 2000
2026-03-12 07:51:15.610 | INFO     | __main__:<module>:220 - Training time taken = 205.85 seconds, Evaluation time taken = nan seconds, loss = 0.02995, fid = None
2026-03-12 07:51:15.611 | INFO     | __main__:<module>:157 - Epoch = 789 / 2000
2026-03-12 07:54:40.931 | INFO     | __main__:<module>:220 - Training time taken = 205.32 seconds, Evaluation time taken = nan seconds, loss = 0.03027, fid = None
2026-03-12 07:54:40.932 | INFO     | __main__:<module>:157 - Epoch = 790 / 2000
2026-03-12 07:58:05.361 | INFO     | __main__:<module>:220 - Training time taken = 204.43 seconds, Evaluation time taken = nan seconds, loss = 0.02944, fid = None
2026-03-12 07:58:05.362 | INFO     | __main__:<module>:157 - Epoch = 791 / 2000
2026-03-12 08:01:30.564 | INFO     | __main__:<module>:220 - Training time taken = 205.2 seconds, Evaluation time taken = nan seconds, loss = 0.03038, fid = None
2026-03-12 08:01:30.564 | INFO     | __main__:<module>:157 - Epoch = 792 / 2000
2026-03-12 08:04:55.689 | INFO     | __main__:<module>:220 - Training time taken = 205.12 seconds, Evaluation time taken = nan seconds, loss = 0.03075, fid = None
2026-03-12 08:04:55.690 | INFO     | __main__:<module>:157 - Epoch = 793 / 2000
2026-03-12 08:08:20.567 | INFO     | __main__:<module>:220 - Training time taken = 204.88 seconds, Evaluation time taken = nan seconds, loss = 0.02971, fid = None
2026-03-12 08:08:20.568 | INFO     | __main__:<module>:157 - Epoch = 794 / 2000
2026-03-12 08:11:45.440 | INFO     | __main__:<module>:220 - Training time taken = 204.87 seconds, Evaluation time taken = nan seconds, loss = 0.03002, fid = None
2026-03-12 08:11:45.440 | INFO     | __main__:<module>:157 - Epoch = 795 / 2000
2026-03-12 08:15:10.661 | INFO     | __main__:<module>:220 - Training time taken = 205.22 seconds, Evaluation time taken = nan seconds, loss = 0.0301, fid = None
2026-03-12 08:15:10.662 | INFO     | __main__:<module>:157 - Epoch = 796 / 2000
2026-03-12 08:18:35.375 | INFO     | __main__:<module>:220 - Training time taken = 204.71 seconds, Evaluation time taken = nan seconds, loss = 0.03062, fid = None
2026-03-12 08:18:35.376 | INFO     | __main__:<module>:157 - Epoch = 797 / 2000
2026-03-12 08:22:00.302 | INFO     | __main__:<module>:220 - Training time taken = 204.92 seconds, Evaluation time taken = nan seconds, loss = 0.02967, fid = None
2026-03-12 08:22:00.302 | INFO     | __main__:<module>:157 - Epoch = 798 / 2000
2026-03-12 08:25:24.037 | INFO     | __main__:<module>:220 - Training time taken = 203.73 seconds, Evaluation time taken = nan seconds, loss = 0.03009, fid = None
2026-03-12 08:25:24.038 | INFO     | __main__:<module>:157 - Epoch = 799 / 2000
2026-03-12 08:28:48.727 | INFO     | __main__:<module>:220 - Training time taken = 204.69 seconds, Evaluation time taken = nan seconds, loss = 0.03, fid = None
2026-03-12 08:28:48.728 | INFO     | __main__:<module>:157 - Epoch = 800 / 2000
2026-03-12 08:32:13.695 | INFO     | __main__:<module>:220 - Training time taken = 204.97 seconds, Evaluation time taken = nan seconds, loss = 0.03028, fid = None
2026-03-12 08:32:13.695 | INFO     | __main__:<module>:157 - Epoch = 801 / 2000
2026-03-12 08:35:37.717 | INFO     | __main__:<module>:220 - Training time taken = 204.02 seconds, Evaluation time taken = nan seconds, loss = 0.03066, fid = None
2026-03-12 08:35:37.717 | INFO     | __main__:<module>:157 - Epoch = 802 / 2000
2026-03-12 08:39:01.341 | INFO     | __main__:<module>:220 - Training time taken = 203.62 seconds, Evaluation time taken = nan seconds, loss = 0.03042, fid = None
2026-03-12 08:39:01.341 | INFO     | __main__:<module>:157 - Epoch = 803 / 2000
2026-03-12 08:42:26.041 | INFO     | __main__:<module>:220 - Training time taken = 204.7 seconds, Evaluation time taken = nan seconds, loss = 0.03037, fid = None
2026-03-12 08:42:26.042 | INFO     | __main__:<module>:157 - Epoch = 804 / 2000
2026-03-12 08:45:50.931 | INFO     | __main__:<module>:220 - Training time taken = 204.89 seconds, Evaluation time taken = nan seconds, loss = 0.02992, fid = None
2026-03-12 08:45:50.932 | INFO     | __main__:<module>:157 - Epoch = 805 / 2000
2026-03-12 08:49:14.917 | INFO     | __main__:<module>:220 - Training time taken = 203.98 seconds, Evaluation time taken = nan seconds, loss = 0.03053, fid = None
2026-03-12 08:49:14.919 | INFO     | __main__:<module>:157 - Epoch = 806 / 2000
2026-03-12 08:52:39.596 | INFO     | __main__:<module>:220 - Training time taken = 204.68 seconds, Evaluation time taken = nan seconds, loss = 0.02987, fid = None
2026-03-12 08:52:39.597 | INFO     | __main__:<module>:157 - Epoch = 807 / 2000
2026-03-12 08:56:04.014 | INFO     | __main__:<module>:220 - Training time taken = 204.42 seconds, Evaluation time taken = nan seconds, loss = 0.02976, fid = None
2026-03-12 08:56:04.015 | INFO     | __main__:<module>:157 - Epoch = 808 / 2000
2026-03-12 08:59:28.499 | INFO     | __main__:<module>:220 - Training time taken = 204.48 seconds, Evaluation time taken = nan seconds, loss = 0.03017, fid = None
2026-03-12 08:59:28.500 | INFO     | __main__:<module>:157 - Epoch = 809 / 2000
2026-03-12 09:02:53.282 | INFO     | __main__:<module>:220 - Training time taken = 204.78 seconds, Evaluation time taken = nan seconds, loss = 0.02998, fid = None
2026-03-12 09:02:53.283 | INFO     | __main__:<module>:157 - Epoch = 810 / 2000
2026-03-12 09:06:18.072 | INFO     | __main__:<module>:220 - Training time taken = 204.79 seconds, Evaluation time taken = nan seconds, loss = 0.02949, fid = None
2026-03-12 09:06:18.072 | INFO     | __main__:<module>:157 - Epoch = 811 / 2000
2026-03-12 09:09:42.511 | INFO     | __main__:<module>:220 - Training time taken = 204.44 seconds, Evaluation time taken = nan seconds, loss = 0.02981, fid = None
2026-03-12 09:09:42.511 | INFO     | __main__:<module>:157 - Epoch = 812 / 2000
2026-03-12 09:13:06.879 | INFO     | __main__:<module>:220 - Training time taken = 204.37 seconds, Evaluation time taken = nan seconds, loss = 0.02962, fid = None
2026-03-12 09:13:06.879 | INFO     | __main__:<module>:157 - Epoch = 813 / 2000
2026-03-12 09:16:31.415 | INFO     | __main__:<module>:220 - Training time taken = 204.53 seconds, Evaluation time taken = nan seconds, loss = 0.02996, fid = None
2026-03-12 09:16:31.416 | INFO     | __main__:<module>:157 - Epoch = 814 / 2000
2026-03-12 09:19:54.985 | INFO     | __main__:<module>:220 - Training time taken = 203.57 seconds, Evaluation time taken = nan seconds, loss = 0.02992, fid = None
2026-03-12 09:19:54.994 | INFO     | __main__:<module>:157 - Epoch = 815 / 2000
2026-03-12 09:23:19.196 | INFO     | __main__:<module>:220 - Training time taken = 204.2 seconds, Evaluation time taken = nan seconds, loss = 0.03002, fid = None
2026-03-12 09:23:19.196 | INFO     | __main__:<module>:157 - Epoch = 816 / 2000
2026-03-12 09:26:43.336 | INFO     | __main__:<module>:220 - Training time taken = 204.14 seconds, Evaluation time taken = nan seconds, loss = 0.03034, fid = None
2026-03-12 09:26:43.336 | INFO     | __main__:<module>:157 - Epoch = 817 / 2000
2026-03-12 09:30:07.001 | INFO     | __main__:<module>:220 - Training time taken = 203.66 seconds, Evaluation time taken = nan seconds, loss = 0.03004, fid = None
2026-03-12 09:30:07.001 | INFO     | __main__:<module>:157 - Epoch = 818 / 2000
2026-03-12 09:33:31.400 | INFO     | __main__:<module>:220 - Training time taken = 204.39 seconds, Evaluation time taken = nan seconds, loss = 0.02995, fid = None
2026-03-12 09:33:31.400 | INFO     | __main__:<module>:157 - Epoch = 819 / 2000
2026-03-12 09:36:56.110 | INFO     | __main__:<module>:220 - Training time taken = 204.71 seconds, Evaluation time taken = nan seconds, loss = 0.02998, fid = None
2026-03-12 09:36:56.111 | INFO     | __main__:<module>:157 - Epoch = 820 / 2000
2026-03-12 09:40:20.066 | INFO     | __main__:<module>:220 - Training time taken = 203.95 seconds, Evaluation time taken = nan seconds, loss = 0.03023, fid = None
2026-03-12 09:40:20.066 | INFO     | __main__:<module>:157 - Epoch = 821 / 2000
2026-03-12 09:43:44.408 | INFO     | __main__:<module>:220 - Training time taken = 204.34 seconds, Evaluation time taken = nan seconds, loss = 0.02999, fid = None
2026-03-12 09:43:44.408 | INFO     | __main__:<module>:157 - Epoch = 822 / 2000
2026-03-12 09:47:08.637 | INFO     | __main__:<module>:220 - Training time taken = 204.23 seconds, Evaluation time taken = nan seconds, loss = 0.02998, fid = None
2026-03-12 09:47:08.638 | INFO     | __main__:<module>:157 - Epoch = 823 / 2000
2026-03-12 09:50:32.992 | INFO     | __main__:<module>:220 - Training time taken = 204.35 seconds, Evaluation time taken = nan seconds, loss = 0.03001, fid = None
2026-03-12 09:50:32.993 | INFO     | __main__:<module>:157 - Epoch = 824 / 2000
2026-03-12 09:53:57.403 | INFO     | __main__:<module>:220 - Training time taken = 204.41 seconds, Evaluation time taken = nan seconds, loss = 0.03029, fid = None
2026-03-12 09:53:57.404 | INFO     | __main__:<module>:157 - Epoch = 825 / 2000
2026-03-12 09:57:22.568 | INFO     | __main__:<module>:220 - Training time taken = 205.16 seconds, Evaluation time taken = nan seconds, loss = 0.03039, fid = None
2026-03-12 09:57:22.568 | INFO     | __main__:<module>:157 - Epoch = 826 / 2000
2026-03-12 10:00:46.629 | INFO     | __main__:<module>:220 - Training time taken = 204.06 seconds, Evaluation time taken = nan seconds, loss = 0.02983, fid = None
2026-03-12 10:00:46.629 | INFO     | __main__:<module>:157 - Epoch = 827 / 2000
2026-03-12 10:04:11.718 | INFO     | __main__:<module>:220 - Training time taken = 205.09 seconds, Evaluation time taken = nan seconds, loss = 0.03079, fid = None
2026-03-12 10:04:11.719 | INFO     | __main__:<module>:157 - Epoch = 828 / 2000
2026-03-12 10:07:37.154 | INFO     | __main__:<module>:220 - Training time taken = 205.43 seconds, Evaluation time taken = nan seconds, loss = 0.03054, fid = None
2026-03-12 10:07:37.155 | INFO     | __main__:<module>:157 - Epoch = 829 / 2000
2026-03-12 10:10:55.998 | INFO     | __main__:<module>:220 - Training time taken = 198.84 seconds, Evaluation time taken = nan seconds, loss = 0.03019, fid = None
2026-03-12 10:10:55.998 | INFO     | __main__:<module>:157 - Epoch = 830 / 2000
2026-03-12 10:14:41.234 | INFO     | __main__:<module>:220 - Training time taken = 225.22 seconds, Evaluation time taken = nan seconds, loss = 0.03041, fid = None
2026-03-12 10:14:41.235 | INFO     | __main__:<module>:157 - Epoch = 831 / 2000
2026-03-12 10:18:30.279 | INFO     | __main__:<module>:220 - Training time taken = 229.04 seconds, Evaluation time taken = nan seconds, loss = 0.02991, fid = None
2026-03-12 10:18:30.280 | INFO     | __main__:<module>:157 - Epoch = 832 / 2000
2026-03-12 10:22:04.945 | INFO     | __main__:<module>:220 - Training time taken = 214.66 seconds, Evaluation time taken = nan seconds, loss = 0.03011, fid = None
2026-03-12 10:22:04.946 | INFO     | __main__:<module>:157 - Epoch = 833 / 2000
2026-03-12 10:26:01.674 | INFO     | __main__:<module>:220 - Training time taken = 236.73 seconds, Evaluation time taken = nan seconds, loss = 0.02941, fid = None
2026-03-12 10:26:01.690 | INFO     | __main__:<module>:157 - Epoch = 834 / 2000
2026-03-12 10:29:43.672 | INFO     | __main__:<module>:220 - Training time taken = 221.98 seconds, Evaluation time taken = nan seconds, loss = 0.03002, fid = None
2026-03-12 10:29:43.672 | INFO     | __main__:<module>:157 - Epoch = 835 / 2000
2026-03-12 10:33:24.089 | INFO     | __main__:<module>:220 - Training time taken = 220.42 seconds, Evaluation time taken = nan seconds, loss = 0.03027, fid = None
2026-03-12 10:33:24.089 | INFO     | __main__:<module>:157 - Epoch = 836 / 2000
2026-03-12 10:37:19.712 | INFO     | __main__:<module>:220 - Training time taken = 235.62 seconds, Evaluation time taken = nan seconds, loss = 0.03043, fid = None
2026-03-12 10:37:19.713 | INFO     | __main__:<module>:157 - Epoch = 837 / 2000
2026-03-12 10:41:04.380 | INFO     | __main__:<module>:220 - Training time taken = 224.64 seconds, Evaluation time taken = nan seconds, loss = 0.03029, fid = None
2026-03-12 10:41:04.381 | INFO     | __main__:<module>:157 - Epoch = 838 / 2000
2026-03-12 10:44:56.511 | INFO     | __main__:<module>:220 - Training time taken = 232.13 seconds, Evaluation time taken = nan seconds, loss = 0.02997, fid = None
2026-03-12 10:44:56.512 | INFO     | __main__:<module>:157 - Epoch = 839 / 2000
2026-03-12 10:48:48.213 | INFO     | __main__:<module>:220 - Training time taken = 231.7 seconds, Evaluation time taken = nan seconds, loss = 0.02992, fid = None
2026-03-12 10:48:48.214 | INFO     | __main__:<module>:157 - Epoch = 840 / 2000
2026-03-12 10:52:28.961 | INFO     | __main__:<module>:220 - Training time taken = 220.75 seconds, Evaluation time taken = nan seconds, loss = 0.02966, fid = None
2026-03-12 10:52:28.961 | INFO     | __main__:<module>:157 - Epoch = 841 / 2000
2026-03-12 10:56:22.083 | INFO     | __main__:<module>:220 - Training time taken = 233.12 seconds, Evaluation time taken = nan seconds, loss = 0.02947, fid = None
2026-03-12 10:56:22.083 | INFO     | __main__:<module>:157 - Epoch = 842 / 2000
2026-03-12 11:00:05.970 | INFO     | __main__:<module>:220 - Training time taken = 223.89 seconds, Evaluation time taken = nan seconds, loss = 0.02975, fid = None
2026-03-12 11:00:05.971 | INFO     | __main__:<module>:157 - Epoch = 843 / 2000
2026-03-12 11:03:57.306 | INFO     | __main__:<module>:220 - Training time taken = 231.32 seconds, Evaluation time taken = nan seconds, loss = 0.03067, fid = None
2026-03-12 11:03:57.309 | INFO     | __main__:<module>:157 - Epoch = 844 / 2000
2026-03-12 11:07:54.839 | INFO     | __main__:<module>:220 - Training time taken = 237.53 seconds, Evaluation time taken = nan seconds, loss = 0.02998, fid = None
2026-03-12 11:07:54.840 | INFO     | __main__:<module>:157 - Epoch = 845 / 2000
2026-03-12 11:11:47.405 | INFO     | __main__:<module>:220 - Training time taken = 232.56 seconds, Evaluation time taken = nan seconds, loss = 0.02982, fid = None
2026-03-12 11:11:47.651 | INFO     | __main__:<module>:157 - Epoch = 846 / 2000
2026-03-12 11:15:48.392 | INFO     | __main__:<module>:220 - Training time taken = 240.74 seconds, Evaluation time taken = nan seconds, loss = 0.02974, fid = None
2026-03-12 11:15:48.393 | INFO     | __main__:<module>:157 - Epoch = 847 / 2000
2026-03-12 11:19:47.531 | INFO     | __main__:<module>:220 - Training time taken = 239.14 seconds, Evaluation time taken = nan seconds, loss = 0.0298, fid = None
2026-03-12 11:19:47.532 | INFO     | __main__:<module>:157 - Epoch = 848 / 2000
2026-03-12 11:23:46.065 | INFO     | __main__:<module>:220 - Training time taken = 238.53 seconds, Evaluation time taken = nan seconds, loss = 0.03039, fid = None
2026-03-12 11:23:46.082 | INFO     | __main__:<module>:157 - Epoch = 849 / 2000
2026-03-12 11:27:49.423 | INFO     | __main__:<module>:220 - Training time taken = 243.34 seconds, Evaluation time taken = nan seconds, loss = 0.02978, fid = None
2026-03-12 11:27:49.424 | INFO     | __main__:<module>:157 - Epoch = 850 / 2000
2026-03-12 11:31:37.980 | INFO     | __main__:<module>:220 - Training time taken = 228.55 seconds, Evaluation time taken = nan seconds, loss = 0.03018, fid = None
2026-03-12 11:31:37.981 | INFO     | __main__:<module>:157 - Epoch = 851 / 2000
2026-03-12 11:35:32.943 | INFO     | __main__:<module>:220 - Training time taken = 234.96 seconds, Evaluation time taken = nan seconds, loss = 0.02987, fid = None
2026-03-12 11:35:32.943 | INFO     | __main__:<module>:157 - Epoch = 852 / 2000
2026-03-12 11:39:23.910 | INFO     | __main__:<module>:220 - Training time taken = 230.97 seconds, Evaluation time taken = nan seconds, loss = 0.03009, fid = None
2026-03-12 11:39:23.911 | INFO     | __main__:<module>:157 - Epoch = 853 / 2000
2026-03-12 11:43:01.075 | INFO     | __main__:<module>:220 - Training time taken = 217.16 seconds, Evaluation time taken = nan seconds, loss = 0.02933, fid = None
2026-03-12 11:43:01.076 | INFO     | __main__:<module>:157 - Epoch = 854 / 2000
2026-03-12 11:46:49.164 | INFO     | __main__:<module>:220 - Training time taken = 228.09 seconds, Evaluation time taken = nan seconds, loss = 0.02995, fid = None
2026-03-12 11:46:49.165 | INFO     | __main__:<module>:157 - Epoch = 855 / 2000
2026-03-12 11:50:29.955 | INFO     | __main__:<module>:220 - Training time taken = 220.79 seconds, Evaluation time taken = nan seconds, loss = 0.03026, fid = None
2026-03-12 11:50:29.956 | INFO     | __main__:<module>:157 - Epoch = 856 / 2000
2026-03-12 11:54:17.445 | INFO     | __main__:<module>:220 - Training time taken = 227.49 seconds, Evaluation time taken = nan seconds, loss = 0.02969, fid = None
2026-03-12 11:54:17.446 | INFO     | __main__:<module>:157 - Epoch = 857 / 2000
2026-03-12 11:58:05.617 | INFO     | __main__:<module>:220 - Training time taken = 228.17 seconds, Evaluation time taken = nan seconds, loss = 0.03024, fid = None
2026-03-12 11:58:05.617 | INFO     | __main__:<module>:157 - Epoch = 858 / 2000
2026-03-12 12:01:42.318 | INFO     | __main__:<module>:220 - Training time taken = 216.7 seconds, Evaluation time taken = nan seconds, loss = 0.02975, fid = None
2026-03-12 12:01:42.319 | INFO     | __main__:<module>:157 - Epoch = 859 / 2000
2026-03-12 12:05:34.350 | INFO     | __main__:<module>:220 - Training time taken = 232.03 seconds, Evaluation time taken = nan seconds, loss = 0.02999, fid = None
2026-03-12 12:05:34.350 | INFO     | __main__:<module>:157 - Epoch = 860 / 2000
2026-03-12 12:09:35.820 | INFO     | __main__:<module>:220 - Training time taken = 241.47 seconds, Evaluation time taken = nan seconds, loss = 0.03003, fid = None
2026-03-12 12:09:35.820 | INFO     | __main__:<module>:157 - Epoch = 861 / 2000
2026-03-12 12:13:14.804 | INFO     | __main__:<module>:220 - Training time taken = 218.98 seconds, Evaluation time taken = nan seconds, loss = 0.02994, fid = None
2026-03-12 12:13:14.804 | INFO     | __main__:<module>:157 - Epoch = 862 / 2000
2026-03-12 12:17:10.131 | INFO     | __main__:<module>:220 - Training time taken = 235.33 seconds, Evaluation time taken = nan seconds, loss = 0.03008, fid = None
2026-03-12 12:17:10.132 | INFO     | __main__:<module>:157 - Epoch = 863 / 2000
2026-03-12 12:20:50.322 | INFO     | __main__:<module>:220 - Training time taken = 220.19 seconds, Evaluation time taken = nan seconds, loss = 0.03034, fid = None
2026-03-12 12:20:50.322 | INFO     | __main__:<module>:157 - Epoch = 864 / 2000
2026-03-12 12:24:40.543 | INFO     | __main__:<module>:220 - Training time taken = 230.22 seconds, Evaluation time taken = nan seconds, loss = 0.02959, fid = None
2026-03-12 12:24:40.543 | INFO     | __main__:<module>:157 - Epoch = 865 / 2000
2026-03-12 12:28:36.059 | INFO     | __main__:<module>:220 - Training time taken = 235.51 seconds, Evaluation time taken = nan seconds, loss = 0.03015, fid = None
2026-03-12 12:28:36.060 | INFO     | __main__:<module>:157 - Epoch = 866 / 2000
2026-03-12 12:32:24.466 | INFO     | __main__:<module>:220 - Training time taken = 228.4 seconds, Evaluation time taken = nan seconds, loss = 0.02975, fid = None
2026-03-12 12:32:24.466 | INFO     | __main__:<module>:157 - Epoch = 867 / 2000
2026-03-12 12:36:30.661 | INFO     | __main__:<module>:220 - Training time taken = 246.19 seconds, Evaluation time taken = nan seconds, loss = 0.02994, fid = None
2026-03-12 12:36:30.661 | INFO     | __main__:<module>:157 - Epoch = 868 / 2000
2026-03-12 12:40:29.980 | INFO     | __main__:<module>:220 - Training time taken = 239.32 seconds, Evaluation time taken = nan seconds, loss = 0.02989, fid = None
2026-03-12 12:40:29.980 | INFO     | __main__:<module>:157 - Epoch = 869 / 2000
2026-03-12 12:44:18.366 | INFO     | __main__:<module>:220 - Training time taken = 228.38 seconds, Evaluation time taken = nan seconds, loss = 0.03038, fid = None
2026-03-12 12:44:18.374 | INFO     | __main__:<module>:157 - Epoch = 870 / 2000
2026-03-12 12:48:22.143 | INFO     | __main__:<module>:220 - Training time taken = 243.77 seconds, Evaluation time taken = nan seconds, loss = 0.02947, fid = None
2026-03-12 12:48:22.144 | INFO     | __main__:<module>:157 - Epoch = 871 / 2000
2026-03-12 12:52:10.647 | INFO     | __main__:<module>:220 - Training time taken = 228.5 seconds, Evaluation time taken = nan seconds, loss = 0.02987, fid = None
2026-03-12 12:52:10.647 | INFO     | __main__:<module>:157 - Epoch = 872 / 2000
2026-03-12 12:56:09.495 | INFO     | __main__:<module>:220 - Training time taken = 238.85 seconds, Evaluation time taken = nan seconds, loss = 0.03013, fid = None
2026-03-12 12:56:09.496 | INFO     | __main__:<module>:157 - Epoch = 873 / 2000
2026-03-12 13:00:11.232 | INFO     | __main__:<module>:220 - Training time taken = 241.73 seconds, Evaluation time taken = nan seconds, loss = 0.02992, fid = None
2026-03-12 13:00:11.233 | INFO     | __main__:<module>:157 - Epoch = 874 / 2000
2026-03-12 13:03:51.235 | INFO     | __main__:<module>:220 - Training time taken = 220.0 seconds, Evaluation time taken = nan seconds, loss = 0.03003, fid = None
2026-03-12 13:03:51.236 | INFO     | __main__:<module>:157 - Epoch = 875 / 2000
2026-03-12 13:07:42.713 | INFO     | __main__:<module>:220 - Training time taken = 231.48 seconds, Evaluation time taken = nan seconds, loss = 0.02988, fid = None
2026-03-12 13:07:42.714 | INFO     | __main__:<module>:157 - Epoch = 876 / 2000
2026-03-12 13:11:30.436 | INFO     | __main__:<module>:220 - Training time taken = 227.72 seconds, Evaluation time taken = nan seconds, loss = 0.02976, fid = None
2026-03-12 13:11:30.436 | INFO     | __main__:<module>:157 - Epoch = 877 / 2000
2026-03-12 13:15:14.043 | INFO     | __main__:<module>:220 - Training time taken = 223.61 seconds, Evaluation time taken = nan seconds, loss = 0.03059, fid = None
2026-03-12 13:15:14.044 | INFO     | __main__:<module>:157 - Epoch = 878 / 2000
2026-03-12 13:19:14.625 | INFO     | __main__:<module>:220 - Training time taken = 240.58 seconds, Evaluation time taken = nan seconds, loss = 0.02988, fid = None
2026-03-12 13:19:14.625 | INFO     | __main__:<module>:157 - Epoch = 879 / 2000
2026-03-12 13:22:59.424 | INFO     | __main__:<module>:220 - Training time taken = 224.8 seconds, Evaluation time taken = nan seconds, loss = 0.03001, fid = None
2026-03-12 13:22:59.424 | INFO     | __main__:<module>:157 - Epoch = 880 / 2000
2026-03-12 13:26:42.080 | INFO     | __main__:<module>:220 - Training time taken = 222.65 seconds, Evaluation time taken = nan seconds, loss = 0.02977, fid = None
2026-03-12 13:26:42.081 | INFO     | __main__:<module>:157 - Epoch = 881 / 2000
2026-03-12 13:30:43.691 | INFO     | __main__:<module>:220 - Training time taken = 241.61 seconds, Evaluation time taken = nan seconds, loss = 0.03028, fid = None
2026-03-12 13:30:43.692 | INFO     | __main__:<module>:157 - Epoch = 882 / 2000
2026-03-12 13:34:22.522 | INFO     | __main__:<module>:220 - Training time taken = 218.83 seconds, Evaluation time taken = nan seconds, loss = 0.02988, fid = None
2026-03-12 13:34:22.538 | INFO     | __main__:<module>:157 - Epoch = 883 / 2000
2026-03-12 13:38:12.423 | INFO     | __main__:<module>:220 - Training time taken = 229.88 seconds, Evaluation time taken = nan seconds, loss = 0.03, fid = None
2026-03-12 13:38:12.423 | INFO     | __main__:<module>:157 - Epoch = 884 / 2000
2026-03-12 13:42:07.631 | INFO     | __main__:<module>:220 - Training time taken = 235.21 seconds, Evaluation time taken = nan seconds, loss = 0.02993, fid = None
2026-03-12 13:42:07.632 | INFO     | __main__:<module>:157 - Epoch = 885 / 2000
2026-03-12 13:45:48.073 | INFO     | __main__:<module>:220 - Training time taken = 220.44 seconds, Evaluation time taken = nan seconds, loss = 0.02975, fid = None
2026-03-12 13:45:48.073 | INFO     | __main__:<module>:157 - Epoch = 886 / 2000
2026-03-12 13:49:47.697 | INFO     | __main__:<module>:220 - Training time taken = 239.62 seconds, Evaluation time taken = nan seconds, loss = 0.02975, fid = None
2026-03-12 13:49:47.697 | INFO     | __main__:<module>:157 - Epoch = 887 / 2000
2026-03-12 13:53:34.834 | INFO     | __main__:<module>:220 - Training time taken = 227.13 seconds, Evaluation time taken = nan seconds, loss = 0.03014, fid = None
2026-03-12 13:53:34.834 | INFO     | __main__:<module>:157 - Epoch = 888 / 2000
2026-03-12 13:57:22.501 | INFO     | __main__:<module>:220 - Training time taken = 227.66 seconds, Evaluation time taken = nan seconds, loss = 0.02966, fid = None
2026-03-12 13:57:22.501 | INFO     | __main__:<module>:157 - Epoch = 889 / 2000
2026-03-12 14:01:15.632 | INFO     | __main__:<module>:220 - Training time taken = 233.13 seconds, Evaluation time taken = nan seconds, loss = 0.02981, fid = None
2026-03-12 14:01:15.633 | INFO     | __main__:<module>:157 - Epoch = 890 / 2000
2026-03-12 14:04:54.892 | INFO     | __main__:<module>:220 - Training time taken = 219.26 seconds, Evaluation time taken = nan seconds, loss = 0.02989, fid = None
2026-03-12 14:04:54.893 | INFO     | __main__:<module>:157 - Epoch = 891 / 2000
2026-03-12 14:08:49.143 | INFO     | __main__:<module>:220 - Training time taken = 234.23 seconds, Evaluation time taken = nan seconds, loss = 0.03006, fid = None
2026-03-12 14:08:49.144 | INFO     | __main__:<module>:157 - Epoch = 892 / 2000
2026-03-12 14:12:24.490 | INFO     | __main__:<module>:220 - Training time taken = 215.34 seconds, Evaluation time taken = nan seconds, loss = 0.02987, fid = None
2026-03-12 14:12:24.490 | INFO     | __main__:<module>:157 - Epoch = 893 / 2000
2026-03-12 14:16:15.783 | INFO     | __main__:<module>:220 - Training time taken = 231.29 seconds, Evaluation time taken = nan seconds, loss = 0.02998, fid = None
2026-03-12 14:16:15.784 | INFO     | __main__:<module>:157 - Epoch = 894 / 2000
2026-03-12 14:19:59.523 | INFO     | __main__:<module>:220 - Training time taken = 223.74 seconds, Evaluation time taken = nan seconds, loss = 0.03018, fid = None
2026-03-12 14:19:59.523 | INFO     | __main__:<module>:157 - Epoch = 895 / 2000
2026-03-12 14:23:37.976 | INFO     | __main__:<module>:220 - Training time taken = 218.45 seconds, Evaluation time taken = nan seconds, loss = 0.03026, fid = None
2026-03-12 14:23:37.976 | INFO     | __main__:<module>:157 - Epoch = 896 / 2000
2026-03-12 14:27:24.683 | INFO     | __main__:<module>:220 - Training time taken = 226.71 seconds, Evaluation time taken = nan seconds, loss = 0.02925, fid = None
2026-03-12 14:27:24.684 | INFO     | __main__:<module>:157 - Epoch = 897 / 2000
2026-03-12 14:31:03.354 | INFO     | __main__:<module>:220 - Training time taken = 218.67 seconds, Evaluation time taken = nan seconds, loss = 0.02988, fid = None
2026-03-12 14:31:03.355 | INFO     | __main__:<module>:157 - Epoch = 898 / 2000
2026-03-12 14:34:50.721 | INFO     | __main__:<module>:220 - Training time taken = 227.36 seconds, Evaluation time taken = nan seconds, loss = 0.03006, fid = None
2026-03-12 14:34:50.721 | INFO     | __main__:<module>:157 - Epoch = 899 / 2000
2026-03-12 14:38:38.400 | INFO     | __main__:<module>:220 - Training time taken = 227.66 seconds, Evaluation time taken = nan seconds, loss = 0.02963, fid = None
2026-03-12 14:38:38.400 | INFO     | __main__:<module>:157 - Epoch = 900 / 2000
2026-03-12 14:42:17.657 | INFO     | __main__:<module>:220 - Training time taken = 219.26 seconds, Evaluation time taken = nan seconds, loss = 0.02974, fid = None
2026-03-12 14:42:17.658 | INFO     | __main__:<module>:157 - Epoch = 901 / 2000
2026-03-12 14:46:05.259 | INFO     | __main__:<module>:220 - Training time taken = 227.6 seconds, Evaluation time taken = nan seconds, loss = 0.02969, fid = None
2026-03-12 14:46:05.259 | INFO     | __main__:<module>:157 - Epoch = 902 / 2000
2026-03-12 14:49:42.397 | INFO     | __main__:<module>:220 - Training time taken = 217.14 seconds, Evaluation time taken = nan seconds, loss = 0.02996, fid = None
2026-03-12 14:49:42.398 | INFO     | __main__:<module>:157 - Epoch = 903 / 2000
2026-03-12 14:53:31.561 | INFO     | __main__:<module>:220 - Training time taken = 229.16 seconds, Evaluation time taken = nan seconds, loss = 0.02997, fid = None
2026-03-12 14:53:31.578 | INFO     | __main__:<module>:157 - Epoch = 904 / 2000
2026-03-12 14:57:29.723 | INFO     | __main__:<module>:220 - Training time taken = 238.14 seconds, Evaluation time taken = nan seconds, loss = 0.02996, fid = None
2026-03-12 14:57:29.723 | INFO     | __main__:<module>:157 - Epoch = 905 / 2000
2026-03-12 15:01:05.807 | INFO     | __main__:<module>:220 - Training time taken = 216.08 seconds, Evaluation time taken = nan seconds, loss = 0.02993, fid = None
2026-03-12 15:01:05.807 | INFO     | __main__:<module>:157 - Epoch = 906 / 2000
2026-03-12 15:04:52.636 | INFO     | __main__:<module>:220 - Training time taken = 226.83 seconds, Evaluation time taken = nan seconds, loss = 0.03022, fid = None
2026-03-12 15:04:52.637 | INFO     | __main__:<module>:157 - Epoch = 907 / 2000
2026-03-12 15:08:31.687 | INFO     | __main__:<module>:220 - Training time taken = 219.05 seconds, Evaluation time taken = nan seconds, loss = 0.02984, fid = None
2026-03-12 15:08:31.688 | INFO     | __main__:<module>:157 - Epoch = 908 / 2000
2026-03-12 15:12:19.755 | INFO     | __main__:<module>:220 - Training time taken = 228.07 seconds, Evaluation time taken = nan seconds, loss = 0.02998, fid = None
2026-03-12 15:12:19.756 | INFO     | __main__:<module>:157 - Epoch = 909 / 2000
2026-03-12 15:16:07.423 | INFO     | __main__:<module>:220 - Training time taken = 227.67 seconds, Evaluation time taken = nan seconds, loss = 0.02951, fid = None
2026-03-12 15:16:07.424 | INFO     | __main__:<module>:157 - Epoch = 910 / 2000
2026-03-12 15:19:47.625 | INFO     | __main__:<module>:220 - Training time taken = 220.2 seconds, Evaluation time taken = nan seconds, loss = 0.02983, fid = None
2026-03-12 15:19:47.625 | INFO     | __main__:<module>:157 - Epoch = 911 / 2000
2026-03-12 15:23:27.992 | INFO     | __main__:<module>:220 - Training time taken = 220.36 seconds, Evaluation time taken = nan seconds, loss = 0.03065, fid = None
2026-03-12 15:23:27.992 | INFO     | __main__:<module>:157 - Epoch = 912 / 2000
2026-03-12 15:27:15.662 | INFO     | __main__:<module>:220 - Training time taken = 227.67 seconds, Evaluation time taken = nan seconds, loss = 0.0301, fid = None
2026-03-12 15:27:15.663 | INFO     | __main__:<module>:157 - Epoch = 913 / 2000
2026-03-12 15:31:00.023 | INFO     | __main__:<module>:220 - Training time taken = 224.36 seconds, Evaluation time taken = nan seconds, loss = 0.0294, fid = None
2026-03-12 15:31:00.024 | INFO     | __main__:<module>:157 - Epoch = 914 / 2000
2026-03-12 15:34:45.330 | INFO     | __main__:<module>:220 - Training time taken = 225.3 seconds, Evaluation time taken = nan seconds, loss = 0.02939, fid = None
2026-03-12 15:34:45.331 | INFO     | __main__:<module>:157 - Epoch = 915 / 2000
2026-03-12 15:38:20.311 | INFO     | __main__:<module>:220 - Training time taken = 214.98 seconds, Evaluation time taken = nan seconds, loss = 0.02994, fid = None
2026-03-12 15:38:20.312 | INFO     | __main__:<module>:157 - Epoch = 916 / 2000
2026-03-12 15:42:09.349 | INFO     | __main__:<module>:220 - Training time taken = 229.04 seconds, Evaluation time taken = nan seconds, loss = 0.03006, fid = None
2026-03-12 15:42:09.349 | INFO     | __main__:<module>:157 - Epoch = 917 / 2000
2026-03-12 15:45:48.373 | INFO     | __main__:<module>:220 - Training time taken = 219.02 seconds, Evaluation time taken = nan seconds, loss = 0.0294, fid = None
2026-03-12 15:45:48.374 | INFO     | __main__:<module>:157 - Epoch = 918 / 2000
2026-03-12 15:49:35.382 | INFO     | __main__:<module>:220 - Training time taken = 227.01 seconds, Evaluation time taken = nan seconds, loss = 0.03002, fid = None
2026-03-12 15:49:35.383 | INFO     | __main__:<module>:157 - Epoch = 919 / 2000
2026-03-12 15:53:17.943 | INFO     | __main__:<module>:220 - Training time taken = 222.56 seconds, Evaluation time taken = nan seconds, loss = 0.03014, fid = None
2026-03-12 15:53:17.944 | INFO     | __main__:<module>:157 - Epoch = 920 / 2000
2026-03-12 15:56:54.091 | INFO     | __main__:<module>:220 - Training time taken = 216.15 seconds, Evaluation time taken = nan seconds, loss = 0.02968, fid = None
2026-03-12 15:56:54.092 | INFO     | __main__:<module>:157 - Epoch = 921 / 2000
2026-03-12 16:00:46.355 | INFO     | __main__:<module>:220 - Training time taken = 232.26 seconds, Evaluation time taken = nan seconds, loss = 0.03003, fid = None
2026-03-12 16:00:46.356 | INFO     | __main__:<module>:157 - Epoch = 922 / 2000
2026-03-12 16:04:27.267 | INFO     | __main__:<module>:220 - Training time taken = 220.91 seconds, Evaluation time taken = nan seconds, loss = 0.02978, fid = None
2026-03-12 16:04:27.267 | INFO     | __main__:<module>:157 - Epoch = 923 / 2000
2026-03-12 16:08:18.297 | INFO     | __main__:<module>:220 - Training time taken = 231.03 seconds, Evaluation time taken = nan seconds, loss = 0.02967, fid = None
2026-03-12 16:08:18.297 | INFO     | __main__:<module>:157 - Epoch = 924 / 2000
2026-03-12 16:12:00.256 | INFO     | __main__:<module>:220 - Training time taken = 221.96 seconds, Evaluation time taken = nan seconds, loss = 0.02928, fid = None
2026-03-12 16:12:00.257 | INFO     | __main__:<module>:157 - Epoch = 925 / 2000
2026-03-12 16:15:41.923 | INFO     | __main__:<module>:220 - Training time taken = 221.66 seconds, Evaluation time taken = nan seconds, loss = 0.02999, fid = None
2026-03-12 16:15:41.924 | INFO     | __main__:<module>:157 - Epoch = 926 / 2000
2026-03-12 16:19:24.456 | INFO     | __main__:<module>:220 - Training time taken = 222.53 seconds, Evaluation time taken = nan seconds, loss = 0.0302, fid = None
2026-03-12 16:19:24.456 | INFO     | __main__:<module>:157 - Epoch = 927 / 2000
2026-03-12 16:23:02.719 | INFO     | __main__:<module>:220 - Training time taken = 218.26 seconds, Evaluation time taken = nan seconds, loss = 0.02988, fid = None
2026-03-12 16:23:02.720 | INFO     | __main__:<module>:157 - Epoch = 928 / 2000
2026-03-12 16:26:55.657 | INFO     | __main__:<module>:220 - Training time taken = 232.94 seconds, Evaluation time taken = nan seconds, loss = 0.02949, fid = None
2026-03-12 16:26:55.658 | INFO     | __main__:<module>:157 - Epoch = 929 / 2000
2026-03-12 16:30:40.338 | INFO     | __main__:<module>:220 - Training time taken = 224.68 seconds, Evaluation time taken = nan seconds, loss = 0.03028, fid = None
2026-03-12 16:30:40.338 | INFO     | __main__:<module>:157 - Epoch = 930 / 2000
2026-03-12 16:34:21.908 | INFO     | __main__:<module>:220 - Training time taken = 221.57 seconds, Evaluation time taken = nan seconds, loss = 0.02968, fid = None
2026-03-12 16:34:21.908 | INFO     | __main__:<module>:157 - Epoch = 931 / 2000
2026-03-12 16:38:07.312 | INFO     | __main__:<module>:220 - Training time taken = 225.38 seconds, Evaluation time taken = nan seconds, loss = 0.02927, fid = None
2026-03-12 16:38:07.312 | INFO     | __main__:<module>:157 - Epoch = 932 / 2000
2026-03-12 16:41:47.121 | INFO     | __main__:<module>:220 - Training time taken = 219.81 seconds, Evaluation time taken = nan seconds, loss = 0.02977, fid = None
2026-03-12 16:41:47.122 | INFO     | __main__:<module>:157 - Epoch = 933 / 2000
2026-03-12 16:45:35.439 | INFO     | __main__:<module>:220 - Training time taken = 228.32 seconds, Evaluation time taken = nan seconds, loss = 0.02993, fid = None
2026-03-12 16:45:35.440 | INFO     | __main__:<module>:157 - Epoch = 934 / 2000
2026-03-12 16:49:19.119 | INFO     | __main__:<module>:220 - Training time taken = 223.68 seconds, Evaluation time taken = nan seconds, loss = 0.02977, fid = None
2026-03-12 16:49:19.120 | INFO     | __main__:<module>:157 - Epoch = 935 / 2000
2026-03-12 16:53:05.071 | INFO     | __main__:<module>:220 - Training time taken = 225.95 seconds, Evaluation time taken = nan seconds, loss = 0.03006, fid = None
2026-03-12 16:53:05.072 | INFO     | __main__:<module>:157 - Epoch = 936 / 2000
2026-03-12 16:56:58.307 | INFO     | __main__:<module>:220 - Training time taken = 233.23 seconds, Evaluation time taken = nan seconds, loss = 0.02978, fid = None
2026-03-12 16:56:58.308 | INFO     | __main__:<module>:157 - Epoch = 937 / 2000
2026-03-12 17:00:32.975 | INFO     | __main__:<module>:220 - Training time taken = 214.67 seconds, Evaluation time taken = nan seconds, loss = 0.03004, fid = None
2026-03-12 17:00:32.976 | INFO     | __main__:<module>:157 - Epoch = 938 / 2000
2026-03-12 17:04:18.522 | INFO     | __main__:<module>:220 - Training time taken = 225.54 seconds, Evaluation time taken = nan seconds, loss = 0.02967, fid = None
2026-03-12 17:04:18.523 | INFO     | __main__:<module>:157 - Epoch = 939 / 2000
2026-03-12 17:07:57.930 | INFO     | __main__:<module>:220 - Training time taken = 219.41 seconds, Evaluation time taken = nan seconds, loss = 0.03014, fid = None
2026-03-12 17:07:57.931 | INFO     | __main__:<module>:157 - Epoch = 940 / 2000
2026-03-12 17:11:45.075 | INFO     | __main__:<module>:220 - Training time taken = 227.14 seconds, Evaluation time taken = nan seconds, loss = 0.02969, fid = None
2026-03-12 17:11:45.075 | INFO     | __main__:<module>:157 - Epoch = 941 / 2000
2026-03-12 17:15:29.508 | INFO     | __main__:<module>:220 - Training time taken = 224.43 seconds, Evaluation time taken = nan seconds, loss = 0.03009, fid = None
2026-03-12 17:15:29.509 | INFO     | __main__:<module>:157 - Epoch = 942 / 2000
2026-03-12 17:19:08.785 | INFO     | __main__:<module>:220 - Training time taken = 219.27 seconds, Evaluation time taken = nan seconds, loss = 0.03001, fid = None
2026-03-12 17:19:08.785 | INFO     | __main__:<module>:157 - Epoch = 943 / 2000
2026-03-12 17:22:55.092 | INFO     | __main__:<module>:220 - Training time taken = 226.31 seconds, Evaluation time taken = nan seconds, loss = 0.03002, fid = None
2026-03-12 17:22:55.093 | INFO     | __main__:<module>:157 - Epoch = 944 / 2000
2026-03-12 17:26:35.735 | INFO     | __main__:<module>:220 - Training time taken = 220.64 seconds, Evaluation time taken = nan seconds, loss = 0.03024, fid = None
2026-03-12 17:26:35.736 | INFO     | __main__:<module>:157 - Epoch = 945 / 2000
2026-03-12 17:30:15.021 | INFO     | __main__:<module>:220 - Training time taken = 219.28 seconds, Evaluation time taken = nan seconds, loss = 0.03024, fid = None
2026-03-12 17:30:15.022 | INFO     | __main__:<module>:157 - Epoch = 946 / 2000
2026-03-12 17:33:56.142 | INFO     | __main__:<module>:220 - Training time taken = 221.12 seconds, Evaluation time taken = nan seconds, loss = 0.02984, fid = None
2026-03-12 17:33:56.143 | INFO     | __main__:<module>:157 - Epoch = 947 / 2000
2026-03-12 17:37:37.832 | INFO     | __main__:<module>:220 - Training time taken = 221.69 seconds, Evaluation time taken = nan seconds, loss = 0.02995, fid = None
2026-03-12 17:37:37.833 | INFO     | __main__:<module>:157 - Epoch = 948 / 2000
2026-03-12 17:41:26.503 | INFO     | __main__:<module>:220 - Training time taken = 228.67 seconds, Evaluation time taken = nan seconds, loss = 0.02981, fid = None
2026-03-12 17:41:26.504 | INFO     | __main__:<module>:157 - Epoch = 949 / 2000
2026-03-12 17:45:04.071 | INFO     | __main__:<module>:220 - Training time taken = 217.57 seconds, Evaluation time taken = nan seconds, loss = 0.03021, fid = None
2026-03-12 17:45:04.072 | INFO     | __main__:<module>:157 - Epoch = 950 / 2000
2026-03-12 17:48:50.896 | INFO     | __main__:<module>:220 - Training time taken = 226.82 seconds, Evaluation time taken = nan seconds, loss = 0.03001, fid = None
2026-03-12 17:48:50.896 | INFO     | __main__:<module>:157 - Epoch = 951 / 2000
2026-03-12 17:52:25.931 | INFO     | __main__:<module>:220 - Training time taken = 215.03 seconds, Evaluation time taken = nan seconds, loss = 0.03028, fid = None
2026-03-12 17:52:25.932 | INFO     | __main__:<module>:157 - Epoch = 952 / 2000
2026-03-12 17:56:13.686 | INFO     | __main__:<module>:220 - Training time taken = 227.75 seconds, Evaluation time taken = nan seconds, loss = 0.0302, fid = None
2026-03-12 17:56:13.702 | INFO     | __main__:<module>:157 - Epoch = 953 / 2000
2026-03-12 18:00:02.682 | INFO     | __main__:<module>:220 - Training time taken = 228.98 seconds, Evaluation time taken = nan seconds, loss = 0.03003, fid = None
2026-03-12 18:00:02.682 | INFO     | __main__:<module>:157 - Epoch = 954 / 2000
2026-03-12 18:03:38.960 | INFO     | __main__:<module>:220 - Training time taken = 216.28 seconds, Evaluation time taken = nan seconds, loss = 0.02968, fid = None
2026-03-12 18:03:38.960 | INFO     | __main__:<module>:157 - Epoch = 955 / 2000
2026-03-12 18:07:32.082 | INFO     | __main__:<module>:220 - Training time taken = 233.12 seconds, Evaluation time taken = nan seconds, loss = 0.03015, fid = None
2026-03-12 18:07:32.098 | INFO     | __main__:<module>:157 - Epoch = 956 / 2000
2026-03-12 18:11:13.713 | INFO     | __main__:<module>:220 - Training time taken = 221.61 seconds, Evaluation time taken = nan seconds, loss = 0.03047, fid = None
2026-03-12 18:11:13.713 | INFO     | __main__:<module>:157 - Epoch = 957 / 2000
2026-03-12 18:14:57.392 | INFO     | __main__:<module>:220 - Training time taken = 223.68 seconds, Evaluation time taken = nan seconds, loss = 0.03023, fid = None
2026-03-12 18:14:57.392 | INFO     | __main__:<module>:157 - Epoch = 958 / 2000
2026-03-12 18:18:48.149 | INFO     | __main__:<module>:220 - Training time taken = 230.75 seconds, Evaluation time taken = nan seconds, loss = 0.02969, fid = None
2026-03-12 18:18:48.149 | INFO     | __main__:<module>:157 - Epoch = 959 / 2000
2026-03-12 18:22:27.066 | INFO     | __main__:<module>:220 - Training time taken = 218.92 seconds, Evaluation time taken = nan seconds, loss = 0.02954, fid = None
2026-03-12 18:22:27.066 | INFO     | __main__:<module>:157 - Epoch = 960 / 2000
2026-03-12 18:26:08.976 | INFO     | __main__:<module>:220 - Training time taken = 221.91 seconds, Evaluation time taken = nan seconds, loss = 0.02957, fid = None
2026-03-12 18:26:08.976 | INFO     | __main__:<module>:157 - Epoch = 961 / 2000
2026-03-12 18:29:45.016 | INFO     | __main__:<module>:220 - Training time taken = 216.04 seconds, Evaluation time taken = nan seconds, loss = 0.02943, fid = None
2026-03-12 18:29:45.016 | INFO     | __main__:<module>:157 - Epoch = 962 / 2000
2026-03-12 18:33:31.992 | INFO     | __main__:<module>:220 - Training time taken = 226.97 seconds, Evaluation time taken = nan seconds, loss = 0.03009, fid = None
2026-03-12 18:33:31.993 | INFO     | __main__:<module>:157 - Epoch = 963 / 2000
2026-03-12 18:37:26.765 | INFO     | __main__:<module>:220 - Training time taken = 234.77 seconds, Evaluation time taken = nan seconds, loss = 0.02954, fid = None
2026-03-12 18:37:26.765 | INFO     | __main__:<module>:157 - Epoch = 964 / 2000
2026-03-12 18:41:05.251 | INFO     | __main__:<module>:220 - Training time taken = 218.47 seconds, Evaluation time taken = nan seconds, loss = 0.02958, fid = None
2026-03-12 18:41:05.252 | INFO     | __main__:<module>:157 - Epoch = 965 / 2000
2026-03-12 18:44:58.639 | INFO     | __main__:<module>:220 - Training time taken = 233.39 seconds, Evaluation time taken = nan seconds, loss = 0.02951, fid = None
2026-03-12 18:44:58.640 | INFO     | __main__:<module>:157 - Epoch = 966 / 2000
2026-03-12 18:48:40.054 | INFO     | __main__:<module>:220 - Training time taken = 221.41 seconds, Evaluation time taken = nan seconds, loss = 0.02994, fid = None
2026-03-12 18:48:40.055 | INFO     | __main__:<module>:157 - Epoch = 967 / 2000
2026-03-12 18:52:29.506 | INFO     | __main__:<module>:220 - Training time taken = 229.45 seconds, Evaluation time taken = nan seconds, loss = 0.0298, fid = None
2026-03-12 18:52:29.506 | INFO     | __main__:<module>:157 - Epoch = 968 / 2000
2026-03-12 18:56:18.127 | INFO     | __main__:<module>:220 - Training time taken = 228.62 seconds, Evaluation time taken = nan seconds, loss = 0.02976, fid = None
2026-03-12 18:56:18.128 | INFO     | __main__:<module>:157 - Epoch = 969 / 2000
2026-03-12 18:59:56.376 | INFO     | __main__:<module>:220 - Training time taken = 218.25 seconds, Evaluation time taken = nan seconds, loss = 0.03025, fid = None
2026-03-12 18:59:56.376 | INFO     | __main__:<module>:157 - Epoch = 970 / 2000
2026-03-12 19:03:51.067 | INFO     | __main__:<module>:220 - Training time taken = 234.69 seconds, Evaluation time taken = nan seconds, loss = 0.02995, fid = None
2026-03-12 19:03:51.068 | INFO     | __main__:<module>:157 - Epoch = 971 / 2000
2026-03-12 19:07:31.828 | INFO     | __main__:<module>:220 - Training time taken = 220.76 seconds, Evaluation time taken = nan seconds, loss = 0.02988, fid = None
2026-03-12 19:07:31.828 | INFO     | __main__:<module>:157 - Epoch = 972 / 2000
2026-03-12 19:11:23.636 | INFO     | __main__:<module>:220 - Training time taken = 231.81 seconds, Evaluation time taken = nan seconds, loss = 0.03003, fid = None
2026-03-12 19:11:23.656 | INFO     | __main__:<module>:157 - Epoch = 973 / 2000
2026-03-12 19:15:08.473 | INFO     | __main__:<module>:220 - Training time taken = 224.81 seconds, Evaluation time taken = nan seconds, loss = 0.02965, fid = None
2026-03-12 19:15:08.473 | INFO     | __main__:<module>:157 - Epoch = 974 / 2000
2026-03-12 19:18:51.156 | INFO     | __main__:<module>:220 - Training time taken = 222.68 seconds, Evaluation time taken = nan seconds, loss = 0.03021, fid = None
2026-03-12 19:18:51.156 | INFO     | __main__:<module>:157 - Epoch = 975 / 2000
2026-03-12 19:22:39.961 | INFO     | __main__:<module>:220 - Training time taken = 228.8 seconds, Evaluation time taken = nan seconds, loss = 0.03004, fid = None
2026-03-12 19:22:39.962 | INFO     | __main__:<module>:157 - Epoch = 976 / 2000
2026-03-12 19:26:19.407 | INFO     | __main__:<module>:220 - Training time taken = 219.44 seconds, Evaluation time taken = nan seconds, loss = 0.02999, fid = None
2026-03-12 19:26:19.408 | INFO     | __main__:<module>:157 - Epoch = 977 / 2000
2026-03-12 19:30:14.060 | INFO     | __main__:<module>:220 - Training time taken = 234.65 seconds, Evaluation time taken = nan seconds, loss = 0.02988, fid = None
2026-03-12 19:30:14.060 | INFO     | __main__:<module>:157 - Epoch = 978 / 2000
2026-03-12 19:33:55.605 | INFO     | __main__:<module>:220 - Training time taken = 221.53 seconds, Evaluation time taken = nan seconds, loss = 0.02916, fid = None
2026-03-12 19:33:55.606 | INFO     | __main__:<module>:157 - Epoch = 979 / 2000
2026-03-12 19:37:47.030 | INFO     | __main__:<module>:220 - Training time taken = 231.41 seconds, Evaluation time taken = nan seconds, loss = 0.02951, fid = None
2026-03-12 19:37:47.030 | INFO     | __main__:<module>:157 - Epoch = 980 / 2000
2026-03-12 19:41:38.354 | INFO     | __main__:<module>:220 - Training time taken = 231.32 seconds, Evaluation time taken = nan seconds, loss = 0.02994, fid = None
2026-03-12 19:41:38.355 | INFO     | __main__:<module>:157 - Epoch = 981 / 2000
2026-03-12 19:45:15.268 | INFO     | __main__:<module>:220 - Training time taken = 216.91 seconds, Evaluation time taken = nan seconds, loss = 0.0298, fid = None
2026-03-12 19:45:15.268 | INFO     | __main__:<module>:157 - Epoch = 982 / 2000
2026-03-12 19:49:02.011 | INFO     | __main__:<module>:220 - Training time taken = 226.74 seconds, Evaluation time taken = nan seconds, loss = 0.02991, fid = None
2026-03-12 19:49:02.012 | INFO     | __main__:<module>:157 - Epoch = 983 / 2000
2026-03-12 19:52:41.556 | INFO     | __main__:<module>:220 - Training time taken = 219.54 seconds, Evaluation time taken = nan seconds, loss = 0.03038, fid = None
2026-03-12 19:52:41.556 | INFO     | __main__:<module>:157 - Epoch = 984 / 2000
2026-03-12 19:56:29.607 | INFO     | __main__:<module>:220 - Training time taken = 228.05 seconds, Evaluation time taken = nan seconds, loss = 0.02982, fid = None
2026-03-12 19:56:29.608 | INFO     | __main__:<module>:157 - Epoch = 985 / 2000
2026-03-12 20:00:15.765 | INFO     | __main__:<module>:220 - Training time taken = 226.16 seconds, Evaluation time taken = nan seconds, loss = 0.02979, fid = None
2026-03-12 20:00:15.767 | INFO     | __main__:<module>:157 - Epoch = 986 / 2000
2026-03-12 20:04:01.978 | INFO     | __main__:<module>:220 - Training time taken = 226.19 seconds, Evaluation time taken = nan seconds, loss = 0.02965, fid = None
2026-03-12 20:04:01.978 | INFO     | __main__:<module>:157 - Epoch = 987 / 2000
2026-03-12 20:07:48.791 | INFO     | __main__:<module>:220 - Training time taken = 226.81 seconds, Evaluation time taken = nan seconds, loss = 0.02971, fid = None
2026-03-12 20:07:48.792 | INFO     | __main__:<module>:157 - Epoch = 988 / 2000
2026-03-12 20:11:27.940 | INFO     | __main__:<module>:220 - Training time taken = 219.15 seconds, Evaluation time taken = nan seconds, loss = 0.02958, fid = None
2026-03-12 20:11:27.940 | INFO     | __main__:<module>:157 - Epoch = 989 / 2000
2026-03-12 20:15:14.204 | INFO     | __main__:<module>:220 - Training time taken = 226.26 seconds, Evaluation time taken = nan seconds, loss = 0.03001, fid = None
2026-03-12 20:15:14.205 | INFO     | __main__:<module>:157 - Epoch = 990 / 2000
2026-03-12 20:18:54.794 | INFO     | __main__:<module>:220 - Training time taken = 220.59 seconds, Evaluation time taken = nan seconds, loss = 0.02977, fid = None
2026-03-12 20:18:54.794 | INFO     | __main__:<module>:157 - Epoch = 991 / 2000
2026-03-12 20:22:46.835 | INFO     | __main__:<module>:220 - Training time taken = 232.04 seconds, Evaluation time taken = nan seconds, loss = 0.02975, fid = None
2026-03-12 20:22:46.835 | INFO     | __main__:<module>:157 - Epoch = 992 / 2000
2026-03-12 20:26:37.057 | INFO     | __main__:<module>:220 - Training time taken = 230.22 seconds, Evaluation time taken = nan seconds, loss = 0.02966, fid = None
2026-03-12 20:26:37.057 | INFO     | __main__:<module>:157 - Epoch = 993 / 2000
2026-03-12 20:30:15.927 | INFO     | __main__:<module>:220 - Training time taken = 218.87 seconds, Evaluation time taken = nan seconds, loss = 0.02997, fid = None
2026-03-12 20:30:15.927 | INFO     | __main__:<module>:157 - Epoch = 994 / 2000
2026-03-12 20:33:58.028 | INFO     | __main__:<module>:220 - Training time taken = 222.1 seconds, Evaluation time taken = nan seconds, loss = 0.02923, fid = None
2026-03-12 20:33:58.029 | INFO     | __main__:<module>:157 - Epoch = 995 / 2000
2026-03-12 20:37:35.228 | INFO     | __main__:<module>:220 - Training time taken = 217.2 seconds, Evaluation time taken = nan seconds, loss = 0.02991, fid = None
2026-03-12 20:37:35.228 | INFO     | __main__:<module>:157 - Epoch = 996 / 2000
2026-03-12 20:41:21.690 | INFO     | __main__:<module>:220 - Training time taken = 226.46 seconds, Evaluation time taken = nan seconds, loss = 0.03027, fid = None
2026-03-12 20:41:21.691 | INFO     | __main__:<module>:157 - Epoch = 997 / 2000
2026-03-12 20:45:07.219 | INFO     | __main__:<module>:220 - Training time taken = 225.53 seconds, Evaluation time taken = nan seconds, loss = 0.02973, fid = None
2026-03-12 20:45:07.220 | INFO     | __main__:<module>:157 - Epoch = 998 / 2000
2026-03-12 20:48:44.559 | INFO     | __main__:<module>:220 - Training time taken = 217.34 seconds, Evaluation time taken = nan seconds, loss = 0.02938, fid = None
2026-03-12 20:48:44.560 | INFO     | __main__:<module>:157 - Epoch = 999 / 2000
2026-03-12 20:52:31.346 | INFO     | __main__:<module>:220 - Training time taken = 226.78 seconds, Evaluation time taken = nan seconds, loss = 0.02943, fid = None
2026-03-12 20:52:31.346 | INFO     | __main__:<module>:157 - Epoch = 1000 / 2000
2026-03-12 20:56:12.529 | INFO     | __main__:<module>:220 - Training time taken = 221.18 seconds, Evaluation time taken = nan seconds, loss = 0.0297, fid = None
2026-03-12 20:56:12.529 | INFO     | __main__:<module>:157 - Epoch = 1001 / 2000
2026-03-12 21:00:00.560 | INFO     | __main__:<module>:220 - Training time taken = 228.01 seconds, Evaluation time taken = nan seconds, loss = 0.02941, fid = None
2026-03-12 21:00:00.560 | INFO     | __main__:<module>:157 - Epoch = 1002 / 2000
2026-03-12 21:03:38.367 | INFO     | __main__:<module>:220 - Training time taken = 217.81 seconds, Evaluation time taken = nan seconds, loss = 0.03007, fid = None
2026-03-12 21:03:38.368 | INFO     | __main__:<module>:157 - Epoch = 1003 / 2000
2026-03-12 21:07:18.848 | INFO     | __main__:<module>:220 - Training time taken = 220.48 seconds, Evaluation time taken = nan seconds, loss = 0.02925, fid = None
2026-03-12 21:07:18.849 | INFO     | __main__:<module>:157 - Epoch = 1004 / 2000
2026-03-12 21:11:04.425 | INFO     | __main__:<module>:220 - Training time taken = 225.57 seconds, Evaluation time taken = nan seconds, loss = 0.02966, fid = None
2026-03-12 21:11:04.426 | INFO     | __main__:<module>:157 - Epoch = 1005 / 2000
2026-03-12 21:14:45.527 | INFO     | __main__:<module>:220 - Training time taken = 221.1 seconds, Evaluation time taken = nan seconds, loss = 0.0296, fid = None
2026-03-12 21:14:45.528 | INFO     | __main__:<module>:157 - Epoch = 1006 / 2000
2026-03-12 21:18:28.008 | INFO     | __main__:<module>:220 - Training time taken = 222.48 seconds, Evaluation time taken = nan seconds, loss = 0.02943, fid = None
2026-03-12 21:18:28.009 | INFO     | __main__:<module>:157 - Epoch = 1007 / 2000
2026-03-12 21:22:03.325 | INFO     | __main__:<module>:220 - Training time taken = 215.31 seconds, Evaluation time taken = nan seconds, loss = 0.02994, fid = None
2026-03-12 21:22:03.326 | INFO     | __main__:<module>:157 - Epoch = 1008 / 2000
2026-03-12 21:25:55.245 | INFO     | __main__:<module>:220 - Training time taken = 231.92 seconds, Evaluation time taken = nan seconds, loss = 0.02979, fid = None
2026-03-12 21:25:55.246 | INFO     | __main__:<module>:157 - Epoch = 1009 / 2000
2026-03-12 21:29:29.664 | INFO     | __main__:<module>:220 - Training time taken = 214.42 seconds, Evaluation time taken = nan seconds, loss = 0.02953, fid = None
2026-03-12 21:29:29.665 | INFO     | __main__:<module>:157 - Epoch = 1010 / 2000
2026-03-12 21:33:06.415 | INFO     | __main__:<module>:220 - Training time taken = 216.75 seconds, Evaluation time taken = nan seconds, loss = 0.03005, fid = None
2026-03-12 21:33:06.416 | INFO     | __main__:<module>:157 - Epoch = 1011 / 2000
2026-03-12 21:36:46.456 | INFO     | __main__:<module>:220 - Training time taken = 220.04 seconds, Evaluation time taken = nan seconds, loss = 0.02976, fid = None
2026-03-12 21:36:46.456 | INFO     | __main__:<module>:157 - Epoch = 1012 / 2000
2026-03-12 21:40:22.854 | INFO     | __main__:<module>:220 - Training time taken = 216.4 seconds, Evaluation time taken = nan seconds, loss = 0.0304, fid = None
2026-03-12 21:40:22.870 | INFO     | __main__:<module>:157 - Epoch = 1013 / 2000
2026-03-12 21:43:53.888 | INFO     | __main__:<module>:220 - Training time taken = 211.02 seconds, Evaluation time taken = nan seconds, loss = 0.03015, fid = None
2026-03-12 21:43:53.889 | INFO     | __main__:<module>:157 - Epoch = 1014 / 2000
2026-03-12 21:47:31.002 | INFO     | __main__:<module>:220 - Training time taken = 217.11 seconds, Evaluation time taken = nan seconds, loss = 0.02987, fid = None
2026-03-12 21:47:31.003 | INFO     | __main__:<module>:157 - Epoch = 1015 / 2000
2026-03-12 21:51:03.493 | INFO     | __main__:<module>:220 - Training time taken = 212.49 seconds, Evaluation time taken = nan seconds, loss = 0.03055, fid = None
2026-03-12 21:51:03.493 | INFO     | __main__:<module>:157 - Epoch = 1016 / 2000
2026-03-12 21:54:34.920 | INFO     | __main__:<module>:220 - Training time taken = 211.42 seconds, Evaluation time taken = nan seconds, loss = 0.02966, fid = None
2026-03-12 21:54:34.920 | INFO     | __main__:<module>:157 - Epoch = 1017 / 2000
2026-03-12 21:58:08.829 | INFO     | __main__:<module>:220 - Training time taken = 213.91 seconds, Evaluation time taken = nan seconds, loss = 0.02996, fid = None
2026-03-12 21:58:08.830 | INFO     | __main__:<module>:157 - Epoch = 1018 / 2000
2026-03-12 22:01:49.715 | INFO     | __main__:<module>:220 - Training time taken = 220.88 seconds, Evaluation time taken = nan seconds, loss = 0.02956, fid = None
2026-03-12 22:01:49.716 | INFO     | __main__:<module>:157 - Epoch = 1019 / 2000
2026-03-12 22:05:26.627 | INFO     | __main__:<module>:220 - Training time taken = 216.91 seconds, Evaluation time taken = nan seconds, loss = 0.02969, fid = None
2026-03-12 22:05:26.628 | INFO     | __main__:<module>:157 - Epoch = 1020 / 2000
2026-03-12 22:09:13.435 | INFO     | __main__:<module>:220 - Training time taken = 226.81 seconds, Evaluation time taken = nan seconds, loss = 0.03007, fid = None
2026-03-12 22:09:13.436 | INFO     | __main__:<module>:157 - Epoch = 1021 / 2000
2026-03-12 22:12:52.335 | INFO     | __main__:<module>:220 - Training time taken = 218.9 seconds, Evaluation time taken = nan seconds, loss = 0.02976, fid = None
2026-03-12 22:12:52.335 | INFO     | __main__:<module>:157 - Epoch = 1022 / 2000
2026-03-12 22:16:43.792 | INFO     | __main__:<module>:220 - Training time taken = 231.45 seconds, Evaluation time taken = nan seconds, loss = 0.02979, fid = None
2026-03-12 22:16:43.792 | INFO     | __main__:<module>:157 - Epoch = 1023 / 2000
2026-03-12 22:20:16.530 | INFO     | __main__:<module>:220 - Training time taken = 212.74 seconds, Evaluation time taken = nan seconds, loss = 0.02986, fid = None
2026-03-12 22:20:16.531 | INFO     | __main__:<module>:157 - Epoch = 1024 / 2000
2026-03-12 22:23:46.991 | INFO     | __main__:<module>:220 - Training time taken = 210.46 seconds, Evaluation time taken = nan seconds, loss = 0.02967, fid = None
2026-03-12 22:23:46.992 | INFO     | __main__:<module>:157 - Epoch = 1025 / 2000
2026-03-12 22:27:24.296 | INFO     | __main__:<module>:220 - Training time taken = 217.3 seconds, Evaluation time taken = nan seconds, loss = 0.02952, fid = None
2026-03-12 22:27:24.297 | INFO     | __main__:<module>:157 - Epoch = 1026 / 2000
2026-03-12 22:31:00.185 | INFO     | __main__:<module>:220 - Training time taken = 215.89 seconds, Evaluation time taken = nan seconds, loss = 0.02972, fid = None
2026-03-12 22:31:00.186 | INFO     | __main__:<module>:157 - Epoch = 1027 / 2000
2026-03-12 22:34:33.411 | INFO     | __main__:<module>:220 - Training time taken = 213.22 seconds, Evaluation time taken = nan seconds, loss = 0.02987, fid = None
2026-03-12 22:34:33.413 | INFO     | __main__:<module>:157 - Epoch = 1028 / 2000
2026-03-12 22:38:14.813 | INFO     | __main__:<module>:220 - Training time taken = 221.4 seconds, Evaluation time taken = nan seconds, loss = 0.02992, fid = None
2026-03-12 22:38:14.813 | INFO     | __main__:<module>:157 - Epoch = 1029 / 2000
2026-03-12 22:41:51.428 | INFO     | __main__:<module>:220 - Training time taken = 216.61 seconds, Evaluation time taken = nan seconds, loss = 0.02953, fid = None
2026-03-12 22:41:51.428 | INFO     | __main__:<module>:157 - Epoch = 1030 / 2000
2026-03-12 22:45:18.874 | INFO     | __main__:<module>:220 - Training time taken = 207.44 seconds, Evaluation time taken = nan seconds, loss = 0.02984, fid = None
2026-03-12 22:45:18.874 | INFO     | __main__:<module>:157 - Epoch = 1031 / 2000
2026-03-12 22:48:46.444 | INFO     | __main__:<module>:220 - Training time taken = 207.57 seconds, Evaluation time taken = nan seconds, loss = 0.02985, fid = None
2026-03-12 22:48:46.444 | INFO     | __main__:<module>:157 - Epoch = 1032 / 2000
2026-03-12 22:52:33.269 | INFO     | __main__:<module>:220 - Training time taken = 226.82 seconds, Evaluation time taken = nan seconds, loss = 0.02977, fid = None
2026-03-12 22:52:33.270 | INFO     | __main__:<module>:157 - Epoch = 1033 / 2000
2026-03-12 22:56:31.425 | INFO     | __main__:<module>:220 - Training time taken = 238.15 seconds, Evaluation time taken = nan seconds, loss = 0.03003, fid = None
2026-03-12 22:56:31.425 | INFO     | __main__:<module>:157 - Epoch = 1034 / 2000
2026-03-12 23:00:12.852 | INFO     | __main__:<module>:220 - Training time taken = 221.42 seconds, Evaluation time taken = nan seconds, loss = 0.02985, fid = None
2026-03-12 23:00:12.852 | INFO     | __main__:<module>:157 - Epoch = 1035 / 2000
2026-03-12 23:04:12.816 | INFO     | __main__:<module>:220 - Training time taken = 239.96 seconds, Evaluation time taken = nan seconds, loss = 0.02982, fid = None
2026-03-12 23:04:12.816 | INFO     | __main__:<module>:157 - Epoch = 1036 / 2000
2026-03-12 23:07:53.355 | INFO     | __main__:<module>:220 - Training time taken = 220.54 seconds, Evaluation time taken = nan seconds, loss = 0.03017, fid = None
2026-03-12 23:07:53.356 | INFO     | __main__:<module>:157 - Epoch = 1037 / 2000
2026-03-12 23:11:48.587 | INFO     | __main__:<module>:220 - Training time taken = 235.23 seconds, Evaluation time taken = nan seconds, loss = 0.02962, fid = None
2026-03-12 23:11:48.588 | INFO     | __main__:<module>:157 - Epoch = 1038 / 2000
2026-03-12 23:15:29.497 | INFO     | __main__:<module>:220 - Training time taken = 220.9 seconds, Evaluation time taken = nan seconds, loss = 0.0298, fid = None
2026-03-12 23:15:29.497 | INFO     | __main__:<module>:157 - Epoch = 1039 / 2000
2026-03-12 23:19:19.596 | INFO     | __main__:<module>:220 - Training time taken = 230.1 seconds, Evaluation time taken = nan seconds, loss = 0.0298, fid = None
2026-03-12 23:19:19.596 | INFO     | __main__:<module>:157 - Epoch = 1040 / 2000
2026-03-12 23:22:59.651 | INFO     | __main__:<module>:220 - Training time taken = 220.05 seconds, Evaluation time taken = nan seconds, loss = 0.02981, fid = None
2026-03-12 23:22:59.652 | INFO     | __main__:<module>:157 - Epoch = 1041 / 2000
2026-03-12 23:26:44.515 | INFO     | __main__:<module>:220 - Training time taken = 224.86 seconds, Evaluation time taken = nan seconds, loss = 0.02984, fid = None
2026-03-12 23:26:44.516 | INFO     | __main__:<module>:157 - Epoch = 1042 / 2000
2026-03-12 23:30:35.353 | INFO     | __main__:<module>:220 - Training time taken = 230.84 seconds, Evaluation time taken = nan seconds, loss = 0.02942, fid = None
2026-03-12 23:30:35.354 | INFO     | __main__:<module>:157 - Epoch = 1043 / 2000
2026-03-12 23:34:06.302 | INFO     | __main__:<module>:220 - Training time taken = 210.95 seconds, Evaluation time taken = nan seconds, loss = 0.02929, fid = None
2026-03-12 23:34:06.303 | INFO     | __main__:<module>:157 - Epoch = 1044 / 2000
2026-03-12 23:37:35.938 | INFO     | __main__:<module>:220 - Training time taken = 209.63 seconds, Evaluation time taken = nan seconds, loss = 0.02985, fid = None
2026-03-12 23:37:35.939 | INFO     | __main__:<module>:157 - Epoch = 1045 / 2000
2026-03-12 23:41:06.251 | INFO     | __main__:<module>:220 - Training time taken = 210.31 seconds, Evaluation time taken = nan seconds, loss = 0.02996, fid = None
2026-03-12 23:41:06.251 | INFO     | __main__:<module>:157 - Epoch = 1046 / 2000
2026-03-12 23:44:42.340 | INFO     | __main__:<module>:220 - Training time taken = 216.09 seconds, Evaluation time taken = nan seconds, loss = 0.02939, fid = None
2026-03-12 23:44:42.340 | INFO     | __main__:<module>:157 - Epoch = 1047 / 2000
2026-03-12 23:48:20.634 | INFO     | __main__:<module>:220 - Training time taken = 218.29 seconds, Evaluation time taken = nan seconds, loss = 0.02977, fid = None
2026-03-12 23:48:20.635 | INFO     | __main__:<module>:157 - Epoch = 1048 / 2000
2026-03-12 23:51:57.491 | INFO     | __main__:<module>:220 - Training time taken = 216.85 seconds, Evaluation time taken = nan seconds, loss = 0.02933, fid = None
2026-03-12 23:51:57.492 | INFO     | __main__:<module>:157 - Epoch = 1049 / 2000
2026-03-12 23:55:40.273 | INFO     | __main__:<module>:220 - Training time taken = 222.78 seconds, Evaluation time taken = nan seconds, loss = 0.02996, fid = None
2026-03-12 23:55:40.273 | INFO     | __main__:<module>:157 - Epoch = 1050 / 2000
2026-03-12 23:59:11.159 | INFO     | __main__:<module>:220 - Training time taken = 210.88 seconds, Evaluation time taken = nan seconds, loss = 0.02976, fid = None
2026-03-12 23:59:11.159 | INFO     | __main__:<module>:157 - Epoch = 1051 / 2000
2026-03-13 00:02:48.253 | INFO     | __main__:<module>:220 - Training time taken = 217.09 seconds, Evaluation time taken = nan seconds, loss = 0.02979, fid = None
2026-03-13 00:02:48.254 | INFO     | __main__:<module>:157 - Epoch = 1052 / 2000
2026-03-13 00:06:14.915 | INFO     | __main__:<module>:220 - Training time taken = 206.66 seconds, Evaluation time taken = nan seconds, loss = 0.03036, fid = None
2026-03-13 00:06:14.915 | INFO     | __main__:<module>:157 - Epoch = 1053 / 2000
2026-03-13 00:09:47.767 | INFO     | __main__:<module>:220 - Training time taken = 212.85 seconds, Evaluation time taken = nan seconds, loss = 0.03004, fid = None
2026-03-13 00:09:47.767 | INFO     | __main__:<module>:157 - Epoch = 1054 / 2000
2026-03-13 00:13:12.847 | INFO     | __main__:<module>:220 - Training time taken = 205.08 seconds, Evaluation time taken = nan seconds, loss = 0.02942, fid = None
2026-03-13 00:13:12.848 | INFO     | __main__:<module>:157 - Epoch = 1055 / 2000
2026-03-13 00:16:41.038 | INFO     | __main__:<module>:220 - Training time taken = 208.19 seconds, Evaluation time taken = nan seconds, loss = 0.02982, fid = None
2026-03-13 00:16:41.039 | INFO     | __main__:<module>:157 - Epoch = 1056 / 2000
2026-03-13 00:20:08.275 | INFO     | __main__:<module>:220 - Training time taken = 207.23 seconds, Evaluation time taken = nan seconds, loss = 0.02949, fid = None
2026-03-13 00:20:08.275 | INFO     | __main__:<module>:157 - Epoch = 1057 / 2000
2026-03-13 00:23:38.882 | INFO     | __main__:<module>:220 - Training time taken = 210.6 seconds, Evaluation time taken = nan seconds, loss = 0.02987, fid = None
2026-03-13 00:23:38.882 | INFO     | __main__:<module>:157 - Epoch = 1058 / 2000
2026-03-13 00:27:16.443 | INFO     | __main__:<module>:220 - Training time taken = 217.56 seconds, Evaluation time taken = nan seconds, loss = 0.02969, fid = None
2026-03-13 00:27:16.444 | INFO     | __main__:<module>:157 - Epoch = 1059 / 2000
2026-03-13 00:31:10.631 | INFO     | __main__:<module>:220 - Training time taken = 234.19 seconds, Evaluation time taken = nan seconds, loss = 0.02979, fid = None
2026-03-13 00:31:10.632 | INFO     | __main__:<module>:157 - Epoch = 1060 / 2000
2026-03-13 00:34:47.819 | INFO     | __main__:<module>:220 - Training time taken = 217.19 seconds, Evaluation time taken = nan seconds, loss = 0.02974, fid = None
2026-03-13 00:34:47.820 | INFO     | __main__:<module>:157 - Epoch = 1061 / 2000
2026-03-13 00:38:39.715 | INFO     | __main__:<module>:220 - Training time taken = 231.89 seconds, Evaluation time taken = nan seconds, loss = 0.0296, fid = None
2026-03-13 00:38:39.715 | INFO     | __main__:<module>:157 - Epoch = 1062 / 2000
2026-03-13 00:42:26.380 | INFO     | __main__:<module>:220 - Training time taken = 226.66 seconds, Evaluation time taken = nan seconds, loss = 0.02974, fid = None
2026-03-13 00:42:26.381 | INFO     | __main__:<module>:157 - Epoch = 1063 / 2000
2026-03-13 00:46:04.364 | INFO     | __main__:<module>:220 - Training time taken = 217.98 seconds, Evaluation time taken = nan seconds, loss = 0.02985, fid = None
2026-03-13 00:46:04.365 | INFO     | __main__:<module>:157 - Epoch = 1064 / 2000
2026-03-13 00:49:49.619 | INFO     | __main__:<module>:220 - Training time taken = 225.25 seconds, Evaluation time taken = nan seconds, loss = 0.0295, fid = None
2026-03-13 00:49:49.620 | INFO     | __main__:<module>:157 - Epoch = 1065 / 2000
2026-03-13 00:53:26.640 | INFO     | __main__:<module>:220 - Training time taken = 217.02 seconds, Evaluation time taken = nan seconds, loss = 0.0296, fid = None
2026-03-13 00:53:26.641 | INFO     | __main__:<module>:157 - Epoch = 1066 / 2000
2026-03-13 00:57:13.189 | INFO     | __main__:<module>:220 - Training time taken = 226.55 seconds, Evaluation time taken = nan seconds, loss = 0.02976, fid = None
2026-03-13 00:57:13.189 | INFO     | __main__:<module>:157 - Epoch = 1067 / 2000
2026-03-13 01:00:54.073 | INFO     | __main__:<module>:220 - Training time taken = 220.88 seconds, Evaluation time taken = nan seconds, loss = 0.02992, fid = None
2026-03-13 01:00:54.073 | INFO     | __main__:<module>:157 - Epoch = 1068 / 2000
2026-03-13 01:04:31.804 | INFO     | __main__:<module>:220 - Training time taken = 217.73 seconds, Evaluation time taken = nan seconds, loss = 0.02997, fid = None
2026-03-13 01:04:31.804 | INFO     | __main__:<module>:157 - Epoch = 1069 / 2000
2026-03-13 01:08:15.981 | INFO     | __main__:<module>:220 - Training time taken = 224.18 seconds, Evaluation time taken = nan seconds, loss = 0.02975, fid = None
2026-03-13 01:08:15.981 | INFO     | __main__:<module>:157 - Epoch = 1070 / 2000
2026-03-13 01:11:56.923 | INFO     | __main__:<module>:220 - Training time taken = 220.94 seconds, Evaluation time taken = nan seconds, loss = 0.0297, fid = None
2026-03-13 01:11:56.924 | INFO     | __main__:<module>:157 - Epoch = 1071 / 2000
2026-03-13 01:15:48.110 | INFO     | __main__:<module>:220 - Training time taken = 231.18 seconds, Evaluation time taken = nan seconds, loss = 0.02972, fid = None
2026-03-13 01:15:48.111 | INFO     | __main__:<module>:157 - Epoch = 1072 / 2000
2026-03-13 01:19:31.655 | INFO     | __main__:<module>:220 - Training time taken = 223.54 seconds, Evaluation time taken = nan seconds, loss = 0.02987, fid = None
2026-03-13 01:19:31.655 | INFO     | __main__:<module>:157 - Epoch = 1073 / 2000
2026-03-13 01:23:16.651 | INFO     | __main__:<module>:220 - Training time taken = 224.99 seconds, Evaluation time taken = nan seconds, loss = 0.03002, fid = None
2026-03-13 01:23:16.652 | INFO     | __main__:<module>:157 - Epoch = 1074 / 2000
2026-03-13 01:27:08.648 | INFO     | __main__:<module>:220 - Training time taken = 231.99 seconds, Evaluation time taken = nan seconds, loss = 0.02982, fid = None
2026-03-13 01:27:08.648 | INFO     | __main__:<module>:157 - Epoch = 1075 / 2000
2026-03-13 01:30:47.768 | INFO     | __main__:<module>:220 - Training time taken = 219.12 seconds, Evaluation time taken = nan seconds, loss = 0.02973, fid = None
2026-03-13 01:30:47.770 | INFO     | __main__:<module>:157 - Epoch = 1076 / 2000
2026-03-13 01:34:38.356 | INFO     | __main__:<module>:220 - Training time taken = 230.58 seconds, Evaluation time taken = nan seconds, loss = 0.02951, fid = None
2026-03-13 01:34:38.357 | INFO     | __main__:<module>:157 - Epoch = 1077 / 2000
2026-03-13 01:38:23.195 | INFO     | __main__:<module>:220 - Training time taken = 224.84 seconds, Evaluation time taken = nan seconds, loss = 0.02974, fid = None
2026-03-13 01:38:23.196 | INFO     | __main__:<module>:157 - Epoch = 1078 / 2000
2026-03-13 01:42:22.912 | INFO     | __main__:<module>:220 - Training time taken = 239.71 seconds, Evaluation time taken = nan seconds, loss = 0.02972, fid = None
2026-03-13 01:42:22.913 | INFO     | __main__:<module>:157 - Epoch = 1079 / 2000
2026-03-13 01:46:05.591 | INFO     | __main__:<module>:220 - Training time taken = 222.68 seconds, Evaluation time taken = nan seconds, loss = 0.02962, fid = None
2026-03-13 01:46:05.592 | INFO     | __main__:<module>:157 - Epoch = 1080 / 2000
2026-03-13 01:49:52.834 | INFO     | __main__:<module>:220 - Training time taken = 227.24 seconds, Evaluation time taken = nan seconds, loss = 0.02912, fid = None
2026-03-13 01:49:52.837 | INFO     | __main__:<module>:157 - Epoch = 1081 / 2000
2026-03-13 01:53:35.320 | INFO     | __main__:<module>:220 - Training time taken = 222.48 seconds, Evaluation time taken = nan seconds, loss = 0.02961, fid = None
2026-03-13 01:53:35.334 | INFO     | __main__:<module>:157 - Epoch = 1082 / 2000
2026-03-13 01:57:17.950 | INFO     | __main__:<module>:220 - Training time taken = 222.61 seconds, Evaluation time taken = nan seconds, loss = 0.02981, fid = None
2026-03-13 01:57:17.951 | INFO     | __main__:<module>:157 - Epoch = 1083 / 2000
2026-03-13 02:00:59.792 | INFO     | __main__:<module>:220 - Training time taken = 221.84 seconds, Evaluation time taken = nan seconds, loss = 0.02981, fid = None
2026-03-13 02:00:59.792 | INFO     | __main__:<module>:157 - Epoch = 1084 / 2000
2026-03-13 02:04:34.902 | INFO     | __main__:<module>:220 - Training time taken = 215.11 seconds, Evaluation time taken = nan seconds, loss = 0.02996, fid = None
2026-03-13 02:04:34.926 | INFO     | __main__:<module>:157 - Epoch = 1085 / 2000
2026-03-13 02:08:18.711 | INFO     | __main__:<module>:220 - Training time taken = 223.78 seconds, Evaluation time taken = nan seconds, loss = 0.02956, fid = None
2026-03-13 02:08:18.712 | INFO     | __main__:<module>:157 - Epoch = 1086 / 2000
2026-03-13 02:11:59.679 | INFO     | __main__:<module>:220 - Training time taken = 220.97 seconds, Evaluation time taken = nan seconds, loss = 0.02982, fid = None
2026-03-13 02:11:59.679 | INFO     | __main__:<module>:157 - Epoch = 1087 / 2000
2026-03-13 02:15:27.553 | INFO     | __main__:<module>:220 - Training time taken = 207.87 seconds, Evaluation time taken = nan seconds, loss = 0.02945, fid = None
2026-03-13 02:15:27.554 | INFO     | __main__:<module>:157 - Epoch = 1088 / 2000
2026-03-13 02:18:54.360 | INFO     | __main__:<module>:220 - Training time taken = 206.8 seconds, Evaluation time taken = nan seconds, loss = 0.02935, fid = None
2026-03-13 02:18:54.361 | INFO     | __main__:<module>:157 - Epoch = 1089 / 2000
2026-03-13 02:22:25.471 | INFO     | __main__:<module>:220 - Training time taken = 211.11 seconds, Evaluation time taken = nan seconds, loss = 0.02925, fid = None
2026-03-13 02:22:25.472 | INFO     | __main__:<module>:157 - Epoch = 1090 / 2000
2026-03-13 02:26:07.059 | INFO     | __main__:<module>:220 - Training time taken = 221.59 seconds, Evaluation time taken = nan seconds, loss = 0.02982, fid = None
2026-03-13 02:26:07.060 | INFO     | __main__:<module>:157 - Epoch = 1091 / 2000
2026-03-13 02:29:55.649 | INFO     | __main__:<module>:220 - Training time taken = 228.59 seconds, Evaluation time taken = nan seconds, loss = 0.03025, fid = None
2026-03-13 02:29:55.650 | INFO     | __main__:<module>:157 - Epoch = 1092 / 2000
2026-03-13 02:33:31.496 | INFO     | __main__:<module>:220 - Training time taken = 215.84 seconds, Evaluation time taken = nan seconds, loss = 0.0292, fid = None
2026-03-13 02:33:31.496 | INFO     | __main__:<module>:157 - Epoch = 1093 / 2000
2026-03-13 02:37:05.756 | INFO     | __main__:<module>:220 - Training time taken = 214.26 seconds, Evaluation time taken = nan seconds, loss = 0.03033, fid = None
2026-03-13 02:37:05.757 | INFO     | __main__:<module>:157 - Epoch = 1094 / 2000
2026-03-13 02:40:40.148 | INFO     | __main__:<module>:220 - Training time taken = 214.39 seconds, Evaluation time taken = nan seconds, loss = 0.03006, fid = None
2026-03-13 02:40:40.149 | INFO     | __main__:<module>:157 - Epoch = 1095 / 2000
2026-03-13 02:44:08.620 | INFO     | __main__:<module>:220 - Training time taken = 208.47 seconds, Evaluation time taken = nan seconds, loss = 0.02955, fid = None
2026-03-13 02:44:08.620 | INFO     | __main__:<module>:157 - Epoch = 1096 / 2000
2026-03-13 02:47:38.759 | INFO     | __main__:<module>:220 - Training time taken = 210.14 seconds, Evaluation time taken = nan seconds, loss = 0.0299, fid = None
2026-03-13 02:47:38.760 | INFO     | __main__:<module>:157 - Epoch = 1097 / 2000
2026-03-13 02:51:09.063 | INFO     | __main__:<module>:220 - Training time taken = 210.3 seconds, Evaluation time taken = nan seconds, loss = 0.02962, fid = None
2026-03-13 02:51:09.063 | INFO     | __main__:<module>:157 - Epoch = 1098 / 2000
2026-03-13 02:54:33.412 | INFO     | __main__:<module>:220 - Training time taken = 204.35 seconds, Evaluation time taken = nan seconds, loss = 0.02985, fid = None
2026-03-13 02:54:33.412 | INFO     | __main__:<module>:157 - Epoch = 1099 / 2000
2026-03-13 02:57:57.159 | INFO     | __main__:<module>:220 - Training time taken = 203.75 seconds, Evaluation time taken = nan seconds, loss = 0.02942, fid = None
2026-03-13 02:57:57.160 | INFO     | __main__:<module>:157 - Epoch = 1100 / 2000
2026-03-13 03:01:47.531 | INFO     | __main__:<module>:220 - Training time taken = 230.37 seconds, Evaluation time taken = nan seconds, loss = 0.02987, fid = None
2026-03-13 03:01:47.532 | INFO     | __main__:<module>:157 - Epoch = 1101 / 2000
2026-03-13 03:05:28.707 | INFO     | __main__:<module>:220 - Training time taken = 221.17 seconds, Evaluation time taken = nan seconds, loss = 0.02949, fid = None
2026-03-13 03:05:28.708 | INFO     | __main__:<module>:157 - Epoch = 1102 / 2000
2026-03-13 03:08:57.710 | INFO     | __main__:<module>:220 - Training time taken = 208.99 seconds, Evaluation time taken = nan seconds, loss = 0.03027, fid = None
2026-03-13 03:08:57.711 | INFO     | __main__:<module>:157 - Epoch = 1103 / 2000
2026-03-13 03:12:25.040 | INFO     | __main__:<module>:220 - Training time taken = 207.33 seconds, Evaluation time taken = nan seconds, loss = 0.02982, fid = None
2026-03-13 03:12:25.041 | INFO     | __main__:<module>:157 - Epoch = 1104 / 2000
2026-03-13 03:15:53.062 | INFO     | __main__:<module>:220 - Training time taken = 208.02 seconds, Evaluation time taken = nan seconds, loss = 0.0295, fid = None
2026-03-13 03:15:53.063 | INFO     | __main__:<module>:157 - Epoch = 1105 / 2000
2026-03-13 03:19:18.068 | INFO     | __main__:<module>:220 - Training time taken = 205.0 seconds, Evaluation time taken = nan seconds, loss = 0.03026, fid = None
2026-03-13 03:19:18.069 | INFO     | __main__:<module>:157 - Epoch = 1106 / 2000
2026-03-13 03:22:51.246 | INFO     | __main__:<module>:220 - Training time taken = 213.18 seconds, Evaluation time taken = nan seconds, loss = 0.02916, fid = None
2026-03-13 03:22:51.247 | INFO     | __main__:<module>:157 - Epoch = 1107 / 2000
2026-03-13 03:26:20.383 | INFO     | __main__:<module>:220 - Training time taken = 209.13 seconds, Evaluation time taken = nan seconds, loss = 0.03049, fid = None
2026-03-13 03:26:20.384 | INFO     | __main__:<module>:157 - Epoch = 1108 / 2000
2026-03-13 03:29:47.733 | INFO     | __main__:<module>:220 - Training time taken = 207.35 seconds, Evaluation time taken = nan seconds, loss = 0.02976, fid = None
2026-03-13 03:29:47.733 | INFO     | __main__:<module>:157 - Epoch = 1109 / 2000
2026-03-13 03:33:22.651 | INFO     | __main__:<module>:220 - Training time taken = 214.9 seconds, Evaluation time taken = nan seconds, loss = 0.0301, fid = None
2026-03-13 03:33:22.651 | INFO     | __main__:<module>:157 - Epoch = 1110 / 2000
2026-03-13 03:36:49.164 | INFO     | __main__:<module>:220 - Training time taken = 206.51 seconds, Evaluation time taken = nan seconds, loss = 0.03017, fid = None
2026-03-13 03:36:49.165 | INFO     | __main__:<module>:157 - Epoch = 1111 / 2000
2026-03-13 03:40:20.505 | INFO     | __main__:<module>:220 - Training time taken = 211.34 seconds, Evaluation time taken = nan seconds, loss = 0.0295, fid = None
2026-03-13 03:40:20.506 | INFO     | __main__:<module>:157 - Epoch = 1112 / 2000
2026-03-13 03:43:47.862 | INFO     | __main__:<module>:220 - Training time taken = 207.35 seconds, Evaluation time taken = nan seconds, loss = 0.02966, fid = None
2026-03-13 03:43:47.862 | INFO     | __main__:<module>:157 - Epoch = 1113 / 2000
2026-03-13 03:47:11.617 | INFO     | __main__:<module>:220 - Training time taken = 203.75 seconds, Evaluation time taken = nan seconds, loss = 0.02989, fid = None
2026-03-13 03:47:11.618 | INFO     | __main__:<module>:157 - Epoch = 1114 / 2000
2026-03-13 03:50:36.899 | INFO     | __main__:<module>:220 - Training time taken = 205.28 seconds, Evaluation time taken = nan seconds, loss = 0.03027, fid = None
2026-03-13 03:50:36.899 | INFO     | __main__:<module>:157 - Epoch = 1115 / 2000
2026-03-13 03:54:19.292 | INFO     | __main__:<module>:220 - Training time taken = 222.39 seconds, Evaluation time taken = nan seconds, loss = 0.02987, fid = None
2026-03-13 03:54:19.293 | INFO     | __main__:<module>:157 - Epoch = 1116 / 2000
2026-03-13 03:58:08.424 | INFO     | __main__:<module>:220 - Training time taken = 229.13 seconds, Evaluation time taken = nan seconds, loss = 0.02989, fid = None
2026-03-13 03:58:08.427 | INFO     | __main__:<module>:157 - Epoch = 1117 / 2000
2026-03-13 04:01:46.305 | INFO     | __main__:<module>:220 - Training time taken = 217.88 seconds, Evaluation time taken = nan seconds, loss = 0.0296, fid = None
2026-03-13 04:01:46.306 | INFO     | __main__:<module>:157 - Epoch = 1118 / 2000
2026-03-13 04:05:34.513 | INFO     | __main__:<module>:220 - Training time taken = 228.21 seconds, Evaluation time taken = nan seconds, loss = 0.02977, fid = None
2026-03-13 04:05:34.513 | INFO     | __main__:<module>:157 - Epoch = 1119 / 2000
2026-03-13 04:09:14.271 | INFO     | __main__:<module>:220 - Training time taken = 219.76 seconds, Evaluation time taken = nan seconds, loss = 0.02932, fid = None
2026-03-13 04:09:14.272 | INFO     | __main__:<module>:157 - Epoch = 1120 / 2000
2026-03-13 04:13:05.334 | INFO     | __main__:<module>:220 - Training time taken = 231.06 seconds, Evaluation time taken = nan seconds, loss = 0.02986, fid = None
2026-03-13 04:13:05.335 | INFO     | __main__:<module>:157 - Epoch = 1121 / 2000
2026-03-13 04:16:56.484 | INFO     | __main__:<module>:220 - Training time taken = 231.15 seconds, Evaluation time taken = nan seconds, loss = 0.02996, fid = None
2026-03-13 04:16:56.485 | INFO     | __main__:<module>:157 - Epoch = 1122 / 2000
2026-03-13 04:20:32.776 | INFO     | __main__:<module>:220 - Training time taken = 216.29 seconds, Evaluation time taken = nan seconds, loss = 0.02974, fid = None
2026-03-13 04:20:32.776 | INFO     | __main__:<module>:157 - Epoch = 1123 / 2000
2026-03-13 04:24:21.775 | INFO     | __main__:<module>:220 - Training time taken = 229.0 seconds, Evaluation time taken = nan seconds, loss = 0.02989, fid = None
2026-03-13 04:24:21.776 | INFO     | __main__:<module>:157 - Epoch = 1124 / 2000
2026-03-13 04:28:00.606 | INFO     | __main__:<module>:220 - Training time taken = 218.83 seconds, Evaluation time taken = nan seconds, loss = 0.02967, fid = None
2026-03-13 04:28:00.622 | INFO     | __main__:<module>:157 - Epoch = 1125 / 2000
2026-03-13 04:31:50.088 | INFO     | __main__:<module>:220 - Training time taken = 229.46 seconds, Evaluation time taken = nan seconds, loss = 0.03005, fid = None
2026-03-13 04:31:50.088 | INFO     | __main__:<module>:157 - Epoch = 1126 / 2000
2026-03-13 04:35:36.237 | INFO     | __main__:<module>:220 - Training time taken = 226.15 seconds, Evaluation time taken = nan seconds, loss = 0.03019, fid = None
2026-03-13 04:35:36.254 | INFO     | __main__:<module>:157 - Epoch = 1127 / 2000
2026-03-13 04:39:18.492 | INFO     | __main__:<module>:220 - Training time taken = 222.24 seconds, Evaluation time taken = nan seconds, loss = 0.0303, fid = None
2026-03-13 04:39:18.492 | INFO     | __main__:<module>:157 - Epoch = 1128 / 2000
2026-03-13 04:43:10.095 | INFO     | __main__:<module>:220 - Training time taken = 231.6 seconds, Evaluation time taken = nan seconds, loss = 0.02972, fid = None
2026-03-13 04:43:10.096 | INFO     | __main__:<module>:157 - Epoch = 1129 / 2000
2026-03-13 04:46:49.640 | INFO     | __main__:<module>:220 - Training time taken = 219.54 seconds, Evaluation time taken = nan seconds, loss = 0.0298, fid = None
2026-03-13 04:46:49.640 | INFO     | __main__:<module>:157 - Epoch = 1130 / 2000
2026-03-13 04:50:44.650 | INFO     | __main__:<module>:220 - Training time taken = 235.01 seconds, Evaluation time taken = nan seconds, loss = 0.02956, fid = None
2026-03-13 04:50:44.651 | INFO     | __main__:<module>:157 - Epoch = 1131 / 2000
2026-03-13 04:54:25.140 | INFO     | __main__:<module>:220 - Training time taken = 220.49 seconds, Evaluation time taken = nan seconds, loss = 0.0297, fid = None
2026-03-13 04:54:25.141 | INFO     | __main__:<module>:157 - Epoch = 1132 / 2000
2026-03-13 04:58:08.703 | INFO     | __main__:<module>:220 - Training time taken = 223.56 seconds, Evaluation time taken = nan seconds, loss = 0.02958, fid = None
2026-03-13 04:58:08.704 | INFO     | __main__:<module>:157 - Epoch = 1133 / 2000
2026-03-13 05:01:47.964 | INFO     | __main__:<module>:220 - Training time taken = 219.26 seconds, Evaluation time taken = nan seconds, loss = 0.02982, fid = None
2026-03-13 05:01:47.964 | INFO     | __main__:<module>:157 - Epoch = 1134 / 2000
2026-03-13 05:05:35.632 | INFO     | __main__:<module>:220 - Training time taken = 227.67 seconds, Evaluation time taken = nan seconds, loss = 0.02941, fid = None
2026-03-13 05:05:35.633 | INFO     | __main__:<module>:157 - Epoch = 1135 / 2000
2026-03-13 05:09:32.995 | INFO     | __main__:<module>:220 - Training time taken = 237.34 seconds, Evaluation time taken = nan seconds, loss = 0.02969, fid = None
2026-03-13 05:09:32.996 | INFO     | __main__:<module>:157 - Epoch = 1136 / 2000
2026-03-13 05:13:12.968 | INFO     | __main__:<module>:220 - Training time taken = 219.97 seconds, Evaluation time taken = nan seconds, loss = 0.02957, fid = None
2026-03-13 05:13:12.969 | INFO     | __main__:<module>:157 - Epoch = 1137 / 2000
2026-03-13 05:17:00.920 | INFO     | __main__:<module>:220 - Training time taken = 227.95 seconds, Evaluation time taken = nan seconds, loss = 0.02924, fid = None
2026-03-13 05:17:00.920 | INFO     | __main__:<module>:157 - Epoch = 1138 / 2000
2026-03-13 05:20:42.307 | INFO     | __main__:<module>:220 - Training time taken = 221.38 seconds, Evaluation time taken = nan seconds, loss = 0.02962, fid = None
2026-03-13 05:20:42.307 | INFO     | __main__:<module>:157 - Epoch = 1139 / 2000
2026-03-13 05:24:37.371 | INFO     | __main__:<module>:220 - Training time taken = 235.06 seconds, Evaluation time taken = nan seconds, loss = 0.0291, fid = None
2026-03-13 05:24:37.372 | INFO     | __main__:<module>:157 - Epoch = 1140 / 2000
2026-03-13 05:28:26.984 | INFO     | __main__:<module>:220 - Training time taken = 229.61 seconds, Evaluation time taken = nan seconds, loss = 0.02974, fid = None
2026-03-13 05:28:26.984 | INFO     | __main__:<module>:157 - Epoch = 1141 / 2000
2026-03-13 05:32:02.887 | INFO     | __main__:<module>:220 - Training time taken = 215.9 seconds, Evaluation time taken = nan seconds, loss = 0.02963, fid = None
2026-03-13 05:32:02.888 | INFO     | __main__:<module>:157 - Epoch = 1142 / 2000
2026-03-13 05:35:53.042 | INFO     | __main__:<module>:220 - Training time taken = 230.15 seconds, Evaluation time taken = nan seconds, loss = 0.02953, fid = None
2026-03-13 05:35:53.058 | INFO     | __main__:<module>:157 - Epoch = 1143 / 2000
2026-03-13 05:39:34.052 | INFO     | __main__:<module>:220 - Training time taken = 220.99 seconds, Evaluation time taken = nan seconds, loss = 0.02957, fid = None
2026-03-13 05:39:34.053 | INFO     | __main__:<module>:157 - Epoch = 1144 / 2000
2026-03-13 05:43:12.123 | INFO     | __main__:<module>:220 - Training time taken = 218.07 seconds, Evaluation time taken = nan seconds, loss = 0.02951, fid = None
2026-03-13 05:43:12.124 | INFO     | __main__:<module>:157 - Epoch = 1145 / 2000
2026-03-13 05:46:45.131 | INFO     | __main__:<module>:220 - Training time taken = 213.0 seconds, Evaluation time taken = nan seconds, loss = 0.02915, fid = None
2026-03-13 05:46:45.131 | INFO     | __main__:<module>:157 - Epoch = 1146 / 2000
2026-03-13 05:50:14.122 | INFO     | __main__:<module>:220 - Training time taken = 208.99 seconds, Evaluation time taken = nan seconds, loss = 0.02944, fid = None
2026-03-13 05:50:14.122 | INFO     | __main__:<module>:157 - Epoch = 1147 / 2000
2026-03-13 05:53:40.123 | INFO     | __main__:<module>:220 - Training time taken = 206.0 seconds, Evaluation time taken = nan seconds, loss = 0.02968, fid = None
2026-03-13 05:53:40.123 | INFO     | __main__:<module>:157 - Epoch = 1148 / 2000
2026-03-13 05:57:06.346 | INFO     | __main__:<module>:220 - Training time taken = 206.22 seconds, Evaluation time taken = nan seconds, loss = 0.02905, fid = None
2026-03-13 05:57:06.346 | INFO     | __main__:<module>:157 - Epoch = 1149 / 2000
2026-03-13 06:01:04.954 | INFO     | __main__:<module>:220 - Training time taken = 238.61 seconds, Evaluation time taken = nan seconds, loss = 0.02978, fid = None
2026-03-13 06:01:04.955 | INFO     | __main__:<module>:157 - Epoch = 1150 / 2000
2026-03-13 06:04:37.539 | INFO     | __main__:<module>:220 - Training time taken = 212.58 seconds, Evaluation time taken = nan seconds, loss = 0.02972, fid = None
2026-03-13 06:04:37.539 | INFO     | __main__:<module>:157 - Epoch = 1151 / 2000
2026-03-13 06:08:15.414 | INFO     | __main__:<module>:220 - Training time taken = 217.87 seconds, Evaluation time taken = nan seconds, loss = 0.02983, fid = None
2026-03-13 06:08:15.414 | INFO     | __main__:<module>:157 - Epoch = 1152 / 2000
2026-03-13 06:11:40.848 | INFO     | __main__:<module>:220 - Training time taken = 205.43 seconds, Evaluation time taken = nan seconds, loss = 0.02956, fid = None
2026-03-13 06:11:40.849 | INFO     | __main__:<module>:157 - Epoch = 1153 / 2000
2026-03-13 06:15:05.527 | INFO     | __main__:<module>:220 - Training time taken = 204.68 seconds, Evaluation time taken = nan seconds, loss = 0.02994, fid = None
2026-03-13 06:15:05.528 | INFO     | __main__:<module>:157 - Epoch = 1154 / 2000
2026-03-13 06:18:42.856 | INFO     | __main__:<module>:220 - Training time taken = 217.33 seconds, Evaluation time taken = nan seconds, loss = 0.02985, fid = None
2026-03-13 06:18:42.856 | INFO     | __main__:<module>:157 - Epoch = 1155 / 2000
2026-03-13 06:22:12.710 | INFO     | __main__:<module>:220 - Training time taken = 209.85 seconds, Evaluation time taken = nan seconds, loss = 0.02981, fid = None
2026-03-13 06:22:12.710 | INFO     | __main__:<module>:157 - Epoch = 1156 / 2000
2026-03-13 06:25:51.454 | INFO     | __main__:<module>:220 - Training time taken = 218.74 seconds, Evaluation time taken = nan seconds, loss = 0.02989, fid = None
2026-03-13 06:25:51.455 | INFO     | __main__:<module>:157 - Epoch = 1157 / 2000
2026-03-13 06:29:17.483 | INFO     | __main__:<module>:220 - Training time taken = 206.03 seconds, Evaluation time taken = nan seconds, loss = 0.02969, fid = None
2026-03-13 06:29:17.484 | INFO     | __main__:<module>:157 - Epoch = 1158 / 2000
2026-03-13 06:32:42.707 | INFO     | __main__:<module>:220 - Training time taken = 205.22 seconds, Evaluation time taken = nan seconds, loss = 0.02948, fid = None
2026-03-13 06:32:42.708 | INFO     | __main__:<module>:157 - Epoch = 1159 / 2000
2026-03-13 06:36:25.991 | INFO     | __main__:<module>:220 - Training time taken = 223.28 seconds, Evaluation time taken = nan seconds, loss = 0.02952, fid = None
2026-03-13 06:36:25.992 | INFO     | __main__:<module>:157 - Epoch = 1160 / 2000
2026-03-13 06:39:50.142 | INFO     | __main__:<module>:220 - Training time taken = 204.15 seconds, Evaluation time taken = nan seconds, loss = 0.02941, fid = None
2026-03-13 06:39:50.143 | INFO     | __main__:<module>:157 - Epoch = 1161 / 2000
2026-03-13 06:43:19.931 | INFO     | __main__:<module>:220 - Training time taken = 209.79 seconds, Evaluation time taken = nan seconds, loss = 0.02956, fid = None
2026-03-13 06:43:19.931 | INFO     | __main__:<module>:157 - Epoch = 1162 / 2000
2026-03-13 06:46:44.893 | INFO     | __main__:<module>:220 - Training time taken = 204.96 seconds, Evaluation time taken = nan seconds, loss = 0.03009, fid = None
2026-03-13 06:46:44.893 | INFO     | __main__:<module>:157 - Epoch = 1163 / 2000
2026-03-13 06:50:11.875 | INFO     | __main__:<module>:220 - Training time taken = 206.98 seconds, Evaluation time taken = nan seconds, loss = 0.02986, fid = None
2026-03-13 06:50:11.875 | INFO     | __main__:<module>:157 - Epoch = 1164 / 2000
2026-03-13 06:53:49.865 | INFO     | __main__:<module>:220 - Training time taken = 217.99 seconds, Evaluation time taken = nan seconds, loss = 0.02982, fid = None
2026-03-13 06:53:49.865 | INFO     | __main__:<module>:157 - Epoch = 1165 / 2000
2026-03-13 06:57:23.363 | INFO     | __main__:<module>:220 - Training time taken = 213.5 seconds, Evaluation time taken = nan seconds, loss = 0.02994, fid = None
2026-03-13 06:57:23.363 | INFO     | __main__:<module>:157 - Epoch = 1166 / 2000
2026-03-13 07:01:04.707 | INFO     | __main__:<module>:220 - Training time taken = 221.34 seconds, Evaluation time taken = nan seconds, loss = 0.02953, fid = None
2026-03-13 07:01:04.708 | INFO     | __main__:<module>:157 - Epoch = 1167 / 2000
2026-03-13 07:04:44.031 | INFO     | __main__:<module>:220 - Training time taken = 219.32 seconds, Evaluation time taken = nan seconds, loss = 0.02972, fid = None
2026-03-13 07:04:44.032 | INFO     | __main__:<module>:157 - Epoch = 1168 / 2000
2026-03-13 07:08:12.946 | INFO     | __main__:<module>:220 - Training time taken = 208.91 seconds, Evaluation time taken = nan seconds, loss = 0.02992, fid = None
2026-03-13 07:08:12.946 | INFO     | __main__:<module>:157 - Epoch = 1169 / 2000
2026-03-13 07:11:47.957 | INFO     | __main__:<module>:220 - Training time taken = 215.01 seconds, Evaluation time taken = nan seconds, loss = 0.02982, fid = None
2026-03-13 07:11:47.957 | INFO     | __main__:<module>:157 - Epoch = 1170 / 2000
2026-03-13 07:15:13.946 | INFO     | __main__:<module>:220 - Training time taken = 205.99 seconds, Evaluation time taken = nan seconds, loss = 0.02979, fid = None
2026-03-13 07:15:13.947 | INFO     | __main__:<module>:157 - Epoch = 1171 / 2000
2026-03-13 07:18:44.007 | INFO     | __main__:<module>:220 - Training time taken = 210.06 seconds, Evaluation time taken = nan seconds, loss = 0.02976, fid = None
2026-03-13 07:18:44.008 | INFO     | __main__:<module>:157 - Epoch = 1172 / 2000
2026-03-13 07:22:23.249 | INFO     | __main__:<module>:220 - Training time taken = 219.24 seconds, Evaluation time taken = nan seconds, loss = 0.02905, fid = None
2026-03-13 07:22:23.249 | INFO     | __main__:<module>:157 - Epoch = 1173 / 2000
2026-03-13 07:26:00.073 | INFO     | __main__:<module>:220 - Training time taken = 216.82 seconds, Evaluation time taken = nan seconds, loss = 0.02965, fid = None
2026-03-13 07:26:00.074 | INFO     | __main__:<module>:157 - Epoch = 1174 / 2000
2026-03-13 07:29:52.452 | INFO     | __main__:<module>:220 - Training time taken = 232.38 seconds, Evaluation time taken = nan seconds, loss = 0.02977, fid = None
2026-03-13 07:29:52.453 | INFO     | __main__:<module>:157 - Epoch = 1175 / 2000
2026-03-13 07:33:36.123 | INFO     | __main__:<module>:220 - Training time taken = 223.67 seconds, Evaluation time taken = nan seconds, loss = 0.02963, fid = None
2026-03-13 07:33:36.123 | INFO     | __main__:<module>:157 - Epoch = 1176 / 2000
2026-03-13 07:37:15.035 | INFO     | __main__:<module>:220 - Training time taken = 218.91 seconds, Evaluation time taken = nan seconds, loss = 0.02996, fid = None
2026-03-13 07:37:15.036 | INFO     | __main__:<module>:157 - Epoch = 1177 / 2000
2026-03-13 07:41:01.332 | INFO     | __main__:<module>:220 - Training time taken = 226.29 seconds, Evaluation time taken = nan seconds, loss = 0.02966, fid = None
2026-03-13 07:41:01.332 | INFO     | __main__:<module>:157 - Epoch = 1178 / 2000
2026-03-13 07:44:39.276 | INFO     | __main__:<module>:220 - Training time taken = 217.94 seconds, Evaluation time taken = nan seconds, loss = 0.02955, fid = None
2026-03-13 07:44:39.276 | INFO     | __main__:<module>:157 - Epoch = 1179 / 2000
2026-03-13 07:48:24.456 | INFO     | __main__:<module>:220 - Training time taken = 225.18 seconds, Evaluation time taken = nan seconds, loss = 0.0297, fid = None
2026-03-13 07:48:24.457 | INFO     | __main__:<module>:157 - Epoch = 1180 / 2000
2026-03-13 07:52:02.560 | INFO     | __main__:<module>:220 - Training time taken = 218.1 seconds, Evaluation time taken = nan seconds, loss = 0.02985, fid = None
2026-03-13 07:52:02.560 | INFO     | __main__:<module>:157 - Epoch = 1181 / 2000
2026-03-13 07:55:41.930 | INFO     | __main__:<module>:220 - Training time taken = 219.37 seconds, Evaluation time taken = nan seconds, loss = 0.02912, fid = None
2026-03-13 07:55:41.930 | INFO     | __main__:<module>:157 - Epoch = 1182 / 2000
2026-03-13 07:59:16.175 | INFO     | __main__:<module>:220 - Training time taken = 214.24 seconds, Evaluation time taken = nan seconds, loss = 0.02965, fid = None
2026-03-13 07:59:16.175 | INFO     | __main__:<module>:157 - Epoch = 1183 / 2000
2026-03-13 08:02:49.842 | INFO     | __main__:<module>:220 - Training time taken = 213.66 seconds, Evaluation time taken = nan seconds, loss = 0.02938, fid = None
2026-03-13 08:02:49.842 | INFO     | __main__:<module>:157 - Epoch = 1184 / 2000
2026-03-13 08:06:30.604 | INFO     | __main__:<module>:220 - Training time taken = 220.76 seconds, Evaluation time taken = nan seconds, loss = 0.03018, fid = None
2026-03-13 08:06:30.604 | INFO     | __main__:<module>:157 - Epoch = 1185 / 2000
2026-03-13 08:10:08.078 | INFO     | __main__:<module>:220 - Training time taken = 217.47 seconds, Evaluation time taken = nan seconds, loss = 0.0302, fid = None
2026-03-13 08:10:08.079 | INFO     | __main__:<module>:157 - Epoch = 1186 / 2000
2026-03-13 08:13:45.383 | INFO     | __main__:<module>:220 - Training time taken = 217.3 seconds, Evaluation time taken = nan seconds, loss = 0.02934, fid = None
2026-03-13 08:13:45.384 | INFO     | __main__:<module>:157 - Epoch = 1187 / 2000
2026-03-13 08:17:23.479 | INFO     | __main__:<module>:220 - Training time taken = 218.09 seconds, Evaluation time taken = nan seconds, loss = 0.02961, fid = None
2026-03-13 08:17:23.480 | INFO     | __main__:<module>:157 - Epoch = 1188 / 2000
2026-03-13 08:20:54.636 | INFO     | __main__:<module>:220 - Training time taken = 211.15 seconds, Evaluation time taken = nan seconds, loss = 0.02955, fid = None
2026-03-13 08:20:54.636 | INFO     | __main__:<module>:157 - Epoch = 1189 / 2000
2026-03-13 08:24:27.616 | INFO     | __main__:<module>:220 - Training time taken = 212.98 seconds, Evaluation time taken = nan seconds, loss = 0.02981, fid = None
2026-03-13 08:24:27.616 | INFO     | __main__:<module>:157 - Epoch = 1190 / 2000
2026-03-13 08:28:05.495 | INFO     | __main__:<module>:220 - Training time taken = 217.88 seconds, Evaluation time taken = nan seconds, loss = 0.02975, fid = None
2026-03-13 08:28:05.495 | INFO     | __main__:<module>:157 - Epoch = 1191 / 2000
2026-03-13 08:31:46.723 | INFO     | __main__:<module>:220 - Training time taken = 221.23 seconds, Evaluation time taken = nan seconds, loss = 0.02903, fid = None
2026-03-13 08:31:46.724 | INFO     | __main__:<module>:157 - Epoch = 1192 / 2000
2026-03-13 08:35:27.896 | INFO     | __main__:<module>:220 - Training time taken = 221.17 seconds, Evaluation time taken = nan seconds, loss = 0.02905, fid = None
2026-03-13 08:35:27.906 | INFO     | __main__:<module>:157 - Epoch = 1193 / 2000
2026-03-13 08:38:57.969 | INFO     | __main__:<module>:220 - Training time taken = 210.06 seconds, Evaluation time taken = nan seconds, loss = 0.02956, fid = None
2026-03-13 08:38:57.970 | INFO     | __main__:<module>:157 - Epoch = 1194 / 2000
2026-03-13 08:42:25.684 | INFO     | __main__:<module>:220 - Training time taken = 207.71 seconds, Evaluation time taken = nan seconds, loss = 0.02993, fid = None
2026-03-13 08:42:25.684 | INFO     | __main__:<module>:157 - Epoch = 1195 / 2000
2026-03-13 08:45:53.474 | INFO     | __main__:<module>:220 - Training time taken = 207.79 seconds, Evaluation time taken = nan seconds, loss = 0.03004, fid = None
2026-03-13 08:45:53.475 | INFO     | __main__:<module>:157 - Epoch = 1196 / 2000
2026-03-13 08:49:28.123 | INFO     | __main__:<module>:220 - Training time taken = 214.65 seconds, Evaluation time taken = nan seconds, loss = 0.0299, fid = None
2026-03-13 08:49:28.124 | INFO     | __main__:<module>:157 - Epoch = 1197 / 2000
2026-03-13 08:52:56.450 | INFO     | __main__:<module>:220 - Training time taken = 208.32 seconds, Evaluation time taken = nan seconds, loss = 0.02947, fid = None
2026-03-13 08:52:56.451 | INFO     | __main__:<module>:157 - Epoch = 1198 / 2000
2026-03-13 08:56:31.966 | INFO     | __main__:<module>:220 - Training time taken = 215.51 seconds, Evaluation time taken = nan seconds, loss = 0.02969, fid = None
2026-03-13 08:56:31.966 | INFO     | __main__:<module>:157 - Epoch = 1199 / 2000
2026-03-13 08:59:57.739 | INFO     | __main__:<module>:220 - Training time taken = 205.77 seconds, Evaluation time taken = nan seconds, loss = 0.0297, fid = None
2026-03-13 08:59:57.739 | INFO     | __main__:<module>:157 - Epoch = 1200 / 2000
2026-03-13 09:03:26.332 | INFO     | __main__:<module>:220 - Training time taken = 208.59 seconds, Evaluation time taken = nan seconds, loss = 0.0295, fid = None
2026-03-13 09:03:26.332 | INFO     | __main__:<module>:157 - Epoch = 1201 / 2000
2026-03-13 09:06:55.325 | INFO     | __main__:<module>:220 - Training time taken = 208.99 seconds, Evaluation time taken = nan seconds, loss = 0.02953, fid = None
2026-03-13 09:06:55.326 | INFO     | __main__:<module>:157 - Epoch = 1202 / 2000
2026-03-13 09:10:24.334 | INFO     | __main__:<module>:220 - Training time taken = 209.01 seconds, Evaluation time taken = nan seconds, loss = 0.02979, fid = None
2026-03-13 09:10:24.334 | INFO     | __main__:<module>:157 - Epoch = 1203 / 2000
2026-03-13 09:13:55.611 | INFO     | __main__:<module>:220 - Training time taken = 211.27 seconds, Evaluation time taken = nan seconds, loss = 0.03, fid = None
2026-03-13 09:13:55.611 | INFO     | __main__:<module>:157 - Epoch = 1204 / 2000
2026-03-13 09:17:30.909 | INFO     | __main__:<module>:220 - Training time taken = 215.3 seconds, Evaluation time taken = nan seconds, loss = 0.02987, fid = None
2026-03-13 09:17:30.923 | INFO     | __main__:<module>:157 - Epoch = 1205 / 2000
2026-03-13 09:21:09.532 | INFO     | __main__:<module>:220 - Training time taken = 218.61 seconds, Evaluation time taken = nan seconds, loss = 0.02944, fid = None
2026-03-13 09:21:09.532 | INFO     | __main__:<module>:157 - Epoch = 1206 / 2000
2026-03-13 09:24:39.379 | INFO     | __main__:<module>:220 - Training time taken = 209.85 seconds, Evaluation time taken = nan seconds, loss = 0.02977, fid = None
2026-03-13 09:24:39.380 | INFO     | __main__:<module>:157 - Epoch = 1207 / 2000
2026-03-13 09:28:28.101 | INFO     | __main__:<module>:220 - Training time taken = 228.72 seconds, Evaluation time taken = nan seconds, loss = 0.0299, fid = None
2026-03-13 09:28:28.102 | INFO     | __main__:<module>:157 - Epoch = 1208 / 2000
2026-03-13 09:32:06.235 | INFO     | __main__:<module>:220 - Training time taken = 218.13 seconds, Evaluation time taken = nan seconds, loss = 0.03, fid = None
2026-03-13 09:32:06.236 | INFO     | __main__:<module>:157 - Epoch = 1209 / 2000
2026-03-13 09:35:38.042 | INFO     | __main__:<module>:220 - Training time taken = 211.8 seconds, Evaluation time taken = nan seconds, loss = 0.02918, fid = None
2026-03-13 09:35:38.043 | INFO     | __main__:<module>:157 - Epoch = 1210 / 2000
2026-03-13 09:39:09.214 | INFO     | __main__:<module>:220 - Training time taken = 211.17 seconds, Evaluation time taken = nan seconds, loss = 0.03004, fid = None
2026-03-13 09:39:09.214 | INFO     | __main__:<module>:157 - Epoch = 1211 / 2000
2026-03-13 09:42:38.724 | INFO     | __main__:<module>:220 - Training time taken = 209.51 seconds, Evaluation time taken = nan seconds, loss = 0.0296, fid = None
2026-03-13 09:42:38.725 | INFO     | __main__:<module>:157 - Epoch = 1212 / 2000
2026-03-13 09:46:03.878 | INFO     | __main__:<module>:220 - Training time taken = 205.15 seconds, Evaluation time taken = nan seconds, loss = 0.02946, fid = None
2026-03-13 09:46:03.879 | INFO     | __main__:<module>:157 - Epoch = 1213 / 2000
2026-03-13 09:49:32.643 | INFO     | __main__:<module>:220 - Training time taken = 208.76 seconds, Evaluation time taken = nan seconds, loss = 0.02923, fid = None
2026-03-13 09:49:32.643 | INFO     | __main__:<module>:157 - Epoch = 1214 / 2000
2026-03-13 09:53:04.701 | INFO     | __main__:<module>:220 - Training time taken = 212.06 seconds, Evaluation time taken = nan seconds, loss = 0.03012, fid = None
2026-03-13 09:53:04.702 | INFO     | __main__:<module>:157 - Epoch = 1215 / 2000
2026-03-13 09:56:33.896 | INFO     | __main__:<module>:220 - Training time taken = 209.19 seconds, Evaluation time taken = nan seconds, loss = 0.02938, fid = None
2026-03-13 09:56:33.897 | INFO     | __main__:<module>:157 - Epoch = 1216 / 2000
2026-03-13 10:00:02.891 | INFO     | __main__:<module>:220 - Training time taken = 208.99 seconds, Evaluation time taken = nan seconds, loss = 0.0294, fid = None
2026-03-13 10:00:02.891 | INFO     | __main__:<module>:157 - Epoch = 1217 / 2000
2026-03-13 10:03:29.502 | INFO     | __main__:<module>:220 - Training time taken = 206.61 seconds, Evaluation time taken = nan seconds, loss = 0.03009, fid = None
2026-03-13 10:03:29.503 | INFO     | __main__:<module>:157 - Epoch = 1218 / 2000
2026-03-13 10:07:01.196 | INFO     | __main__:<module>:220 - Training time taken = 211.69 seconds, Evaluation time taken = nan seconds, loss = 0.03005, fid = None
2026-03-13 10:07:01.196 | INFO     | __main__:<module>:157 - Epoch = 1219 / 2000
2026-03-13 10:10:30.585 | INFO     | __main__:<module>:220 - Training time taken = 209.39 seconds, Evaluation time taken = nan seconds, loss = 0.0301, fid = None
2026-03-13 10:10:30.585 | INFO     | __main__:<module>:157 - Epoch = 1220 / 2000
2026-03-13 10:14:07.943 | INFO     | __main__:<module>:220 - Training time taken = 217.36 seconds, Evaluation time taken = nan seconds, loss = 0.02925, fid = None
2026-03-13 10:14:07.944 | INFO     | __main__:<module>:157 - Epoch = 1221 / 2000
2026-03-13 10:17:39.419 | INFO     | __main__:<module>:220 - Training time taken = 211.47 seconds, Evaluation time taken = nan seconds, loss = 0.02957, fid = None
2026-03-13 10:17:39.420 | INFO     | __main__:<module>:157 - Epoch = 1222 / 2000
2026-03-13 10:21:20.094 | INFO     | __main__:<module>:220 - Training time taken = 220.67 seconds, Evaluation time taken = nan seconds, loss = 0.02981, fid = None
2026-03-13 10:21:20.095 | INFO     | __main__:<module>:157 - Epoch = 1223 / 2000
2026-03-13 10:24:49.784 | INFO     | __main__:<module>:220 - Training time taken = 209.69 seconds, Evaluation time taken = nan seconds, loss = 0.03018, fid = None
2026-03-13 10:24:49.784 | INFO     | __main__:<module>:157 - Epoch = 1224 / 2000
2026-03-13 10:28:26.853 | INFO     | __main__:<module>:220 - Training time taken = 217.07 seconds, Evaluation time taken = nan seconds, loss = 0.02981, fid = None
2026-03-13 10:28:26.853 | INFO     | __main__:<module>:157 - Epoch = 1225 / 2000
2026-03-13 10:32:11.428 | INFO     | __main__:<module>:220 - Training time taken = 224.57 seconds, Evaluation time taken = nan seconds, loss = 0.02992, fid = None
2026-03-13 10:32:11.428 | INFO     | __main__:<module>:157 - Epoch = 1226 / 2000
2026-03-13 10:35:41.492 | INFO     | __main__:<module>:220 - Training time taken = 210.06 seconds, Evaluation time taken = nan seconds, loss = 0.02957, fid = None
2026-03-13 10:35:41.492 | INFO     | __main__:<module>:157 - Epoch = 1227 / 2000
2026-03-13 10:39:12.836 | INFO     | __main__:<module>:220 - Training time taken = 211.34 seconds, Evaluation time taken = nan seconds, loss = 0.02995, fid = None
2026-03-13 10:39:12.837 | INFO     | __main__:<module>:157 - Epoch = 1228 / 2000
2026-03-13 10:42:38.746 | INFO     | __main__:<module>:220 - Training time taken = 205.91 seconds, Evaluation time taken = nan seconds, loss = 0.02939, fid = None
2026-03-13 10:42:38.746 | INFO     | __main__:<module>:157 - Epoch = 1229 / 2000
2026-03-13 10:46:13.094 | INFO     | __main__:<module>:220 - Training time taken = 214.35 seconds, Evaluation time taken = nan seconds, loss = 0.0296, fid = None
2026-03-13 10:46:13.094 | INFO     | __main__:<module>:157 - Epoch = 1230 / 2000
2026-03-13 10:49:46.815 | INFO     | __main__:<module>:220 - Training time taken = 213.72 seconds, Evaluation time taken = nan seconds, loss = 0.02988, fid = None
2026-03-13 10:49:46.816 | INFO     | __main__:<module>:157 - Epoch = 1231 / 2000
2026-03-13 10:53:19.583 | INFO     | __main__:<module>:220 - Training time taken = 212.77 seconds, Evaluation time taken = nan seconds, loss = 0.02973, fid = None
2026-03-13 10:53:19.584 | INFO     | __main__:<module>:157 - Epoch = 1232 / 2000
2026-03-13 10:56:54.515 | INFO     | __main__:<module>:220 - Training time taken = 214.93 seconds, Evaluation time taken = nan seconds, loss = 0.02963, fid = None
2026-03-13 10:56:54.515 | INFO     | __main__:<module>:157 - Epoch = 1233 / 2000
2026-03-13 11:00:32.299 | INFO     | __main__:<module>:220 - Training time taken = 217.78 seconds, Evaluation time taken = nan seconds, loss = 0.02964, fid = None
2026-03-13 11:00:32.300 | INFO     | __main__:<module>:157 - Epoch = 1234 / 2000
2026-03-13 11:04:05.158 | INFO     | __main__:<module>:220 - Training time taken = 212.86 seconds, Evaluation time taken = nan seconds, loss = 0.02964, fid = None
2026-03-13 11:04:05.159 | INFO     | __main__:<module>:157 - Epoch = 1235 / 2000
2026-03-13 11:07:43.286 | INFO     | __main__:<module>:220 - Training time taken = 218.13 seconds, Evaluation time taken = nan seconds, loss = 0.02976, fid = None
2026-03-13 11:07:43.287 | INFO     | __main__:<module>:157 - Epoch = 1236 / 2000
2026-03-13 11:11:19.928 | INFO     | __main__:<module>:220 - Training time taken = 216.64 seconds, Evaluation time taken = nan seconds, loss = 0.02954, fid = None
2026-03-13 11:11:19.928 | INFO     | __main__:<module>:157 - Epoch = 1237 / 2000
2026-03-13 11:14:56.001 | INFO     | __main__:<module>:220 - Training time taken = 216.07 seconds, Evaluation time taken = nan seconds, loss = 0.02987, fid = None
2026-03-13 11:14:56.002 | INFO     | __main__:<module>:157 - Epoch = 1238 / 2000
2026-03-13 11:18:24.757 | INFO     | __main__:<module>:220 - Training time taken = 208.75 seconds, Evaluation time taken = nan seconds, loss = 0.02959, fid = None
2026-03-13 11:18:24.757 | INFO     | __main__:<module>:157 - Epoch = 1239 / 2000
2026-03-13 11:22:02.894 | INFO     | __main__:<module>:220 - Training time taken = 218.13 seconds, Evaluation time taken = nan seconds, loss = 0.02948, fid = None
2026-03-13 11:22:02.894 | INFO     | __main__:<module>:157 - Epoch = 1240 / 2000
2026-03-13 11:25:33.288 | INFO     | __main__:<module>:220 - Training time taken = 210.39 seconds, Evaluation time taken = nan seconds, loss = 0.02929, fid = None
2026-03-13 11:25:33.289 | INFO     | __main__:<module>:157 - Epoch = 1241 / 2000
2026-03-13 11:29:01.248 | INFO     | __main__:<module>:220 - Training time taken = 207.96 seconds, Evaluation time taken = nan seconds, loss = 0.02976, fid = None
2026-03-13 11:29:01.249 | INFO     | __main__:<module>:157 - Epoch = 1242 / 2000
2026-03-13 11:32:30.318 | INFO     | __main__:<module>:220 - Training time taken = 209.07 seconds, Evaluation time taken = nan seconds, loss = 0.02948, fid = None
2026-03-13 11:32:30.318 | INFO     | __main__:<module>:157 - Epoch = 1243 / 2000
2026-03-13 11:36:07.789 | INFO     | __main__:<module>:220 - Training time taken = 217.47 seconds, Evaluation time taken = nan seconds, loss = 0.02937, fid = None
2026-03-13 11:36:07.789 | INFO     | __main__:<module>:157 - Epoch = 1244 / 2000
2026-03-13 11:39:48.419 | INFO     | __main__:<module>:220 - Training time taken = 220.63 seconds, Evaluation time taken = nan seconds, loss = 0.02976, fid = None
2026-03-13 11:39:48.420 | INFO     | __main__:<module>:157 - Epoch = 1245 / 2000
2026-03-13 11:43:35.832 | INFO     | __main__:<module>:220 - Training time taken = 227.41 seconds, Evaluation time taken = nan seconds, loss = 0.02972, fid = None
2026-03-13 11:43:35.833 | INFO     | __main__:<module>:157 - Epoch = 1246 / 2000
2026-03-13 11:47:13.449 | INFO     | __main__:<module>:220 - Training time taken = 217.61 seconds, Evaluation time taken = nan seconds, loss = 0.03, fid = None
2026-03-13 11:47:13.449 | INFO     | __main__:<module>:157 - Epoch = 1247 / 2000
2026-03-13 11:51:06.415 | INFO     | __main__:<module>:220 - Training time taken = 232.96 seconds, Evaluation time taken = nan seconds, loss = 0.02958, fid = None
2026-03-13 11:51:06.416 | INFO     | __main__:<module>:157 - Epoch = 1248 / 2000
2026-03-13 11:54:47.326 | INFO     | __main__:<module>:220 - Training time taken = 220.91 seconds, Evaluation time taken = nan seconds, loss = 0.02955, fid = None
2026-03-13 11:54:47.326 | INFO     | __main__:<module>:157 - Epoch = 1249 / 2000
2026-03-13 11:58:40.906 | INFO     | __main__:<module>:220 - Training time taken = 233.58 seconds, Evaluation time taken = nan seconds, loss = 0.02947, fid = None
2026-03-13 11:58:40.907 | INFO     | __main__:<module>:157 - Epoch = 1250 / 2000
2026-03-13 12:02:23.199 | INFO     | __main__:<module>:220 - Training time taken = 222.29 seconds, Evaluation time taken = nan seconds, loss = 0.02952, fid = None
2026-03-13 12:02:23.199 | INFO     | __main__:<module>:157 - Epoch = 1251 / 2000
2026-03-13 12:06:06.427 | INFO     | __main__:<module>:220 - Training time taken = 223.23 seconds, Evaluation time taken = nan seconds, loss = 0.0296, fid = None
2026-03-13 12:06:06.428 | INFO     | __main__:<module>:157 - Epoch = 1252 / 2000
2026-03-13 12:09:49.155 | INFO     | __main__:<module>:220 - Training time taken = 222.73 seconds, Evaluation time taken = nan seconds, loss = 0.02991, fid = None
2026-03-13 12:09:49.156 | INFO     | __main__:<module>:157 - Epoch = 1253 / 2000
2026-03-13 12:13:32.814 | INFO     | __main__:<module>:220 - Training time taken = 223.66 seconds, Evaluation time taken = nan seconds, loss = 0.02993, fid = None
2026-03-13 12:13:32.815 | INFO     | __main__:<module>:157 - Epoch = 1254 / 2000
2026-03-13 12:17:25.344 | INFO     | __main__:<module>:220 - Training time taken = 232.53 seconds, Evaluation time taken = nan seconds, loss = 0.02967, fid = None
2026-03-13 12:17:25.344 | INFO     | __main__:<module>:157 - Epoch = 1255 / 2000
2026-03-13 12:21:04.305 | INFO     | __main__:<module>:220 - Training time taken = 218.96 seconds, Evaluation time taken = nan seconds, loss = 0.02938, fid = None
2026-03-13 12:21:04.305 | INFO     | __main__:<module>:157 - Epoch = 1256 / 2000
2026-03-13 12:24:56.595 | INFO     | __main__:<module>:220 - Training time taken = 232.29 seconds, Evaluation time taken = nan seconds, loss = 0.02977, fid = None
2026-03-13 12:24:56.596 | INFO     | __main__:<module>:157 - Epoch = 1257 / 2000
2026-03-13 12:28:43.108 | INFO     | __main__:<module>:220 - Training time taken = 226.51 seconds, Evaluation time taken = nan seconds, loss = 0.02971, fid = None
2026-03-13 12:28:43.108 | INFO     | __main__:<module>:157 - Epoch = 1258 / 2000
2026-03-13 12:32:26.462 | INFO     | __main__:<module>:220 - Training time taken = 223.35 seconds, Evaluation time taken = nan seconds, loss = 0.03, fid = None
2026-03-13 12:32:26.463 | INFO     | __main__:<module>:157 - Epoch = 1259 / 2000
2026-03-13 12:36:15.549 | INFO     | __main__:<module>:220 - Training time taken = 229.08 seconds, Evaluation time taken = nan seconds, loss = 0.02906, fid = None
2026-03-13 12:36:15.549 | INFO     | __main__:<module>:157 - Epoch = 1260 / 2000
2026-03-13 12:39:54.998 | INFO     | __main__:<module>:220 - Training time taken = 219.45 seconds, Evaluation time taken = nan seconds, loss = 0.02987, fid = None
2026-03-13 12:39:54.998 | INFO     | __main__:<module>:157 - Epoch = 1261 / 2000
2026-03-13 12:43:50.433 | INFO     | __main__:<module>:220 - Training time taken = 235.43 seconds, Evaluation time taken = nan seconds, loss = 0.03017, fid = None
2026-03-13 12:43:50.434 | INFO     | __main__:<module>:157 - Epoch = 1262 / 2000
2026-03-13 12:47:29.403 | INFO     | __main__:<module>:220 - Training time taken = 218.97 seconds, Evaluation time taken = nan seconds, loss = 0.02971, fid = None
2026-03-13 12:47:29.404 | INFO     | __main__:<module>:157 - Epoch = 1263 / 2000
2026-03-13 12:51:18.939 | INFO     | __main__:<module>:220 - Training time taken = 229.53 seconds, Evaluation time taken = nan seconds, loss = 0.02946, fid = None
2026-03-13 12:51:18.940 | INFO     | __main__:<module>:157 - Epoch = 1264 / 2000
2026-03-13 12:55:11.452 | INFO     | __main__:<module>:220 - Training time taken = 232.51 seconds, Evaluation time taken = nan seconds, loss = 0.03009, fid = None
2026-03-13 12:55:11.452 | INFO     | __main__:<module>:157 - Epoch = 1265 / 2000
2026-03-13 12:58:48.301 | INFO     | __main__:<module>:220 - Training time taken = 216.85 seconds, Evaluation time taken = nan seconds, loss = 0.02966, fid = None
2026-03-13 12:58:48.301 | INFO     | __main__:<module>:157 - Epoch = 1266 / 2000
2026-03-13 13:02:43.531 | INFO     | __main__:<module>:220 - Training time taken = 235.23 seconds, Evaluation time taken = nan seconds, loss = 0.0297, fid = None
2026-03-13 13:02:43.531 | INFO     | __main__:<module>:157 - Epoch = 1267 / 2000
2026-03-13 13:06:25.276 | INFO     | __main__:<module>:220 - Training time taken = 221.74 seconds, Evaluation time taken = nan seconds, loss = 0.02946, fid = None
2026-03-13 13:06:25.277 | INFO     | __main__:<module>:157 - Epoch = 1268 / 2000
2026-03-13 13:10:33.300 | INFO     | __main__:<module>:220 - Training time taken = 248.02 seconds, Evaluation time taken = nan seconds, loss = 0.02934, fid = None
2026-03-13 13:10:33.300 | INFO     | __main__:<module>:157 - Epoch = 1269 / 2000
2026-03-13 13:14:23.043 | INFO     | __main__:<module>:220 - Training time taken = 229.74 seconds, Evaluation time taken = nan seconds, loss = 0.02985, fid = None
2026-03-13 13:14:23.044 | INFO     | __main__:<module>:157 - Epoch = 1270 / 2000
2026-03-13 13:18:20.905 | INFO     | __main__:<module>:220 - Training time taken = 237.86 seconds, Evaluation time taken = nan seconds, loss = 0.02933, fid = None
2026-03-13 13:18:20.906 | INFO     | __main__:<module>:157 - Epoch = 1271 / 2000
2026-03-13 13:22:17.303 | INFO     | __main__:<module>:220 - Training time taken = 236.4 seconds, Evaluation time taken = nan seconds, loss = 0.02966, fid = None
2026-03-13 13:22:17.306 | INFO     | __main__:<module>:157 - Epoch = 1272 / 2000
2026-03-13 13:25:59.937 | INFO     | __main__:<module>:220 - Training time taken = 222.63 seconds, Evaluation time taken = nan seconds, loss = 0.02956, fid = None
2026-03-13 13:25:59.937 | INFO     | __main__:<module>:157 - Epoch = 1273 / 2000
2026-03-13 13:29:56.939 | INFO     | __main__:<module>:220 - Training time taken = 237.0 seconds, Evaluation time taken = nan seconds, loss = 0.02996, fid = None
2026-03-13 13:29:56.941 | INFO     | __main__:<module>:157 - Epoch = 1274 / 2000
2026-03-13 13:33:38.279 | INFO     | __main__:<module>:220 - Training time taken = 221.32 seconds, Evaluation time taken = nan seconds, loss = 0.03027, fid = None
2026-03-13 13:33:38.280 | INFO     | __main__:<module>:157 - Epoch = 1275 / 2000
2026-03-13 13:37:28.176 | INFO     | __main__:<module>:220 - Training time taken = 229.89 seconds, Evaluation time taken = nan seconds, loss = 0.0293, fid = None
2026-03-13 13:37:28.177 | INFO     | __main__:<module>:157 - Epoch = 1276 / 2000
2026-03-13 13:41:23.680 | INFO     | __main__:<module>:220 - Training time taken = 235.5 seconds, Evaluation time taken = nan seconds, loss = 0.0296, fid = None
2026-03-13 13:41:23.681 | INFO     | __main__:<module>:157 - Epoch = 1277 / 2000
2026-03-13 13:45:09.284 | INFO     | __main__:<module>:220 - Training time taken = 225.6 seconds, Evaluation time taken = nan seconds, loss = 0.02948, fid = None
2026-03-13 13:45:09.284 | INFO     | __main__:<module>:157 - Epoch = 1278 / 2000
2026-03-13 13:49:03.099 | INFO     | __main__:<module>:220 - Training time taken = 233.81 seconds, Evaluation time taken = nan seconds, loss = 0.02954, fid = None
2026-03-13 13:49:03.100 | INFO     | __main__:<module>:157 - Epoch = 1279 / 2000
2026-03-13 13:52:46.185 | INFO     | __main__:<module>:220 - Training time taken = 223.08 seconds, Evaluation time taken = nan seconds, loss = 0.02958, fid = None
2026-03-13 13:52:46.186 | INFO     | __main__:<module>:157 - Epoch = 1280 / 2000
2026-03-13 13:56:39.002 | INFO     | __main__:<module>:220 - Training time taken = 232.81 seconds, Evaluation time taken = nan seconds, loss = 0.0293, fid = None
2026-03-13 13:56:39.002 | INFO     | __main__:<module>:157 - Epoch = 1281 / 2000
2026-03-13 14:00:34.086 | INFO     | __main__:<module>:220 - Training time taken = 235.08 seconds, Evaluation time taken = nan seconds, loss = 0.02944, fid = None
2026-03-13 14:00:34.086 | INFO     | __main__:<module>:157 - Epoch = 1282 / 2000
2026-03-13 14:04:21.886 | INFO     | __main__:<module>:220 - Training time taken = 227.8 seconds, Evaluation time taken = nan seconds, loss = 0.03012, fid = None
2026-03-13 14:04:21.886 | INFO     | __main__:<module>:157 - Epoch = 1283 / 2000
2026-03-13 14:08:16.328 | INFO     | __main__:<module>:220 - Training time taken = 234.44 seconds, Evaluation time taken = nan seconds, loss = 0.02949, fid = None
2026-03-13 14:08:16.328 | INFO     | __main__:<module>:157 - Epoch = 1284 / 2000
2026-03-13 14:11:57.497 | INFO     | __main__:<module>:220 - Training time taken = 221.15 seconds, Evaluation time taken = nan seconds, loss = 0.0299, fid = None
2026-03-13 14:11:57.497 | INFO     | __main__:<module>:157 - Epoch = 1285 / 2000
2026-03-13 14:15:59.727 | INFO     | __main__:<module>:220 - Training time taken = 242.2 seconds, Evaluation time taken = nan seconds, loss = 0.02934, fid = None
2026-03-13 14:15:59.728 | INFO     | __main__:<module>:157 - Epoch = 1286 / 2000
2026-03-13 14:19:47.507 | INFO     | __main__:<module>:220 - Training time taken = 227.78 seconds, Evaluation time taken = nan seconds, loss = 0.02939, fid = None
2026-03-13 14:19:47.508 | INFO     | __main__:<module>:157 - Epoch = 1287 / 2000
2026-03-13 14:23:41.172 | INFO     | __main__:<module>:220 - Training time taken = 233.66 seconds, Evaluation time taken = nan seconds, loss = 0.02975, fid = None
2026-03-13 14:23:41.173 | INFO     | __main__:<module>:157 - Epoch = 1288 / 2000
2026-03-13 14:27:33.570 | INFO     | __main__:<module>:220 - Training time taken = 232.39 seconds, Evaluation time taken = nan seconds, loss = 0.02967, fid = None
2026-03-13 14:27:33.586 | INFO     | __main__:<module>:157 - Epoch = 1289 / 2000
2026-03-13 14:31:19.578 | INFO     | __main__:<module>:220 - Training time taken = 225.99 seconds, Evaluation time taken = nan seconds, loss = 0.0294, fid = None
2026-03-13 14:31:19.578 | INFO     | __main__:<module>:157 - Epoch = 1290 / 2000
2026-03-13 14:35:14.581 | INFO     | __main__:<module>:220 - Training time taken = 235.0 seconds, Evaluation time taken = nan seconds, loss = 0.02944, fid = None
2026-03-13 14:35:14.582 | INFO     | __main__:<module>:157 - Epoch = 1291 / 2000
2026-03-13 14:38:57.694 | INFO     | __main__:<module>:220 - Training time taken = 223.11 seconds, Evaluation time taken = nan seconds, loss = 0.02942, fid = None
2026-03-13 14:38:57.694 | INFO     | __main__:<module>:157 - Epoch = 1292 / 2000
2026-03-13 14:42:49.169 | INFO     | __main__:<module>:220 - Training time taken = 231.47 seconds, Evaluation time taken = nan seconds, loss = 0.02908, fid = None
2026-03-13 14:42:49.170 | INFO     | __main__:<module>:157 - Epoch = 1293 / 2000
2026-03-13 14:46:47.535 | INFO     | __main__:<module>:220 - Training time taken = 238.36 seconds, Evaluation time taken = nan seconds, loss = 0.02957, fid = None
2026-03-13 14:46:47.536 | INFO     | __main__:<module>:157 - Epoch = 1294 / 2000
2026-03-13 14:50:24.319 | INFO     | __main__:<module>:220 - Training time taken = 216.78 seconds, Evaluation time taken = nan seconds, loss = 0.02943, fid = None
2026-03-13 14:50:24.321 | INFO     | __main__:<module>:157 - Epoch = 1295 / 2000
2026-03-13 14:54:18.713 | INFO     | __main__:<module>:220 - Training time taken = 234.39 seconds, Evaluation time taken = nan seconds, loss = 0.02935, fid = None
2026-03-13 14:54:18.714 | INFO     | __main__:<module>:157 - Epoch = 1296 / 2000
2026-03-13 14:58:01.863 | INFO     | __main__:<module>:220 - Training time taken = 223.15 seconds, Evaluation time taken = nan seconds, loss = 0.02991, fid = None
2026-03-13 14:58:01.864 | INFO     | __main__:<module>:157 - Epoch = 1297 / 2000
2026-03-13 15:01:43.576 | INFO     | __main__:<module>:220 - Training time taken = 221.71 seconds, Evaluation time taken = nan seconds, loss = 0.02956, fid = None
2026-03-13 15:01:43.576 | INFO     | __main__:<module>:157 - Epoch = 1298 / 2000
2026-03-13 15:05:30.107 | INFO     | __main__:<module>:220 - Training time taken = 226.53 seconds, Evaluation time taken = nan seconds, loss = 0.02966, fid = None
2026-03-13 15:05:30.108 | INFO     | __main__:<module>:157 - Epoch = 1299 / 2000
2026-03-13 15:09:08.080 | INFO     | __main__:<module>:220 - Training time taken = 217.97 seconds, Evaluation time taken = nan seconds, loss = 0.02956, fid = None
2026-03-13 15:09:08.080 | INFO     | __main__:<module>:157 - Epoch = 1300 / 2000
2026-03-13 15:12:51.236 | INFO     | __main__:<module>:220 - Training time taken = 223.15 seconds, Evaluation time taken = nan seconds, loss = 0.03005, fid = None
2026-03-13 15:12:51.236 | INFO     | __main__:<module>:157 - Epoch = 1301 / 2000
2026-03-13 15:16:23.679 | INFO     | __main__:<module>:220 - Training time taken = 212.43 seconds, Evaluation time taken = nan seconds, loss = 0.02971, fid = None
2026-03-13 15:16:23.680 | INFO     | __main__:<module>:157 - Epoch = 1302 / 2000
2026-03-13 15:20:16.060 | INFO     | __main__:<module>:220 - Training time taken = 232.38 seconds, Evaluation time taken = nan seconds, loss = 0.02929, fid = None
2026-03-13 15:20:16.061 | INFO     | __main__:<module>:157 - Epoch = 1303 / 2000
2026-03-13 15:24:08.993 | INFO     | __main__:<module>:220 - Training time taken = 232.93 seconds, Evaluation time taken = nan seconds, loss = 0.0298, fid = None
2026-03-13 15:24:08.994 | INFO     | __main__:<module>:157 - Epoch = 1304 / 2000
2026-03-13 15:27:48.229 | INFO     | __main__:<module>:220 - Training time taken = 219.22 seconds, Evaluation time taken = nan seconds, loss = 0.02939, fid = None
2026-03-13 15:27:48.230 | INFO     | __main__:<module>:157 - Epoch = 1305 / 2000
2026-03-13 15:31:37.344 | INFO     | __main__:<module>:220 - Training time taken = 229.11 seconds, Evaluation time taken = nan seconds, loss = 0.02907, fid = None
2026-03-13 15:31:37.345 | INFO     | __main__:<module>:157 - Epoch = 1306 / 2000
2026-03-13 15:35:13.581 | INFO     | __main__:<module>:220 - Training time taken = 216.24 seconds, Evaluation time taken = nan seconds, loss = 0.02968, fid = None
2026-03-13 15:35:13.582 | INFO     | __main__:<module>:157 - Epoch = 1307 / 2000
2026-03-13 15:38:57.931 | INFO     | __main__:<module>:220 - Training time taken = 224.35 seconds, Evaluation time taken = nan seconds, loss = 0.0298, fid = None
2026-03-13 15:38:57.932 | INFO     | __main__:<module>:157 - Epoch = 1308 / 2000
2026-03-13 15:42:44.002 | INFO     | __main__:<module>:220 - Training time taken = 226.07 seconds, Evaluation time taken = nan seconds, loss = 0.02941, fid = None
2026-03-13 15:42:44.003 | INFO     | __main__:<module>:157 - Epoch = 1309 / 2000
2026-03-13 15:46:20.466 | INFO     | __main__:<module>:220 - Training time taken = 216.46 seconds, Evaluation time taken = nan seconds, loss = 0.02945, fid = None
2026-03-13 15:46:20.466 | INFO     | __main__:<module>:157 - Epoch = 1310 / 2000
2026-03-13 15:50:04.502 | INFO     | __main__:<module>:220 - Training time taken = 224.03 seconds, Evaluation time taken = nan seconds, loss = 0.02981, fid = None
2026-03-13 15:50:04.503 | INFO     | __main__:<module>:157 - Epoch = 1311 / 2000
2026-03-13 15:53:46.344 | INFO     | __main__:<module>:220 - Training time taken = 221.84 seconds, Evaluation time taken = nan seconds, loss = 0.02956, fid = None
2026-03-13 15:53:46.344 | INFO     | __main__:<module>:157 - Epoch = 1312 / 2000
2026-03-13 15:57:28.579 | INFO     | __main__:<module>:220 - Training time taken = 222.23 seconds, Evaluation time taken = nan seconds, loss = 0.02961, fid = None
2026-03-13 15:57:28.580 | INFO     | __main__:<module>:157 - Epoch = 1313 / 2000
2026-03-13 16:01:06.027 | INFO     | __main__:<module>:220 - Training time taken = 217.45 seconds, Evaluation time taken = nan seconds, loss = 0.02977, fid = None
2026-03-13 16:01:06.027 | INFO     | __main__:<module>:157 - Epoch = 1314 / 2000
2026-03-13 16:04:50.776 | INFO     | __main__:<module>:220 - Training time taken = 224.75 seconds, Evaluation time taken = nan seconds, loss = 0.03023, fid = None
2026-03-13 16:04:50.777 | INFO     | __main__:<module>:157 - Epoch = 1315 / 2000
2026-03-13 16:08:30.750 | INFO     | __main__:<module>:220 - Training time taken = 219.97 seconds, Evaluation time taken = nan seconds, loss = 0.02965, fid = None
2026-03-13 16:08:30.750 | INFO     | __main__:<module>:157 - Epoch = 1316 / 2000
2026-03-13 16:12:02.994 | INFO     | __main__:<module>:220 - Training time taken = 212.24 seconds, Evaluation time taken = nan seconds, loss = 0.02936, fid = None
2026-03-13 16:12:02.995 | INFO     | __main__:<module>:157 - Epoch = 1317 / 2000
2026-03-13 16:15:31.415 | INFO     | __main__:<module>:220 - Training time taken = 208.42 seconds, Evaluation time taken = nan seconds, loss = 0.0298, fid = None
2026-03-13 16:15:31.416 | INFO     | __main__:<module>:157 - Epoch = 1318 / 2000
2026-03-13 16:19:00.615 | INFO     | __main__:<module>:220 - Training time taken = 209.2 seconds, Evaluation time taken = nan seconds, loss = 0.02957, fid = None
2026-03-13 16:19:00.616 | INFO     | __main__:<module>:157 - Epoch = 1319 / 2000
2026-03-13 16:22:36.590 | INFO     | __main__:<module>:220 - Training time taken = 215.97 seconds, Evaluation time taken = nan seconds, loss = 0.02952, fid = None
2026-03-13 16:22:36.590 | INFO     | __main__:<module>:157 - Epoch = 1320 / 2000
2026-03-13 16:26:20.014 | INFO     | __main__:<module>:220 - Training time taken = 223.42 seconds, Evaluation time taken = nan seconds, loss = 0.02933, fid = None
2026-03-13 16:26:20.014 | INFO     | __main__:<module>:157 - Epoch = 1321 / 2000
2026-03-13 16:29:56.744 | INFO     | __main__:<module>:220 - Training time taken = 216.73 seconds, Evaluation time taken = nan seconds, loss = 0.02991, fid = None
2026-03-13 16:29:56.745 | INFO     | __main__:<module>:157 - Epoch = 1322 / 2000
2026-03-13 16:33:21.895 | INFO     | __main__:<module>:220 - Training time taken = 205.15 seconds, Evaluation time taken = nan seconds, loss = 0.02942, fid = None
2026-03-13 16:33:21.895 | INFO     | __main__:<module>:157 - Epoch = 1323 / 2000
2026-03-13 16:36:54.359 | INFO     | __main__:<module>:220 - Training time taken = 212.46 seconds, Evaluation time taken = nan seconds, loss = 0.02959, fid = None
2026-03-13 16:36:54.360 | INFO     | __main__:<module>:157 - Epoch = 1324 / 2000
2026-03-13 16:40:34.384 | INFO     | __main__:<module>:220 - Training time taken = 220.02 seconds, Evaluation time taken = nan seconds, loss = 0.02976, fid = None
2026-03-13 16:40:34.385 | INFO     | __main__:<module>:157 - Epoch = 1325 / 2000
2026-03-13 16:44:15.727 | INFO     | __main__:<module>:220 - Training time taken = 221.32 seconds, Evaluation time taken = nan seconds, loss = 0.02986, fid = None
2026-03-13 16:44:15.727 | INFO     | __main__:<module>:157 - Epoch = 1326 / 2000
2026-03-13 16:47:49.615 | INFO     | __main__:<module>:220 - Training time taken = 213.89 seconds, Evaluation time taken = nan seconds, loss = 0.02982, fid = None
2026-03-13 16:47:49.615 | INFO     | __main__:<module>:157 - Epoch = 1327 / 2000
2026-03-13 16:51:33.604 | INFO     | __main__:<module>:220 - Training time taken = 223.99 seconds, Evaluation time taken = nan seconds, loss = 0.02934, fid = None
2026-03-13 16:51:33.604 | INFO     | __main__:<module>:157 - Epoch = 1328 / 2000
2026-03-13 16:55:15.202 | INFO     | __main__:<module>:220 - Training time taken = 221.6 seconds, Evaluation time taken = nan seconds, loss = 0.03019, fid = None
2026-03-13 16:55:15.203 | INFO     | __main__:<module>:157 - Epoch = 1329 / 2000
2026-03-13 16:58:55.723 | INFO     | __main__:<module>:220 - Training time taken = 220.52 seconds, Evaluation time taken = nan seconds, loss = 0.02995, fid = None
2026-03-13 16:58:55.724 | INFO     | __main__:<module>:157 - Epoch = 1330 / 2000
2026-03-13 17:02:42.413 | INFO     | __main__:<module>:220 - Training time taken = 226.69 seconds, Evaluation time taken = nan seconds, loss = 0.03016, fid = None
2026-03-13 17:02:42.413 | INFO     | __main__:<module>:157 - Epoch = 1331 / 2000
2026-03-13 17:06:14.965 | INFO     | __main__:<module>:220 - Training time taken = 212.55 seconds, Evaluation time taken = nan seconds, loss = 0.02997, fid = None
2026-03-13 17:06:14.965 | INFO     | __main__:<module>:157 - Epoch = 1332 / 2000
2026-03-13 17:09:44.774 | INFO     | __main__:<module>:220 - Training time taken = 209.81 seconds, Evaluation time taken = nan seconds, loss = 0.02942, fid = None
2026-03-13 17:09:44.775 | INFO     | __main__:<module>:157 - Epoch = 1333 / 2000
2026-03-13 17:13:15.348 | INFO     | __main__:<module>:220 - Training time taken = 210.57 seconds, Evaluation time taken = nan seconds, loss = 0.02971, fid = None
2026-03-13 17:13:15.349 | INFO     | __main__:<module>:157 - Epoch = 1334 / 2000
2026-03-13 17:16:57.962 | INFO     | __main__:<module>:220 - Training time taken = 222.61 seconds, Evaluation time taken = nan seconds, loss = 0.02932, fid = None
2026-03-13 17:16:57.962 | INFO     | __main__:<module>:157 - Epoch = 1335 / 2000
2026-03-13 17:20:32.758 | INFO     | __main__:<module>:220 - Training time taken = 214.79 seconds, Evaluation time taken = nan seconds, loss = 0.02984, fid = None
2026-03-13 17:20:32.759 | INFO     | __main__:<module>:157 - Epoch = 1336 / 2000
2026-03-13 17:24:09.235 | INFO     | __main__:<module>:220 - Training time taken = 216.47 seconds, Evaluation time taken = nan seconds, loss = 0.02968, fid = None
2026-03-13 17:24:09.236 | INFO     | __main__:<module>:157 - Epoch = 1337 / 2000
2026-03-13 17:27:46.563 | INFO     | __main__:<module>:220 - Training time taken = 217.32 seconds, Evaluation time taken = nan seconds, loss = 0.02966, fid = None
2026-03-13 17:27:46.563 | INFO     | __main__:<module>:157 - Epoch = 1338 / 2000
2026-03-13 17:31:19.046 | INFO     | __main__:<module>:220 - Training time taken = 212.48 seconds, Evaluation time taken = nan seconds, loss = 0.02956, fid = None
2026-03-13 17:31:19.047 | INFO     | __main__:<module>:157 - Epoch = 1339 / 2000
2026-03-13 17:34:59.451 | INFO     | __main__:<module>:220 - Training time taken = 220.4 seconds, Evaluation time taken = nan seconds, loss = 0.02991, fid = None
2026-03-13 17:34:59.451 | INFO     | __main__:<module>:157 - Epoch = 1340 / 2000
2026-03-13 17:38:29.017 | INFO     | __main__:<module>:220 - Training time taken = 209.56 seconds, Evaluation time taken = nan seconds, loss = 0.02901, fid = None
2026-03-13 17:38:29.017 | INFO     | __main__:<module>:157 - Epoch = 1341 / 2000
2026-03-13 17:41:58.019 | INFO     | __main__:<module>:220 - Training time taken = 209.0 seconds, Evaluation time taken = nan seconds, loss = 0.02987, fid = None
2026-03-13 17:41:58.034 | INFO     | __main__:<module>:157 - Epoch = 1342 / 2000
2026-03-13 17:45:31.425 | INFO     | __main__:<module>:220 - Training time taken = 213.39 seconds, Evaluation time taken = nan seconds, loss = 0.02948, fid = None
2026-03-13 17:45:31.426 | INFO     | __main__:<module>:157 - Epoch = 1343 / 2000
2026-03-13 17:49:03.568 | INFO     | __main__:<module>:220 - Training time taken = 212.14 seconds, Evaluation time taken = nan seconds, loss = 0.02956, fid = None
2026-03-13 17:49:03.568 | INFO     | __main__:<module>:157 - Epoch = 1344 / 2000
2026-03-13 17:52:37.554 | INFO     | __main__:<module>:220 - Training time taken = 213.98 seconds, Evaluation time taken = nan seconds, loss = 0.02989, fid = None
2026-03-13 17:52:37.555 | INFO     | __main__:<module>:157 - Epoch = 1345 / 2000
2026-03-13 17:56:22.044 | INFO     | __main__:<module>:220 - Training time taken = 224.49 seconds, Evaluation time taken = nan seconds, loss = 0.0298, fid = None
2026-03-13 17:56:22.044 | INFO     | __main__:<module>:157 - Epoch = 1346 / 2000
2026-03-13 17:59:57.799 | INFO     | __main__:<module>:220 - Training time taken = 215.75 seconds, Evaluation time taken = nan seconds, loss = 0.02942, fid = None
2026-03-13 17:59:57.800 | INFO     | __main__:<module>:157 - Epoch = 1347 / 2000
2026-03-13 18:03:24.668 | INFO     | __main__:<module>:220 - Training time taken = 206.87 seconds, Evaluation time taken = nan seconds, loss = 0.02976, fid = None
2026-03-13 18:03:24.669 | INFO     | __main__:<module>:157 - Epoch = 1348 / 2000
2026-03-13 18:06:51.175 | INFO     | __main__:<module>:220 - Training time taken = 206.5 seconds, Evaluation time taken = nan seconds, loss = 0.02955, fid = None
2026-03-13 18:06:51.175 | INFO     | __main__:<module>:157 - Epoch = 1349 / 2000
2026-03-13 18:10:24.910 | INFO     | __main__:<module>:220 - Training time taken = 213.73 seconds, Evaluation time taken = nan seconds, loss = 0.0296, fid = None
2026-03-13 18:10:24.910 | INFO     | __main__:<module>:157 - Epoch = 1350 / 2000
2026-03-13 18:13:53.815 | INFO     | __main__:<module>:220 - Training time taken = 208.9 seconds, Evaluation time taken = nan seconds, loss = 0.02954, fid = None
2026-03-13 18:13:53.816 | INFO     | __main__:<module>:157 - Epoch = 1351 / 2000
2026-03-13 18:17:27.049 | INFO     | __main__:<module>:220 - Training time taken = 213.23 seconds, Evaluation time taken = nan seconds, loss = 0.0291, fid = None
2026-03-13 18:17:27.049 | INFO     | __main__:<module>:157 - Epoch = 1352 / 2000
2026-03-13 18:21:05.464 | INFO     | __main__:<module>:220 - Training time taken = 218.41 seconds, Evaluation time taken = nan seconds, loss = 0.02956, fid = None
2026-03-13 18:21:05.464 | INFO     | __main__:<module>:157 - Epoch = 1353 / 2000
2026-03-13 18:24:40.752 | INFO     | __main__:<module>:220 - Training time taken = 215.29 seconds, Evaluation time taken = nan seconds, loss = 0.02956, fid = None
2026-03-13 18:24:40.752 | INFO     | __main__:<module>:157 - Epoch = 1354 / 2000
2026-03-13 18:28:10.819 | INFO     | __main__:<module>:220 - Training time taken = 210.07 seconds, Evaluation time taken = nan seconds, loss = 0.02982, fid = None
2026-03-13 18:28:10.820 | INFO     | __main__:<module>:157 - Epoch = 1355 / 2000
2026-03-13 18:31:50.802 | INFO     | __main__:<module>:220 - Training time taken = 219.98 seconds, Evaluation time taken = nan seconds, loss = 0.02952, fid = None
2026-03-13 18:31:50.803 | INFO     | __main__:<module>:157 - Epoch = 1356 / 2000
2026-03-13 18:35:26.291 | INFO     | __main__:<module>:220 - Training time taken = 215.49 seconds, Evaluation time taken = nan seconds, loss = 0.02989, fid = None
2026-03-13 18:35:26.292 | INFO     | __main__:<module>:157 - Epoch = 1357 / 2000
2026-03-13 18:39:07.271 | INFO     | __main__:<module>:220 - Training time taken = 220.98 seconds, Evaluation time taken = nan seconds, loss = 0.02993, fid = None
2026-03-13 18:39:07.271 | INFO     | __main__:<module>:157 - Epoch = 1358 / 2000
2026-03-13 18:42:48.549 | INFO     | __main__:<module>:220 - Training time taken = 221.28 seconds, Evaluation time taken = nan seconds, loss = 0.02972, fid = None
2026-03-13 18:42:48.549 | INFO     | __main__:<module>:157 - Epoch = 1359 / 2000
2026-03-13 18:46:30.535 | INFO     | __main__:<module>:220 - Training time taken = 221.98 seconds, Evaluation time taken = nan seconds, loss = 0.02946, fid = None
2026-03-13 18:46:30.536 | INFO     | __main__:<module>:157 - Epoch = 1360 / 2000
2026-03-13 18:50:16.796 | INFO     | __main__:<module>:220 - Training time taken = 226.26 seconds, Evaluation time taken = nan seconds, loss = 0.02977, fid = None
2026-03-13 18:50:16.796 | INFO     | __main__:<module>:157 - Epoch = 1361 / 2000
2026-03-13 18:53:48.176 | INFO     | __main__:<module>:220 - Training time taken = 211.38 seconds, Evaluation time taken = nan seconds, loss = 0.0296, fid = None
2026-03-13 18:53:48.177 | INFO     | __main__:<module>:157 - Epoch = 1362 / 2000
2026-03-13 18:57:14.182 | INFO     | __main__:<module>:220 - Training time taken = 206.0 seconds, Evaluation time taken = nan seconds, loss = 0.02968, fid = None
2026-03-13 18:57:14.182 | INFO     | __main__:<module>:157 - Epoch = 1363 / 2000
2026-03-13 19:00:41.013 | INFO     | __main__:<module>:220 - Training time taken = 206.83 seconds, Evaluation time taken = nan seconds, loss = 0.02936, fid = None
2026-03-13 19:00:41.014 | INFO     | __main__:<module>:157 - Epoch = 1364 / 2000
2026-03-13 19:04:15.665 | INFO     | __main__:<module>:220 - Training time taken = 214.65 seconds, Evaluation time taken = nan seconds, loss = 0.02916, fid = None
2026-03-13 19:04:15.666 | INFO     | __main__:<module>:157 - Epoch = 1365 / 2000
2026-03-13 19:07:48.011 | INFO     | __main__:<module>:220 - Training time taken = 212.34 seconds, Evaluation time taken = nan seconds, loss = 0.02952, fid = None
2026-03-13 19:07:48.011 | INFO     | __main__:<module>:157 - Epoch = 1366 / 2000
2026-03-13 19:11:18.080 | INFO     | __main__:<module>:220 - Training time taken = 210.07 seconds, Evaluation time taken = nan seconds, loss = 0.02926, fid = None
2026-03-13 19:11:18.081 | INFO     | __main__:<module>:157 - Epoch = 1367 / 2000
2026-03-13 19:14:45.079 | INFO     | __main__:<module>:220 - Training time taken = 207.0 seconds, Evaluation time taken = nan seconds, loss = 0.0292, fid = None
2026-03-13 19:14:45.080 | INFO     | __main__:<module>:157 - Epoch = 1368 / 2000
2026-03-13 19:18:20.970 | INFO     | __main__:<module>:220 - Training time taken = 215.89 seconds, Evaluation time taken = nan seconds, loss = 0.02981, fid = None
2026-03-13 19:18:20.971 | INFO     | __main__:<module>:157 - Epoch = 1369 / 2000
2026-03-13 19:21:51.508 | INFO     | __main__:<module>:220 - Training time taken = 210.54 seconds, Evaluation time taken = nan seconds, loss = 0.0297, fid = None
2026-03-13 19:21:51.508 | INFO     | __main__:<module>:157 - Epoch = 1370 / 2000
2026-03-13 19:25:20.392 | INFO     | __main__:<module>:220 - Training time taken = 208.88 seconds, Evaluation time taken = nan seconds, loss = 0.0297, fid = None
2026-03-13 19:25:20.392 | INFO     | __main__:<module>:157 - Epoch = 1371 / 2000
2026-03-13 19:28:51.549 | INFO     | __main__:<module>:220 - Training time taken = 211.16 seconds, Evaluation time taken = nan seconds, loss = 0.02934, fid = None
2026-03-13 19:28:51.550 | INFO     | __main__:<module>:157 - Epoch = 1372 / 2000
2026-03-13 19:32:20.247 | INFO     | __main__:<module>:220 - Training time taken = 208.7 seconds, Evaluation time taken = nan seconds, loss = 0.02943, fid = None
2026-03-13 19:32:20.248 | INFO     | __main__:<module>:157 - Epoch = 1373 / 2000
2026-03-13 19:35:58.346 | INFO     | __main__:<module>:220 - Training time taken = 218.1 seconds, Evaluation time taken = nan seconds, loss = 0.02986, fid = None
2026-03-13 19:35:58.347 | INFO     | __main__:<module>:157 - Epoch = 1374 / 2000
2026-03-13 19:39:36.435 | INFO     | __main__:<module>:220 - Training time taken = 218.09 seconds, Evaluation time taken = nan seconds, loss = 0.0291, fid = None
2026-03-13 19:39:36.436 | INFO     | __main__:<module>:157 - Epoch = 1375 / 2000
2026-03-13 19:43:12.431 | INFO     | __main__:<module>:220 - Training time taken = 215.99 seconds, Evaluation time taken = nan seconds, loss = 0.02933, fid = None
2026-03-13 19:43:12.431 | INFO     | __main__:<module>:157 - Epoch = 1376 / 2000
2026-03-13 19:46:43.663 | INFO     | __main__:<module>:220 - Training time taken = 211.23 seconds, Evaluation time taken = nan seconds, loss = 0.02968, fid = None
2026-03-13 19:46:43.663 | INFO     | __main__:<module>:157 - Epoch = 1377 / 2000
2026-03-13 19:50:19.697 | INFO     | __main__:<module>:220 - Training time taken = 216.03 seconds, Evaluation time taken = nan seconds, loss = 0.02962, fid = None
2026-03-13 19:50:19.697 | INFO     | __main__:<module>:157 - Epoch = 1378 / 2000
2026-03-13 19:53:46.694 | INFO     | __main__:<module>:220 - Training time taken = 207.0 seconds, Evaluation time taken = nan seconds, loss = 0.02933, fid = None
2026-03-13 19:53:46.694 | INFO     | __main__:<module>:157 - Epoch = 1379 / 2000
2026-03-13 19:57:29.735 | INFO     | __main__:<module>:220 - Training time taken = 223.04 seconds, Evaluation time taken = nan seconds, loss = 0.02953, fid = None
2026-03-13 19:57:29.736 | INFO     | __main__:<module>:157 - Epoch = 1380 / 2000
2026-03-13 20:01:14.202 | INFO     | __main__:<module>:220 - Training time taken = 224.46 seconds, Evaluation time taken = nan seconds, loss = 0.0296, fid = None
2026-03-13 20:01:14.202 | INFO     | __main__:<module>:157 - Epoch = 1381 / 2000
2026-03-13 20:04:53.610 | INFO     | __main__:<module>:220 - Training time taken = 219.41 seconds, Evaluation time taken = nan seconds, loss = 0.0299, fid = None
2026-03-13 20:04:53.611 | INFO     | __main__:<module>:157 - Epoch = 1382 / 2000
2026-03-13 20:08:45.247 | INFO     | __main__:<module>:220 - Training time taken = 231.63 seconds, Evaluation time taken = nan seconds, loss = 0.02909, fid = None
2026-03-13 20:08:45.248 | INFO     | __main__:<module>:157 - Epoch = 1383 / 2000
2026-03-13 20:12:22.929 | INFO     | __main__:<module>:220 - Training time taken = 217.68 seconds, Evaluation time taken = nan seconds, loss = 0.02916, fid = None
2026-03-13 20:12:22.930 | INFO     | __main__:<module>:157 - Epoch = 1384 / 2000
2026-03-13 20:16:03.318 | INFO     | __main__:<module>:220 - Training time taken = 220.39 seconds, Evaluation time taken = nan seconds, loss = 0.02932, fid = None
2026-03-13 20:16:03.319 | INFO     | __main__:<module>:157 - Epoch = 1385 / 2000
2026-03-13 20:19:48.174 | INFO     | __main__:<module>:220 - Training time taken = 224.85 seconds, Evaluation time taken = nan seconds, loss = 0.02928, fid = None
2026-03-13 20:19:48.174 | INFO     | __main__:<module>:157 - Epoch = 1386 / 2000
2026-03-13 20:23:18.010 | INFO     | __main__:<module>:220 - Training time taken = 209.83 seconds, Evaluation time taken = nan seconds, loss = 0.02917, fid = None
2026-03-13 20:23:18.011 | INFO     | __main__:<module>:157 - Epoch = 1387 / 2000
2026-03-13 20:26:45.777 | INFO     | __main__:<module>:220 - Training time taken = 207.76 seconds, Evaluation time taken = nan seconds, loss = 0.02959, fid = None
2026-03-13 20:26:45.794 | INFO     | __main__:<module>:157 - Epoch = 1388 / 2000
2026-03-13 20:30:18.996 | INFO     | __main__:<module>:220 - Training time taken = 213.2 seconds, Evaluation time taken = nan seconds, loss = 0.02944, fid = None
2026-03-13 20:30:18.996 | INFO     | __main__:<module>:157 - Epoch = 1389 / 2000
2026-03-13 20:33:50.930 | INFO     | __main__:<module>:220 - Training time taken = 211.93 seconds, Evaluation time taken = nan seconds, loss = 0.02952, fid = None
2026-03-13 20:33:50.931 | INFO     | __main__:<module>:157 - Epoch = 1390 / 2000
2026-03-13 20:37:23.086 | INFO     | __main__:<module>:220 - Training time taken = 212.15 seconds, Evaluation time taken = nan seconds, loss = 0.02934, fid = None
2026-03-13 20:37:23.086 | INFO     | __main__:<module>:157 - Epoch = 1391 / 2000
2026-03-13 20:40:56.728 | INFO     | __main__:<module>:220 - Training time taken = 213.64 seconds, Evaluation time taken = nan seconds, loss = 0.02936, fid = None
2026-03-13 20:40:56.728 | INFO     | __main__:<module>:157 - Epoch = 1392 / 2000
2026-03-13 20:44:28.099 | INFO     | __main__:<module>:220 - Training time taken = 211.36 seconds, Evaluation time taken = nan seconds, loss = 0.02933, fid = None
2026-03-13 20:44:28.100 | INFO     | __main__:<module>:157 - Epoch = 1393 / 2000
2026-03-13 20:48:01.462 | INFO     | __main__:<module>:220 - Training time taken = 213.36 seconds, Evaluation time taken = nan seconds, loss = 0.03009, fid = None
2026-03-13 20:48:01.462 | INFO     | __main__:<module>:157 - Epoch = 1394 / 2000
2026-03-13 20:51:49.956 | INFO     | __main__:<module>:220 - Training time taken = 228.49 seconds, Evaluation time taken = nan seconds, loss = 0.02951, fid = None
2026-03-13 20:51:49.957 | INFO     | __main__:<module>:157 - Epoch = 1395 / 2000
2026-03-13 20:55:47.975 | INFO     | __main__:<module>:220 - Training time taken = 238.01 seconds, Evaluation time taken = nan seconds, loss = 0.02908, fid = None
2026-03-13 20:55:47.976 | INFO     | __main__:<module>:157 - Epoch = 1396 / 2000
2026-03-13 20:59:18.468 | INFO     | __main__:<module>:220 - Training time taken = 210.49 seconds, Evaluation time taken = nan seconds, loss = 0.02969, fid = None
2026-03-13 20:59:18.469 | INFO     | __main__:<module>:157 - Epoch = 1397 / 2000
2026-03-13 21:02:45.944 | INFO     | __main__:<module>:220 - Training time taken = 207.46 seconds, Evaluation time taken = nan seconds, loss = 0.02964, fid = None
2026-03-13 21:02:45.944 | INFO     | __main__:<module>:157 - Epoch = 1398 / 2000
2026-03-13 21:06:18.495 | INFO     | __main__:<module>:220 - Training time taken = 212.55 seconds, Evaluation time taken = nan seconds, loss = 0.02938, fid = None
2026-03-13 21:06:18.496 | INFO     | __main__:<module>:157 - Epoch = 1399 / 2000
2026-03-13 21:09:58.826 | INFO     | __main__:<module>:220 - Training time taken = 220.33 seconds, Evaluation time taken = nan seconds, loss = 0.02911, fid = None
2026-03-13 21:09:58.826 | INFO     | __main__:<module>:157 - Epoch = 1400 / 2000
2026-03-13 21:13:32.896 | INFO     | __main__:<module>:220 - Training time taken = 214.07 seconds, Evaluation time taken = nan seconds, loss = 0.02928, fid = None
2026-03-13 21:13:32.896 | INFO     | __main__:<module>:157 - Epoch = 1401 / 2000
2026-03-13 21:17:02.761 | INFO     | __main__:<module>:220 - Training time taken = 209.86 seconds, Evaluation time taken = nan seconds, loss = 0.02988, fid = None
2026-03-13 21:17:02.761 | INFO     | __main__:<module>:157 - Epoch = 1402 / 2000
2026-03-13 21:20:31.102 | INFO     | __main__:<module>:220 - Training time taken = 208.34 seconds, Evaluation time taken = nan seconds, loss = 0.0294, fid = None
2026-03-13 21:20:31.103 | INFO     | __main__:<module>:157 - Epoch = 1403 / 2000
2026-03-13 21:24:08.274 | INFO     | __main__:<module>:220 - Training time taken = 217.17 seconds, Evaluation time taken = nan seconds, loss = 0.02953, fid = None
2026-03-13 21:24:08.275 | INFO     | __main__:<module>:157 - Epoch = 1404 / 2000
2026-03-13 21:27:36.793 | INFO     | __main__:<module>:220 - Training time taken = 208.52 seconds, Evaluation time taken = nan seconds, loss = 0.02893, fid = None
2026-03-13 21:27:36.793 | INFO     | __main__:<module>:157 - Epoch = 1405 / 2000
2026-03-13 21:31:16.855 | INFO     | __main__:<module>:220 - Training time taken = 220.06 seconds, Evaluation time taken = nan seconds, loss = 0.02935, fid = None
2026-03-13 21:31:16.856 | INFO     | __main__:<module>:157 - Epoch = 1406 / 2000
2026-03-13 21:34:53.325 | INFO     | __main__:<module>:220 - Training time taken = 216.47 seconds, Evaluation time taken = nan seconds, loss = 0.02994, fid = None
2026-03-13 21:34:53.325 | INFO     | __main__:<module>:157 - Epoch = 1407 / 2000
2026-03-13 21:38:47.959 | INFO     | __main__:<module>:220 - Training time taken = 234.63 seconds, Evaluation time taken = nan seconds, loss = 0.02979, fid = None
2026-03-13 21:38:47.960 | INFO     | __main__:<module>:157 - Epoch = 1408 / 2000
2026-03-13 21:42:23.733 | INFO     | __main__:<module>:220 - Training time taken = 215.77 seconds, Evaluation time taken = nan seconds, loss = 0.02939, fid = None
2026-03-13 21:42:23.734 | INFO     | __main__:<module>:157 - Epoch = 1409 / 2000
2026-03-13 21:45:57.268 | INFO     | __main__:<module>:220 - Training time taken = 213.53 seconds, Evaluation time taken = nan seconds, loss = 0.02986, fid = None
2026-03-13 21:45:57.268 | INFO     | __main__:<module>:157 - Epoch = 1410 / 2000
2026-03-13 21:49:27.390 | INFO     | __main__:<module>:220 - Training time taken = 210.12 seconds, Evaluation time taken = nan seconds, loss = 0.02876, fid = None
2026-03-13 21:49:27.390 | INFO     | __main__:<module>:157 - Epoch = 1411 / 2000
2026-03-13 21:52:58.794 | INFO     | __main__:<module>:220 - Training time taken = 211.4 seconds, Evaluation time taken = nan seconds, loss = 0.02962, fid = None
2026-03-13 21:52:58.810 | INFO     | __main__:<module>:157 - Epoch = 1412 / 2000
2026-03-13 21:56:43.060 | INFO     | __main__:<module>:220 - Training time taken = 224.25 seconds, Evaluation time taken = nan seconds, loss = 0.02918, fid = None
2026-03-13 21:56:43.061 | INFO     | __main__:<module>:157 - Epoch = 1413 / 2000
2026-03-13 22:00:14.320 | INFO     | __main__:<module>:220 - Training time taken = 211.26 seconds, Evaluation time taken = nan seconds, loss = 0.02955, fid = None
2026-03-13 22:00:14.321 | INFO     | __main__:<module>:157 - Epoch = 1414 / 2000
2026-03-13 22:03:52.924 | INFO     | __main__:<module>:220 - Training time taken = 218.6 seconds, Evaluation time taken = nan seconds, loss = 0.02922, fid = None
2026-03-13 22:03:52.924 | INFO     | __main__:<module>:157 - Epoch = 1415 / 2000
2026-03-13 22:07:20.171 | INFO     | __main__:<module>:220 - Training time taken = 207.24 seconds, Evaluation time taken = nan seconds, loss = 0.02936, fid = None
2026-03-13 22:07:20.171 | INFO     | __main__:<module>:157 - Epoch = 1416 / 2000
2026-03-13 22:10:59.766 | INFO     | __main__:<module>:220 - Training time taken = 219.59 seconds, Evaluation time taken = nan seconds, loss = 0.02964, fid = None
2026-03-13 22:10:59.767 | INFO     | __main__:<module>:157 - Epoch = 1417 / 2000
2026-03-13 22:14:31.909 | INFO     | __main__:<module>:220 - Training time taken = 212.14 seconds, Evaluation time taken = nan seconds, loss = 0.02989, fid = None
2026-03-13 22:14:31.909 | INFO     | __main__:<module>:157 - Epoch = 1418 / 2000
2026-03-13 22:17:59.433 | INFO     | __main__:<module>:220 - Training time taken = 207.52 seconds, Evaluation time taken = nan seconds, loss = 0.02917, fid = None
2026-03-13 22:17:59.433 | INFO     | __main__:<module>:157 - Epoch = 1419 / 2000
2026-03-13 22:21:40.837 | INFO     | __main__:<module>:220 - Training time taken = 221.4 seconds, Evaluation time taken = nan seconds, loss = 0.02946, fid = None
2026-03-13 22:21:40.837 | INFO     | __main__:<module>:157 - Epoch = 1420 / 2000
2026-03-13 22:25:09.992 | INFO     | __main__:<module>:220 - Training time taken = 209.15 seconds, Evaluation time taken = nan seconds, loss = 0.02966, fid = None
2026-03-13 22:25:09.992 | INFO     | __main__:<module>:157 - Epoch = 1421 / 2000
2026-03-13 22:28:35.802 | INFO     | __main__:<module>:220 - Training time taken = 205.81 seconds, Evaluation time taken = nan seconds, loss = 0.0301, fid = None
2026-03-13 22:28:35.803 | INFO     | __main__:<module>:157 - Epoch = 1422 / 2000
2026-03-13 22:32:01.785 | INFO     | __main__:<module>:220 - Training time taken = 205.98 seconds, Evaluation time taken = nan seconds, loss = 0.02982, fid = None
2026-03-13 22:32:01.785 | INFO     | __main__:<module>:157 - Epoch = 1423 / 2000
2026-03-13 22:35:33.917 | INFO     | __main__:<module>:220 - Training time taken = 212.13 seconds, Evaluation time taken = nan seconds, loss = 0.02969, fid = None
2026-03-13 22:35:33.918 | INFO     | __main__:<module>:157 - Epoch = 1424 / 2000
2026-03-13 22:39:01.991 | INFO     | __main__:<module>:220 - Training time taken = 208.07 seconds, Evaluation time taken = nan seconds, loss = 0.02915, fid = None
2026-03-13 22:39:01.991 | INFO     | __main__:<module>:157 - Epoch = 1425 / 2000
2026-03-13 22:42:29.976 | INFO     | __main__:<module>:220 - Training time taken = 207.98 seconds, Evaluation time taken = nan seconds, loss = 0.02949, fid = None
2026-03-13 22:42:29.977 | INFO     | __main__:<module>:157 - Epoch = 1426 / 2000
2026-03-13 22:46:03.641 | INFO     | __main__:<module>:220 - Training time taken = 213.66 seconds, Evaluation time taken = nan seconds, loss = 0.02972, fid = None
2026-03-13 22:46:03.641 | INFO     | __main__:<module>:157 - Epoch = 1427 / 2000
2026-03-13 22:49:28.902 | INFO     | __main__:<module>:220 - Training time taken = 205.26 seconds, Evaluation time taken = nan seconds, loss = 0.02912, fid = None
2026-03-13 22:49:28.903 | INFO     | __main__:<module>:157 - Epoch = 1428 / 2000
2026-03-13 22:53:02.832 | INFO     | __main__:<module>:220 - Training time taken = 213.93 seconds, Evaluation time taken = nan seconds, loss = 0.02939, fid = None
2026-03-13 22:53:02.833 | INFO     | __main__:<module>:157 - Epoch = 1429 / 2000
2026-03-13 22:56:31.211 | INFO     | __main__:<module>:220 - Training time taken = 208.38 seconds, Evaluation time taken = nan seconds, loss = 0.02997, fid = None
2026-03-13 22:56:31.212 | INFO     | __main__:<module>:157 - Epoch = 1430 / 2000
2026-03-13 23:00:06.195 | INFO     | __main__:<module>:220 - Training time taken = 214.98 seconds, Evaluation time taken = nan seconds, loss = 0.02976, fid = None
2026-03-13 23:00:06.196 | INFO     | __main__:<module>:157 - Epoch = 1431 / 2000
2026-03-13 23:03:46.851 | INFO     | __main__:<module>:220 - Training time taken = 220.65 seconds, Evaluation time taken = nan seconds, loss = 0.02938, fid = None
2026-03-13 23:03:46.852 | INFO     | __main__:<module>:157 - Epoch = 1432 / 2000
2026-03-13 23:07:21.267 | INFO     | __main__:<module>:220 - Training time taken = 214.41 seconds, Evaluation time taken = nan seconds, loss = 0.02931, fid = None
2026-03-13 23:07:21.268 | INFO     | __main__:<module>:157 - Epoch = 1433 / 2000
2026-03-13 23:11:06.559 | INFO     | __main__:<module>:220 - Training time taken = 225.29 seconds, Evaluation time taken = nan seconds, loss = 0.02964, fid = None
2026-03-13 23:11:06.560 | INFO     | __main__:<module>:157 - Epoch = 1434 / 2000
2026-03-13 23:14:40.081 | INFO     | __main__:<module>:220 - Training time taken = 213.52 seconds, Evaluation time taken = nan seconds, loss = 0.02957, fid = None
2026-03-13 23:14:40.081 | INFO     | __main__:<module>:157 - Epoch = 1435 / 2000
2026-03-13 23:18:29.507 | INFO     | __main__:<module>:220 - Training time taken = 229.42 seconds, Evaluation time taken = nan seconds, loss = 0.0295, fid = None
2026-03-13 23:18:29.508 | INFO     | __main__:<module>:157 - Epoch = 1436 / 2000
2026-03-13 23:22:01.895 | INFO     | __main__:<module>:220 - Training time taken = 212.39 seconds, Evaluation time taken = nan seconds, loss = 0.02959, fid = None
2026-03-13 23:22:01.896 | INFO     | __main__:<module>:157 - Epoch = 1437 / 2000
2026-03-13 23:25:52.277 | INFO     | __main__:<module>:220 - Training time taken = 230.38 seconds, Evaluation time taken = nan seconds, loss = 0.02944, fid = None
2026-03-13 23:25:52.277 | INFO     | __main__:<module>:157 - Epoch = 1438 / 2000
2026-03-13 23:29:32.490 | INFO     | __main__:<module>:220 - Training time taken = 220.21 seconds, Evaluation time taken = nan seconds, loss = 0.02964, fid = None
2026-03-13 23:29:32.491 | INFO     | __main__:<module>:157 - Epoch = 1439 / 2000
2026-03-13 23:33:20.025 | INFO     | __main__:<module>:220 - Training time taken = 227.53 seconds, Evaluation time taken = nan seconds, loss = 0.02966, fid = None
2026-03-13 23:33:20.026 | INFO     | __main__:<module>:157 - Epoch = 1440 / 2000
2026-03-13 23:36:49.492 | INFO     | __main__:<module>:220 - Training time taken = 209.46 seconds, Evaluation time taken = nan seconds, loss = 0.02912, fid = None
2026-03-13 23:36:49.492 | INFO     | __main__:<module>:157 - Epoch = 1441 / 2000
2026-03-13 23:40:20.606 | INFO     | __main__:<module>:220 - Training time taken = 211.11 seconds, Evaluation time taken = nan seconds, loss = 0.02954, fid = None
2026-03-13 23:40:20.606 | INFO     | __main__:<module>:157 - Epoch = 1442 / 2000
2026-03-13 23:43:51.124 | INFO     | __main__:<module>:220 - Training time taken = 210.52 seconds, Evaluation time taken = nan seconds, loss = 0.02945, fid = None
2026-03-13 23:43:51.124 | INFO     | __main__:<module>:157 - Epoch = 1443 / 2000
2026-03-13 23:47:21.318 | INFO     | __main__:<module>:220 - Training time taken = 210.19 seconds, Evaluation time taken = nan seconds, loss = 0.02963, fid = None
2026-03-13 23:47:21.318 | INFO     | __main__:<module>:157 - Epoch = 1444 / 2000
2026-03-13 23:51:06.568 | INFO     | __main__:<module>:220 - Training time taken = 225.25 seconds, Evaluation time taken = nan seconds, loss = 0.02929, fid = None
2026-03-13 23:51:06.568 | INFO     | __main__:<module>:157 - Epoch = 1445 / 2000
2026-03-13 23:54:45.435 | INFO     | __main__:<module>:220 - Training time taken = 218.86 seconds, Evaluation time taken = nan seconds, loss = 0.02952, fid = None
2026-03-13 23:54:45.435 | INFO     | __main__:<module>:157 - Epoch = 1446 / 2000
2026-03-13 23:58:30.180 | INFO     | __main__:<module>:220 - Training time taken = 224.74 seconds, Evaluation time taken = nan seconds, loss = 0.02972, fid = None
2026-03-13 23:58:30.181 | INFO     | __main__:<module>:157 - Epoch = 1447 / 2000
2026-03-14 00:02:22.854 | INFO     | __main__:<module>:220 - Training time taken = 232.67 seconds, Evaluation time taken = nan seconds, loss = 0.02926, fid = None
2026-03-14 00:02:22.855 | INFO     | __main__:<module>:157 - Epoch = 1448 / 2000
2026-03-14 00:05:58.436 | INFO     | __main__:<module>:220 - Training time taken = 215.58 seconds, Evaluation time taken = nan seconds, loss = 0.02957, fid = None
2026-03-14 00:05:58.437 | INFO     | __main__:<module>:157 - Epoch = 1449 / 2000
2026-03-14 00:09:23.912 | INFO     | __main__:<module>:220 - Training time taken = 205.47 seconds, Evaluation time taken = nan seconds, loss = 0.02957, fid = None
2026-03-14 00:09:23.912 | INFO     | __main__:<module>:157 - Epoch = 1450 / 2000
2026-03-14 00:12:51.783 | INFO     | __main__:<module>:220 - Training time taken = 207.87 seconds, Evaluation time taken = nan seconds, loss = 0.02961, fid = None
2026-03-14 00:12:51.784 | INFO     | __main__:<module>:157 - Epoch = 1451 / 2000
2026-03-14 00:16:24.099 | INFO     | __main__:<module>:220 - Training time taken = 212.31 seconds, Evaluation time taken = nan seconds, loss = 0.0292, fid = None
2026-03-14 00:16:24.099 | INFO     | __main__:<module>:157 - Epoch = 1452 / 2000
2026-03-14 00:19:51.819 | INFO     | __main__:<module>:220 - Training time taken = 207.72 seconds, Evaluation time taken = nan seconds, loss = 0.02978, fid = None
2026-03-14 00:19:51.820 | INFO     | __main__:<module>:157 - Epoch = 1453 / 2000
2026-03-14 00:23:18.155 | INFO     | __main__:<module>:220 - Training time taken = 206.33 seconds, Evaluation time taken = nan seconds, loss = 0.02952, fid = None
2026-03-14 00:23:18.156 | INFO     | __main__:<module>:157 - Epoch = 1454 / 2000
2026-03-14 00:26:52.070 | INFO     | __main__:<module>:220 - Training time taken = 213.91 seconds, Evaluation time taken = nan seconds, loss = 0.0294, fid = None
2026-03-14 00:26:52.071 | INFO     | __main__:<module>:157 - Epoch = 1455 / 2000
2026-03-14 00:30:17.264 | INFO     | __main__:<module>:220 - Training time taken = 205.19 seconds, Evaluation time taken = nan seconds, loss = 0.02947, fid = None
2026-03-14 00:30:17.265 | INFO     | __main__:<module>:157 - Epoch = 1456 / 2000
2026-03-14 00:33:46.826 | INFO     | __main__:<module>:220 - Training time taken = 209.56 seconds, Evaluation time taken = nan seconds, loss = 0.02922, fid = None
2026-03-14 00:33:46.827 | INFO     | __main__:<module>:157 - Epoch = 1457 / 2000
2026-03-14 00:37:14.293 | INFO     | __main__:<module>:220 - Training time taken = 207.46 seconds, Evaluation time taken = nan seconds, loss = 0.02976, fid = None
2026-03-14 00:37:14.293 | INFO     | __main__:<module>:157 - Epoch = 1458 / 2000
2026-03-14 00:40:41.545 | INFO     | __main__:<module>:220 - Training time taken = 207.25 seconds, Evaluation time taken = nan seconds, loss = 0.02969, fid = None
2026-03-14 00:40:41.546 | INFO     | __main__:<module>:157 - Epoch = 1459 / 2000
2026-03-14 00:44:17.691 | INFO     | __main__:<module>:220 - Training time taken = 216.14 seconds, Evaluation time taken = nan seconds, loss = 0.0294, fid = None
2026-03-14 00:44:17.691 | INFO     | __main__:<module>:157 - Epoch = 1460 / 2000
2026-03-14 00:47:47.068 | INFO     | __main__:<module>:220 - Training time taken = 209.37 seconds, Evaluation time taken = nan seconds, loss = 0.0295, fid = None
2026-03-14 00:47:47.068 | INFO     | __main__:<module>:157 - Epoch = 1461 / 2000
2026-03-14 00:51:21.475 | INFO     | __main__:<module>:220 - Training time taken = 214.41 seconds, Evaluation time taken = nan seconds, loss = 0.02902, fid = None
2026-03-14 00:51:21.476 | INFO     | __main__:<module>:157 - Epoch = 1462 / 2000
2026-03-14 00:55:05.221 | INFO     | __main__:<module>:220 - Training time taken = 223.74 seconds, Evaluation time taken = nan seconds, loss = 0.02956, fid = None
2026-03-14 00:55:05.221 | INFO     | __main__:<module>:157 - Epoch = 1463 / 2000
2026-03-14 00:58:31.261 | INFO     | __main__:<module>:220 - Training time taken = 206.04 seconds, Evaluation time taken = nan seconds, loss = 0.02929, fid = None
2026-03-14 00:58:31.262 | INFO     | __main__:<module>:157 - Epoch = 1464 / 2000
2026-03-14 01:02:07.135 | INFO     | __main__:<module>:220 - Training time taken = 215.87 seconds, Evaluation time taken = nan seconds, loss = 0.02972, fid = None
2026-03-14 01:02:07.135 | INFO     | __main__:<module>:157 - Epoch = 1465 / 2000
2026-03-14 01:05:43.680 | INFO     | __main__:<module>:220 - Training time taken = 216.54 seconds, Evaluation time taken = nan seconds, loss = 0.02916, fid = None
2026-03-14 01:05:43.681 | INFO     | __main__:<module>:157 - Epoch = 1466 / 2000
2026-03-14 01:09:16.727 | INFO     | __main__:<module>:220 - Training time taken = 213.04 seconds, Evaluation time taken = nan seconds, loss = 0.02953, fid = None
2026-03-14 01:09:16.728 | INFO     | __main__:<module>:157 - Epoch = 1467 / 2000
2026-03-14 01:12:46.201 | INFO     | __main__:<module>:220 - Training time taken = 209.47 seconds, Evaluation time taken = nan seconds, loss = 0.02971, fid = None
2026-03-14 01:12:46.201 | INFO     | __main__:<module>:157 - Epoch = 1468 / 2000
2026-03-14 01:16:16.243 | INFO     | __main__:<module>:220 - Training time taken = 210.04 seconds, Evaluation time taken = nan seconds, loss = 0.02947, fid = None
2026-03-14 01:16:16.244 | INFO     | __main__:<module>:157 - Epoch = 1469 / 2000
2026-03-14 01:20:09.613 | INFO     | __main__:<module>:220 - Training time taken = 233.37 seconds, Evaluation time taken = nan seconds, loss = 0.02943, fid = None
2026-03-14 01:20:09.614 | INFO     | __main__:<module>:157 - Epoch = 1470 / 2000
2026-03-14 01:23:55.305 | INFO     | __main__:<module>:220 - Training time taken = 225.69 seconds, Evaluation time taken = nan seconds, loss = 0.02967, fid = None
2026-03-14 01:23:55.306 | INFO     | __main__:<module>:157 - Epoch = 1471 / 2000
2026-03-14 01:27:32.504 | INFO     | __main__:<module>:220 - Training time taken = 217.2 seconds, Evaluation time taken = nan seconds, loss = 0.02954, fid = None
2026-03-14 01:27:32.505 | INFO     | __main__:<module>:157 - Epoch = 1472 / 2000
2026-03-14 01:30:59.798 | INFO     | __main__:<module>:220 - Training time taken = 207.28 seconds, Evaluation time taken = nan seconds, loss = 0.02984, fid = None
2026-03-14 01:30:59.798 | INFO     | __main__:<module>:157 - Epoch = 1473 / 2000
2026-03-14 01:34:30.255 | INFO     | __main__:<module>:220 - Training time taken = 210.45 seconds, Evaluation time taken = nan seconds, loss = 0.02973, fid = None
2026-03-14 01:34:30.255 | INFO     | __main__:<module>:157 - Epoch = 1474 / 2000
2026-03-14 01:37:58.470 | INFO     | __main__:<module>:220 - Training time taken = 208.21 seconds, Evaluation time taken = nan seconds, loss = 0.02894, fid = None
2026-03-14 01:37:58.471 | INFO     | __main__:<module>:157 - Epoch = 1475 / 2000
2026-03-14 01:41:23.249 | INFO     | __main__:<module>:220 - Training time taken = 204.78 seconds, Evaluation time taken = nan seconds, loss = 0.02909, fid = None
2026-03-14 01:41:23.250 | INFO     | __main__:<module>:157 - Epoch = 1476 / 2000
2026-03-14 01:44:54.365 | INFO     | __main__:<module>:220 - Training time taken = 211.11 seconds, Evaluation time taken = nan seconds, loss = 0.02901, fid = None
2026-03-14 01:44:54.382 | INFO     | __main__:<module>:157 - Epoch = 1477 / 2000
2026-03-14 01:48:20.491 | INFO     | __main__:<module>:220 - Training time taken = 206.11 seconds, Evaluation time taken = nan seconds, loss = 0.02948, fid = None
2026-03-14 01:48:20.491 | INFO     | __main__:<module>:157 - Epoch = 1478 / 2000
2026-03-14 01:51:48.098 | INFO     | __main__:<module>:220 - Training time taken = 207.61 seconds, Evaluation time taken = nan seconds, loss = 0.02973, fid = None
2026-03-14 01:51:48.099 | INFO     | __main__:<module>:157 - Epoch = 1479 / 2000
2026-03-14 01:55:26.644 | INFO     | __main__:<module>:220 - Training time taken = 218.54 seconds, Evaluation time taken = nan seconds, loss = 0.02974, fid = None
2026-03-14 01:55:26.644 | INFO     | __main__:<module>:157 - Epoch = 1480 / 2000
2026-03-14 01:58:53.017 | INFO     | __main__:<module>:220 - Training time taken = 206.37 seconds, Evaluation time taken = nan seconds, loss = 0.02979, fid = None
2026-03-14 01:58:53.018 | INFO     | __main__:<module>:157 - Epoch = 1481 / 2000
2026-03-14 02:02:22.560 | INFO     | __main__:<module>:220 - Training time taken = 209.54 seconds, Evaluation time taken = nan seconds, loss = 0.02928, fid = None
2026-03-14 02:02:22.561 | INFO     | __main__:<module>:157 - Epoch = 1482 / 2000
2026-03-14 02:05:53.559 | INFO     | __main__:<module>:220 - Training time taken = 210.97 seconds, Evaluation time taken = nan seconds, loss = 0.02968, fid = None
2026-03-14 02:05:53.559 | INFO     | __main__:<module>:157 - Epoch = 1483 / 2000
2026-03-14 02:09:23.123 | INFO     | __main__:<module>:220 - Training time taken = 209.56 seconds, Evaluation time taken = nan seconds, loss = 0.02941, fid = None
2026-03-14 02:09:23.124 | INFO     | __main__:<module>:157 - Epoch = 1484 / 2000
2026-03-14 02:12:53.944 | INFO     | __main__:<module>:220 - Training time taken = 210.82 seconds, Evaluation time taken = nan seconds, loss = 0.02948, fid = None
2026-03-14 02:12:53.945 | INFO     | __main__:<module>:157 - Epoch = 1485 / 2000
2026-03-14 02:16:20.136 | INFO     | __main__:<module>:220 - Training time taken = 206.19 seconds, Evaluation time taken = nan seconds, loss = 0.02944, fid = None
2026-03-14 02:16:20.136 | INFO     | __main__:<module>:157 - Epoch = 1486 / 2000
2026-03-14 02:19:51.239 | INFO     | __main__:<module>:220 - Training time taken = 211.1 seconds, Evaluation time taken = nan seconds, loss = 0.0291, fid = None
2026-03-14 02:19:51.240 | INFO     | __main__:<module>:157 - Epoch = 1487 / 2000
2026-03-14 02:23:26.017 | INFO     | __main__:<module>:220 - Training time taken = 214.78 seconds, Evaluation time taken = nan seconds, loss = 0.02898, fid = None
2026-03-14 02:23:26.017 | INFO     | __main__:<module>:157 - Epoch = 1488 / 2000
2026-03-14 02:26:57.907 | INFO     | __main__:<module>:220 - Training time taken = 211.89 seconds, Evaluation time taken = nan seconds, loss = 0.02947, fid = None
2026-03-14 02:26:57.907 | INFO     | __main__:<module>:157 - Epoch = 1489 / 2000
2026-03-14 02:30:34.763 | INFO     | __main__:<module>:220 - Training time taken = 216.85 seconds, Evaluation time taken = nan seconds, loss = 0.02943, fid = None
2026-03-14 02:30:34.764 | INFO     | __main__:<module>:157 - Epoch = 1490 / 2000
2026-03-14 02:34:20.645 | INFO     | __main__:<module>:220 - Training time taken = 225.88 seconds, Evaluation time taken = nan seconds, loss = 0.03006, fid = None
2026-03-14 02:34:20.646 | INFO     | __main__:<module>:157 - Epoch = 1491 / 2000
2026-03-14 02:38:00.688 | INFO     | __main__:<module>:220 - Training time taken = 220.04 seconds, Evaluation time taken = nan seconds, loss = 0.02936, fid = None
2026-03-14 02:38:00.688 | INFO     | __main__:<module>:157 - Epoch = 1492 / 2000
2026-03-14 02:41:33.480 | INFO     | __main__:<module>:220 - Training time taken = 212.79 seconds, Evaluation time taken = nan seconds, loss = 0.02958, fid = None
2026-03-14 02:41:33.481 | INFO     | __main__:<module>:157 - Epoch = 1493 / 2000
2026-03-14 02:45:10.851 | INFO     | __main__:<module>:220 - Training time taken = 217.37 seconds, Evaluation time taken = nan seconds, loss = 0.02951, fid = None
2026-03-14 02:45:10.852 | INFO     | __main__:<module>:157 - Epoch = 1494 / 2000
2026-03-14 02:48:43.919 | INFO     | __main__:<module>:220 - Training time taken = 213.07 seconds, Evaluation time taken = nan seconds, loss = 0.02903, fid = None
2026-03-14 02:48:43.919 | INFO     | __main__:<module>:157 - Epoch = 1495 / 2000
2026-03-14 02:52:15.582 | INFO     | __main__:<module>:220 - Training time taken = 211.66 seconds, Evaluation time taken = nan seconds, loss = 0.02982, fid = None
2026-03-14 02:52:15.583 | INFO     | __main__:<module>:157 - Epoch = 1496 / 2000
2026-03-14 02:55:44.848 | INFO     | __main__:<module>:220 - Training time taken = 209.26 seconds, Evaluation time taken = nan seconds, loss = 0.02912, fid = None
2026-03-14 02:55:44.849 | INFO     | __main__:<module>:157 - Epoch = 1497 / 2000
2026-03-14 02:59:24.457 | INFO     | __main__:<module>:220 - Training time taken = 219.61 seconds, Evaluation time taken = nan seconds, loss = 0.02983, fid = None
2026-03-14 02:59:24.458 | INFO     | __main__:<module>:157 - Epoch = 1498 / 2000
2026-03-14 03:03:00.340 | INFO     | __main__:<module>:220 - Training time taken = 215.88 seconds, Evaluation time taken = nan seconds, loss = 0.0298, fid = None
2026-03-14 03:03:00.341 | INFO     | __main__:<module>:157 - Epoch = 1499 / 2000
2026-03-14 03:06:41.847 | INFO     | __main__:<module>:220 - Training time taken = 221.49 seconds, Evaluation time taken = nan seconds, loss = 0.02952, fid = None
2026-03-14 03:06:41.848 | INFO     | __main__:<module>:157 - Epoch = 1500 / 2000
2026-03-14 03:10:16.137 | INFO     | __main__:<module>:220 - Training time taken = 214.29 seconds, Evaluation time taken = nan seconds, loss = 0.02949, fid = None
2026-03-14 03:10:16.137 | INFO     | __main__:<module>:157 - Epoch = 1501 / 2000
2026-03-14 03:13:54.770 | INFO     | __main__:<module>:220 - Training time taken = 218.63 seconds, Evaluation time taken = nan seconds, loss = 0.02949, fid = None
2026-03-14 03:13:54.770 | INFO     | __main__:<module>:157 - Epoch = 1502 / 2000
2026-03-14 03:17:44.924 | INFO     | __main__:<module>:220 - Training time taken = 230.15 seconds, Evaluation time taken = nan seconds, loss = 0.02919, fid = None
2026-03-14 03:17:44.925 | INFO     | __main__:<module>:157 - Epoch = 1503 / 2000
2026-03-14 03:21:28.879 | INFO     | __main__:<module>:220 - Training time taken = 223.95 seconds, Evaluation time taken = nan seconds, loss = 0.0288, fid = None
2026-03-14 03:21:28.880 | INFO     | __main__:<module>:157 - Epoch = 1504 / 2000
2026-03-14 03:25:08.915 | INFO     | __main__:<module>:220 - Training time taken = 220.03 seconds, Evaluation time taken = nan seconds, loss = 0.0296, fid = None
2026-03-14 03:25:08.916 | INFO     | __main__:<module>:157 - Epoch = 1505 / 2000
2026-03-14 03:28:53.115 | INFO     | __main__:<module>:220 - Training time taken = 224.2 seconds, Evaluation time taken = nan seconds, loss = 0.02978, fid = None
2026-03-14 03:28:53.116 | INFO     | __main__:<module>:157 - Epoch = 1506 / 2000
2026-03-14 03:32:31.325 | INFO     | __main__:<module>:220 - Training time taken = 218.21 seconds, Evaluation time taken = nan seconds, loss = 0.02953, fid = None
2026-03-14 03:32:31.325 | INFO     | __main__:<module>:157 - Epoch = 1507 / 2000
2026-03-14 03:36:17.889 | INFO     | __main__:<module>:220 - Training time taken = 226.56 seconds, Evaluation time taken = nan seconds, loss = 0.02942, fid = None
2026-03-14 03:36:17.889 | INFO     | __main__:<module>:157 - Epoch = 1508 / 2000
2026-03-14 03:39:55.479 | INFO     | __main__:<module>:220 - Training time taken = 217.57 seconds, Evaluation time taken = nan seconds, loss = 0.02949, fid = None
2026-03-14 03:39:55.480 | INFO     | __main__:<module>:157 - Epoch = 1509 / 2000
2026-03-14 03:43:40.936 | INFO     | __main__:<module>:220 - Training time taken = 225.45 seconds, Evaluation time taken = nan seconds, loss = 0.02974, fid = None
2026-03-14 03:43:40.936 | INFO     | __main__:<module>:157 - Epoch = 1510 / 2000
2026-03-14 03:47:23.228 | INFO     | __main__:<module>:220 - Training time taken = 222.29 seconds, Evaluation time taken = nan seconds, loss = 0.02982, fid = None
2026-03-14 03:47:23.228 | INFO     | __main__:<module>:157 - Epoch = 1511 / 2000
2026-03-14 03:51:04.964 | INFO     | __main__:<module>:220 - Training time taken = 221.73 seconds, Evaluation time taken = nan seconds, loss = 0.02947, fid = None
2026-03-14 03:51:04.964 | INFO     | __main__:<module>:157 - Epoch = 1512 / 2000
2026-03-14 03:55:02.459 | INFO     | __main__:<module>:220 - Training time taken = 237.49 seconds, Evaluation time taken = nan seconds, loss = 0.02958, fid = None
2026-03-14 03:55:02.460 | INFO     | __main__:<module>:157 - Epoch = 1513 / 2000
2026-03-14 03:58:44.139 | INFO     | __main__:<module>:220 - Training time taken = 221.68 seconds, Evaluation time taken = nan seconds, loss = 0.02939, fid = None
2026-03-14 03:58:44.140 | INFO     | __main__:<module>:157 - Epoch = 1514 / 2000
2026-03-14 04:02:47.789 | INFO     | __main__:<module>:220 - Training time taken = 243.65 seconds, Evaluation time taken = nan seconds, loss = 0.02928, fid = None
2026-03-14 04:02:47.789 | INFO     | __main__:<module>:157 - Epoch = 1515 / 2000
2026-03-14 04:06:43.223 | INFO     | __main__:<module>:220 - Training time taken = 235.42 seconds, Evaluation time taken = nan seconds, loss = 0.02933, fid = None
2026-03-14 04:06:43.224 | INFO     | __main__:<module>:157 - Epoch = 1516 / 2000
2026-03-14 04:10:38.672 | INFO     | __main__:<module>:220 - Training time taken = 235.45 seconds, Evaluation time taken = nan seconds, loss = 0.03006, fid = None
2026-03-14 04:10:38.672 | INFO     | __main__:<module>:157 - Epoch = 1517 / 2000
2026-03-14 04:14:41.542 | INFO     | __main__:<module>:220 - Training time taken = 242.87 seconds, Evaluation time taken = nan seconds, loss = 0.02958, fid = None
2026-03-14 04:14:41.543 | INFO     | __main__:<module>:157 - Epoch = 1518 / 2000
2026-03-14 04:18:25.036 | INFO     | __main__:<module>:220 - Training time taken = 223.49 seconds, Evaluation time taken = nan seconds, loss = 0.02941, fid = None
2026-03-14 04:18:25.036 | INFO     | __main__:<module>:157 - Epoch = 1519 / 2000
2026-03-14 04:22:15.170 | INFO     | __main__:<module>:220 - Training time taken = 230.13 seconds, Evaluation time taken = nan seconds, loss = 0.02927, fid = None
2026-03-14 04:22:15.171 | INFO     | __main__:<module>:157 - Epoch = 1520 / 2000
2026-03-14 04:25:54.960 | INFO     | __main__:<module>:220 - Training time taken = 219.79 seconds, Evaluation time taken = nan seconds, loss = 0.02931, fid = None
2026-03-14 04:25:54.961 | INFO     | __main__:<module>:157 - Epoch = 1521 / 2000
2026-03-14 04:29:44.013 | INFO     | __main__:<module>:220 - Training time taken = 229.03 seconds, Evaluation time taken = nan seconds, loss = 0.02948, fid = None
2026-03-14 04:29:44.030 | INFO     | __main__:<module>:157 - Epoch = 1522 / 2000
2026-03-14 04:33:25.879 | INFO     | __main__:<module>:220 - Training time taken = 221.85 seconds, Evaluation time taken = nan seconds, loss = 0.02987, fid = None
2026-03-14 04:33:25.879 | INFO     | __main__:<module>:157 - Epoch = 1523 / 2000
2026-03-14 04:37:18.130 | INFO     | __main__:<module>:220 - Training time taken = 232.25 seconds, Evaluation time taken = nan seconds, loss = 0.02958, fid = None
2026-03-14 04:37:18.131 | INFO     | __main__:<module>:157 - Epoch = 1524 / 2000
2026-03-14 04:41:16.808 | INFO     | __main__:<module>:220 - Training time taken = 238.68 seconds, Evaluation time taken = nan seconds, loss = 0.02966, fid = None
2026-03-14 04:41:16.809 | INFO     | __main__:<module>:157 - Epoch = 1525 / 2000
2026-03-14 04:44:57.756 | INFO     | __main__:<module>:220 - Training time taken = 220.94 seconds, Evaluation time taken = nan seconds, loss = 0.02924, fid = None
2026-03-14 04:44:57.756 | INFO     | __main__:<module>:157 - Epoch = 1526 / 2000
2026-03-14 04:48:50.951 | INFO     | __main__:<module>:220 - Training time taken = 233.19 seconds, Evaluation time taken = nan seconds, loss = 0.02922, fid = None
2026-03-14 04:48:50.951 | INFO     | __main__:<module>:157 - Epoch = 1527 / 2000
2026-03-14 04:52:33.520 | INFO     | __main__:<module>:220 - Training time taken = 222.57 seconds, Evaluation time taken = nan seconds, loss = 0.02986, fid = None
2026-03-14 04:52:33.521 | INFO     | __main__:<module>:157 - Epoch = 1528 / 2000
2026-03-14 04:56:35.820 | INFO     | __main__:<module>:220 - Training time taken = 242.28 seconds, Evaluation time taken = nan seconds, loss = 0.02898, fid = None
2026-03-14 04:56:35.820 | INFO     | __main__:<module>:157 - Epoch = 1529 / 2000
2026-03-14 05:00:23.413 | INFO     | __main__:<module>:220 - Training time taken = 227.59 seconds, Evaluation time taken = nan seconds, loss = 0.02984, fid = None
2026-03-14 05:00:23.414 | INFO     | __main__:<module>:157 - Epoch = 1530 / 2000
2026-03-14 05:04:22.771 | INFO     | __main__:<module>:220 - Training time taken = 239.36 seconds, Evaluation time taken = nan seconds, loss = 0.0301, fid = None
2026-03-14 05:04:22.772 | INFO     | __main__:<module>:157 - Epoch = 1531 / 2000
2026-03-14 05:08:21.342 | INFO     | __main__:<module>:220 - Training time taken = 238.57 seconds, Evaluation time taken = nan seconds, loss = 0.02947, fid = None
2026-03-14 05:08:21.343 | INFO     | __main__:<module>:157 - Epoch = 1532 / 2000
2026-03-14 05:12:08.685 | INFO     | __main__:<module>:220 - Training time taken = 227.34 seconds, Evaluation time taken = nan seconds, loss = 0.02975, fid = None
2026-03-14 05:12:08.685 | INFO     | __main__:<module>:157 - Epoch = 1533 / 2000
2026-03-14 05:16:10.656 | INFO     | __main__:<module>:220 - Training time taken = 241.97 seconds, Evaluation time taken = nan seconds, loss = 0.0303, fid = None
2026-03-14 05:16:10.656 | INFO     | __main__:<module>:157 - Epoch = 1534 / 2000
2026-03-14 05:19:51.639 | INFO     | __main__:<module>:220 - Training time taken = 220.98 seconds, Evaluation time taken = nan seconds, loss = 0.02963, fid = None
2026-03-14 05:19:51.639 | INFO     | __main__:<module>:157 - Epoch = 1535 / 2000
2026-03-14 05:23:41.364 | INFO     | __main__:<module>:220 - Training time taken = 229.72 seconds, Evaluation time taken = nan seconds, loss = 0.02948, fid = None
2026-03-14 05:23:41.365 | INFO     | __main__:<module>:157 - Epoch = 1536 / 2000
2026-03-14 05:27:21.021 | INFO     | __main__:<module>:220 - Training time taken = 219.65 seconds, Evaluation time taken = nan seconds, loss = 0.02916, fid = None
2026-03-14 05:27:21.021 | INFO     | __main__:<module>:157 - Epoch = 1537 / 2000
2026-03-14 05:31:15.163 | INFO     | __main__:<module>:220 - Training time taken = 234.14 seconds, Evaluation time taken = nan seconds, loss = 0.02954, fid = None
2026-03-14 05:31:15.163 | INFO     | __main__:<module>:157 - Epoch = 1538 / 2000
2026-03-14 05:34:59.244 | INFO     | __main__:<module>:220 - Training time taken = 224.08 seconds, Evaluation time taken = nan seconds, loss = 0.02938, fid = None
2026-03-14 05:34:59.244 | INFO     | __main__:<module>:157 - Epoch = 1539 / 2000
2026-03-14 05:38:44.131 | INFO     | __main__:<module>:220 - Training time taken = 224.89 seconds, Evaluation time taken = nan seconds, loss = 0.02922, fid = None
2026-03-14 05:38:44.132 | INFO     | __main__:<module>:157 - Epoch = 1540 / 2000
2026-03-14 05:42:35.275 | INFO     | __main__:<module>:220 - Training time taken = 231.14 seconds, Evaluation time taken = nan seconds, loss = 0.02897, fid = None
2026-03-14 05:42:35.276 | INFO     | __main__:<module>:157 - Epoch = 1541 / 2000
2026-03-14 05:46:20.563 | INFO     | __main__:<module>:220 - Training time taken = 225.29 seconds, Evaluation time taken = nan seconds, loss = 0.02987, fid = None
2026-03-14 05:46:20.564 | INFO     | __main__:<module>:157 - Epoch = 1542 / 2000
2026-03-14 05:50:13.578 | INFO     | __main__:<module>:220 - Training time taken = 233.01 seconds, Evaluation time taken = nan seconds, loss = 0.02966, fid = None
2026-03-14 05:50:13.579 | INFO     | __main__:<module>:157 - Epoch = 1543 / 2000
2026-03-14 05:53:51.149 | INFO     | __main__:<module>:220 - Training time taken = 217.57 seconds, Evaluation time taken = nan seconds, loss = 0.02944, fid = None
2026-03-14 05:53:51.149 | INFO     | __main__:<module>:157 - Epoch = 1544 / 2000
2026-03-14 05:57:41.531 | INFO     | __main__:<module>:220 - Training time taken = 230.38 seconds, Evaluation time taken = nan seconds, loss = 0.0296, fid = None
2026-03-14 05:57:41.532 | INFO     | __main__:<module>:157 - Epoch = 1545 / 2000
2026-03-14 06:01:27.641 | INFO     | __main__:<module>:220 - Training time taken = 226.11 seconds, Evaluation time taken = nan seconds, loss = 0.02929, fid = None
2026-03-14 06:01:27.641 | INFO     | __main__:<module>:157 - Epoch = 1546 / 2000
2026-03-14 06:05:11.913 | INFO     | __main__:<module>:220 - Training time taken = 224.27 seconds, Evaluation time taken = nan seconds, loss = 0.02949, fid = None
2026-03-14 06:05:11.914 | INFO     | __main__:<module>:157 - Epoch = 1547 / 2000
2026-03-14 06:09:05.119 | INFO     | __main__:<module>:220 - Training time taken = 233.2 seconds, Evaluation time taken = nan seconds, loss = 0.02947, fid = None
2026-03-14 06:09:05.120 | INFO     | __main__:<module>:157 - Epoch = 1548 / 2000
2026-03-14 06:12:41.087 | INFO     | __main__:<module>:220 - Training time taken = 215.97 seconds, Evaluation time taken = nan seconds, loss = 0.02952, fid = None
2026-03-14 06:12:41.088 | INFO     | __main__:<module>:157 - Epoch = 1549 / 2000
2026-03-14 06:16:26.684 | INFO     | __main__:<module>:220 - Training time taken = 225.59 seconds, Evaluation time taken = nan seconds, loss = 0.029, fid = None
2026-03-14 06:16:26.684 | INFO     | __main__:<module>:157 - Epoch = 1550 / 2000
2026-03-14 06:20:08.963 | INFO     | __main__:<module>:220 - Training time taken = 222.28 seconds, Evaluation time taken = nan seconds, loss = 0.0294, fid = None
2026-03-14 06:20:08.964 | INFO     | __main__:<module>:157 - Epoch = 1551 / 2000
2026-03-14 06:23:50.843 | INFO     | __main__:<module>:220 - Training time taken = 221.88 seconds, Evaluation time taken = nan seconds, loss = 0.02951, fid = None
2026-03-14 06:23:50.844 | INFO     | __main__:<module>:157 - Epoch = 1552 / 2000
2026-03-14 06:27:28.562 | INFO     | __main__:<module>:220 - Training time taken = 217.72 seconds, Evaluation time taken = nan seconds, loss = 0.02961, fid = None
2026-03-14 06:27:28.562 | INFO     | __main__:<module>:157 - Epoch = 1553 / 2000
2026-03-14 06:31:08.495 | INFO     | __main__:<module>:220 - Training time taken = 219.93 seconds, Evaluation time taken = nan seconds, loss = 0.03001, fid = None
2026-03-14 06:31:08.495 | INFO     | __main__:<module>:157 - Epoch = 1554 / 2000
2026-03-14 06:34:38.420 | INFO     | __main__:<module>:220 - Training time taken = 209.92 seconds, Evaluation time taken = nan seconds, loss = 0.02946, fid = None
2026-03-14 06:34:38.420 | INFO     | __main__:<module>:157 - Epoch = 1555 / 2000
2026-03-14 06:38:14.375 | INFO     | __main__:<module>:220 - Training time taken = 215.95 seconds, Evaluation time taken = nan seconds, loss = 0.02912, fid = None
2026-03-14 06:38:14.375 | INFO     | __main__:<module>:157 - Epoch = 1556 / 2000
2026-03-14 06:41:43.592 | INFO     | __main__:<module>:220 - Training time taken = 209.21 seconds, Evaluation time taken = nan seconds, loss = 0.0293, fid = None
2026-03-14 06:41:43.593 | INFO     | __main__:<module>:157 - Epoch = 1557 / 2000
2026-03-14 06:45:09.580 | INFO     | __main__:<module>:220 - Training time taken = 205.98 seconds, Evaluation time taken = nan seconds, loss = 0.02955, fid = None
2026-03-14 06:45:09.580 | INFO     | __main__:<module>:157 - Epoch = 1558 / 2000
2026-03-14 06:48:46.740 | INFO     | __main__:<module>:220 - Training time taken = 217.16 seconds, Evaluation time taken = nan seconds, loss = 0.02933, fid = None
2026-03-14 06:48:46.741 | INFO     | __main__:<module>:157 - Epoch = 1559 / 2000
2026-03-14 06:52:33.547 | INFO     | __main__:<module>:220 - Training time taken = 226.8 seconds, Evaluation time taken = nan seconds, loss = 0.0291, fid = None
2026-03-14 06:52:33.548 | INFO     | __main__:<module>:157 - Epoch = 1560 / 2000
2026-03-14 06:56:13.114 | INFO     | __main__:<module>:220 - Training time taken = 219.56 seconds, Evaluation time taken = nan seconds, loss = 0.02932, fid = None
2026-03-14 06:56:13.115 | INFO     | __main__:<module>:157 - Epoch = 1561 / 2000
2026-03-14 07:00:05.565 | INFO     | __main__:<module>:220 - Training time taken = 232.45 seconds, Evaluation time taken = nan seconds, loss = 0.02894, fid = None
2026-03-14 07:00:05.566 | INFO     | __main__:<module>:157 - Epoch = 1562 / 2000
2026-03-14 07:04:01.081 | INFO     | __main__:<module>:220 - Training time taken = 235.51 seconds, Evaluation time taken = nan seconds, loss = 0.02943, fid = None
2026-03-14 07:04:01.082 | INFO     | __main__:<module>:157 - Epoch = 1563 / 2000
2026-03-14 07:07:38.005 | INFO     | __main__:<module>:220 - Training time taken = 216.92 seconds, Evaluation time taken = nan seconds, loss = 0.02976, fid = None
2026-03-14 07:07:38.006 | INFO     | __main__:<module>:157 - Epoch = 1564 / 2000
2026-03-14 07:11:19.992 | INFO     | __main__:<module>:220 - Training time taken = 221.98 seconds, Evaluation time taken = nan seconds, loss = 0.02914, fid = None
2026-03-14 07:11:19.995 | INFO     | __main__:<module>:157 - Epoch = 1565 / 2000
2026-03-14 07:14:56.835 | INFO     | __main__:<module>:220 - Training time taken = 216.84 seconds, Evaluation time taken = nan seconds, loss = 0.0296, fid = None
2026-03-14 07:14:56.836 | INFO     | __main__:<module>:157 - Epoch = 1566 / 2000
2026-03-14 07:18:49.467 | INFO     | __main__:<module>:220 - Training time taken = 232.63 seconds, Evaluation time taken = nan seconds, loss = 0.02928, fid = None
2026-03-14 07:18:49.468 | INFO     | __main__:<module>:157 - Epoch = 1567 / 2000
2026-03-14 07:22:32.514 | INFO     | __main__:<module>:220 - Training time taken = 223.04 seconds, Evaluation time taken = nan seconds, loss = 0.02897, fid = None
2026-03-14 07:22:32.514 | INFO     | __main__:<module>:157 - Epoch = 1568 / 2000
2026-03-14 07:26:17.323 | INFO     | __main__:<module>:220 - Training time taken = 224.81 seconds, Evaluation time taken = nan seconds, loss = 0.02984, fid = None
2026-03-14 07:26:17.324 | INFO     | __main__:<module>:157 - Epoch = 1569 / 2000
2026-03-14 07:30:02.518 | INFO     | __main__:<module>:220 - Training time taken = 225.19 seconds, Evaluation time taken = nan seconds, loss = 0.02931, fid = None
2026-03-14 07:30:02.519 | INFO     | __main__:<module>:157 - Epoch = 1570 / 2000
2026-03-14 07:33:39.999 | INFO     | __main__:<module>:220 - Training time taken = 217.48 seconds, Evaluation time taken = nan seconds, loss = 0.02949, fid = None
2026-03-14 07:33:40.000 | INFO     | __main__:<module>:157 - Epoch = 1571 / 2000
2026-03-14 07:37:21.213 | INFO     | __main__:<module>:220 - Training time taken = 221.21 seconds, Evaluation time taken = nan seconds, loss = 0.02947, fid = None
2026-03-14 07:37:21.213 | INFO     | __main__:<module>:157 - Epoch = 1572 / 2000
2026-03-14 07:40:53.314 | INFO     | __main__:<module>:220 - Training time taken = 212.1 seconds, Evaluation time taken = nan seconds, loss = 0.02947, fid = None
2026-03-14 07:40:53.315 | INFO     | __main__:<module>:157 - Epoch = 1573 / 2000
2026-03-14 07:44:09.254 | INFO     | __main__:<module>:220 - Training time taken = 195.94 seconds, Evaluation time taken = nan seconds, loss = 0.02946, fid = None
2026-03-14 07:44:09.254 | INFO     | __main__:<module>:157 - Epoch = 1574 / 2000
2026-03-14 07:47:28.423 | INFO     | __main__:<module>:220 - Training time taken = 199.17 seconds, Evaluation time taken = nan seconds, loss = 0.0291, fid = None
2026-03-14 07:47:28.423 | INFO     | __main__:<module>:157 - Epoch = 1575 / 2000
2026-03-14 07:50:47.628 | INFO     | __main__:<module>:220 - Training time taken = 199.2 seconds, Evaluation time taken = nan seconds, loss = 0.02931, fid = None
2026-03-14 07:50:47.629 | INFO     | __main__:<module>:157 - Epoch = 1576 / 2000
2026-03-14 07:54:05.196 | INFO     | __main__:<module>:220 - Training time taken = 197.57 seconds, Evaluation time taken = nan seconds, loss = 0.0297, fid = None
2026-03-14 07:54:05.199 | INFO     | __main__:<module>:157 - Epoch = 1577 / 2000
2026-03-14 07:57:21.047 | INFO     | __main__:<module>:220 - Training time taken = 195.85 seconds, Evaluation time taken = nan seconds, loss = 0.02922, fid = None
2026-03-14 07:57:21.047 | INFO     | __main__:<module>:157 - Epoch = 1578 / 2000
2026-03-14 08:00:38.387 | INFO     | __main__:<module>:220 - Training time taken = 197.34 seconds, Evaluation time taken = nan seconds, loss = 0.02936, fid = None
2026-03-14 08:00:38.387 | INFO     | __main__:<module>:157 - Epoch = 1579 / 2000
2026-03-14 08:03:55.858 | INFO     | __main__:<module>:220 - Training time taken = 197.47 seconds, Evaluation time taken = nan seconds, loss = 0.02976, fid = None
2026-03-14 08:03:55.858 | INFO     | __main__:<module>:157 - Epoch = 1580 / 2000
2026-03-14 08:07:12.866 | INFO     | __main__:<module>:220 - Training time taken = 197.01 seconds, Evaluation time taken = nan seconds, loss = 0.02904, fid = None
2026-03-14 08:07:12.866 | INFO     | __main__:<module>:157 - Epoch = 1581 / 2000
2026-03-14 08:10:28.671 | INFO     | __main__:<module>:220 - Training time taken = 195.8 seconds, Evaluation time taken = nan seconds, loss = 0.02867, fid = None
2026-03-14 08:10:28.671 | INFO     | __main__:<module>:157 - Epoch = 1582 / 2000
2026-03-14 08:13:44.508 | INFO     | __main__:<module>:220 - Training time taken = 195.84 seconds, Evaluation time taken = nan seconds, loss = 0.0293, fid = None
2026-03-14 08:13:44.508 | INFO     | __main__:<module>:157 - Epoch = 1583 / 2000
2026-03-14 08:17:00.426 | INFO     | __main__:<module>:220 - Training time taken = 195.92 seconds, Evaluation time taken = nan seconds, loss = 0.02914, fid = None
2026-03-14 08:17:00.426 | INFO     | __main__:<module>:157 - Epoch = 1584 / 2000
2026-03-14 08:20:16.271 | INFO     | __main__:<module>:220 - Training time taken = 195.84 seconds, Evaluation time taken = nan seconds, loss = 0.02962, fid = None
2026-03-14 08:20:16.272 | INFO     | __main__:<module>:157 - Epoch = 1585 / 2000
2026-03-14 08:23:32.252 | INFO     | __main__:<module>:220 - Training time taken = 195.98 seconds, Evaluation time taken = nan seconds, loss = 0.02937, fid = None
2026-03-14 08:23:32.252 | INFO     | __main__:<module>:157 - Epoch = 1586 / 2000
2026-03-14 08:26:48.180 | INFO     | __main__:<module>:220 - Training time taken = 195.93 seconds, Evaluation time taken = nan seconds, loss = 0.02973, fid = None
2026-03-14 08:26:48.180 | INFO     | __main__:<module>:157 - Epoch = 1587 / 2000
2026-03-14 08:30:04.230 | INFO     | __main__:<module>:220 - Training time taken = 196.05 seconds, Evaluation time taken = nan seconds, loss = 0.02965, fid = None
2026-03-14 08:30:04.230 | INFO     | __main__:<module>:157 - Epoch = 1588 / 2000
2026-03-14 08:33:20.112 | INFO     | __main__:<module>:220 - Training time taken = 195.88 seconds, Evaluation time taken = nan seconds, loss = 0.02947, fid = None
2026-03-14 08:33:20.113 | INFO     | __main__:<module>:157 - Epoch = 1589 / 2000
2026-03-14 08:36:35.996 | INFO     | __main__:<module>:220 - Training time taken = 195.88 seconds, Evaluation time taken = nan seconds, loss = 0.02939, fid = None
2026-03-14 08:36:35.997 | INFO     | __main__:<module>:157 - Epoch = 1590 / 2000
2026-03-14 08:39:51.857 | INFO     | __main__:<module>:220 - Training time taken = 195.86 seconds, Evaluation time taken = nan seconds, loss = 0.02899, fid = None
2026-03-14 08:39:51.858 | INFO     | __main__:<module>:157 - Epoch = 1591 / 2000
2026-03-14 08:43:10.964 | INFO     | __main__:<module>:220 - Training time taken = 199.11 seconds, Evaluation time taken = nan seconds, loss = 0.02935, fid = None
2026-03-14 08:43:10.964 | INFO     | __main__:<module>:157 - Epoch = 1592 / 2000
2026-03-14 08:46:26.232 | INFO     | __main__:<module>:220 - Training time taken = 195.27 seconds, Evaluation time taken = nan seconds, loss = 0.02914, fid = None
2026-03-14 08:46:26.232 | INFO     | __main__:<module>:157 - Epoch = 1593 / 2000
2026-03-14 08:49:42.066 | INFO     | __main__:<module>:220 - Training time taken = 195.83 seconds, Evaluation time taken = nan seconds, loss = 0.0298, fid = None
2026-03-14 08:49:42.066 | INFO     | __main__:<module>:157 - Epoch = 1594 / 2000
2026-03-14 08:52:57.418 | INFO     | __main__:<module>:220 - Training time taken = 195.35 seconds, Evaluation time taken = nan seconds, loss = 0.02955, fid = None
2026-03-14 08:52:57.418 | INFO     | __main__:<module>:157 - Epoch = 1595 / 2000
2026-03-14 08:56:13.306 | INFO     | __main__:<module>:220 - Training time taken = 195.89 seconds, Evaluation time taken = nan seconds, loss = 0.02938, fid = None
2026-03-14 08:56:13.307 | INFO     | __main__:<module>:157 - Epoch = 1596 / 2000
2026-03-14 08:59:29.529 | INFO     | __main__:<module>:220 - Training time taken = 196.22 seconds, Evaluation time taken = nan seconds, loss = 0.02912, fid = None
2026-03-14 08:59:29.529 | INFO     | __main__:<module>:157 - Epoch = 1597 / 2000
2026-03-14 09:02:46.914 | INFO     | __main__:<module>:220 - Training time taken = 197.38 seconds, Evaluation time taken = nan seconds, loss = 0.02972, fid = None
2026-03-14 09:02:46.915 | INFO     | __main__:<module>:157 - Epoch = 1598 / 2000
2026-03-14 09:06:03.842 | INFO     | __main__:<module>:220 - Training time taken = 196.93 seconds, Evaluation time taken = nan seconds, loss = 0.02936, fid = None
2026-03-14 09:06:03.842 | INFO     | __main__:<module>:157 - Epoch = 1599 / 2000
2026-03-14 09:09:20.514 | INFO     | __main__:<module>:220 - Training time taken = 196.67 seconds, Evaluation time taken = nan seconds, loss = 0.02951, fid = None
2026-03-14 09:09:20.514 | INFO     | __main__:<module>:157 - Epoch = 1600 / 2000
2026-03-14 09:12:36.625 | INFO     | __main__:<module>:220 - Training time taken = 196.11 seconds, Evaluation time taken = nan seconds, loss = 0.02961, fid = None
2026-03-14 09:12:36.625 | INFO     | __main__:<module>:157 - Epoch = 1601 / 2000
2026-03-14 09:15:52.891 | INFO     | __main__:<module>:220 - Training time taken = 196.26 seconds, Evaluation time taken = nan seconds, loss = 0.02933, fid = None
2026-03-14 09:15:52.892 | INFO     | __main__:<module>:157 - Epoch = 1602 / 2000
2026-03-14 09:19:08.981 | INFO     | __main__:<module>:220 - Training time taken = 196.09 seconds, Evaluation time taken = nan seconds, loss = 0.02936, fid = None
2026-03-14 09:19:08.982 | INFO     | __main__:<module>:157 - Epoch = 1603 / 2000
2026-03-14 09:22:28.172 | INFO     | __main__:<module>:220 - Training time taken = 199.19 seconds, Evaluation time taken = nan seconds, loss = 0.029, fid = None
2026-03-14 09:22:28.173 | INFO     | __main__:<module>:157 - Epoch = 1604 / 2000
2026-03-14 09:25:47.211 | INFO     | __main__:<module>:220 - Training time taken = 199.04 seconds, Evaluation time taken = nan seconds, loss = 0.02901, fid = None
2026-03-14 09:25:47.211 | INFO     | __main__:<module>:157 - Epoch = 1605 / 2000
2026-03-14 09:29:06.321 | INFO     | __main__:<module>:220 - Training time taken = 199.11 seconds, Evaluation time taken = nan seconds, loss = 0.02913, fid = None
2026-03-14 09:29:06.321 | INFO     | __main__:<module>:157 - Epoch = 1606 / 2000
2026-03-14 09:32:25.475 | INFO     | __main__:<module>:220 - Training time taken = 199.15 seconds, Evaluation time taken = nan seconds, loss = 0.02896, fid = None
2026-03-14 09:32:25.476 | INFO     | __main__:<module>:157 - Epoch = 1607 / 2000
2026-03-14 09:35:44.643 | INFO     | __main__:<module>:220 - Training time taken = 199.17 seconds, Evaluation time taken = nan seconds, loss = 0.02884, fid = None
2026-03-14 09:35:44.644 | INFO     | __main__:<module>:157 - Epoch = 1608 / 2000
2026-03-14 09:39:03.782 | INFO     | __main__:<module>:220 - Training time taken = 199.14 seconds, Evaluation time taken = nan seconds, loss = 0.02927, fid = None
2026-03-14 09:39:03.782 | INFO     | __main__:<module>:157 - Epoch = 1609 / 2000
2026-03-14 09:42:22.969 | INFO     | __main__:<module>:220 - Training time taken = 199.19 seconds, Evaluation time taken = nan seconds, loss = 0.02916, fid = None
2026-03-14 09:42:22.970 | INFO     | __main__:<module>:157 - Epoch = 1610 / 2000
2026-03-14 09:45:42.195 | INFO     | __main__:<module>:220 - Training time taken = 199.22 seconds, Evaluation time taken = nan seconds, loss = 0.02965, fid = None
2026-03-14 09:45:42.195 | INFO     | __main__:<module>:157 - Epoch = 1611 / 2000
2026-03-14 09:48:57.414 | INFO     | __main__:<module>:220 - Training time taken = 195.22 seconds, Evaluation time taken = nan seconds, loss = 0.02988, fid = None
2026-03-14 09:48:57.414 | INFO     | __main__:<module>:157 - Epoch = 1612 / 2000
2026-03-14 09:52:12.578 | INFO     | __main__:<module>:220 - Training time taken = 195.16 seconds, Evaluation time taken = nan seconds, loss = 0.0297, fid = None
2026-03-14 09:52:12.578 | INFO     | __main__:<module>:157 - Epoch = 1613 / 2000
2026-03-14 09:55:28.217 | INFO     | __main__:<module>:220 - Training time taken = 195.64 seconds, Evaluation time taken = nan seconds, loss = 0.02906, fid = None
2026-03-14 09:55:28.218 | INFO     | __main__:<module>:157 - Epoch = 1614 / 2000
2026-03-14 09:58:47.210 | INFO     | __main__:<module>:220 - Training time taken = 198.99 seconds, Evaluation time taken = nan seconds, loss = 0.02973, fid = None
2026-03-14 09:58:47.210 | INFO     | __main__:<module>:157 - Epoch = 1615 / 2000
2026-03-14 10:02:07.180 | INFO     | __main__:<module>:220 - Training time taken = 199.97 seconds, Evaluation time taken = nan seconds, loss = 0.029, fid = None
2026-03-14 10:02:07.180 | INFO     | __main__:<module>:157 - Epoch = 1616 / 2000
2026-03-14 10:05:26.220 | INFO     | __main__:<module>:220 - Training time taken = 199.04 seconds, Evaluation time taken = nan seconds, loss = 0.02897, fid = None
2026-03-14 10:05:26.221 | INFO     | __main__:<module>:157 - Epoch = 1617 / 2000
2026-03-14 10:08:46.273 | INFO     | __main__:<module>:220 - Training time taken = 200.05 seconds, Evaluation time taken = nan seconds, loss = 0.02966, fid = None
2026-03-14 10:08:46.273 | INFO     | __main__:<module>:157 - Epoch = 1618 / 2000
2026-03-14 10:12:01.894 | INFO     | __main__:<module>:220 - Training time taken = 195.62 seconds, Evaluation time taken = nan seconds, loss = 0.02987, fid = None
2026-03-14 10:12:01.895 | INFO     | __main__:<module>:157 - Epoch = 1619 / 2000
2026-03-14 10:15:17.120 | INFO     | __main__:<module>:220 - Training time taken = 195.22 seconds, Evaluation time taken = nan seconds, loss = 0.02939, fid = None
2026-03-14 10:15:17.121 | INFO     | __main__:<module>:157 - Epoch = 1620 / 2000
2026-03-14 10:18:36.204 | INFO     | __main__:<module>:220 - Training time taken = 199.08 seconds, Evaluation time taken = nan seconds, loss = 0.0293, fid = None
2026-03-14 10:18:36.205 | INFO     | __main__:<module>:157 - Epoch = 1621 / 2000
2026-03-14 10:21:55.324 | INFO     | __main__:<module>:220 - Training time taken = 199.12 seconds, Evaluation time taken = nan seconds, loss = 0.02943, fid = None
2026-03-14 10:21:55.325 | INFO     | __main__:<module>:157 - Epoch = 1622 / 2000
2026-03-14 10:25:14.415 | INFO     | __main__:<module>:220 - Training time taken = 199.09 seconds, Evaluation time taken = nan seconds, loss = 0.02964, fid = None
2026-03-14 10:25:14.415 | INFO     | __main__:<module>:157 - Epoch = 1623 / 2000
2026-03-14 10:28:30.242 | INFO     | __main__:<module>:220 - Training time taken = 195.83 seconds, Evaluation time taken = nan seconds, loss = 0.02964, fid = None
2026-03-14 10:28:30.242 | INFO     | __main__:<module>:157 - Epoch = 1624 / 2000
2026-03-14 10:31:46.666 | INFO     | __main__:<module>:220 - Training time taken = 196.42 seconds, Evaluation time taken = nan seconds, loss = 0.02951, fid = None
2026-03-14 10:31:46.666 | INFO     | __main__:<module>:157 - Epoch = 1625 / 2000
2026-03-14 10:35:02.692 | INFO     | __main__:<module>:220 - Training time taken = 196.03 seconds, Evaluation time taken = nan seconds, loss = 0.02932, fid = None
2026-03-14 10:35:02.692 | INFO     | __main__:<module>:157 - Epoch = 1626 / 2000
2026-03-14 10:38:18.744 | INFO     | __main__:<module>:220 - Training time taken = 196.05 seconds, Evaluation time taken = nan seconds, loss = 0.0296, fid = None
2026-03-14 10:38:18.744 | INFO     | __main__:<module>:157 - Epoch = 1627 / 2000
2026-03-14 10:41:34.374 | INFO     | __main__:<module>:220 - Training time taken = 195.63 seconds, Evaluation time taken = nan seconds, loss = 0.0297, fid = None
2026-03-14 10:41:34.375 | INFO     | __main__:<module>:157 - Epoch = 1628 / 2000
2026-03-14 10:44:50.006 | INFO     | __main__:<module>:220 - Training time taken = 195.63 seconds, Evaluation time taken = nan seconds, loss = 0.02956, fid = None
2026-03-14 10:44:50.007 | INFO     | __main__:<module>:157 - Epoch = 1629 / 2000
2026-03-14 10:48:05.555 | INFO     | __main__:<module>:220 - Training time taken = 195.55 seconds, Evaluation time taken = nan seconds, loss = 0.02961, fid = None
2026-03-14 10:48:05.555 | INFO     | __main__:<module>:157 - Epoch = 1630 / 2000
2026-03-14 10:51:20.915 | INFO     | __main__:<module>:220 - Training time taken = 195.36 seconds, Evaluation time taken = nan seconds, loss = 0.02938, fid = None
2026-03-14 10:51:20.915 | INFO     | __main__:<module>:157 - Epoch = 1631 / 2000
2026-03-14 10:54:36.212 | INFO     | __main__:<module>:220 - Training time taken = 195.3 seconds, Evaluation time taken = nan seconds, loss = 0.0294, fid = None
2026-03-14 10:54:36.213 | INFO     | __main__:<module>:157 - Epoch = 1632 / 2000
2026-03-14 10:57:51.879 | INFO     | __main__:<module>:220 - Training time taken = 195.66 seconds, Evaluation time taken = nan seconds, loss = 0.02943, fid = None
2026-03-14 10:57:51.879 | INFO     | __main__:<module>:157 - Epoch = 1633 / 2000
2026-03-14 11:01:08.328 | INFO     | __main__:<module>:220 - Training time taken = 196.45 seconds, Evaluation time taken = nan seconds, loss = 0.02963, fid = None
2026-03-14 11:01:08.328 | INFO     | __main__:<module>:157 - Epoch = 1634 / 2000
2026-03-14 11:04:25.368 | INFO     | __main__:<module>:220 - Training time taken = 197.04 seconds, Evaluation time taken = nan seconds, loss = 0.02926, fid = None
2026-03-14 11:04:25.369 | INFO     | __main__:<module>:157 - Epoch = 1635 / 2000
2026-03-14 11:07:42.258 | INFO     | __main__:<module>:220 - Training time taken = 196.89 seconds, Evaluation time taken = nan seconds, loss = 0.02933, fid = None
2026-03-14 11:07:42.259 | INFO     | __main__:<module>:157 - Epoch = 1636 / 2000
2026-03-14 11:10:59.054 | INFO     | __main__:<module>:220 - Training time taken = 196.79 seconds, Evaluation time taken = nan seconds, loss = 0.03012, fid = None
2026-03-14 11:10:59.055 | INFO     | __main__:<module>:157 - Epoch = 1637 / 2000
2026-03-14 11:14:14.989 | INFO     | __main__:<module>:220 - Training time taken = 195.93 seconds, Evaluation time taken = nan seconds, loss = 0.02993, fid = None
2026-03-14 11:14:14.989 | INFO     | __main__:<module>:157 - Epoch = 1638 / 2000
2026-03-14 11:17:31.119 | INFO     | __main__:<module>:220 - Training time taken = 196.13 seconds, Evaluation time taken = nan seconds, loss = 0.0294, fid = None
2026-03-14 11:17:31.119 | INFO     | __main__:<module>:157 - Epoch = 1639 / 2000
2026-03-14 11:20:47.277 | INFO     | __main__:<module>:220 - Training time taken = 196.16 seconds, Evaluation time taken = nan seconds, loss = 0.02935, fid = None
2026-03-14 11:20:47.278 | INFO     | __main__:<module>:157 - Epoch = 1640 / 2000
2026-03-14 11:24:03.630 | INFO     | __main__:<module>:220 - Training time taken = 196.35 seconds, Evaluation time taken = nan seconds, loss = 0.0299, fid = None
2026-03-14 11:24:03.630 | INFO     | __main__:<module>:157 - Epoch = 1641 / 2000
2026-03-14 11:27:20.007 | INFO     | __main__:<module>:220 - Training time taken = 196.38 seconds, Evaluation time taken = nan seconds, loss = 0.02941, fid = None
2026-03-14 11:27:20.007 | INFO     | __main__:<module>:157 - Epoch = 1642 / 2000
2026-03-14 11:30:36.164 | INFO     | __main__:<module>:220 - Training time taken = 196.16 seconds, Evaluation time taken = nan seconds, loss = 0.02891, fid = None
2026-03-14 11:30:36.164 | INFO     | __main__:<module>:157 - Epoch = 1643 / 2000
2026-03-14 11:33:52.554 | INFO     | __main__:<module>:220 - Training time taken = 196.39 seconds, Evaluation time taken = nan seconds, loss = 0.0293, fid = None
2026-03-14 11:33:52.554 | INFO     | __main__:<module>:157 - Epoch = 1644 / 2000
2026-03-14 11:37:08.325 | INFO     | __main__:<module>:220 - Training time taken = 195.77 seconds, Evaluation time taken = nan seconds, loss = 0.02941, fid = None
2026-03-14 11:37:08.326 | INFO     | __main__:<module>:157 - Epoch = 1645 / 2000
2026-03-14 11:40:24.274 | INFO     | __main__:<module>:220 - Training time taken = 195.95 seconds, Evaluation time taken = nan seconds, loss = 0.03, fid = None
2026-03-14 11:40:24.275 | INFO     | __main__:<module>:157 - Epoch = 1646 / 2000
2026-03-14 11:43:41.883 | INFO     | __main__:<module>:220 - Training time taken = 197.61 seconds, Evaluation time taken = nan seconds, loss = 0.02906, fid = None
2026-03-14 11:43:41.884 | INFO     | __main__:<module>:157 - Epoch = 1647 / 2000
2026-03-14 11:47:00.193 | INFO     | __main__:<module>:220 - Training time taken = 198.31 seconds, Evaluation time taken = nan seconds, loss = 0.02922, fid = None
2026-03-14 11:47:00.193 | INFO     | __main__:<module>:157 - Epoch = 1648 / 2000
2026-03-14 11:50:17.483 | INFO     | __main__:<module>:220 - Training time taken = 197.29 seconds, Evaluation time taken = nan seconds, loss = 0.02935, fid = None
2026-03-14 11:50:17.483 | INFO     | __main__:<module>:157 - Epoch = 1649 / 2000
2026-03-14 11:53:35.090 | INFO     | __main__:<module>:220 - Training time taken = 197.61 seconds, Evaluation time taken = nan seconds, loss = 0.02946, fid = None
2026-03-14 11:53:35.091 | INFO     | __main__:<module>:157 - Epoch = 1650 / 2000
2026-03-14 11:56:52.917 | INFO     | __main__:<module>:220 - Training time taken = 197.82 seconds, Evaluation time taken = nan seconds, loss = 0.02947, fid = None
2026-03-14 11:56:52.917 | INFO     | __main__:<module>:157 - Epoch = 1651 / 2000
2026-03-14 12:00:10.623 | INFO     | __main__:<module>:220 - Training time taken = 197.7 seconds, Evaluation time taken = nan seconds, loss = 0.02945, fid = None
2026-03-14 12:00:10.623 | INFO     | __main__:<module>:157 - Epoch = 1652 / 2000
2026-03-14 12:03:28.917 | INFO     | __main__:<module>:220 - Training time taken = 198.29 seconds, Evaluation time taken = nan seconds, loss = 0.02914, fid = None
2026-03-14 12:03:28.917 | INFO     | __main__:<module>:157 - Epoch = 1653 / 2000
2026-03-14 12:06:46.758 | INFO     | __main__:<module>:220 - Training time taken = 197.84 seconds, Evaluation time taken = nan seconds, loss = 0.02896, fid = None
2026-03-14 12:06:46.758 | INFO     | __main__:<module>:157 - Epoch = 1654 / 2000
2026-03-14 12:10:04.418 | INFO     | __main__:<module>:220 - Training time taken = 197.66 seconds, Evaluation time taken = nan seconds, loss = 0.02947, fid = None
2026-03-14 12:10:04.418 | INFO     | __main__:<module>:157 - Epoch = 1655 / 2000
2026-03-14 12:13:21.404 | INFO     | __main__:<module>:220 - Training time taken = 196.99 seconds, Evaluation time taken = nan seconds, loss = 0.02879, fid = None
2026-03-14 12:13:21.405 | INFO     | __main__:<module>:157 - Epoch = 1656 / 2000
2026-03-14 12:16:37.562 | INFO     | __main__:<module>:220 - Training time taken = 196.16 seconds, Evaluation time taken = nan seconds, loss = 0.0297, fid = None
2026-03-14 12:16:37.562 | INFO     | __main__:<module>:157 - Epoch = 1657 / 2000
2026-03-14 12:19:53.741 | INFO     | __main__:<module>:220 - Training time taken = 196.18 seconds, Evaluation time taken = nan seconds, loss = 0.02916, fid = None
2026-03-14 12:19:53.741 | INFO     | __main__:<module>:157 - Epoch = 1658 / 2000
2026-03-14 12:23:09.964 | INFO     | __main__:<module>:220 - Training time taken = 196.22 seconds, Evaluation time taken = nan seconds, loss = 0.02965, fid = None
2026-03-14 12:23:09.964 | INFO     | __main__:<module>:157 - Epoch = 1659 / 2000
2026-03-14 12:26:25.615 | INFO     | __main__:<module>:220 - Training time taken = 195.65 seconds, Evaluation time taken = nan seconds, loss = 0.02909, fid = None
2026-03-14 12:26:25.616 | INFO     | __main__:<module>:157 - Epoch = 1660 / 2000
2026-03-14 12:29:41.865 | INFO     | __main__:<module>:220 - Training time taken = 196.25 seconds, Evaluation time taken = nan seconds, loss = 0.02917, fid = None
2026-03-14 12:29:41.866 | INFO     | __main__:<module>:157 - Epoch = 1661 / 2000
2026-03-14 12:32:58.324 | INFO     | __main__:<module>:220 - Training time taken = 196.46 seconds, Evaluation time taken = nan seconds, loss = 0.02993, fid = None
2026-03-14 12:32:58.324 | INFO     | __main__:<module>:157 - Epoch = 1662 / 2000
2026-03-14 12:36:14.462 | INFO     | __main__:<module>:220 - Training time taken = 196.14 seconds, Evaluation time taken = nan seconds, loss = 0.02923, fid = None
2026-03-14 12:36:14.462 | INFO     | __main__:<module>:157 - Epoch = 1663 / 2000
2026-03-14 12:39:30.591 | INFO     | __main__:<module>:220 - Training time taken = 196.13 seconds, Evaluation time taken = nan seconds, loss = 0.02953, fid = None
2026-03-14 12:39:30.591 | INFO     | __main__:<module>:157 - Epoch = 1664 / 2000
2026-03-14 12:42:46.972 | INFO     | __main__:<module>:220 - Training time taken = 196.38 seconds, Evaluation time taken = nan seconds, loss = 0.02944, fid = None
2026-03-14 12:42:46.972 | INFO     | __main__:<module>:157 - Epoch = 1665 / 2000
2026-03-14 12:46:03.274 | INFO     | __main__:<module>:220 - Training time taken = 196.3 seconds, Evaluation time taken = nan seconds, loss = 0.02951, fid = None
2026-03-14 12:46:03.275 | INFO     | __main__:<module>:157 - Epoch = 1666 / 2000
2026-03-14 12:49:19.938 | INFO     | __main__:<module>:220 - Training time taken = 196.66 seconds, Evaluation time taken = nan seconds, loss = 0.02949, fid = None
2026-03-14 12:49:19.938 | INFO     | __main__:<module>:157 - Epoch = 1667 / 2000
2026-03-14 12:52:36.438 | INFO     | __main__:<module>:220 - Training time taken = 196.5 seconds, Evaluation time taken = nan seconds, loss = 0.02931, fid = None
2026-03-14 12:52:36.438 | INFO     | __main__:<module>:157 - Epoch = 1668 / 2000
2026-03-14 12:55:52.386 | INFO     | __main__:<module>:220 - Training time taken = 195.95 seconds, Evaluation time taken = nan seconds, loss = 0.02957, fid = None
2026-03-14 12:55:52.387 | INFO     | __main__:<module>:157 - Epoch = 1669 / 2000
2026-03-14 12:59:08.686 | INFO     | __main__:<module>:220 - Training time taken = 196.3 seconds, Evaluation time taken = nan seconds, loss = 0.03002, fid = None
2026-03-14 12:59:08.687 | INFO     | __main__:<module>:157 - Epoch = 1670 / 2000
2026-03-14 13:02:25.099 | INFO     | __main__:<module>:220 - Training time taken = 196.41 seconds, Evaluation time taken = nan seconds, loss = 0.02906, fid = None
2026-03-14 13:02:25.099 | INFO     | __main__:<module>:157 - Epoch = 1671 / 2000
2026-03-14 13:05:42.361 | INFO     | __main__:<module>:220 - Training time taken = 197.26 seconds, Evaluation time taken = nan seconds, loss = 0.02885, fid = None
2026-03-14 13:05:42.362 | INFO     | __main__:<module>:157 - Epoch = 1672 / 2000
2026-03-14 13:08:59.800 | INFO     | __main__:<module>:220 - Training time taken = 197.44 seconds, Evaluation time taken = nan seconds, loss = 0.02928, fid = None
2026-03-14 13:08:59.801 | INFO     | __main__:<module>:157 - Epoch = 1673 / 2000
2026-03-14 13:12:17.609 | INFO     | __main__:<module>:220 - Training time taken = 197.81 seconds, Evaluation time taken = nan seconds, loss = 0.02961, fid = None
2026-03-14 13:12:17.609 | INFO     | __main__:<module>:157 - Epoch = 1674 / 2000
2026-03-14 13:15:34.400 | INFO     | __main__:<module>:220 - Training time taken = 196.79 seconds, Evaluation time taken = nan seconds, loss = 0.0294, fid = None
2026-03-14 13:15:34.401 | INFO     | __main__:<module>:157 - Epoch = 1675 / 2000
2026-03-14 13:18:50.637 | INFO     | __main__:<module>:220 - Training time taken = 196.24 seconds, Evaluation time taken = nan seconds, loss = 0.02956, fid = None
2026-03-14 13:18:50.637 | INFO     | __main__:<module>:157 - Epoch = 1676 / 2000
2026-03-14 13:22:06.973 | INFO     | __main__:<module>:220 - Training time taken = 196.33 seconds, Evaluation time taken = nan seconds, loss = 0.02947, fid = None
2026-03-14 13:22:06.973 | INFO     | __main__:<module>:157 - Epoch = 1677 / 2000
2026-03-14 13:25:23.028 | INFO     | __main__:<module>:220 - Training time taken = 196.05 seconds, Evaluation time taken = nan seconds, loss = 0.02928, fid = None
2026-03-14 13:25:23.028 | INFO     | __main__:<module>:157 - Epoch = 1678 / 2000
2026-03-14 13:28:39.937 | INFO     | __main__:<module>:220 - Training time taken = 196.91 seconds, Evaluation time taken = nan seconds, loss = 0.02964, fid = None
2026-03-14 13:28:39.938 | INFO     | __main__:<module>:157 - Epoch = 1679 / 2000
2026-03-14 13:31:56.386 | INFO     | __main__:<module>:220 - Training time taken = 196.45 seconds, Evaluation time taken = nan seconds, loss = 0.02935, fid = None
2026-03-14 13:31:56.386 | INFO     | __main__:<module>:157 - Epoch = 1680 / 2000
2026-03-14 13:35:13.277 | INFO     | __main__:<module>:220 - Training time taken = 196.89 seconds, Evaluation time taken = nan seconds, loss = 0.02926, fid = None
2026-03-14 13:35:13.278 | INFO     | __main__:<module>:157 - Epoch = 1681 / 2000
2026-03-14 13:38:30.292 | INFO     | __main__:<module>:220 - Training time taken = 197.01 seconds, Evaluation time taken = nan seconds, loss = 0.02935, fid = None
2026-03-14 13:38:30.293 | INFO     | __main__:<module>:157 - Epoch = 1682 / 2000
2026-03-14 13:41:47.804 | INFO     | __main__:<module>:220 - Training time taken = 197.51 seconds, Evaluation time taken = nan seconds, loss = 0.02875, fid = None
2026-03-14 13:41:47.804 | INFO     | __main__:<module>:157 - Epoch = 1683 / 2000
2026-03-14 13:45:05.508 | INFO     | __main__:<module>:220 - Training time taken = 197.7 seconds, Evaluation time taken = nan seconds, loss = 0.02981, fid = None
2026-03-14 13:45:05.508 | INFO     | __main__:<module>:157 - Epoch = 1684 / 2000
2026-03-14 13:48:23.263 | INFO     | __main__:<module>:220 - Training time taken = 197.75 seconds, Evaluation time taken = nan seconds, loss = 0.02997, fid = None
2026-03-14 13:48:23.264 | INFO     | __main__:<module>:157 - Epoch = 1685 / 2000
2026-03-14 13:51:41.455 | INFO     | __main__:<module>:220 - Training time taken = 198.19 seconds, Evaluation time taken = nan seconds, loss = 0.0295, fid = None
2026-03-14 13:51:41.455 | INFO     | __main__:<module>:157 - Epoch = 1686 / 2000
2026-03-14 13:54:58.528 | INFO     | __main__:<module>:220 - Training time taken = 197.07 seconds, Evaluation time taken = nan seconds, loss = 0.02887, fid = None
2026-03-14 13:54:58.528 | INFO     | __main__:<module>:157 - Epoch = 1687 / 2000
2026-03-14 13:58:15.778 | INFO     | __main__:<module>:220 - Training time taken = 197.25 seconds, Evaluation time taken = nan seconds, loss = 0.02926, fid = None
2026-03-14 13:58:15.778 | INFO     | __main__:<module>:157 - Epoch = 1688 / 2000
2026-03-14 14:01:32.879 | INFO     | __main__:<module>:220 - Training time taken = 197.1 seconds, Evaluation time taken = nan seconds, loss = 0.0291, fid = None
2026-03-14 14:01:32.879 | INFO     | __main__:<module>:157 - Epoch = 1689 / 2000
2026-03-14 14:04:51.392 | INFO     | __main__:<module>:220 - Training time taken = 198.51 seconds, Evaluation time taken = nan seconds, loss = 0.0289, fid = None
2026-03-14 14:04:51.392 | INFO     | __main__:<module>:157 - Epoch = 1690 / 2000
2026-03-14 14:08:10.792 | INFO     | __main__:<module>:220 - Training time taken = 199.4 seconds, Evaluation time taken = nan seconds, loss = 0.02912, fid = None
2026-03-14 14:08:10.792 | INFO     | __main__:<module>:157 - Epoch = 1691 / 2000
2026-03-14 14:11:31.961 | INFO     | __main__:<module>:220 - Training time taken = 201.17 seconds, Evaluation time taken = nan seconds, loss = 0.02887, fid = None
2026-03-14 14:11:31.961 | INFO     | __main__:<module>:157 - Epoch = 1692 / 2000
2026-03-14 14:14:51.094 | INFO     | __main__:<module>:220 - Training time taken = 199.13 seconds, Evaluation time taken = nan seconds, loss = 0.02935, fid = None
2026-03-14 14:14:51.095 | INFO     | __main__:<module>:157 - Epoch = 1693 / 2000
2026-03-14 14:18:08.048 | INFO     | __main__:<module>:220 - Training time taken = 196.95 seconds, Evaluation time taken = nan seconds, loss = 0.02928, fid = None
2026-03-14 14:18:08.049 | INFO     | __main__:<module>:157 - Epoch = 1694 / 2000
2026-03-14 14:21:25.175 | INFO     | __main__:<module>:220 - Training time taken = 197.12 seconds, Evaluation time taken = nan seconds, loss = 0.02981, fid = None
2026-03-14 14:21:25.175 | INFO     | __main__:<module>:157 - Epoch = 1695 / 2000
2026-03-14 14:24:42.433 | INFO     | __main__:<module>:220 - Training time taken = 197.26 seconds, Evaluation time taken = nan seconds, loss = 0.0294, fid = None
2026-03-14 14:24:42.434 | INFO     | __main__:<module>:157 - Epoch = 1696 / 2000
2026-03-14 14:27:59.469 | INFO     | __main__:<module>:220 - Training time taken = 197.03 seconds, Evaluation time taken = nan seconds, loss = 0.02968, fid = None
2026-03-14 14:27:59.469 | INFO     | __main__:<module>:157 - Epoch = 1697 / 2000
2026-03-14 14:31:15.941 | INFO     | __main__:<module>:220 - Training time taken = 196.47 seconds, Evaluation time taken = nan seconds, loss = 0.02975, fid = None
2026-03-14 14:31:15.941 | INFO     | __main__:<module>:157 - Epoch = 1698 / 2000
2026-03-14 14:34:31.840 | INFO     | __main__:<module>:220 - Training time taken = 195.9 seconds, Evaluation time taken = nan seconds, loss = 0.02973, fid = None
2026-03-14 14:34:31.840 | INFO     | __main__:<module>:157 - Epoch = 1699 / 2000
2026-03-14 14:37:47.920 | INFO     | __main__:<module>:220 - Training time taken = 196.08 seconds, Evaluation time taken = nan seconds, loss = 0.029, fid = None
2026-03-14 14:37:47.921 | INFO     | __main__:<module>:157 - Epoch = 1700 / 2000
2026-03-14 14:41:04.192 | INFO     | __main__:<module>:220 - Training time taken = 196.27 seconds, Evaluation time taken = nan seconds, loss = 0.02997, fid = None
2026-03-14 14:41:04.193 | INFO     | __main__:<module>:157 - Epoch = 1701 / 2000
2026-03-14 14:44:20.514 | INFO     | __main__:<module>:220 - Training time taken = 196.32 seconds, Evaluation time taken = nan seconds, loss = 0.02918, fid = None
2026-03-14 14:44:20.514 | INFO     | __main__:<module>:157 - Epoch = 1702 / 2000
2026-03-14 14:47:37.198 | INFO     | __main__:<module>:220 - Training time taken = 196.68 seconds, Evaluation time taken = nan seconds, loss = 0.02951, fid = None
2026-03-14 14:47:37.198 | INFO     | __main__:<module>:157 - Epoch = 1703 / 2000
2026-03-14 14:50:53.839 | INFO     | __main__:<module>:220 - Training time taken = 196.64 seconds, Evaluation time taken = nan seconds, loss = 0.02875, fid = None
2026-03-14 14:50:53.839 | INFO     | __main__:<module>:157 - Epoch = 1704 / 2000
2026-03-14 14:54:10.422 | INFO     | __main__:<module>:220 - Training time taken = 196.58 seconds, Evaluation time taken = nan seconds, loss = 0.02918, fid = None
2026-03-14 14:54:10.422 | INFO     | __main__:<module>:157 - Epoch = 1705 / 2000
2026-03-14 14:57:27.276 | INFO     | __main__:<module>:220 - Training time taken = 196.85 seconds, Evaluation time taken = nan seconds, loss = 0.02915, fid = None
2026-03-14 14:57:27.276 | INFO     | __main__:<module>:157 - Epoch = 1706 / 2000
2026-03-14 15:00:44.139 | INFO     | __main__:<module>:220 - Training time taken = 196.86 seconds, Evaluation time taken = nan seconds, loss = 0.02957, fid = None
2026-03-14 15:00:44.140 | INFO     | __main__:<module>:157 - Epoch = 1707 / 2000
2026-03-14 15:04:00.109 | INFO     | __main__:<module>:220 - Training time taken = 195.97 seconds, Evaluation time taken = nan seconds, loss = 0.02922, fid = None
2026-03-14 15:04:00.109 | INFO     | __main__:<module>:157 - Epoch = 1708 / 2000
2026-03-14 15:07:18.003 | INFO     | __main__:<module>:220 - Training time taken = 197.89 seconds, Evaluation time taken = nan seconds, loss = 0.02924, fid = None
2026-03-14 15:07:18.004 | INFO     | __main__:<module>:157 - Epoch = 1709 / 2000
2026-03-14 15:10:37.457 | INFO     | __main__:<module>:220 - Training time taken = 199.45 seconds, Evaluation time taken = nan seconds, loss = 0.0294, fid = None
2026-03-14 15:10:37.457 | INFO     | __main__:<module>:157 - Epoch = 1710 / 2000
2026-03-14 15:13:55.323 | INFO     | __main__:<module>:220 - Training time taken = 197.86 seconds, Evaluation time taken = nan seconds, loss = 0.02921, fid = None
2026-03-14 15:13:55.323 | INFO     | __main__:<module>:157 - Epoch = 1711 / 2000
2026-03-14 15:17:12.717 | INFO     | __main__:<module>:220 - Training time taken = 197.39 seconds, Evaluation time taken = nan seconds, loss = 0.02938, fid = None
2026-03-14 15:17:12.717 | INFO     | __main__:<module>:157 - Epoch = 1712 / 2000
2026-03-14 15:20:29.343 | INFO     | __main__:<module>:220 - Training time taken = 196.62 seconds, Evaluation time taken = nan seconds, loss = 0.02945, fid = None
2026-03-14 15:20:29.343 | INFO     | __main__:<module>:157 - Epoch = 1713 / 2000
2026-03-14 15:23:46.008 | INFO     | __main__:<module>:220 - Training time taken = 196.66 seconds, Evaluation time taken = nan seconds, loss = 0.02933, fid = None
2026-03-14 15:23:46.008 | INFO     | __main__:<module>:157 - Epoch = 1714 / 2000
2026-03-14 15:27:02.937 | INFO     | __main__:<module>:220 - Training time taken = 196.93 seconds, Evaluation time taken = nan seconds, loss = 0.02923, fid = None
2026-03-14 15:27:02.938 | INFO     | __main__:<module>:157 - Epoch = 1715 / 2000
2026-03-14 15:30:20.086 | INFO     | __main__:<module>:220 - Training time taken = 197.15 seconds, Evaluation time taken = nan seconds, loss = 0.02936, fid = None
2026-03-14 15:30:20.087 | INFO     | __main__:<module>:157 - Epoch = 1716 / 2000
2026-03-14 15:33:37.165 | INFO     | __main__:<module>:220 - Training time taken = 197.08 seconds, Evaluation time taken = nan seconds, loss = 0.02886, fid = None
2026-03-14 15:33:37.165 | INFO     | __main__:<module>:157 - Epoch = 1717 / 2000
2026-03-14 15:36:54.155 | INFO     | __main__:<module>:220 - Training time taken = 196.99 seconds, Evaluation time taken = nan seconds, loss = 0.02984, fid = None
2026-03-14 15:36:54.156 | INFO     | __main__:<module>:157 - Epoch = 1718 / 2000
2026-03-14 15:40:10.810 | INFO     | __main__:<module>:220 - Training time taken = 196.65 seconds, Evaluation time taken = nan seconds, loss = 0.02963, fid = None
2026-03-14 15:40:10.811 | INFO     | __main__:<module>:157 - Epoch = 1719 / 2000
2026-03-14 15:43:29.714 | INFO     | __main__:<module>:220 - Training time taken = 198.9 seconds, Evaluation time taken = nan seconds, loss = 0.02933, fid = None
2026-03-14 15:43:29.714 | INFO     | __main__:<module>:157 - Epoch = 1720 / 2000
2026-03-14 15:46:48.003 | INFO     | __main__:<module>:220 - Training time taken = 198.29 seconds, Evaluation time taken = nan seconds, loss = 0.02921, fid = None
2026-03-14 15:46:48.003 | INFO     | __main__:<module>:157 - Epoch = 1721 / 2000
2026-03-14 15:50:08.097 | INFO     | __main__:<module>:220 - Training time taken = 200.09 seconds, Evaluation time taken = nan seconds, loss = 0.02969, fid = None
2026-03-14 15:50:08.097 | INFO     | __main__:<module>:157 - Epoch = 1722 / 2000
2026-03-14 15:53:27.097 | INFO     | __main__:<module>:220 - Training time taken = 199.0 seconds, Evaluation time taken = nan seconds, loss = 0.02909, fid = None
2026-03-14 15:53:27.098 | INFO     | __main__:<module>:157 - Epoch = 1723 / 2000
2026-03-14 15:56:50.796 | INFO     | __main__:<module>:220 - Training time taken = 203.7 seconds, Evaluation time taken = nan seconds, loss = 0.02919, fid = None
2026-03-14 15:56:50.796 | INFO     | __main__:<module>:157 - Epoch = 1724 / 2000
2026-03-14 16:00:12.256 | INFO     | __main__:<module>:220 - Training time taken = 201.46 seconds, Evaluation time taken = nan seconds, loss = 0.02922, fid = None
2026-03-14 16:00:12.256 | INFO     | __main__:<module>:157 - Epoch = 1725 / 2000
2026-03-14 16:03:31.412 | INFO     | __main__:<module>:220 - Training time taken = 199.15 seconds, Evaluation time taken = nan seconds, loss = 0.0299, fid = None
2026-03-14 16:03:31.412 | INFO     | __main__:<module>:157 - Epoch = 1726 / 2000
2026-03-14 16:06:52.575 | INFO     | __main__:<module>:220 - Training time taken = 201.16 seconds, Evaluation time taken = nan seconds, loss = 0.029, fid = None
2026-03-14 16:06:52.576 | INFO     | __main__:<module>:157 - Epoch = 1727 / 2000
2026-03-14 16:10:13.698 | INFO     | __main__:<module>:220 - Training time taken = 201.12 seconds, Evaluation time taken = nan seconds, loss = 0.02951, fid = None
2026-03-14 16:10:13.698 | INFO     | __main__:<module>:157 - Epoch = 1728 / 2000
2026-03-14 16:13:35.453 | INFO     | __main__:<module>:220 - Training time taken = 201.75 seconds, Evaluation time taken = nan seconds, loss = 0.02991, fid = None
2026-03-14 16:13:35.453 | INFO     | __main__:<module>:157 - Epoch = 1729 / 2000
2026-03-14 16:16:59.495 | INFO     | __main__:<module>:220 - Training time taken = 204.04 seconds, Evaluation time taken = nan seconds, loss = 0.02908, fid = None
2026-03-14 16:16:59.496 | INFO     | __main__:<module>:157 - Epoch = 1730 / 2000
2026-03-14 16:20:18.664 | INFO     | __main__:<module>:220 - Training time taken = 199.17 seconds, Evaluation time taken = nan seconds, loss = 0.02941, fid = None
2026-03-14 16:20:18.665 | INFO     | __main__:<module>:157 - Epoch = 1731 / 2000
2026-03-14 16:23:34.974 | INFO     | __main__:<module>:220 - Training time taken = 196.31 seconds, Evaluation time taken = nan seconds, loss = 0.02983, fid = None
2026-03-14 16:23:34.974 | INFO     | __main__:<module>:157 - Epoch = 1732 / 2000
2026-03-14 16:26:51.227 | INFO     | __main__:<module>:220 - Training time taken = 196.25 seconds, Evaluation time taken = nan seconds, loss = 0.02919, fid = None
2026-03-14 16:26:51.227 | INFO     | __main__:<module>:157 - Epoch = 1733 / 2000
2026-03-14 16:30:07.490 | INFO     | __main__:<module>:220 - Training time taken = 196.26 seconds, Evaluation time taken = nan seconds, loss = 0.02983, fid = None
2026-03-14 16:30:07.491 | INFO     | __main__:<module>:157 - Epoch = 1734 / 2000
2026-03-14 16:33:24.216 | INFO     | __main__:<module>:220 - Training time taken = 196.72 seconds, Evaluation time taken = nan seconds, loss = 0.02927, fid = None
2026-03-14 16:33:24.218 | INFO     | __main__:<module>:157 - Epoch = 1735 / 2000
2026-03-14 16:36:44.327 | INFO     | __main__:<module>:220 - Training time taken = 200.11 seconds, Evaluation time taken = nan seconds, loss = 0.0294, fid = None
2026-03-14 16:36:44.328 | INFO     | __main__:<module>:157 - Epoch = 1736 / 2000
2026-03-14 16:40:01.473 | INFO     | __main__:<module>:220 - Training time taken = 197.14 seconds, Evaluation time taken = nan seconds, loss = 0.02887, fid = None
2026-03-14 16:40:01.473 | INFO     | __main__:<module>:157 - Epoch = 1737 / 2000
2026-03-14 16:43:17.508 | INFO     | __main__:<module>:220 - Training time taken = 196.03 seconds, Evaluation time taken = nan seconds, loss = 0.02938, fid = None
2026-03-14 16:43:17.509 | INFO     | __main__:<module>:157 - Epoch = 1738 / 2000
2026-03-14 16:46:33.578 | INFO     | __main__:<module>:220 - Training time taken = 196.07 seconds, Evaluation time taken = nan seconds, loss = 0.02933, fid = None
2026-03-14 16:46:33.579 | INFO     | __main__:<module>:157 - Epoch = 1739 / 2000
2026-03-14 16:49:50.103 | INFO     | __main__:<module>:220 - Training time taken = 196.52 seconds, Evaluation time taken = nan seconds, loss = 0.02975, fid = None
2026-03-14 16:49:50.104 | INFO     | __main__:<module>:157 - Epoch = 1740 / 2000
2026-03-14 16:53:06.962 | INFO     | __main__:<module>:220 - Training time taken = 196.86 seconds, Evaluation time taken = nan seconds, loss = 0.02942, fid = None
2026-03-14 16:53:06.963 | INFO     | __main__:<module>:157 - Epoch = 1741 / 2000
2026-03-14 16:56:24.184 | INFO     | __main__:<module>:220 - Training time taken = 197.22 seconds, Evaluation time taken = nan seconds, loss = 0.02973, fid = None
2026-03-14 16:56:24.184 | INFO     | __main__:<module>:157 - Epoch = 1742 / 2000
2026-03-14 16:59:41.119 | INFO     | __main__:<module>:220 - Training time taken = 196.93 seconds, Evaluation time taken = nan seconds, loss = 0.02964, fid = None
2026-03-14 16:59:41.119 | INFO     | __main__:<module>:157 - Epoch = 1743 / 2000
2026-03-14 17:02:56.986 | INFO     | __main__:<module>:220 - Training time taken = 195.87 seconds, Evaluation time taken = nan seconds, loss = 0.02907, fid = None
2026-03-14 17:02:56.986 | INFO     | __main__:<module>:157 - Epoch = 1744 / 2000
2026-03-14 17:06:13.108 | INFO     | __main__:<module>:220 - Training time taken = 196.12 seconds, Evaluation time taken = nan seconds, loss = 0.02965, fid = None
2026-03-14 17:06:13.108 | INFO     | __main__:<module>:157 - Epoch = 1745 / 2000
2026-03-14 17:09:29.366 | INFO     | __main__:<module>:220 - Training time taken = 196.26 seconds, Evaluation time taken = nan seconds, loss = 0.02966, fid = None
2026-03-14 17:09:29.367 | INFO     | __main__:<module>:157 - Epoch = 1746 / 2000
2026-03-14 17:12:46.616 | INFO     | __main__:<module>:220 - Training time taken = 197.25 seconds, Evaluation time taken = nan seconds, loss = 0.02957, fid = None
2026-03-14 17:12:46.616 | INFO     | __main__:<module>:157 - Epoch = 1747 / 2000
2026-03-14 17:16:04.799 | INFO     | __main__:<module>:220 - Training time taken = 198.18 seconds, Evaluation time taken = nan seconds, loss = 0.02909, fid = None
2026-03-14 17:16:04.800 | INFO     | __main__:<module>:157 - Epoch = 1748 / 2000
2026-03-14 17:19:22.889 | INFO     | __main__:<module>:220 - Training time taken = 198.09 seconds, Evaluation time taken = nan seconds, loss = 0.0293, fid = None
2026-03-14 17:19:22.889 | INFO     | __main__:<module>:157 - Epoch = 1749 / 2000
2026-03-14 17:22:39.787 | INFO     | __main__:<module>:220 - Training time taken = 196.9 seconds, Evaluation time taken = nan seconds, loss = 0.02998, fid = None
2026-03-14 17:22:39.788 | INFO     | __main__:<module>:157 - Epoch = 1750 / 2000
2026-03-14 17:25:56.339 | INFO     | __main__:<module>:220 - Training time taken = 196.55 seconds, Evaluation time taken = nan seconds, loss = 0.02909, fid = None
2026-03-14 17:25:56.339 | INFO     | __main__:<module>:157 - Epoch = 1751 / 2000
2026-03-14 17:29:12.960 | INFO     | __main__:<module>:220 - Training time taken = 196.62 seconds, Evaluation time taken = nan seconds, loss = 0.02899, fid = None
2026-03-14 17:29:12.960 | INFO     | __main__:<module>:157 - Epoch = 1752 / 2000
2026-03-14 17:32:30.008 | INFO     | __main__:<module>:220 - Training time taken = 197.05 seconds, Evaluation time taken = nan seconds, loss = 0.02989, fid = None
2026-03-14 17:32:30.008 | INFO     | __main__:<module>:157 - Epoch = 1753 / 2000
2026-03-14 17:35:46.872 | INFO     | __main__:<module>:220 - Training time taken = 196.86 seconds, Evaluation time taken = nan seconds, loss = 0.02926, fid = None
2026-03-14 17:35:46.873 | INFO     | __main__:<module>:157 - Epoch = 1754 / 2000
2026-03-14 17:39:03.763 | INFO     | __main__:<module>:220 - Training time taken = 196.89 seconds, Evaluation time taken = nan seconds, loss = 0.02954, fid = None
2026-03-14 17:39:03.763 | INFO     | __main__:<module>:157 - Epoch = 1755 / 2000
2026-03-14 17:42:20.592 | INFO     | __main__:<module>:220 - Training time taken = 196.83 seconds, Evaluation time taken = nan seconds, loss = 0.02945, fid = None
2026-03-14 17:42:20.592 | INFO     | __main__:<module>:157 - Epoch = 1756 / 2000
2026-03-14 17:45:37.447 | INFO     | __main__:<module>:220 - Training time taken = 196.85 seconds, Evaluation time taken = nan seconds, loss = 0.02943, fid = None
2026-03-14 17:45:37.447 | INFO     | __main__:<module>:157 - Epoch = 1757 / 2000
2026-03-14 17:48:54.225 | INFO     | __main__:<module>:220 - Training time taken = 196.78 seconds, Evaluation time taken = nan seconds, loss = 0.02928, fid = None
2026-03-14 17:48:54.225 | INFO     | __main__:<module>:157 - Epoch = 1758 / 2000
2026-03-14 17:52:11.082 | INFO     | __main__:<module>:220 - Training time taken = 196.86 seconds, Evaluation time taken = nan seconds, loss = 0.02907, fid = None
2026-03-14 17:52:11.083 | INFO     | __main__:<module>:157 - Epoch = 1759 / 2000
2026-03-14 17:55:27.851 | INFO     | __main__:<module>:220 - Training time taken = 196.77 seconds, Evaluation time taken = nan seconds, loss = 0.02912, fid = None
2026-03-14 17:55:27.852 | INFO     | __main__:<module>:157 - Epoch = 1760 / 2000
2026-03-14 17:58:44.544 | INFO     | __main__:<module>:220 - Training time taken = 196.69 seconds, Evaluation time taken = nan seconds, loss = 0.02943, fid = None
2026-03-14 17:58:44.544 | INFO     | __main__:<module>:157 - Epoch = 1761 / 2000
2026-03-14 18:02:01.233 | INFO     | __main__:<module>:220 - Training time taken = 196.69 seconds, Evaluation time taken = nan seconds, loss = 0.02956, fid = None
2026-03-14 18:02:01.234 | INFO     | __main__:<module>:157 - Epoch = 1762 / 2000
2026-03-14 18:05:18.047 | INFO     | __main__:<module>:220 - Training time taken = 196.81 seconds, Evaluation time taken = nan seconds, loss = 0.02989, fid = None
2026-03-14 18:05:18.048 | INFO     | __main__:<module>:157 - Epoch = 1763 / 2000
2026-03-14 18:08:34.884 | INFO     | __main__:<module>:220 - Training time taken = 196.84 seconds, Evaluation time taken = nan seconds, loss = 0.02919, fid = None
2026-03-14 18:08:34.885 | INFO     | __main__:<module>:157 - Epoch = 1764 / 2000
2026-03-14 18:11:56.161 | INFO     | __main__:<module>:220 - Training time taken = 201.28 seconds, Evaluation time taken = nan seconds, loss = 0.02884, fid = None
2026-03-14 18:11:56.162 | INFO     | __main__:<module>:157 - Epoch = 1765 / 2000
2026-03-14 18:15:14.511 | INFO     | __main__:<module>:220 - Training time taken = 198.35 seconds, Evaluation time taken = nan seconds, loss = 0.02923, fid = None
2026-03-14 18:15:14.511 | INFO     | __main__:<module>:157 - Epoch = 1766 / 2000
2026-03-14 18:18:32.629 | INFO     | __main__:<module>:220 - Training time taken = 198.12 seconds, Evaluation time taken = nan seconds, loss = 0.02911, fid = None
2026-03-14 18:18:32.630 | INFO     | __main__:<module>:157 - Epoch = 1767 / 2000
2026-03-14 18:21:49.951 | INFO     | __main__:<module>:220 - Training time taken = 197.32 seconds, Evaluation time taken = nan seconds, loss = 0.02949, fid = None
2026-03-14 18:21:49.951 | INFO     | __main__:<module>:157 - Epoch = 1768 / 2000
2026-03-14 18:25:06.190 | INFO     | __main__:<module>:220 - Training time taken = 196.24 seconds, Evaluation time taken = nan seconds, loss = 0.02884, fid = None
2026-03-14 18:25:06.190 | INFO     | __main__:<module>:157 - Epoch = 1769 / 2000
2026-03-14 18:28:22.809 | INFO     | __main__:<module>:220 - Training time taken = 196.62 seconds, Evaluation time taken = nan seconds, loss = 0.02938, fid = None
2026-03-14 18:28:22.810 | INFO     | __main__:<module>:157 - Epoch = 1770 / 2000
2026-03-14 18:31:39.394 | INFO     | __main__:<module>:220 - Training time taken = 196.58 seconds, Evaluation time taken = nan seconds, loss = 0.02933, fid = None
2026-03-14 18:31:39.394 | INFO     | __main__:<module>:157 - Epoch = 1771 / 2000
2026-03-14 18:34:55.995 | INFO     | __main__:<module>:220 - Training time taken = 196.6 seconds, Evaluation time taken = nan seconds, loss = 0.02941, fid = None
2026-03-14 18:34:55.996 | INFO     | __main__:<module>:157 - Epoch = 1772 / 2000
2026-03-14 18:38:12.103 | INFO     | __main__:<module>:220 - Training time taken = 196.11 seconds, Evaluation time taken = nan seconds, loss = 0.02916, fid = None
2026-03-14 18:38:12.103 | INFO     | __main__:<module>:157 - Epoch = 1773 / 2000
2026-03-14 18:41:28.485 | INFO     | __main__:<module>:220 - Training time taken = 196.38 seconds, Evaluation time taken = nan seconds, loss = 0.02925, fid = None
2026-03-14 18:41:28.486 | INFO     | __main__:<module>:157 - Epoch = 1774 / 2000
2026-03-14 18:44:44.790 | INFO     | __main__:<module>:220 - Training time taken = 196.3 seconds, Evaluation time taken = nan seconds, loss = 0.02946, fid = None
2026-03-14 18:44:44.790 | INFO     | __main__:<module>:157 - Epoch = 1775 / 2000
2026-03-14 18:48:01.092 | INFO     | __main__:<module>:220 - Training time taken = 196.3 seconds, Evaluation time taken = nan seconds, loss = 0.02917, fid = None
2026-03-14 18:48:01.093 | INFO     | __main__:<module>:157 - Epoch = 1776 / 2000
2026-03-14 18:51:17.427 | INFO     | __main__:<module>:220 - Training time taken = 196.33 seconds, Evaluation time taken = nan seconds, loss = 0.02936, fid = None
2026-03-14 18:51:17.427 | INFO     | __main__:<module>:157 - Epoch = 1777 / 2000
2026-03-14 18:54:33.560 | INFO     | __main__:<module>:220 - Training time taken = 196.13 seconds, Evaluation time taken = nan seconds, loss = 0.02931, fid = None
2026-03-14 18:54:33.560 | INFO     | __main__:<module>:157 - Epoch = 1778 / 2000
2026-03-14 18:57:49.791 | INFO     | __main__:<module>:220 - Training time taken = 196.23 seconds, Evaluation time taken = nan seconds, loss = 0.02914, fid = None
2026-03-14 18:57:49.792 | INFO     | __main__:<module>:157 - Epoch = 1779 / 2000
2026-03-14 19:01:06.194 | INFO     | __main__:<module>:220 - Training time taken = 196.4 seconds, Evaluation time taken = nan seconds, loss = 0.0288, fid = None
2026-03-14 19:01:06.194 | INFO     | __main__:<module>:157 - Epoch = 1780 / 2000
2026-03-14 19:04:23.128 | INFO     | __main__:<module>:220 - Training time taken = 196.93 seconds, Evaluation time taken = nan seconds, loss = 0.02931, fid = None
2026-03-14 19:04:23.129 | INFO     | __main__:<module>:157 - Epoch = 1781 / 2000
2026-03-14 19:07:40.063 | INFO     | __main__:<module>:220 - Training time taken = 196.93 seconds, Evaluation time taken = nan seconds, loss = 0.02917, fid = None
2026-03-14 19:07:40.063 | INFO     | __main__:<module>:157 - Epoch = 1782 / 2000
2026-03-14 19:10:56.974 | INFO     | __main__:<module>:220 - Training time taken = 196.91 seconds, Evaluation time taken = nan seconds, loss = 0.02936, fid = None
2026-03-14 19:10:56.974 | INFO     | __main__:<module>:157 - Epoch = 1783 / 2000
2026-03-14 19:14:14.869 | INFO     | __main__:<module>:220 - Training time taken = 197.89 seconds, Evaluation time taken = nan seconds, loss = 0.02933, fid = None
2026-03-14 19:14:14.869 | INFO     | __main__:<module>:157 - Epoch = 1784 / 2000
2026-03-14 19:17:33.126 | INFO     | __main__:<module>:220 - Training time taken = 198.26 seconds, Evaluation time taken = nan seconds, loss = 0.0291, fid = None
2026-03-14 19:17:33.127 | INFO     | __main__:<module>:157 - Epoch = 1785 / 2000
2026-03-14 19:20:51.904 | INFO     | __main__:<module>:220 - Training time taken = 198.78 seconds, Evaluation time taken = nan seconds, loss = 0.02921, fid = None
2026-03-14 19:20:51.904 | INFO     | __main__:<module>:157 - Epoch = 1786 / 2000
2026-03-14 19:24:08.469 | INFO     | __main__:<module>:220 - Training time taken = 196.56 seconds, Evaluation time taken = nan seconds, loss = 0.02993, fid = None
2026-03-14 19:24:08.470 | INFO     | __main__:<module>:157 - Epoch = 1787 / 2000
2026-03-14 19:27:25.014 | INFO     | __main__:<module>:220 - Training time taken = 196.54 seconds, Evaluation time taken = nan seconds, loss = 0.02929, fid = None
2026-03-14 19:27:25.014 | INFO     | __main__:<module>:157 - Epoch = 1788 / 2000
2026-03-14 19:30:41.363 | INFO     | __main__:<module>:220 - Training time taken = 196.35 seconds, Evaluation time taken = nan seconds, loss = 0.02886, fid = None
2026-03-14 19:30:41.363 | INFO     | __main__:<module>:157 - Epoch = 1789 / 2000
2026-03-14 19:33:57.451 | INFO     | __main__:<module>:220 - Training time taken = 196.09 seconds, Evaluation time taken = nan seconds, loss = 0.02912, fid = None
2026-03-14 19:33:57.451 | INFO     | __main__:<module>:157 - Epoch = 1790 / 2000
2026-03-14 19:37:13.431 | INFO     | __main__:<module>:220 - Training time taken = 195.98 seconds, Evaluation time taken = nan seconds, loss = 0.02938, fid = None
2026-03-14 19:37:13.431 | INFO     | __main__:<module>:157 - Epoch = 1791 / 2000
2026-03-14 19:40:29.657 | INFO     | __main__:<module>:220 - Training time taken = 196.23 seconds, Evaluation time taken = nan seconds, loss = 0.02955, fid = None
2026-03-14 19:40:29.658 | INFO     | __main__:<module>:157 - Epoch = 1792 / 2000
2026-03-14 19:43:49.702 | INFO     | __main__:<module>:220 - Training time taken = 200.04 seconds, Evaluation time taken = nan seconds, loss = 0.02913, fid = None
2026-03-14 19:43:49.702 | INFO     | __main__:<module>:157 - Epoch = 1793 / 2000
2026-03-14 19:47:05.775 | INFO     | __main__:<module>:220 - Training time taken = 196.07 seconds, Evaluation time taken = nan seconds, loss = 0.02898, fid = None
2026-03-14 19:47:05.776 | INFO     | __main__:<module>:157 - Epoch = 1794 / 2000
2026-03-14 19:50:25.395 | INFO     | __main__:<module>:220 - Training time taken = 199.62 seconds, Evaluation time taken = nan seconds, loss = 0.02905, fid = None
2026-03-14 19:50:25.395 | INFO     | __main__:<module>:157 - Epoch = 1795 / 2000
2026-03-14 19:53:41.370 | INFO     | __main__:<module>:220 - Training time taken = 195.97 seconds, Evaluation time taken = nan seconds, loss = 0.02953, fid = None
2026-03-14 19:53:41.370 | INFO     | __main__:<module>:157 - Epoch = 1796 / 2000
2026-03-14 19:56:57.330 | INFO     | __main__:<module>:220 - Training time taken = 195.96 seconds, Evaluation time taken = nan seconds, loss = 0.02906, fid = None
2026-03-14 19:56:57.330 | INFO     | __main__:<module>:157 - Epoch = 1797 / 2000
2026-03-14 20:00:13.381 | INFO     | __main__:<module>:220 - Training time taken = 196.05 seconds, Evaluation time taken = nan seconds, loss = 0.02971, fid = None
2026-03-14 20:00:13.382 | INFO     | __main__:<module>:157 - Epoch = 1798 / 2000
2026-03-14 20:03:29.378 | INFO     | __main__:<module>:220 - Training time taken = 196.0 seconds, Evaluation time taken = nan seconds, loss = 0.02944, fid = None
2026-03-14 20:03:29.378 | INFO     | __main__:<module>:157 - Epoch = 1799 / 2000
2026-03-14 20:06:45.469 | INFO     | __main__:<module>:220 - Training time taken = 196.09 seconds, Evaluation time taken = nan seconds, loss = 0.0293, fid = None
2026-03-14 20:06:45.469 | INFO     | __main__:<module>:157 - Epoch = 1800 / 2000
2026-03-14 20:10:01.762 | INFO     | __main__:<module>:220 - Training time taken = 196.29 seconds, Evaluation time taken = nan seconds, loss = 0.02951, fid = None
2026-03-14 20:10:01.763 | INFO     | __main__:<module>:157 - Epoch = 1801 / 2000
2026-03-14 20:13:19.949 | INFO     | __main__:<module>:220 - Training time taken = 198.19 seconds, Evaluation time taken = nan seconds, loss = 0.02973, fid = None
2026-03-14 20:13:19.949 | INFO     | __main__:<module>:157 - Epoch = 1802 / 2000
2026-03-14 20:16:40.438 | INFO     | __main__:<module>:220 - Training time taken = 200.49 seconds, Evaluation time taken = nan seconds, loss = 0.02944, fid = None
2026-03-14 20:16:40.438 | INFO     | __main__:<module>:157 - Epoch = 1803 / 2000
2026-03-14 20:20:01.985 | INFO     | __main__:<module>:220 - Training time taken = 201.55 seconds, Evaluation time taken = nan seconds, loss = 0.02881, fid = None
2026-03-14 20:20:01.985 | INFO     | __main__:<module>:157 - Epoch = 1804 / 2000
2026-03-14 20:23:22.342 | INFO     | __main__:<module>:220 - Training time taken = 200.36 seconds, Evaluation time taken = nan seconds, loss = 0.029, fid = None
2026-03-14 20:23:22.343 | INFO     | __main__:<module>:157 - Epoch = 1805 / 2000
2026-03-14 20:26:41.202 | INFO     | __main__:<module>:220 - Training time taken = 198.86 seconds, Evaluation time taken = nan seconds, loss = 0.03001, fid = None
2026-03-14 20:26:41.203 | INFO     | __main__:<module>:157 - Epoch = 1806 / 2000
2026-03-14 20:30:00.075 | INFO     | __main__:<module>:220 - Training time taken = 198.87 seconds, Evaluation time taken = nan seconds, loss = 0.02975, fid = None
2026-03-14 20:30:00.076 | INFO     | __main__:<module>:157 - Epoch = 1807 / 2000
2026-03-14 20:33:18.659 | INFO     | __main__:<module>:220 - Training time taken = 198.58 seconds, Evaluation time taken = nan seconds, loss = 0.02943, fid = None
2026-03-14 20:33:18.660 | INFO     | __main__:<module>:157 - Epoch = 1808 / 2000
2026-03-14 20:36:36.943 | INFO     | __main__:<module>:220 - Training time taken = 198.28 seconds, Evaluation time taken = nan seconds, loss = 0.02914, fid = None
2026-03-14 20:36:36.943 | INFO     | __main__:<module>:157 - Epoch = 1809 / 2000
2026-03-14 20:39:55.188 | INFO     | __main__:<module>:220 - Training time taken = 198.24 seconds, Evaluation time taken = nan seconds, loss = 0.02911, fid = None
2026-03-14 20:39:55.189 | INFO     | __main__:<module>:157 - Epoch = 1810 / 2000
2026-03-14 20:43:13.545 | INFO     | __main__:<module>:220 - Training time taken = 198.35 seconds, Evaluation time taken = nan seconds, loss = 0.02912, fid = None
2026-03-14 20:43:13.545 | INFO     | __main__:<module>:157 - Epoch = 1811 / 2000
2026-03-14 20:46:31.724 | INFO     | __main__:<module>:220 - Training time taken = 198.18 seconds, Evaluation time taken = nan seconds, loss = 0.02895, fid = None
2026-03-14 20:46:31.725 | INFO     | __main__:<module>:157 - Epoch = 1812 / 2000
2026-03-14 20:49:50.773 | INFO     | __main__:<module>:220 - Training time taken = 199.05 seconds, Evaluation time taken = nan seconds, loss = 0.0293, fid = None
2026-03-14 20:49:50.773 | INFO     | __main__:<module>:157 - Epoch = 1813 / 2000
2026-03-14 20:53:09.124 | INFO     | __main__:<module>:220 - Training time taken = 198.35 seconds, Evaluation time taken = nan seconds, loss = 0.02927, fid = None
2026-03-14 20:53:09.125 | INFO     | __main__:<module>:157 - Epoch = 1814 / 2000
2026-03-14 20:56:27.346 | INFO     | __main__:<module>:220 - Training time taken = 198.22 seconds, Evaluation time taken = nan seconds, loss = 0.02991, fid = None
2026-03-14 20:56:27.346 | INFO     | __main__:<module>:157 - Epoch = 1815 / 2000
2026-03-14 20:59:46.218 | INFO     | __main__:<module>:220 - Training time taken = 198.87 seconds, Evaluation time taken = nan seconds, loss = 0.02997, fid = None
2026-03-14 20:59:46.220 | INFO     | __main__:<module>:157 - Epoch = 1816 / 2000
2026-03-14 21:03:05.115 | INFO     | __main__:<module>:220 - Training time taken = 198.89 seconds, Evaluation time taken = nan seconds, loss = 0.0301, fid = None
2026-03-14 21:03:05.115 | INFO     | __main__:<module>:157 - Epoch = 1817 / 2000
2026-03-14 21:06:23.515 | INFO     | __main__:<module>:220 - Training time taken = 198.4 seconds, Evaluation time taken = nan seconds, loss = 0.02903, fid = None
2026-03-14 21:06:23.515 | INFO     | __main__:<module>:157 - Epoch = 1818 / 2000
2026-03-14 21:09:42.092 | INFO     | __main__:<module>:220 - Training time taken = 198.58 seconds, Evaluation time taken = nan seconds, loss = 0.02924, fid = None
2026-03-14 21:09:42.093 | INFO     | __main__:<module>:157 - Epoch = 1819 / 2000
2026-03-14 21:13:00.441 | INFO     | __main__:<module>:220 - Training time taken = 198.35 seconds, Evaluation time taken = nan seconds, loss = 0.02911, fid = None
2026-03-14 21:13:00.441 | INFO     | __main__:<module>:157 - Epoch = 1820 / 2000
2026-03-14 21:16:20.323 | INFO     | __main__:<module>:220 - Training time taken = 199.88 seconds, Evaluation time taken = nan seconds, loss = 0.02905, fid = None
2026-03-14 21:16:20.324 | INFO     | __main__:<module>:157 - Epoch = 1821 / 2000
2026-03-14 21:19:41.575 | INFO     | __main__:<module>:220 - Training time taken = 201.25 seconds, Evaluation time taken = nan seconds, loss = 0.02891, fid = None
2026-03-14 21:19:41.575 | INFO     | __main__:<module>:157 - Epoch = 1822 / 2000
2026-03-14 21:23:01.882 | INFO     | __main__:<module>:220 - Training time taken = 200.3 seconds, Evaluation time taken = nan seconds, loss = 0.02901, fid = None
2026-03-14 21:23:01.882 | INFO     | __main__:<module>:157 - Epoch = 1823 / 2000
2026-03-14 21:26:20.551 | INFO     | __main__:<module>:220 - Training time taken = 198.67 seconds, Evaluation time taken = nan seconds, loss = 0.02975, fid = None
2026-03-14 21:26:20.551 | INFO     | __main__:<module>:157 - Epoch = 1824 / 2000
2026-03-14 21:29:39.179 | INFO     | __main__:<module>:220 - Training time taken = 198.63 seconds, Evaluation time taken = nan seconds, loss = 0.02988, fid = None
2026-03-14 21:29:39.180 | INFO     | __main__:<module>:157 - Epoch = 1825 / 2000
2026-03-14 21:32:58.244 | INFO     | __main__:<module>:220 - Training time taken = 199.06 seconds, Evaluation time taken = nan seconds, loss = 0.02928, fid = None
2026-03-14 21:32:58.245 | INFO     | __main__:<module>:157 - Epoch = 1826 / 2000
2026-03-14 21:36:16.535 | INFO     | __main__:<module>:220 - Training time taken = 198.29 seconds, Evaluation time taken = nan seconds, loss = 0.02988, fid = None
2026-03-14 21:36:16.535 | INFO     | __main__:<module>:157 - Epoch = 1827 / 2000
2026-03-14 21:39:35.031 | INFO     | __main__:<module>:220 - Training time taken = 198.49 seconds, Evaluation time taken = nan seconds, loss = 0.02935, fid = None
2026-03-14 21:39:35.032 | INFO     | __main__:<module>:157 - Epoch = 1828 / 2000
2026-03-14 21:42:54.023 | INFO     | __main__:<module>:220 - Training time taken = 198.99 seconds, Evaluation time taken = nan seconds, loss = 0.02964, fid = None
2026-03-14 21:42:54.024 | INFO     | __main__:<module>:157 - Epoch = 1829 / 2000
2026-03-14 21:46:12.855 | INFO     | __main__:<module>:220 - Training time taken = 198.83 seconds, Evaluation time taken = nan seconds, loss = 0.02951, fid = None
2026-03-14 21:46:12.856 | INFO     | __main__:<module>:157 - Epoch = 1830 / 2000
2026-03-14 21:49:31.880 | INFO     | __main__:<module>:220 - Training time taken = 199.02 seconds, Evaluation time taken = nan seconds, loss = 0.02923, fid = None
2026-03-14 21:49:31.881 | INFO     | __main__:<module>:157 - Epoch = 1831 / 2000
2026-03-14 21:52:49.916 | INFO     | __main__:<module>:220 - Training time taken = 198.03 seconds, Evaluation time taken = nan seconds, loss = 0.02929, fid = None
2026-03-14 21:52:49.916 | INFO     | __main__:<module>:157 - Epoch = 1832 / 2000
2026-03-14 21:56:08.616 | INFO     | __main__:<module>:220 - Training time taken = 198.7 seconds, Evaluation time taken = nan seconds, loss = 0.02936, fid = None
2026-03-14 21:56:08.616 | INFO     | __main__:<module>:157 - Epoch = 1833 / 2000
2026-03-14 21:59:27.854 | INFO     | __main__:<module>:220 - Training time taken = 199.24 seconds, Evaluation time taken = nan seconds, loss = 0.02907, fid = None
2026-03-14 21:59:27.854 | INFO     | __main__:<module>:157 - Epoch = 1834 / 2000
2026-03-14 22:02:46.441 | INFO     | __main__:<module>:220 - Training time taken = 198.58 seconds, Evaluation time taken = nan seconds, loss = 0.02935, fid = None
2026-03-14 22:02:46.441 | INFO     | __main__:<module>:157 - Epoch = 1835 / 2000
2026-03-14 22:06:04.528 | INFO     | __main__:<module>:220 - Training time taken = 198.09 seconds, Evaluation time taken = nan seconds, loss = 0.02988, fid = None
2026-03-14 22:06:04.529 | INFO     | __main__:<module>:157 - Epoch = 1836 / 2000
2026-03-14 22:09:22.993 | INFO     | __main__:<module>:220 - Training time taken = 198.46 seconds, Evaluation time taken = nan seconds, loss = 0.02922, fid = None
2026-03-14 22:09:22.994 | INFO     | __main__:<module>:157 - Epoch = 1837 / 2000
2026-03-14 22:12:41.687 | INFO     | __main__:<module>:220 - Training time taken = 198.69 seconds, Evaluation time taken = nan seconds, loss = 0.02926, fid = None
2026-03-14 22:12:41.688 | INFO     | __main__:<module>:157 - Epoch = 1838 / 2000
2026-03-14 22:16:00.522 | INFO     | __main__:<module>:220 - Training time taken = 198.83 seconds, Evaluation time taken = nan seconds, loss = 0.02892, fid = None
2026-03-14 22:16:00.522 | INFO     | __main__:<module>:157 - Epoch = 1839 / 2000
2026-03-14 22:19:20.285 | INFO     | __main__:<module>:220 - Training time taken = 199.76 seconds, Evaluation time taken = nan seconds, loss = 0.02918, fid = None
2026-03-14 22:19:20.285 | INFO     | __main__:<module>:157 - Epoch = 1840 / 2000
2026-03-14 22:22:40.892 | INFO     | __main__:<module>:220 - Training time taken = 200.61 seconds, Evaluation time taken = nan seconds, loss = 0.02939, fid = None
2026-03-14 22:22:40.892 | INFO     | __main__:<module>:157 - Epoch = 1841 / 2000
2026-03-14 22:26:01.303 | INFO     | __main__:<module>:220 - Training time taken = 200.41 seconds, Evaluation time taken = nan seconds, loss = 0.02937, fid = None
2026-03-14 22:26:01.304 | INFO     | __main__:<module>:157 - Epoch = 1842 / 2000
2026-03-14 22:29:19.997 | INFO     | __main__:<module>:220 - Training time taken = 198.69 seconds, Evaluation time taken = nan seconds, loss = 0.02875, fid = None
2026-03-14 22:29:19.997 | INFO     | __main__:<module>:157 - Epoch = 1843 / 2000
2026-03-14 22:32:38.244 | INFO     | __main__:<module>:220 - Training time taken = 198.25 seconds, Evaluation time taken = nan seconds, loss = 0.0293, fid = None
2026-03-14 22:32:38.244 | INFO     | __main__:<module>:157 - Epoch = 1844 / 2000
2026-03-14 22:35:57.054 | INFO     | __main__:<module>:220 - Training time taken = 198.81 seconds, Evaluation time taken = nan seconds, loss = 0.0293, fid = None
2026-03-14 22:35:57.054 | INFO     | __main__:<module>:157 - Epoch = 1845 / 2000
2026-03-14 22:39:15.640 | INFO     | __main__:<module>:220 - Training time taken = 198.58 seconds, Evaluation time taken = nan seconds, loss = 0.02934, fid = None
2026-03-14 22:39:15.640 | INFO     | __main__:<module>:157 - Epoch = 1846 / 2000
2026-03-14 22:42:35.149 | INFO     | __main__:<module>:220 - Training time taken = 199.51 seconds, Evaluation time taken = nan seconds, loss = 0.02967, fid = None
2026-03-14 22:42:35.150 | INFO     | __main__:<module>:157 - Epoch = 1847 / 2000
2026-03-14 22:45:53.955 | INFO     | __main__:<module>:220 - Training time taken = 198.8 seconds, Evaluation time taken = nan seconds, loss = 0.02928, fid = None
2026-03-14 22:45:53.955 | INFO     | __main__:<module>:157 - Epoch = 1848 / 2000
2026-03-14 22:49:13.187 | INFO     | __main__:<module>:220 - Training time taken = 199.23 seconds, Evaluation time taken = nan seconds, loss = 0.02952, fid = None
2026-03-14 22:49:13.188 | INFO     | __main__:<module>:157 - Epoch = 1849 / 2000
2026-03-14 22:52:32.052 | INFO     | __main__:<module>:220 - Training time taken = 198.86 seconds, Evaluation time taken = nan seconds, loss = 0.02961, fid = None
2026-03-14 22:52:32.052 | INFO     | __main__:<module>:157 - Epoch = 1850 / 2000
2026-03-14 22:55:50.860 | INFO     | __main__:<module>:220 - Training time taken = 198.81 seconds, Evaluation time taken = nan seconds, loss = 0.02932, fid = None
2026-03-14 22:55:50.861 | INFO     | __main__:<module>:157 - Epoch = 1851 / 2000
2026-03-14 22:59:11.886 | INFO     | __main__:<module>:220 - Training time taken = 201.02 seconds, Evaluation time taken = nan seconds, loss = 0.02923, fid = None
2026-03-14 22:59:11.886 | INFO     | __main__:<module>:157 - Epoch = 1852 / 2000
2026-03-14 23:02:30.945 | INFO     | __main__:<module>:220 - Training time taken = 199.06 seconds, Evaluation time taken = nan seconds, loss = 0.029, fid = None
2026-03-14 23:02:30.945 | INFO     | __main__:<module>:157 - Epoch = 1853 / 2000
2026-03-14 23:05:49.350 | INFO     | __main__:<module>:220 - Training time taken = 198.4 seconds, Evaluation time taken = nan seconds, loss = 0.02895, fid = None
2026-03-14 23:05:49.351 | INFO     | __main__:<module>:157 - Epoch = 1854 / 2000
2026-03-14 23:09:07.983 | INFO     | __main__:<module>:220 - Training time taken = 198.63 seconds, Evaluation time taken = nan seconds, loss = 0.02962, fid = None
2026-03-14 23:09:07.983 | INFO     | __main__:<module>:157 - Epoch = 1855 / 2000
2026-03-14 23:12:27.701 | INFO     | __main__:<module>:220 - Training time taken = 199.72 seconds, Evaluation time taken = nan seconds, loss = 0.02948, fid = None
2026-03-14 23:12:27.702 | INFO     | __main__:<module>:157 - Epoch = 1856 / 2000
2026-03-14 23:15:46.553 | INFO     | __main__:<module>:220 - Training time taken = 198.85 seconds, Evaluation time taken = nan seconds, loss = 0.02928, fid = None
2026-03-14 23:15:46.553 | INFO     | __main__:<module>:157 - Epoch = 1857 / 2000
2026-03-14 23:19:06.742 | INFO     | __main__:<module>:220 - Training time taken = 200.19 seconds, Evaluation time taken = nan seconds, loss = 0.02935, fid = None
2026-03-14 23:19:06.743 | INFO     | __main__:<module>:157 - Epoch = 1858 / 2000
2026-03-14 23:22:27.267 | INFO     | __main__:<module>:220 - Training time taken = 200.52 seconds, Evaluation time taken = nan seconds, loss = 0.02955, fid = None
2026-03-14 23:22:27.267 | INFO     | __main__:<module>:157 - Epoch = 1859 / 2000
2026-03-14 23:25:47.347 | INFO     | __main__:<module>:220 - Training time taken = 200.08 seconds, Evaluation time taken = nan seconds, loss = 0.02888, fid = None
2026-03-14 23:25:47.348 | INFO     | __main__:<module>:157 - Epoch = 1860 / 2000
2026-03-14 23:29:07.073 | INFO     | __main__:<module>:220 - Training time taken = 199.72 seconds, Evaluation time taken = nan seconds, loss = 0.0285, fid = None
2026-03-14 23:29:07.073 | INFO     | __main__:<module>:157 - Epoch = 1861 / 2000
2026-03-14 23:32:27.221 | INFO     | __main__:<module>:220 - Training time taken = 200.15 seconds, Evaluation time taken = nan seconds, loss = 0.02893, fid = None
2026-03-14 23:32:27.222 | INFO     | __main__:<module>:157 - Epoch = 1862 / 2000
2026-03-14 23:35:47.112 | INFO     | __main__:<module>:220 - Training time taken = 199.89 seconds, Evaluation time taken = nan seconds, loss = 0.02949, fid = None
2026-03-14 23:35:47.113 | INFO     | __main__:<module>:157 - Epoch = 1863 / 2000
2026-03-14 23:39:04.837 | INFO     | __main__:<module>:220 - Training time taken = 197.72 seconds, Evaluation time taken = nan seconds, loss = 0.02964, fid = None
2026-03-14 23:39:04.838 | INFO     | __main__:<module>:157 - Epoch = 1864 / 2000
2026-03-14 23:42:23.198 | INFO     | __main__:<module>:220 - Training time taken = 198.36 seconds, Evaluation time taken = nan seconds, loss = 0.02937, fid = None
2026-03-14 23:42:23.198 | INFO     | __main__:<module>:157 - Epoch = 1865 / 2000
2026-03-14 23:45:42.457 | INFO     | __main__:<module>:220 - Training time taken = 199.26 seconds, Evaluation time taken = nan seconds, loss = 0.02977, fid = None
2026-03-14 23:45:42.458 | INFO     | __main__:<module>:157 - Epoch = 1866 / 2000
2026-03-14 23:49:02.383 | INFO     | __main__:<module>:220 - Training time taken = 199.92 seconds, Evaluation time taken = nan seconds, loss = 0.02967, fid = None
2026-03-14 23:49:02.383 | INFO     | __main__:<module>:157 - Epoch = 1867 / 2000
2026-03-14 23:52:21.511 | INFO     | __main__:<module>:220 - Training time taken = 199.13 seconds, Evaluation time taken = nan seconds, loss = 0.02951, fid = None
2026-03-14 23:52:21.512 | INFO     | __main__:<module>:157 - Epoch = 1868 / 2000
2026-03-14 23:55:41.620 | INFO     | __main__:<module>:220 - Training time taken = 200.11 seconds, Evaluation time taken = nan seconds, loss = 0.02886, fid = None
2026-03-14 23:55:41.620 | INFO     | __main__:<module>:157 - Epoch = 1869 / 2000
2026-03-14 23:59:00.648 | INFO     | __main__:<module>:220 - Training time taken = 199.03 seconds, Evaluation time taken = nan seconds, loss = 0.03002, fid = None
2026-03-14 23:59:00.649 | INFO     | __main__:<module>:157 - Epoch = 1870 / 2000
2026-03-15 00:02:19.469 | INFO     | __main__:<module>:220 - Training time taken = 198.82 seconds, Evaluation time taken = nan seconds, loss = 0.02937, fid = None
2026-03-15 00:02:19.470 | INFO     | __main__:<module>:157 - Epoch = 1871 / 2000
2026-03-15 00:05:38.532 | INFO     | __main__:<module>:220 - Training time taken = 199.06 seconds, Evaluation time taken = nan seconds, loss = 0.02892, fid = None
2026-03-15 00:05:38.533 | INFO     | __main__:<module>:157 - Epoch = 1872 / 2000
2026-03-15 00:08:57.665 | INFO     | __main__:<module>:220 - Training time taken = 199.13 seconds, Evaluation time taken = nan seconds, loss = 0.02984, fid = None
2026-03-15 00:08:57.665 | INFO     | __main__:<module>:157 - Epoch = 1873 / 2000
2026-03-15 00:12:16.858 | INFO     | __main__:<module>:220 - Training time taken = 199.19 seconds, Evaluation time taken = nan seconds, loss = 0.02921, fid = None
2026-03-15 00:12:16.858 | INFO     | __main__:<module>:157 - Epoch = 1874 / 2000
2026-03-15 00:15:36.699 | INFO     | __main__:<module>:220 - Training time taken = 199.84 seconds, Evaluation time taken = nan seconds, loss = 0.02931, fid = None
2026-03-15 00:15:36.699 | INFO     | __main__:<module>:157 - Epoch = 1875 / 2000
2026-03-15 00:18:56.120 | INFO     | __main__:<module>:220 - Training time taken = 199.42 seconds, Evaluation time taken = nan seconds, loss = 0.02947, fid = None
2026-03-15 00:18:56.121 | INFO     | __main__:<module>:157 - Epoch = 1876 / 2000
2026-03-15 00:22:15.950 | INFO     | __main__:<module>:220 - Training time taken = 199.83 seconds, Evaluation time taken = nan seconds, loss = 0.02901, fid = None
2026-03-15 00:22:15.951 | INFO     | __main__:<module>:157 - Epoch = 1877 / 2000
2026-03-15 00:25:36.016 | INFO     | __main__:<module>:220 - Training time taken = 200.06 seconds, Evaluation time taken = nan seconds, loss = 0.02936, fid = None
2026-03-15 00:25:36.016 | INFO     | __main__:<module>:157 - Epoch = 1878 / 2000
2026-03-15 00:28:55.313 | INFO     | __main__:<module>:220 - Training time taken = 199.3 seconds, Evaluation time taken = nan seconds, loss = 0.02935, fid = None
2026-03-15 00:28:55.313 | INFO     | __main__:<module>:157 - Epoch = 1879 / 2000
2026-03-15 00:32:14.085 | INFO     | __main__:<module>:220 - Training time taken = 198.77 seconds, Evaluation time taken = nan seconds, loss = 0.02934, fid = None
2026-03-15 00:32:14.086 | INFO     | __main__:<module>:157 - Epoch = 1880 / 2000
2026-03-15 00:35:33.075 | INFO     | __main__:<module>:220 - Training time taken = 198.99 seconds, Evaluation time taken = nan seconds, loss = 0.02915, fid = None
2026-03-15 00:35:33.076 | INFO     | __main__:<module>:157 - Epoch = 1881 / 2000
2026-03-15 00:38:52.428 | INFO     | __main__:<module>:220 - Training time taken = 199.35 seconds, Evaluation time taken = nan seconds, loss = 0.0293, fid = None
2026-03-15 00:38:52.429 | INFO     | __main__:<module>:157 - Epoch = 1882 / 2000
2026-03-15 00:42:13.301 | INFO     | __main__:<module>:220 - Training time taken = 200.87 seconds, Evaluation time taken = nan seconds, loss = 0.02911, fid = None
2026-03-15 00:42:13.301 | INFO     | __main__:<module>:157 - Epoch = 1883 / 2000
2026-03-15 00:45:33.242 | INFO     | __main__:<module>:220 - Training time taken = 199.94 seconds, Evaluation time taken = nan seconds, loss = 0.02959, fid = None
2026-03-15 00:45:33.243 | INFO     | __main__:<module>:157 - Epoch = 1884 / 2000
2026-03-15 00:48:53.354 | INFO     | __main__:<module>:220 - Training time taken = 200.11 seconds, Evaluation time taken = nan seconds, loss = 0.02912, fid = None
2026-03-15 00:48:53.354 | INFO     | __main__:<module>:157 - Epoch = 1885 / 2000
2026-03-15 00:52:12.552 | INFO     | __main__:<module>:220 - Training time taken = 199.2 seconds, Evaluation time taken = nan seconds, loss = 0.02917, fid = None
2026-03-15 00:52:12.553 | INFO     | __main__:<module>:157 - Epoch = 1886 / 2000
2026-03-15 00:55:33.872 | INFO     | __main__:<module>:220 - Training time taken = 201.32 seconds, Evaluation time taken = nan seconds, loss = 0.02921, fid = None
2026-03-15 00:55:33.872 | INFO     | __main__:<module>:157 - Epoch = 1887 / 2000
2026-03-15 00:58:54.460 | INFO     | __main__:<module>:220 - Training time taken = 200.59 seconds, Evaluation time taken = nan seconds, loss = 0.02934, fid = None
2026-03-15 00:58:54.460 | INFO     | __main__:<module>:157 - Epoch = 1888 / 2000
2026-03-15 01:02:14.871 | INFO     | __main__:<module>:220 - Training time taken = 200.41 seconds, Evaluation time taken = nan seconds, loss = 0.02942, fid = None
2026-03-15 01:02:14.872 | INFO     | __main__:<module>:157 - Epoch = 1889 / 2000
2026-03-15 01:05:34.915 | INFO     | __main__:<module>:220 - Training time taken = 200.04 seconds, Evaluation time taken = nan seconds, loss = 0.02859, fid = None
2026-03-15 01:05:34.917 | INFO     | __main__:<module>:157 - Epoch = 1890 / 2000
2026-03-15 01:08:54.860 | INFO     | __main__:<module>:220 - Training time taken = 199.94 seconds, Evaluation time taken = nan seconds, loss = 0.02897, fid = None
2026-03-15 01:08:54.860 | INFO     | __main__:<module>:157 - Epoch = 1891 / 2000
2026-03-15 01:12:14.999 | INFO     | __main__:<module>:220 - Training time taken = 200.14 seconds, Evaluation time taken = nan seconds, loss = 0.02936, fid = None
2026-03-15 01:12:15.000 | INFO     | __main__:<module>:157 - Epoch = 1892 / 2000
2026-03-15 01:15:35.035 | INFO     | __main__:<module>:220 - Training time taken = 200.03 seconds, Evaluation time taken = nan seconds, loss = 0.02917, fid = None
2026-03-15 01:15:35.036 | INFO     | __main__:<module>:157 - Epoch = 1893 / 2000
2026-03-15 01:18:55.294 | INFO     | __main__:<module>:220 - Training time taken = 200.26 seconds, Evaluation time taken = nan seconds, loss = 0.02899, fid = None
2026-03-15 01:18:55.295 | INFO     | __main__:<module>:157 - Epoch = 1894 / 2000
2026-03-15 01:22:16.408 | INFO     | __main__:<module>:220 - Training time taken = 201.11 seconds, Evaluation time taken = nan seconds, loss = 0.02931, fid = None
2026-03-15 01:22:16.409 | INFO     | __main__:<module>:157 - Epoch = 1895 / 2000
2026-03-15 01:25:37.565 | INFO     | __main__:<module>:220 - Training time taken = 201.15 seconds, Evaluation time taken = nan seconds, loss = 0.02944, fid = None
2026-03-15 01:25:37.566 | INFO     | __main__:<module>:157 - Epoch = 1896 / 2000
2026-03-15 01:28:58.006 | INFO     | __main__:<module>:220 - Training time taken = 200.44 seconds, Evaluation time taken = nan seconds, loss = 0.02912, fid = None
2026-03-15 01:28:58.007 | INFO     | __main__:<module>:157 - Epoch = 1897 / 2000
2026-03-15 01:32:18.171 | INFO     | __main__:<module>:220 - Training time taken = 200.16 seconds, Evaluation time taken = nan seconds, loss = 0.0288, fid = None
2026-03-15 01:32:18.172 | INFO     | __main__:<module>:157 - Epoch = 1898 / 2000
2026-03-15 01:35:37.918 | INFO     | __main__:<module>:220 - Training time taken = 199.74 seconds, Evaluation time taken = nan seconds, loss = 0.02958, fid = None
2026-03-15 01:35:37.918 | INFO     | __main__:<module>:157 - Epoch = 1899 / 2000
2026-03-15 01:38:57.926 | INFO     | __main__:<module>:220 - Training time taken = 200.01 seconds, Evaluation time taken = nan seconds, loss = 0.02926, fid = None
2026-03-15 01:38:57.926 | INFO     | __main__:<module>:157 - Epoch = 1900 / 2000
2026-03-15 01:42:18.298 | INFO     | __main__:<module>:220 - Training time taken = 200.37 seconds, Evaluation time taken = nan seconds, loss = 0.02966, fid = None
2026-03-15 01:42:18.299 | INFO     | __main__:<module>:157 - Epoch = 1901 / 2000
2026-03-15 01:45:38.251 | INFO     | __main__:<module>:220 - Training time taken = 199.95 seconds, Evaluation time taken = nan seconds, loss = 0.02969, fid = None
2026-03-15 01:45:38.251 | INFO     | __main__:<module>:157 - Epoch = 1902 / 2000
2026-03-15 01:48:58.576 | INFO     | __main__:<module>:220 - Training time taken = 200.32 seconds, Evaluation time taken = nan seconds, loss = 0.02923, fid = None
2026-03-15 01:48:58.576 | INFO     | __main__:<module>:157 - Epoch = 1903 / 2000
2026-03-15 01:52:19.211 | INFO     | __main__:<module>:220 - Training time taken = 200.63 seconds, Evaluation time taken = nan seconds, loss = 0.02966, fid = None
2026-03-15 01:52:19.212 | INFO     | __main__:<module>:157 - Epoch = 1904 / 2000
2026-03-15 01:55:39.419 | INFO     | __main__:<module>:220 - Training time taken = 200.21 seconds, Evaluation time taken = nan seconds, loss = 0.02932, fid = None
2026-03-15 01:55:39.419 | INFO     | __main__:<module>:157 - Epoch = 1905 / 2000
2026-03-15 01:58:59.637 | INFO     | __main__:<module>:220 - Training time taken = 200.22 seconds, Evaluation time taken = nan seconds, loss = 0.02949, fid = None
2026-03-15 01:58:59.637 | INFO     | __main__:<module>:157 - Epoch = 1906 / 2000
2026-03-15 02:02:20.117 | INFO     | __main__:<module>:220 - Training time taken = 200.48 seconds, Evaluation time taken = nan seconds, loss = 0.02949, fid = None
2026-03-15 02:02:20.118 | INFO     | __main__:<module>:157 - Epoch = 1907 / 2000
2026-03-15 02:05:40.605 | INFO     | __main__:<module>:220 - Training time taken = 200.49 seconds, Evaluation time taken = nan seconds, loss = 0.02932, fid = None
2026-03-15 02:05:40.605 | INFO     | __main__:<module>:157 - Epoch = 1908 / 2000
2026-03-15 02:09:00.556 | INFO     | __main__:<module>:220 - Training time taken = 199.95 seconds, Evaluation time taken = nan seconds, loss = 0.02929, fid = None
2026-03-15 02:09:00.557 | INFO     | __main__:<module>:157 - Epoch = 1909 / 2000
2026-03-15 02:12:20.621 | INFO     | __main__:<module>:220 - Training time taken = 200.06 seconds, Evaluation time taken = nan seconds, loss = 0.02933, fid = None
2026-03-15 02:12:20.621 | INFO     | __main__:<module>:157 - Epoch = 1910 / 2000
2026-03-15 02:15:40.592 | INFO     | __main__:<module>:220 - Training time taken = 199.97 seconds, Evaluation time taken = nan seconds, loss = 0.02933, fid = None
2026-03-15 02:15:40.592 | INFO     | __main__:<module>:157 - Epoch = 1911 / 2000
2026-03-15 02:19:00.584 | INFO     | __main__:<module>:220 - Training time taken = 199.99 seconds, Evaluation time taken = nan seconds, loss = 0.0293, fid = None
2026-03-15 02:19:00.585 | INFO     | __main__:<module>:157 - Epoch = 1912 / 2000
2026-03-15 02:22:21.882 | INFO     | __main__:<module>:220 - Training time taken = 201.3 seconds, Evaluation time taken = nan seconds, loss = 0.02972, fid = None
2026-03-15 02:22:21.883 | INFO     | __main__:<module>:157 - Epoch = 1913 / 2000
2026-03-15 02:25:43.351 | INFO     | __main__:<module>:220 - Training time taken = 201.47 seconds, Evaluation time taken = nan seconds, loss = 0.02964, fid = None
2026-03-15 02:25:43.352 | INFO     | __main__:<module>:157 - Epoch = 1914 / 2000
2026-03-15 02:29:04.742 | INFO     | __main__:<module>:220 - Training time taken = 201.39 seconds, Evaluation time taken = nan seconds, loss = 0.0292, fid = None
2026-03-15 02:29:04.742 | INFO     | __main__:<module>:157 - Epoch = 1915 / 2000
2026-03-15 02:32:25.119 | INFO     | __main__:<module>:220 - Training time taken = 200.38 seconds, Evaluation time taken = nan seconds, loss = 0.0294, fid = None
2026-03-15 02:32:25.119 | INFO     | __main__:<module>:157 - Epoch = 1916 / 2000
2026-03-15 02:35:45.091 | INFO     | __main__:<module>:220 - Training time taken = 199.97 seconds, Evaluation time taken = nan seconds, loss = 0.02937, fid = None
2026-03-15 02:35:45.092 | INFO     | __main__:<module>:157 - Epoch = 1917 / 2000
2026-03-15 02:39:04.973 | INFO     | __main__:<module>:220 - Training time taken = 199.88 seconds, Evaluation time taken = nan seconds, loss = 0.02955, fid = None
2026-03-15 02:39:04.974 | INFO     | __main__:<module>:157 - Epoch = 1918 / 2000
2026-03-15 02:42:25.068 | INFO     | __main__:<module>:220 - Training time taken = 200.09 seconds, Evaluation time taken = nan seconds, loss = 0.02913, fid = None
2026-03-15 02:42:25.069 | INFO     | __main__:<module>:157 - Epoch = 1919 / 2000
2026-03-15 02:45:44.701 | INFO     | __main__:<module>:220 - Training time taken = 199.63 seconds, Evaluation time taken = nan seconds, loss = 0.0292, fid = None
2026-03-15 02:45:44.702 | INFO     | __main__:<module>:157 - Epoch = 1920 / 2000
2026-03-15 02:49:04.158 | INFO     | __main__:<module>:220 - Training time taken = 199.45 seconds, Evaluation time taken = nan seconds, loss = 0.02944, fid = None
2026-03-15 02:49:04.158 | INFO     | __main__:<module>:157 - Epoch = 1921 / 2000
2026-03-15 02:52:23.820 | INFO     | __main__:<module>:220 - Training time taken = 199.66 seconds, Evaluation time taken = nan seconds, loss = 0.0289, fid = None
2026-03-15 02:52:23.820 | INFO     | __main__:<module>:157 - Epoch = 1922 / 2000
2026-03-15 02:55:44.046 | INFO     | __main__:<module>:220 - Training time taken = 200.22 seconds, Evaluation time taken = nan seconds, loss = 0.02901, fid = None
2026-03-15 02:55:44.047 | INFO     | __main__:<module>:157 - Epoch = 1923 / 2000
2026-03-15 02:59:04.103 | INFO     | __main__:<module>:220 - Training time taken = 200.05 seconds, Evaluation time taken = nan seconds, loss = 0.0295, fid = None
2026-03-15 02:59:04.104 | INFO     | __main__:<module>:157 - Epoch = 1924 / 2000
2026-03-15 03:02:24.241 | INFO     | __main__:<module>:220 - Training time taken = 200.14 seconds, Evaluation time taken = nan seconds, loss = 0.02952, fid = None
2026-03-15 03:02:24.241 | INFO     | __main__:<module>:157 - Epoch = 1925 / 2000
2026-03-15 03:05:44.002 | INFO     | __main__:<module>:220 - Training time taken = 199.76 seconds, Evaluation time taken = nan seconds, loss = 0.02932, fid = None
2026-03-15 03:05:44.002 | INFO     | __main__:<module>:157 - Epoch = 1926 / 2000
2026-03-15 03:09:03.636 | INFO     | __main__:<module>:220 - Training time taken = 199.63 seconds, Evaluation time taken = nan seconds, loss = 0.02945, fid = None
2026-03-15 03:09:03.637 | INFO     | __main__:<module>:157 - Epoch = 1927 / 2000
2026-03-15 03:12:23.811 | INFO     | __main__:<module>:220 - Training time taken = 200.17 seconds, Evaluation time taken = nan seconds, loss = 0.02924, fid = None
2026-03-15 03:12:23.811 | INFO     | __main__:<module>:157 - Epoch = 1928 / 2000
2026-03-15 03:15:43.635 | INFO     | __main__:<module>:220 - Training time taken = 199.82 seconds, Evaluation time taken = nan seconds, loss = 0.02938, fid = None
2026-03-15 03:15:43.635 | INFO     | __main__:<module>:157 - Epoch = 1929 / 2000
2026-03-15 03:19:03.620 | INFO     | __main__:<module>:220 - Training time taken = 199.98 seconds, Evaluation time taken = nan seconds, loss = 0.02944, fid = None
2026-03-15 03:19:03.621 | INFO     | __main__:<module>:157 - Epoch = 1930 / 2000
2026-03-15 03:22:23.962 | INFO     | __main__:<module>:220 - Training time taken = 200.34 seconds, Evaluation time taken = nan seconds, loss = 0.02974, fid = None
2026-03-15 03:22:23.963 | INFO     | __main__:<module>:157 - Epoch = 1931 / 2000
2026-03-15 03:25:45.185 | INFO     | __main__:<module>:220 - Training time taken = 201.22 seconds, Evaluation time taken = nan seconds, loss = 0.02905, fid = None
2026-03-15 03:25:45.185 | INFO     | __main__:<module>:157 - Epoch = 1932 / 2000
2026-03-15 03:29:05.812 | INFO     | __main__:<module>:220 - Training time taken = 200.62 seconds, Evaluation time taken = nan seconds, loss = 0.02936, fid = None
2026-03-15 03:29:05.812 | INFO     | __main__:<module>:157 - Epoch = 1933 / 2000
2026-03-15 03:32:26.245 | INFO     | __main__:<module>:220 - Training time taken = 200.43 seconds, Evaluation time taken = nan seconds, loss = 0.0294, fid = None
2026-03-15 03:32:26.246 | INFO     | __main__:<module>:157 - Epoch = 1934 / 2000
2026-03-15 03:35:45.945 | INFO     | __main__:<module>:220 - Training time taken = 199.7 seconds, Evaluation time taken = nan seconds, loss = 0.0293, fid = None
2026-03-15 03:35:45.945 | INFO     | __main__:<module>:157 - Epoch = 1935 / 2000
2026-03-15 03:39:05.210 | INFO     | __main__:<module>:220 - Training time taken = 199.26 seconds, Evaluation time taken = nan seconds, loss = 0.029, fid = None
2026-03-15 03:39:05.210 | INFO     | __main__:<module>:157 - Epoch = 1936 / 2000
2026-03-15 03:42:24.730 | INFO     | __main__:<module>:220 - Training time taken = 199.52 seconds, Evaluation time taken = nan seconds, loss = 0.02951, fid = None
2026-03-15 03:42:24.730 | INFO     | __main__:<module>:157 - Epoch = 1937 / 2000
2026-03-15 03:45:44.293 | INFO     | __main__:<module>:220 - Training time taken = 199.56 seconds, Evaluation time taken = nan seconds, loss = 0.02878, fid = None
2026-03-15 03:45:44.294 | INFO     | __main__:<module>:157 - Epoch = 1938 / 2000
2026-03-15 03:49:03.756 | INFO     | __main__:<module>:220 - Training time taken = 199.46 seconds, Evaluation time taken = nan seconds, loss = 0.02922, fid = None
2026-03-15 03:49:03.757 | INFO     | __main__:<module>:157 - Epoch = 1939 / 2000
2026-03-15 03:52:23.302 | INFO     | __main__:<module>:220 - Training time taken = 199.54 seconds, Evaluation time taken = nan seconds, loss = 0.02873, fid = None
2026-03-15 03:52:23.303 | INFO     | __main__:<module>:157 - Epoch = 1940 / 2000
2026-03-15 03:55:43.130 | INFO     | __main__:<module>:220 - Training time taken = 199.83 seconds, Evaluation time taken = nan seconds, loss = 0.0294, fid = None
2026-03-15 03:55:43.130 | INFO     | __main__:<module>:157 - Epoch = 1941 / 2000
2026-03-15 03:59:02.744 | INFO     | __main__:<module>:220 - Training time taken = 199.61 seconds, Evaluation time taken = nan seconds, loss = 0.0295, fid = None
2026-03-15 03:59:02.745 | INFO     | __main__:<module>:157 - Epoch = 1942 / 2000
2026-03-15 04:02:22.112 | INFO     | __main__:<module>:220 - Training time taken = 199.37 seconds, Evaluation time taken = nan seconds, loss = 0.02938, fid = None
2026-03-15 04:02:22.113 | INFO     | __main__:<module>:157 - Epoch = 1943 / 2000
2026-03-15 04:05:41.818 | INFO     | __main__:<module>:220 - Training time taken = 199.7 seconds, Evaluation time taken = nan seconds, loss = 0.02893, fid = None
2026-03-15 04:05:41.818 | INFO     | __main__:<module>:157 - Epoch = 1944 / 2000
2026-03-15 04:09:01.325 | INFO     | __main__:<module>:220 - Training time taken = 199.51 seconds, Evaluation time taken = nan seconds, loss = 0.02933, fid = None
2026-03-15 04:09:01.326 | INFO     | __main__:<module>:157 - Epoch = 1945 / 2000
2026-03-15 04:12:21.140 | INFO     | __main__:<module>:220 - Training time taken = 199.81 seconds, Evaluation time taken = nan seconds, loss = 0.02958, fid = None
2026-03-15 04:12:21.140 | INFO     | __main__:<module>:157 - Epoch = 1946 / 2000
2026-03-15 04:15:40.613 | INFO     | __main__:<module>:220 - Training time taken = 199.47 seconds, Evaluation time taken = nan seconds, loss = 0.02945, fid = None
2026-03-15 04:15:40.614 | INFO     | __main__:<module>:157 - Epoch = 1947 / 2000
2026-03-15 04:19:00.205 | INFO     | __main__:<module>:220 - Training time taken = 199.59 seconds, Evaluation time taken = nan seconds, loss = 0.02921, fid = None
2026-03-15 04:19:00.205 | INFO     | __main__:<module>:157 - Epoch = 1948 / 2000
2026-03-15 04:22:20.156 | INFO     | __main__:<module>:220 - Training time taken = 199.95 seconds, Evaluation time taken = nan seconds, loss = 0.02903, fid = None
2026-03-15 04:22:20.157 | INFO     | __main__:<module>:157 - Epoch = 1949 / 2000
2026-03-15 04:25:40.459 | INFO     | __main__:<module>:220 - Training time taken = 200.3 seconds, Evaluation time taken = nan seconds, loss = 0.02927, fid = None
2026-03-15 04:25:40.460 | INFO     | __main__:<module>:157 - Epoch = 1950 / 2000
2026-03-15 04:28:59.145 | INFO     | __main__:<module>:220 - Training time taken = 198.68 seconds, Evaluation time taken = nan seconds, loss = 0.02903, fid = None
2026-03-15 04:28:59.145 | INFO     | __main__:<module>:157 - Epoch = 1951 / 2000
2026-03-15 04:32:16.960 | INFO     | __main__:<module>:220 - Training time taken = 197.81 seconds, Evaluation time taken = nan seconds, loss = 0.02928, fid = None
2026-03-15 04:32:16.961 | INFO     | __main__:<module>:157 - Epoch = 1952 / 2000
2026-03-15 04:35:34.003 | INFO     | __main__:<module>:220 - Training time taken = 197.04 seconds, Evaluation time taken = nan seconds, loss = 0.02911, fid = None
2026-03-15 04:35:34.004 | INFO     | __main__:<module>:157 - Epoch = 1953 / 2000
2026-03-15 04:38:50.678 | INFO     | __main__:<module>:220 - Training time taken = 196.67 seconds, Evaluation time taken = nan seconds, loss = 0.02962, fid = None
2026-03-15 04:38:50.679 | INFO     | __main__:<module>:157 - Epoch = 1954 / 2000
2026-03-15 04:42:07.635 | INFO     | __main__:<module>:220 - Training time taken = 196.95 seconds, Evaluation time taken = nan seconds, loss = 0.02954, fid = None
2026-03-15 04:42:07.635 | INFO     | __main__:<module>:157 - Epoch = 1955 / 2000
2026-03-15 04:45:25.038 | INFO     | __main__:<module>:220 - Training time taken = 197.4 seconds, Evaluation time taken = nan seconds, loss = 0.02919, fid = None
2026-03-15 04:45:25.039 | INFO     | __main__:<module>:157 - Epoch = 1956 / 2000
2026-03-15 04:48:42.152 | INFO     | __main__:<module>:220 - Training time taken = 197.11 seconds, Evaluation time taken = nan seconds, loss = 0.0295, fid = None
2026-03-15 04:48:42.152 | INFO     | __main__:<module>:157 - Epoch = 1957 / 2000
2026-03-15 04:51:59.252 | INFO     | __main__:<module>:220 - Training time taken = 197.1 seconds, Evaluation time taken = nan seconds, loss = 0.02934, fid = None
2026-03-15 04:51:59.252 | INFO     | __main__:<module>:157 - Epoch = 1958 / 2000
2026-03-15 04:55:16.524 | INFO     | __main__:<module>:220 - Training time taken = 197.27 seconds, Evaluation time taken = nan seconds, loss = 0.02914, fid = None
2026-03-15 04:55:16.524 | INFO     | __main__:<module>:157 - Epoch = 1959 / 2000
2026-03-15 04:58:33.347 | INFO     | __main__:<module>:220 - Training time taken = 196.82 seconds, Evaluation time taken = nan seconds, loss = 0.02944, fid = None
2026-03-15 04:58:33.347 | INFO     | __main__:<module>:157 - Epoch = 1960 / 2000
2026-03-15 05:01:49.515 | INFO     | __main__:<module>:220 - Training time taken = 196.17 seconds, Evaluation time taken = nan seconds, loss = 0.02854, fid = None
2026-03-15 05:01:49.515 | INFO     | __main__:<module>:157 - Epoch = 1961 / 2000
2026-03-15 05:05:05.509 | INFO     | __main__:<module>:220 - Training time taken = 195.99 seconds, Evaluation time taken = nan seconds, loss = 0.02919, fid = None
2026-03-15 05:05:05.509 | INFO     | __main__:<module>:157 - Epoch = 1962 / 2000
2026-03-15 05:08:21.456 | INFO     | __main__:<module>:220 - Training time taken = 195.95 seconds, Evaluation time taken = nan seconds, loss = 0.02927, fid = None
2026-03-15 05:08:21.456 | INFO     | __main__:<module>:157 - Epoch = 1963 / 2000
2026-03-15 05:11:38.097 | INFO     | __main__:<module>:220 - Training time taken = 196.64 seconds, Evaluation time taken = nan seconds, loss = 0.02906, fid = None
2026-03-15 05:11:38.098 | INFO     | __main__:<module>:157 - Epoch = 1964 / 2000
2026-03-15 05:14:54.385 | INFO     | __main__:<module>:220 - Training time taken = 196.29 seconds, Evaluation time taken = nan seconds, loss = 0.02917, fid = None
2026-03-15 05:14:54.385 | INFO     | __main__:<module>:157 - Epoch = 1965 / 2000
2026-03-15 05:18:10.527 | INFO     | __main__:<module>:220 - Training time taken = 196.14 seconds, Evaluation time taken = nan seconds, loss = 0.0295, fid = None
2026-03-15 05:18:10.528 | INFO     | __main__:<module>:157 - Epoch = 1966 / 2000
2026-03-15 05:21:26.852 | INFO     | __main__:<module>:220 - Training time taken = 196.32 seconds, Evaluation time taken = nan seconds, loss = 0.02926, fid = None
2026-03-15 05:21:26.853 | INFO     | __main__:<module>:157 - Epoch = 1967 / 2000
2026-03-15 05:24:43.880 | INFO     | __main__:<module>:220 - Training time taken = 197.03 seconds, Evaluation time taken = nan seconds, loss = 0.02907, fid = None
2026-03-15 05:24:43.880 | INFO     | __main__:<module>:157 - Epoch = 1968 / 2000
2026-03-15 05:28:01.286 | INFO     | __main__:<module>:220 - Training time taken = 197.4 seconds, Evaluation time taken = nan seconds, loss = 0.02916, fid = None
2026-03-15 05:28:01.286 | INFO     | __main__:<module>:157 - Epoch = 1969 / 2000
2026-03-15 05:31:19.067 | INFO     | __main__:<module>:220 - Training time taken = 197.78 seconds, Evaluation time taken = nan seconds, loss = 0.02906, fid = None
2026-03-15 05:31:19.068 | INFO     | __main__:<module>:157 - Epoch = 1970 / 2000
2026-03-15 05:34:35.757 | INFO     | __main__:<module>:220 - Training time taken = 196.69 seconds, Evaluation time taken = nan seconds, loss = 0.02936, fid = None
2026-03-15 05:34:35.757 | INFO     | __main__:<module>:157 - Epoch = 1971 / 2000
2026-03-15 05:37:51.704 | INFO     | __main__:<module>:220 - Training time taken = 195.95 seconds, Evaluation time taken = nan seconds, loss = 0.02971, fid = None
2026-03-15 05:37:51.704 | INFO     | __main__:<module>:157 - Epoch = 1972 / 2000
2026-03-15 05:41:07.651 | INFO     | __main__:<module>:220 - Training time taken = 195.95 seconds, Evaluation time taken = nan seconds, loss = 0.02906, fid = None
2026-03-15 05:41:07.651 | INFO     | __main__:<module>:157 - Epoch = 1973 / 2000
2026-03-15 05:44:23.932 | INFO     | __main__:<module>:220 - Training time taken = 196.28 seconds, Evaluation time taken = nan seconds, loss = 0.02962, fid = None
2026-03-15 05:44:23.932 | INFO     | __main__:<module>:157 - Epoch = 1974 / 2000
2026-03-15 05:47:39.889 | INFO     | __main__:<module>:220 - Training time taken = 195.96 seconds, Evaluation time taken = nan seconds, loss = 0.02935, fid = None
2026-03-15 05:47:39.889 | INFO     | __main__:<module>:157 - Epoch = 1975 / 2000
2026-03-15 05:50:56.477 | INFO     | __main__:<module>:220 - Training time taken = 196.59 seconds, Evaluation time taken = nan seconds, loss = 0.02909, fid = None
2026-03-15 05:50:56.477 | INFO     | __main__:<module>:157 - Epoch = 1976 / 2000
2026-03-15 05:54:13.471 | INFO     | __main__:<module>:220 - Training time taken = 196.99 seconds, Evaluation time taken = nan seconds, loss = 0.02949, fid = None
2026-03-15 05:54:13.471 | INFO     | __main__:<module>:157 - Epoch = 1977 / 2000
2026-03-15 05:57:30.292 | INFO     | __main__:<module>:220 - Training time taken = 196.82 seconds, Evaluation time taken = nan seconds, loss = 0.02942, fid = None
2026-03-15 05:57:30.292 | INFO     | __main__:<module>:157 - Epoch = 1978 / 2000
2026-03-15 06:00:46.945 | INFO     | __main__:<module>:220 - Training time taken = 196.65 seconds, Evaluation time taken = nan seconds, loss = 0.02927, fid = None
2026-03-15 06:00:46.945 | INFO     | __main__:<module>:157 - Epoch = 1979 / 2000
2026-03-15 06:04:03.378 | INFO     | __main__:<module>:220 - Training time taken = 196.43 seconds, Evaluation time taken = nan seconds, loss = 0.02952, fid = None
2026-03-15 06:04:03.378 | INFO     | __main__:<module>:157 - Epoch = 1980 / 2000
2026-03-15 06:07:19.588 | INFO     | __main__:<module>:220 - Training time taken = 196.21 seconds, Evaluation time taken = nan seconds, loss = 0.02903, fid = None
2026-03-15 06:07:19.589 | INFO     | __main__:<module>:157 - Epoch = 1981 / 2000
2026-03-15 06:10:35.651 | INFO     | __main__:<module>:220 - Training time taken = 196.06 seconds, Evaluation time taken = nan seconds, loss = 0.02913, fid = None
2026-03-15 06:10:35.651 | INFO     | __main__:<module>:157 - Epoch = 1982 / 2000
2026-03-15 06:13:52.245 | INFO     | __main__:<module>:220 - Training time taken = 196.59 seconds, Evaluation time taken = nan seconds, loss = 0.02978, fid = None
2026-03-15 06:13:52.246 | INFO     | __main__:<module>:157 - Epoch = 1983 / 2000
2026-03-15 06:17:08.788 | INFO     | __main__:<module>:220 - Training time taken = 196.54 seconds, Evaluation time taken = nan seconds, loss = 0.02925, fid = None
2026-03-15 06:17:08.789 | INFO     | __main__:<module>:157 - Epoch = 1984 / 2000
2026-03-15 06:20:25.272 | INFO     | __main__:<module>:220 - Training time taken = 196.48 seconds, Evaluation time taken = nan seconds, loss = 0.02907, fid = None
2026-03-15 06:20:25.272 | INFO     | __main__:<module>:157 - Epoch = 1985 / 2000
2026-03-15 06:23:41.762 | INFO     | __main__:<module>:220 - Training time taken = 196.49 seconds, Evaluation time taken = nan seconds, loss = 0.02916, fid = None
2026-03-15 06:23:41.762 | INFO     | __main__:<module>:157 - Epoch = 1986 / 2000
2026-03-15 06:26:59.460 | INFO     | __main__:<module>:220 - Training time taken = 197.7 seconds, Evaluation time taken = nan seconds, loss = 0.02898, fid = None
2026-03-15 06:26:59.460 | INFO     | __main__:<module>:157 - Epoch = 1987 / 2000
2026-03-15 06:30:17.124 | INFO     | __main__:<module>:220 - Training time taken = 197.66 seconds, Evaluation time taken = nan seconds, loss = 0.02953, fid = None
2026-03-15 06:30:17.124 | INFO     | __main__:<module>:157 - Epoch = 1988 / 2000
2026-03-15 06:33:35.196 | INFO     | __main__:<module>:220 - Training time taken = 198.07 seconds, Evaluation time taken = nan seconds, loss = 0.0291, fid = None
2026-03-15 06:33:35.197 | INFO     | __main__:<module>:157 - Epoch = 1989 / 2000
2026-03-15 06:36:51.854 | INFO     | __main__:<module>:220 - Training time taken = 196.66 seconds, Evaluation time taken = nan seconds, loss = 0.02932, fid = None
2026-03-15 06:36:51.855 | INFO     | __main__:<module>:157 - Epoch = 1990 / 2000
2026-03-15 06:40:08.475 | INFO     | __main__:<module>:220 - Training time taken = 196.62 seconds, Evaluation time taken = nan seconds, loss = 0.02892, fid = None
2026-03-15 06:40:08.475 | INFO     | __main__:<module>:157 - Epoch = 1991 / 2000
2026-03-15 06:43:24.954 | INFO     | __main__:<module>:220 - Training time taken = 196.48 seconds, Evaluation time taken = nan seconds, loss = 0.02935, fid = None
2026-03-15 06:43:24.954 | INFO     | __main__:<module>:157 - Epoch = 1992 / 2000
2026-03-15 06:46:41.403 | INFO     | __main__:<module>:220 - Training time taken = 196.45 seconds, Evaluation time taken = nan seconds, loss = 0.02927, fid = None
2026-03-15 06:46:41.404 | INFO     | __main__:<module>:157 - Epoch = 1993 / 2000
2026-03-15 06:49:57.700 | INFO     | __main__:<module>:220 - Training time taken = 196.3 seconds, Evaluation time taken = nan seconds, loss = 0.02976, fid = None
2026-03-15 06:49:57.700 | INFO     | __main__:<module>:157 - Epoch = 1994 / 2000
2026-03-15 06:53:14.615 | INFO     | __main__:<module>:220 - Training time taken = 196.91 seconds, Evaluation time taken = nan seconds, loss = 0.02975, fid = None
2026-03-15 06:53:14.615 | INFO     | __main__:<module>:157 - Epoch = 1995 / 2000
2026-03-15 06:56:31.436 | INFO     | __main__:<module>:220 - Training time taken = 196.82 seconds, Evaluation time taken = nan seconds, loss = 0.02881, fid = None
2026-03-15 06:56:31.437 | INFO     | __main__:<module>:157 - Epoch = 1996 / 2000
2026-03-15 06:59:47.898 | INFO     | __main__:<module>:220 - Training time taken = 196.46 seconds, Evaluation time taken = nan seconds, loss = 0.02948, fid = None
2026-03-15 06:59:47.898 | INFO     | __main__:<module>:157 - Epoch = 1997 / 2000
2026-03-15 07:03:04.565 | INFO     | __main__:<module>:220 - Training time taken = 196.67 seconds, Evaluation time taken = nan seconds, loss = 0.02905, fid = None
2026-03-15 07:03:04.565 | INFO     | __main__:<module>:157 - Epoch = 1998 / 2000
2026-03-15 07:06:21.374 | INFO     | __main__:<module>:220 - Training time taken = 196.81 seconds, Evaluation time taken = nan seconds, loss = 0.02921, fid = None
2026-03-15 07:06:21.374 | INFO     | __main__:<module>:157 - Epoch = 1999 / 2000
2026-03-15 07:09:37.830 | INFO     | __main__:<module>:220 - Training time taken = 196.45 seconds, Evaluation time taken = nan seconds, loss = 0.02962, fid = None
2026-03-15 07:09:37.830 | INFO     | __main__:<module>:157 - Epoch = 2000 / 2000
2026-03-15 07:12:54.359 | INFO     | __main__:<module>:184 - Running evaluation
2026-03-15 07:12:54.359 | INFO     | eval_utils:eval:157 - Computing activations on real dataset
2026-03-15 07:14:17.044 | INFO     | eval_utils:eval:160 - real activations shape = (50000, 2048). Computing statistics on real dataset
2026-03-15 07:14:18.234 | INFO     | eval_utils:eval:164 - Generating samples and computing activations
2026-03-16 00:46:53.319 | INFO     | eval_utils:eval:166 - fake activations shape = (50176, 2048). Computing statistics on generated sample activations
2026-03-16 00:47:00.124 | INFO     | eval_utils:eval:169 - real activation mean = (2048,), cov = (2048, 2048)
2026-03-16 00:47:00.124 | INFO     | eval_utils:eval:170 - fake activation mean = (2048,), cov = (2048, 2048)
2026-03-16 00:48:52.828 | INFO     | __main__:<module>:195 - Generating 100 samples
2026-03-16 00:51:05.542 | INFO     | __main__:<module>:206 - Generation completed in 132.71 seconds
2026-03-16 00:51:05.542 | INFO     | __main__:<module>:210 - Saving the model at path = runs/cifar10/v9/model-epoch-2000.bin
2026-03-16 00:51:05.949 | INFO     | __main__:<module>:220 - Training time taken = 196.52 seconds, Evaluation time taken = 63358.47 seconds, loss = 0.02946, fid = 17.03128830672398
